#! /usr/bin/vvp
:ivl_version "11.0 (stable)";
:ivl_delay_selection "TYPICAL";
:vpi_time_precision - 12;
:vpi_module "/usr/lib/x86_64-linux-gnu/ivl/system.vpi";
:vpi_module "/usr/lib/x86_64-linux-gnu/ivl/vhdl_sys.vpi";
:vpi_module "/usr/lib/x86_64-linux-gnu/ivl/vhdl_textio.vpi";
:vpi_module "/usr/lib/x86_64-linux-gnu/ivl/v2005_math.vpi";
:vpi_module "/usr/lib/x86_64-linux-gnu/ivl/va_math.vpi";
:vpi_module "/usr/lib/x86_64-linux-gnu/ivl/v2009.vpi";
S_0x55aabcdc2a40 .scope package, "$unit" "$unit" 2 1;
 .timescale 0 0;
S_0x55aabcdc2bd0 .scope module, "Mux" "Mux" 3 1;
 .timescale -9 -12;
    .port_info 0 /INPUT 32 "a";
    .port_info 1 /INPUT 32 "b";
    .port_info 2 /INPUT 1 "s";
    .port_info 3 /OUTPUT 32 "c";
o0x55aabce68718 .functor BUFZ 1, C4<z>; HiZ drive
L_0x55aabcd7b5d0 .functor NOT 1, o0x55aabce68718, C4<0>, C4<0>, C4<0>;
v0x55aabcd7b810_0 .net *"_ivl_0", 0 0, L_0x55aabcd7b5d0;  1 drivers
o0x55aabce68688 .functor BUFZ 32, C4<zzzzzzzzzzzzzzzzzzzzzzzzzzzzzzzz>; HiZ drive
v0x55aabcdaa840_0 .net "a", 31 0, o0x55aabce68688;  0 drivers
o0x55aabce686b8 .functor BUFZ 32, C4<zzzzzzzzzzzzzzzzzzzzzzzzzzzzzzzz>; HiZ drive
v0x55aabcdaa8e0_0 .net "b", 31 0, o0x55aabce686b8;  0 drivers
v0x55aabcbaf450_0 .net "c", 31 0, L_0x55aabcf2e900;  1 drivers
v0x55aabce1fbb0_0 .net "s", 0 0, o0x55aabce68718;  0 drivers
L_0x55aabcf2e900 .functor MUXZ 32, o0x55aabce686b8, o0x55aabce68688, L_0x55aabcd7b5d0, C4<>;
S_0x55aabcdab8d0 .scope module, "Mux_3_by_1" "Mux_3_by_1" 3 11;
 .timescale -9 -12;
    .port_info 0 /INPUT 32 "a";
    .port_info 1 /INPUT 32 "b";
    .port_info 2 /INPUT 32 "c";
    .port_info 3 /INPUT 2 "s";
    .port_info 4 /OUTPUT 32 "d";
L_0x55aabcf2e9a8 .functor BUFT 1, C4<00>, C4<0>, C4<0>, C4<0>;
v0x55aabcdcfdd0_0 .net/2u *"_ivl_0", 1 0, L_0x55aabcf2e9a8;  1 drivers
v0x55aabcdc0ec0_0 .net *"_ivl_10", 0 0, L_0x55aabcf76b90;  1 drivers
L_0x55aabcf2ea80 .functor BUFT 1, C4<00000000000000000000000000000000>, C4<0>, C4<0>, C4<0>;
v0x55aabce41d80_0 .net/2u *"_ivl_12", 31 0, L_0x55aabcf2ea80;  1 drivers
v0x55aabce41e40_0 .net *"_ivl_14", 31 0, L_0x55aabcf86c90;  1 drivers
v0x55aabce41f20_0 .net *"_ivl_16", 31 0, L_0x55aabcf86dd0;  1 drivers
v0x55aabce42050_0 .net *"_ivl_2", 0 0, L_0x55aabcf769b0;  1 drivers
L_0x55aabcf2e9f0 .functor BUFT 1, C4<01>, C4<0>, C4<0>, C4<0>;
v0x55aabce42110_0 .net/2u *"_ivl_4", 1 0, L_0x55aabcf2e9f0;  1 drivers
v0x55aabce421f0_0 .net *"_ivl_6", 0 0, L_0x55aabcf76a50;  1 drivers
L_0x55aabcf2ea38 .functor BUFT 1, C4<10>, C4<0>, C4<0>, C4<0>;
v0x55aabce422b0_0 .net/2u *"_ivl_8", 1 0, L_0x55aabcf2ea38;  1 drivers
o0x55aabce689b8 .functor BUFZ 32, C4<zzzzzzzzzzzzzzzzzzzzzzzzzzzzzzzz>; HiZ drive
v0x55aabce42390_0 .net "a", 31 0, o0x55aabce689b8;  0 drivers
o0x55aabce689e8 .functor BUFZ 32, C4<zzzzzzzzzzzzzzzzzzzzzzzzzzzzzzzz>; HiZ drive
v0x55aabce42470_0 .net "b", 31 0, o0x55aabce689e8;  0 drivers
o0x55aabce68a18 .functor BUFZ 32, C4<zzzzzzzzzzzzzzzzzzzzzzzzzzzzzzzz>; HiZ drive
v0x55aabce42550_0 .net "c", 31 0, o0x55aabce68a18;  0 drivers
v0x55aabce42630_0 .net "d", 31 0, L_0x55aabcf86f10;  1 drivers
o0x55aabce68a78 .functor BUFZ 2, C4<zz>; HiZ drive
v0x55aabce42710_0 .net "s", 1 0, o0x55aabce68a78;  0 drivers
L_0x55aabcf769b0 .cmp/eq 2, o0x55aabce68a78, L_0x55aabcf2e9a8;
L_0x55aabcf76a50 .cmp/eq 2, o0x55aabce68a78, L_0x55aabcf2e9f0;
L_0x55aabcf76b90 .cmp/eq 2, o0x55aabce68a78, L_0x55aabcf2ea38;
L_0x55aabcf86c90 .functor MUXZ 32, L_0x55aabcf2ea80, o0x55aabce68a18, L_0x55aabcf76b90, C4<>;
L_0x55aabcf86dd0 .functor MUXZ 32, L_0x55aabcf86c90, o0x55aabce689e8, L_0x55aabcf76a50, C4<>;
L_0x55aabcf86f10 .functor MUXZ 32, L_0x55aabcf86dd0, o0x55aabce689b8, L_0x55aabcf769b0, C4<>;
S_0x55aabcda5620 .scope module, "PC_Adder" "PC_Adder" 4 1;
 .timescale -9 -12;
    .port_info 0 /INPUT 32 "a";
    .port_info 1 /INPUT 32 "b";
    .port_info 2 /OUTPUT 32 "c";
o0x55aabce68b98 .functor BUFZ 32, C4<zzzzzzzzzzzzzzzzzzzzzzzzzzzzzzzz>; HiZ drive
v0x55aabce42890_0 .net "a", 31 0, o0x55aabce68b98;  0 drivers
o0x55aabce68bc8 .functor BUFZ 32, C4<zzzzzzzzzzzzzzzzzzzzzzzzzzzzzzzz>; HiZ drive
v0x55aabce42990_0 .net "b", 31 0, o0x55aabce68bc8;  0 drivers
v0x55aabce42a70_0 .net "c", 31 0, L_0x55aabcf87090;  1 drivers
L_0x55aabcf87090 .arith/sum 32, o0x55aabce68b98, o0x55aabce68bc8;
S_0x55aabcc963f0 .scope module, "PC_Module" "PC_Module" 5 1;
 .timescale -9 -12;
    .port_info 0 /INPUT 1 "clk";
    .port_info 1 /INPUT 1 "rst";
    .port_info 2 /OUTPUT 32 "PC";
    .port_info 3 /INPUT 32 "PC_Next";
    .port_info 4 /INPUT 1 "StallF";
v0x55aabce42bd0_0 .var "PC", 31 0;
o0x55aabce68ce8 .functor BUFZ 32, C4<zzzzzzzzzzzzzzzzzzzzzzzzzzzzzzzz>; HiZ drive
v0x55aabce42cd0_0 .net "PC_Next", 31 0, o0x55aabce68ce8;  0 drivers
o0x55aabce68d18 .functor BUFZ 1, C4<z>; HiZ drive
v0x55aabce42db0_0 .net "StallF", 0 0, o0x55aabce68d18;  0 drivers
o0x55aabce68d48 .functor BUFZ 1, C4<z>; HiZ drive
v0x55aabce42e80_0 .net "clk", 0 0, o0x55aabce68d48;  0 drivers
o0x55aabce68d78 .functor BUFZ 1, C4<z>; HiZ drive
v0x55aabce42f40_0 .net "rst", 0 0, o0x55aabce68d78;  0 drivers
E_0x55aabcb897b0/0 .event negedge, v0x55aabce42f40_0;
E_0x55aabcb897b0/1 .event posedge, v0x55aabce42e80_0;
E_0x55aabcb897b0 .event/or E_0x55aabcb897b0/0, E_0x55aabcb897b0/1;
S_0x55aabcc97fc0 .scope module, "tb_RISCV_sc2" "tb_RISCV_sc2" 6 5;
 .timescale -9 -12;
P_0x55aabcc0fc90 .param/l "NUMBER_OF_CYCLES" 1 6 8, +C4<00000000000000000000000001110000>;
v0x55aabcf2d9c0_0 .var "clk", 0 0;
v0x55aabcf2da80_0 .var/i "dummy", 31 0;
v0x55aabcf2db60_0 .var/i "err_count", 31 0;
v0x55aabcf2dc20_0 .var/i "fd", 31 0;
v0x55aabcf2dd00_0 .var/i "flag", 31 0;
v0x55aabcf2de30 .array "golden_dmem", 28671 0, 31 0;
v0x55aabcf2def0 .array "golden_dmem_temp", 255 0, 31 0;
v0x55aabcf2dfb0 .array "golden_pc", 111 0, 31 0;
v0x55aabcf2e070_0 .var "golden_pc_temp", 31 0;
v0x55aabcf2e150 .array "golden_x", 3583 0, 31 0;
v0x55aabcf2e210 .array "golden_x_temp", 31 0, 31 0;
v0x55aabcf2e2d0_0 .var/i "i", 31 0;
v0x55aabcf2e3b0_0 .var/i "inst_cnt", 31 0;
v0x55aabcf2e490_0 .var "line", 79999 0;
v0x55aabcf2e570_0 .var "rst_n", 0 0;
v0x55aabcf2e610_0 .var/i "status", 31 0;
v0x55aabcf2e6f0_0 .var/i "timeout_cnt", 31 0;
S_0x55aabcdad800 .scope begin, "$ivl_for_loop0" "$ivl_for_loop0" 6 47, 6 47 0, S_0x55aabcc97fc0;
 .timescale -9 -12;
v0x55aabce43110_0 .var/i "k", 31 0;
S_0x55aabccaa180 .scope begin, "$ivl_for_loop1" "$ivl_for_loop1" 6 54, 6 54 0, S_0x55aabcc97fc0;
 .timescale -9 -12;
v0x55aabce43280_0 .var/i "k", 31 0;
S_0x55aabcdab1d0 .scope begin, "$ivl_for_loop2" "$ivl_for_loop2" 6 146, 6 146 0, S_0x55aabcc97fc0;
 .timescale -9 -12;
v0x55aabce433b0_0 .var/i "j", 31 0;
S_0x55aabcdab550 .scope begin, "$ivl_for_loop3" "$ivl_for_loop3" 6 149, 6 149 0, S_0x55aabcc97fc0;
 .timescale -9 -12;
v0x55aabce434e0_0 .var/i "j", 31 0;
S_0x55aabce435e0 .scope module, "dut" "RISCV_Single_Cycle" 6 33, 7 1 0, S_0x55aabcc97fc0;
 .timescale -9 -12;
    .port_info 0 /INPUT 1 "clk";
    .port_info 1 /INPUT 1 "rst_n";
    .port_info 2 /OUTPUT 32 "PC_out_top";
    .port_info 3 /OUTPUT 32 "InstrF";
    .port_info 4 /OUTPUT 32 "DataMem0";
    .port_info 5 /OUTPUT 32 "DataMem1";
    .port_info 6 /OUTPUT 32 "DataMem2";
    .port_info 7 /OUTPUT 1024 "Reg_inst_registers";
    .port_info 8 /OUTPUT 32768 "DMEM_inst_memory";
    .port_info 9 /OUTPUT 32768 "IMEM_inst_memory";
    .port_info 10 /OUTPUT 32 "Instruction_out_top";
L_0x55aabcb99c90 .functor BUFZ 1, L_0x55aabcff2890, C4<0>, C4<0>, C4<0>;
v0x55aabcea2260_0 .array/port v0x55aabcea2260, 0;
L_0x55aabce1fd80 .functor BUFZ 32, v0x55aabcea2260_0, C4<00000000000000000000000000000000>, C4<00000000000000000000000000000000>, C4<00000000000000000000000000000000>;
v0x55aabcea2260_1 .array/port v0x55aabcea2260, 1;
L_0x55aabcf87390 .functor BUFZ 32, v0x55aabcea2260_1, C4<00000000000000000000000000000000>, C4<00000000000000000000000000000000>, C4<00000000000000000000000000000000>;
v0x55aabcea2260_2 .array/port v0x55aabcea2260, 2;
L_0x55aabcf87400 .functor BUFZ 32, v0x55aabcea2260_2, C4<00000000000000000000000000000000>, C4<00000000000000000000000000000000>, C4<00000000000000000000000000000000>;
v0x55aabcea2260_3 .array/port v0x55aabcea2260, 3;
L_0x55aabcf87470 .functor BUFZ 32, v0x55aabcea2260_3, C4<00000000000000000000000000000000>, C4<00000000000000000000000000000000>, C4<00000000000000000000000000000000>;
v0x55aabcea2260_4 .array/port v0x55aabcea2260, 4;
L_0x55aabcf874e0 .functor BUFZ 32, v0x55aabcea2260_4, C4<00000000000000000000000000000000>, C4<00000000000000000000000000000000>, C4<00000000000000000000000000000000>;
v0x55aabcea2260_5 .array/port v0x55aabcea2260, 5;
L_0x55aabcf87590 .functor BUFZ 32, v0x55aabcea2260_5, C4<00000000000000000000000000000000>, C4<00000000000000000000000000000000>, C4<00000000000000000000000000000000>;
v0x55aabcea2260_6 .array/port v0x55aabcea2260, 6;
L_0x55aabcf87600 .functor BUFZ 32, v0x55aabcea2260_6, C4<00000000000000000000000000000000>, C4<00000000000000000000000000000000>, C4<00000000000000000000000000000000>;
v0x55aabcea2260_7 .array/port v0x55aabcea2260, 7;
L_0x55aabcf876c0 .functor BUFZ 32, v0x55aabcea2260_7, C4<00000000000000000000000000000000>, C4<00000000000000000000000000000000>, C4<00000000000000000000000000000000>;
v0x55aabcea2260_8 .array/port v0x55aabcea2260, 8;
L_0x55aabcf87730 .functor BUFZ 32, v0x55aabcea2260_8, C4<00000000000000000000000000000000>, C4<00000000000000000000000000000000>, C4<00000000000000000000000000000000>;
v0x55aabcea2260_9 .array/port v0x55aabcea2260, 9;
L_0x55aabcf87800 .functor BUFZ 32, v0x55aabcea2260_9, C4<00000000000000000000000000000000>, C4<00000000000000000000000000000000>, C4<00000000000000000000000000000000>;
v0x55aabcea2260_10 .array/port v0x55aabcea2260, 10;
L_0x55aabcf87870 .functor BUFZ 32, v0x55aabcea2260_10, C4<00000000000000000000000000000000>, C4<00000000000000000000000000000000>, C4<00000000000000000000000000000000>;
v0x55aabcea2260_11 .array/port v0x55aabcea2260, 11;
L_0x55aabcf87950 .functor BUFZ 32, v0x55aabcea2260_11, C4<00000000000000000000000000000000>, C4<00000000000000000000000000000000>, C4<00000000000000000000000000000000>;
v0x55aabcea2260_12 .array/port v0x55aabcea2260, 12;
L_0x55aabcf879c0 .functor BUFZ 32, v0x55aabcea2260_12, C4<00000000000000000000000000000000>, C4<00000000000000000000000000000000>, C4<00000000000000000000000000000000>;
v0x55aabcea2260_13 .array/port v0x55aabcea2260, 13;
L_0x55aabcf878e0 .functor BUFZ 32, v0x55aabcea2260_13, C4<00000000000000000000000000000000>, C4<00000000000000000000000000000000>, C4<00000000000000000000000000000000>;
v0x55aabcea2260_14 .array/port v0x55aabcea2260, 14;
L_0x55aabcf87ae0 .functor BUFZ 32, v0x55aabcea2260_14, C4<00000000000000000000000000000000>, C4<00000000000000000000000000000000>, C4<00000000000000000000000000000000>;
v0x55aabcea2260_15 .array/port v0x55aabcea2260, 15;
L_0x55aabcf87c40 .functor BUFZ 32, v0x55aabcea2260_15, C4<00000000000000000000000000000000>, C4<00000000000000000000000000000000>, C4<00000000000000000000000000000000>;
v0x55aabcea2260_16 .array/port v0x55aabcea2260, 16;
L_0x55aabcf87d10 .functor BUFZ 32, v0x55aabcea2260_16, C4<00000000000000000000000000000000>, C4<00000000000000000000000000000000>, C4<00000000000000000000000000000000>;
v0x55aabcea2260_17 .array/port v0x55aabcea2260, 17;
L_0x55aabcf87e80 .functor BUFZ 32, v0x55aabcea2260_17, C4<00000000000000000000000000000000>, C4<00000000000000000000000000000000>, C4<00000000000000000000000000000000>;
v0x55aabcea2260_18 .array/port v0x55aabcea2260, 18;
L_0x55aabcf87f50 .functor BUFZ 32, v0x55aabcea2260_18, C4<00000000000000000000000000000000>, C4<00000000000000000000000000000000>, C4<00000000000000000000000000000000>;
v0x55aabcea2260_19 .array/port v0x55aabcea2260, 19;
L_0x55aabcf880d0 .functor BUFZ 32, v0x55aabcea2260_19, C4<00000000000000000000000000000000>, C4<00000000000000000000000000000000>, C4<00000000000000000000000000000000>;
v0x55aabcea2260_20 .array/port v0x55aabcea2260, 20;
L_0x55aabcf881a0 .functor BUFZ 32, v0x55aabcea2260_20, C4<00000000000000000000000000000000>, C4<00000000000000000000000000000000>, C4<00000000000000000000000000000000>;
v0x55aabcea2260_21 .array/port v0x55aabcea2260, 21;
L_0x55aabcf88330 .functor BUFZ 32, v0x55aabcea2260_21, C4<00000000000000000000000000000000>, C4<00000000000000000000000000000000>, C4<00000000000000000000000000000000>;
v0x55aabcea2260_22 .array/port v0x55aabcea2260, 22;
L_0x55aabcf88400 .functor BUFZ 32, v0x55aabcea2260_22, C4<00000000000000000000000000000000>, C4<00000000000000000000000000000000>, C4<00000000000000000000000000000000>;
v0x55aabcea2260_23 .array/port v0x55aabcea2260, 23;
L_0x55aabcf885a0 .functor BUFZ 32, v0x55aabcea2260_23, C4<00000000000000000000000000000000>, C4<00000000000000000000000000000000>, C4<00000000000000000000000000000000>;
v0x55aabcea2260_24 .array/port v0x55aabcea2260, 24;
L_0x55aabcf88670 .functor BUFZ 32, v0x55aabcea2260_24, C4<00000000000000000000000000000000>, C4<00000000000000000000000000000000>, C4<00000000000000000000000000000000>;
v0x55aabcea2260_25 .array/port v0x55aabcea2260, 25;
L_0x55aabcf88820 .functor BUFZ 32, v0x55aabcea2260_25, C4<00000000000000000000000000000000>, C4<00000000000000000000000000000000>, C4<00000000000000000000000000000000>;
v0x55aabcea2260_26 .array/port v0x55aabcea2260, 26;
L_0x55aabcf888f0 .functor BUFZ 32, v0x55aabcea2260_26, C4<00000000000000000000000000000000>, C4<00000000000000000000000000000000>, C4<00000000000000000000000000000000>;
v0x55aabcea2260_27 .array/port v0x55aabcea2260, 27;
L_0x55aabcf88ab0 .functor BUFZ 32, v0x55aabcea2260_27, C4<00000000000000000000000000000000>, C4<00000000000000000000000000000000>, C4<00000000000000000000000000000000>;
v0x55aabcea2260_28 .array/port v0x55aabcea2260, 28;
L_0x55aabcf88b80 .functor BUFZ 32, v0x55aabcea2260_28, C4<00000000000000000000000000000000>, C4<00000000000000000000000000000000>, C4<00000000000000000000000000000000>;
v0x55aabcea2260_29 .array/port v0x55aabcea2260, 29;
L_0x55aabcf88d50 .functor BUFZ 32, v0x55aabcea2260_29, C4<00000000000000000000000000000000>, C4<00000000000000000000000000000000>, C4<00000000000000000000000000000000>;
v0x55aabcea2260_30 .array/port v0x55aabcea2260, 30;
L_0x55aabcf88e20 .functor BUFZ 32, v0x55aabcea2260_30, C4<00000000000000000000000000000000>, C4<00000000000000000000000000000000>, C4<00000000000000000000000000000000>;
v0x55aabcea2260_31 .array/port v0x55aabcea2260, 31;
L_0x55aabcf89000 .functor BUFZ 32, v0x55aabcea2260_31, C4<00000000000000000000000000000000>, C4<00000000000000000000000000000000>, C4<00000000000000000000000000000000>;
v0x55aabcea2260_32 .array/port v0x55aabcea2260, 32;
L_0x55aabcf890d0 .functor BUFZ 32, v0x55aabcea2260_32, C4<00000000000000000000000000000000>, C4<00000000000000000000000000000000>, C4<00000000000000000000000000000000>;
v0x55aabcea2260_33 .array/port v0x55aabcea2260, 33;
L_0x55aabcf892c0 .functor BUFZ 32, v0x55aabcea2260_33, C4<00000000000000000000000000000000>, C4<00000000000000000000000000000000>, C4<00000000000000000000000000000000>;
v0x55aabcea2260_34 .array/port v0x55aabcea2260, 34;
L_0x55aabcf89390 .functor BUFZ 32, v0x55aabcea2260_34, C4<00000000000000000000000000000000>, C4<00000000000000000000000000000000>, C4<00000000000000000000000000000000>;
v0x55aabcea2260_35 .array/port v0x55aabcea2260, 35;
L_0x55aabcf89590 .functor BUFZ 32, v0x55aabcea2260_35, C4<00000000000000000000000000000000>, C4<00000000000000000000000000000000>, C4<00000000000000000000000000000000>;
v0x55aabcea2260_36 .array/port v0x55aabcea2260, 36;
L_0x55aabcf89660 .functor BUFZ 32, v0x55aabcea2260_36, C4<00000000000000000000000000000000>, C4<00000000000000000000000000000000>, C4<00000000000000000000000000000000>;
v0x55aabcea2260_37 .array/port v0x55aabcea2260, 37;
L_0x55aabcf89870 .functor BUFZ 32, v0x55aabcea2260_37, C4<00000000000000000000000000000000>, C4<00000000000000000000000000000000>, C4<00000000000000000000000000000000>;
v0x55aabcea2260_38 .array/port v0x55aabcea2260, 38;
L_0x55aabcf89940 .functor BUFZ 32, v0x55aabcea2260_38, C4<00000000000000000000000000000000>, C4<00000000000000000000000000000000>, C4<00000000000000000000000000000000>;
v0x55aabcea2260_39 .array/port v0x55aabcea2260, 39;
L_0x55aabcf89b60 .functor BUFZ 32, v0x55aabcea2260_39, C4<00000000000000000000000000000000>, C4<00000000000000000000000000000000>, C4<00000000000000000000000000000000>;
v0x55aabcea2260_40 .array/port v0x55aabcea2260, 40;
L_0x55aabcf89c30 .functor BUFZ 32, v0x55aabcea2260_40, C4<00000000000000000000000000000000>, C4<00000000000000000000000000000000>, C4<00000000000000000000000000000000>;
v0x55aabcea2260_41 .array/port v0x55aabcea2260, 41;
L_0x55aabcf89e60 .functor BUFZ 32, v0x55aabcea2260_41, C4<00000000000000000000000000000000>, C4<00000000000000000000000000000000>, C4<00000000000000000000000000000000>;
v0x55aabcea2260_42 .array/port v0x55aabcea2260, 42;
L_0x55aabcf89f30 .functor BUFZ 32, v0x55aabcea2260_42, C4<00000000000000000000000000000000>, C4<00000000000000000000000000000000>, C4<00000000000000000000000000000000>;
v0x55aabcea2260_43 .array/port v0x55aabcea2260, 43;
L_0x55aabcf8a170 .functor BUFZ 32, v0x55aabcea2260_43, C4<00000000000000000000000000000000>, C4<00000000000000000000000000000000>, C4<00000000000000000000000000000000>;
v0x55aabcea2260_44 .array/port v0x55aabcea2260, 44;
L_0x55aabcf8a240 .functor BUFZ 32, v0x55aabcea2260_44, C4<00000000000000000000000000000000>, C4<00000000000000000000000000000000>, C4<00000000000000000000000000000000>;
v0x55aabcea2260_45 .array/port v0x55aabcea2260, 45;
L_0x55aabcf8a490 .functor BUFZ 32, v0x55aabcea2260_45, C4<00000000000000000000000000000000>, C4<00000000000000000000000000000000>, C4<00000000000000000000000000000000>;
v0x55aabcea2260_46 .array/port v0x55aabcea2260, 46;
L_0x55aabcf8a560 .functor BUFZ 32, v0x55aabcea2260_46, C4<00000000000000000000000000000000>, C4<00000000000000000000000000000000>, C4<00000000000000000000000000000000>;
v0x55aabcea2260_47 .array/port v0x55aabcea2260, 47;
L_0x55aabcf8a7c0 .functor BUFZ 32, v0x55aabcea2260_47, C4<00000000000000000000000000000000>, C4<00000000000000000000000000000000>, C4<00000000000000000000000000000000>;
v0x55aabcea2260_48 .array/port v0x55aabcea2260, 48;
L_0x55aabcf8a890 .functor BUFZ 32, v0x55aabcea2260_48, C4<00000000000000000000000000000000>, C4<00000000000000000000000000000000>, C4<00000000000000000000000000000000>;
v0x55aabcea2260_49 .array/port v0x55aabcea2260, 49;
L_0x55aabcf8ab00 .functor BUFZ 32, v0x55aabcea2260_49, C4<00000000000000000000000000000000>, C4<00000000000000000000000000000000>, C4<00000000000000000000000000000000>;
v0x55aabcea2260_50 .array/port v0x55aabcea2260, 50;
L_0x55aabcf8abd0 .functor BUFZ 32, v0x55aabcea2260_50, C4<00000000000000000000000000000000>, C4<00000000000000000000000000000000>, C4<00000000000000000000000000000000>;
v0x55aabcea2260_51 .array/port v0x55aabcea2260, 51;
L_0x55aabcf8ae50 .functor BUFZ 32, v0x55aabcea2260_51, C4<00000000000000000000000000000000>, C4<00000000000000000000000000000000>, C4<00000000000000000000000000000000>;
v0x55aabcea2260_52 .array/port v0x55aabcea2260, 52;
L_0x55aabcf8af20 .functor BUFZ 32, v0x55aabcea2260_52, C4<00000000000000000000000000000000>, C4<00000000000000000000000000000000>, C4<00000000000000000000000000000000>;
v0x55aabcea2260_53 .array/port v0x55aabcea2260, 53;
L_0x55aabcf8b1b0 .functor BUFZ 32, v0x55aabcea2260_53, C4<00000000000000000000000000000000>, C4<00000000000000000000000000000000>, C4<00000000000000000000000000000000>;
v0x55aabcea2260_54 .array/port v0x55aabcea2260, 54;
L_0x55aabcf8b280 .functor BUFZ 32, v0x55aabcea2260_54, C4<00000000000000000000000000000000>, C4<00000000000000000000000000000000>, C4<00000000000000000000000000000000>;
v0x55aabcea2260_55 .array/port v0x55aabcea2260, 55;
L_0x55aabcf8b520 .functor BUFZ 32, v0x55aabcea2260_55, C4<00000000000000000000000000000000>, C4<00000000000000000000000000000000>, C4<00000000000000000000000000000000>;
v0x55aabcea2260_56 .array/port v0x55aabcea2260, 56;
L_0x55aabcf8b5f0 .functor BUFZ 32, v0x55aabcea2260_56, C4<00000000000000000000000000000000>, C4<00000000000000000000000000000000>, C4<00000000000000000000000000000000>;
v0x55aabcea2260_57 .array/port v0x55aabcea2260, 57;
L_0x55aabcf8b8a0 .functor BUFZ 32, v0x55aabcea2260_57, C4<00000000000000000000000000000000>, C4<00000000000000000000000000000000>, C4<00000000000000000000000000000000>;
v0x55aabcea2260_58 .array/port v0x55aabcea2260, 58;
L_0x55aabcf8b970 .functor BUFZ 32, v0x55aabcea2260_58, C4<00000000000000000000000000000000>, C4<00000000000000000000000000000000>, C4<00000000000000000000000000000000>;
v0x55aabcea2260_59 .array/port v0x55aabcea2260, 59;
L_0x55aabcf8bc30 .functor BUFZ 32, v0x55aabcea2260_59, C4<00000000000000000000000000000000>, C4<00000000000000000000000000000000>, C4<00000000000000000000000000000000>;
v0x55aabcea2260_60 .array/port v0x55aabcea2260, 60;
L_0x55aabcf8bd00 .functor BUFZ 32, v0x55aabcea2260_60, C4<00000000000000000000000000000000>, C4<00000000000000000000000000000000>, C4<00000000000000000000000000000000>;
v0x55aabcea2260_61 .array/port v0x55aabcea2260, 61;
L_0x55aabcf8bfd0 .functor BUFZ 32, v0x55aabcea2260_61, C4<00000000000000000000000000000000>, C4<00000000000000000000000000000000>, C4<00000000000000000000000000000000>;
v0x55aabcea2260_62 .array/port v0x55aabcea2260, 62;
L_0x55aabcf8c0a0 .functor BUFZ 32, v0x55aabcea2260_62, C4<00000000000000000000000000000000>, C4<00000000000000000000000000000000>, C4<00000000000000000000000000000000>;
v0x55aabcea2260_63 .array/port v0x55aabcea2260, 63;
L_0x55aabcf8c380 .functor BUFZ 32, v0x55aabcea2260_63, C4<00000000000000000000000000000000>, C4<00000000000000000000000000000000>, C4<00000000000000000000000000000000>;
v0x55aabcea2260_64 .array/port v0x55aabcea2260, 64;
L_0x55aabcf8c450 .functor BUFZ 32, v0x55aabcea2260_64, C4<00000000000000000000000000000000>, C4<00000000000000000000000000000000>, C4<00000000000000000000000000000000>;
v0x55aabcea2260_65 .array/port v0x55aabcea2260, 65;
L_0x55aabcf8c740 .functor BUFZ 32, v0x55aabcea2260_65, C4<00000000000000000000000000000000>, C4<00000000000000000000000000000000>, C4<00000000000000000000000000000000>;
v0x55aabcea2260_66 .array/port v0x55aabcea2260, 66;
L_0x55aabcf8c810 .functor BUFZ 32, v0x55aabcea2260_66, C4<00000000000000000000000000000000>, C4<00000000000000000000000000000000>, C4<00000000000000000000000000000000>;
v0x55aabcea2260_67 .array/port v0x55aabcea2260, 67;
L_0x55aabcf8cb10 .functor BUFZ 32, v0x55aabcea2260_67, C4<00000000000000000000000000000000>, C4<00000000000000000000000000000000>, C4<00000000000000000000000000000000>;
v0x55aabcea2260_68 .array/port v0x55aabcea2260, 68;
L_0x55aabcf8cbe0 .functor BUFZ 32, v0x55aabcea2260_68, C4<00000000000000000000000000000000>, C4<00000000000000000000000000000000>, C4<00000000000000000000000000000000>;
v0x55aabcea2260_69 .array/port v0x55aabcea2260, 69;
L_0x55aabcf8cef0 .functor BUFZ 32, v0x55aabcea2260_69, C4<00000000000000000000000000000000>, C4<00000000000000000000000000000000>, C4<00000000000000000000000000000000>;
v0x55aabcea2260_70 .array/port v0x55aabcea2260, 70;
L_0x55aabcf8cfc0 .functor BUFZ 32, v0x55aabcea2260_70, C4<00000000000000000000000000000000>, C4<00000000000000000000000000000000>, C4<00000000000000000000000000000000>;
v0x55aabcea2260_71 .array/port v0x55aabcea2260, 71;
L_0x55aabcf8d2e0 .functor BUFZ 32, v0x55aabcea2260_71, C4<00000000000000000000000000000000>, C4<00000000000000000000000000000000>, C4<00000000000000000000000000000000>;
v0x55aabcea2260_72 .array/port v0x55aabcea2260, 72;
L_0x55aabcf8d3b0 .functor BUFZ 32, v0x55aabcea2260_72, C4<00000000000000000000000000000000>, C4<00000000000000000000000000000000>, C4<00000000000000000000000000000000>;
v0x55aabcea2260_73 .array/port v0x55aabcea2260, 73;
L_0x55aabcf8d6e0 .functor BUFZ 32, v0x55aabcea2260_73, C4<00000000000000000000000000000000>, C4<00000000000000000000000000000000>, C4<00000000000000000000000000000000>;
v0x55aabcea2260_74 .array/port v0x55aabcea2260, 74;
L_0x55aabcf8d7b0 .functor BUFZ 32, v0x55aabcea2260_74, C4<00000000000000000000000000000000>, C4<00000000000000000000000000000000>, C4<00000000000000000000000000000000>;
v0x55aabcea2260_75 .array/port v0x55aabcea2260, 75;
L_0x55aabcf8daf0 .functor BUFZ 32, v0x55aabcea2260_75, C4<00000000000000000000000000000000>, C4<00000000000000000000000000000000>, C4<00000000000000000000000000000000>;
v0x55aabcea2260_76 .array/port v0x55aabcea2260, 76;
L_0x55aabcf8dbc0 .functor BUFZ 32, v0x55aabcea2260_76, C4<00000000000000000000000000000000>, C4<00000000000000000000000000000000>, C4<00000000000000000000000000000000>;
v0x55aabcea2260_77 .array/port v0x55aabcea2260, 77;
L_0x55aabcf8df10 .functor BUFZ 32, v0x55aabcea2260_77, C4<00000000000000000000000000000000>, C4<00000000000000000000000000000000>, C4<00000000000000000000000000000000>;
v0x55aabcea2260_78 .array/port v0x55aabcea2260, 78;
L_0x55aabcf8dfe0 .functor BUFZ 32, v0x55aabcea2260_78, C4<00000000000000000000000000000000>, C4<00000000000000000000000000000000>, C4<00000000000000000000000000000000>;
v0x55aabcea2260_79 .array/port v0x55aabcea2260, 79;
L_0x55aabcf8e340 .functor BUFZ 32, v0x55aabcea2260_79, C4<00000000000000000000000000000000>, C4<00000000000000000000000000000000>, C4<00000000000000000000000000000000>;
v0x55aabcea2260_80 .array/port v0x55aabcea2260, 80;
L_0x55aabcf8e410 .functor BUFZ 32, v0x55aabcea2260_80, C4<00000000000000000000000000000000>, C4<00000000000000000000000000000000>, C4<00000000000000000000000000000000>;
v0x55aabcea2260_81 .array/port v0x55aabcea2260, 81;
L_0x55aabcf8e780 .functor BUFZ 32, v0x55aabcea2260_81, C4<00000000000000000000000000000000>, C4<00000000000000000000000000000000>, C4<00000000000000000000000000000000>;
v0x55aabcea2260_82 .array/port v0x55aabcea2260, 82;
L_0x55aabcf8e850 .functor BUFZ 32, v0x55aabcea2260_82, C4<00000000000000000000000000000000>, C4<00000000000000000000000000000000>, C4<00000000000000000000000000000000>;
v0x55aabcea2260_83 .array/port v0x55aabcea2260, 83;
L_0x55aabcf8ebd0 .functor BUFZ 32, v0x55aabcea2260_83, C4<00000000000000000000000000000000>, C4<00000000000000000000000000000000>, C4<00000000000000000000000000000000>;
v0x55aabcea2260_84 .array/port v0x55aabcea2260, 84;
L_0x55aabcf8eca0 .functor BUFZ 32, v0x55aabcea2260_84, C4<00000000000000000000000000000000>, C4<00000000000000000000000000000000>, C4<00000000000000000000000000000000>;
v0x55aabcea2260_85 .array/port v0x55aabcea2260, 85;
L_0x55aabcf8f030 .functor BUFZ 32, v0x55aabcea2260_85, C4<00000000000000000000000000000000>, C4<00000000000000000000000000000000>, C4<00000000000000000000000000000000>;
v0x55aabcea2260_86 .array/port v0x55aabcea2260, 86;
L_0x55aabcf8f100 .functor BUFZ 32, v0x55aabcea2260_86, C4<00000000000000000000000000000000>, C4<00000000000000000000000000000000>, C4<00000000000000000000000000000000>;
v0x55aabcea2260_87 .array/port v0x55aabcea2260, 87;
L_0x55aabcf8f4a0 .functor BUFZ 32, v0x55aabcea2260_87, C4<00000000000000000000000000000000>, C4<00000000000000000000000000000000>, C4<00000000000000000000000000000000>;
v0x55aabcea2260_88 .array/port v0x55aabcea2260, 88;
L_0x55aabcf8f570 .functor BUFZ 32, v0x55aabcea2260_88, C4<00000000000000000000000000000000>, C4<00000000000000000000000000000000>, C4<00000000000000000000000000000000>;
v0x55aabcea2260_89 .array/port v0x55aabcea2260, 89;
L_0x55aabcf8f920 .functor BUFZ 32, v0x55aabcea2260_89, C4<00000000000000000000000000000000>, C4<00000000000000000000000000000000>, C4<00000000000000000000000000000000>;
v0x55aabcea2260_90 .array/port v0x55aabcea2260, 90;
L_0x55aabcf8f9f0 .functor BUFZ 32, v0x55aabcea2260_90, C4<00000000000000000000000000000000>, C4<00000000000000000000000000000000>, C4<00000000000000000000000000000000>;
v0x55aabcea2260_91 .array/port v0x55aabcea2260, 91;
L_0x55aabcf8fdb0 .functor BUFZ 32, v0x55aabcea2260_91, C4<00000000000000000000000000000000>, C4<00000000000000000000000000000000>, C4<00000000000000000000000000000000>;
v0x55aabcea2260_92 .array/port v0x55aabcea2260, 92;
L_0x55aabcf8fe80 .functor BUFZ 32, v0x55aabcea2260_92, C4<00000000000000000000000000000000>, C4<00000000000000000000000000000000>, C4<00000000000000000000000000000000>;
v0x55aabcea2260_93 .array/port v0x55aabcea2260, 93;
L_0x55aabcf90250 .functor BUFZ 32, v0x55aabcea2260_93, C4<00000000000000000000000000000000>, C4<00000000000000000000000000000000>, C4<00000000000000000000000000000000>;
v0x55aabcea2260_94 .array/port v0x55aabcea2260, 94;
L_0x55aabcf90320 .functor BUFZ 32, v0x55aabcea2260_94, C4<00000000000000000000000000000000>, C4<00000000000000000000000000000000>, C4<00000000000000000000000000000000>;
v0x55aabcea2260_95 .array/port v0x55aabcea2260, 95;
L_0x55aabcf90700 .functor BUFZ 32, v0x55aabcea2260_95, C4<00000000000000000000000000000000>, C4<00000000000000000000000000000000>, C4<00000000000000000000000000000000>;
v0x55aabcea2260_96 .array/port v0x55aabcea2260, 96;
L_0x55aabcf907d0 .functor BUFZ 32, v0x55aabcea2260_96, C4<00000000000000000000000000000000>, C4<00000000000000000000000000000000>, C4<00000000000000000000000000000000>;
v0x55aabcea2260_97 .array/port v0x55aabcea2260, 97;
L_0x55aabcf90bc0 .functor BUFZ 32, v0x55aabcea2260_97, C4<00000000000000000000000000000000>, C4<00000000000000000000000000000000>, C4<00000000000000000000000000000000>;
v0x55aabcea2260_98 .array/port v0x55aabcea2260, 98;
L_0x55aabcf90c90 .functor BUFZ 32, v0x55aabcea2260_98, C4<00000000000000000000000000000000>, C4<00000000000000000000000000000000>, C4<00000000000000000000000000000000>;
v0x55aabcea2260_99 .array/port v0x55aabcea2260, 99;
L_0x55aabcf91090 .functor BUFZ 32, v0x55aabcea2260_99, C4<00000000000000000000000000000000>, C4<00000000000000000000000000000000>, C4<00000000000000000000000000000000>;
v0x55aabcea2260_100 .array/port v0x55aabcea2260, 100;
L_0x55aabcf91160 .functor BUFZ 32, v0x55aabcea2260_100, C4<00000000000000000000000000000000>, C4<00000000000000000000000000000000>, C4<00000000000000000000000000000000>;
v0x55aabcea2260_101 .array/port v0x55aabcea2260, 101;
L_0x55aabcf91570 .functor BUFZ 32, v0x55aabcea2260_101, C4<00000000000000000000000000000000>, C4<00000000000000000000000000000000>, C4<00000000000000000000000000000000>;
v0x55aabcea2260_102 .array/port v0x55aabcea2260, 102;
L_0x55aabcf91640 .functor BUFZ 32, v0x55aabcea2260_102, C4<00000000000000000000000000000000>, C4<00000000000000000000000000000000>, C4<00000000000000000000000000000000>;
v0x55aabcea2260_103 .array/port v0x55aabcea2260, 103;
L_0x55aabcf91a60 .functor BUFZ 32, v0x55aabcea2260_103, C4<00000000000000000000000000000000>, C4<00000000000000000000000000000000>, C4<00000000000000000000000000000000>;
v0x55aabcea2260_104 .array/port v0x55aabcea2260, 104;
L_0x55aabcf91b30 .functor BUFZ 32, v0x55aabcea2260_104, C4<00000000000000000000000000000000>, C4<00000000000000000000000000000000>, C4<00000000000000000000000000000000>;
v0x55aabcea2260_105 .array/port v0x55aabcea2260, 105;
L_0x55aabcf91f60 .functor BUFZ 32, v0x55aabcea2260_105, C4<00000000000000000000000000000000>, C4<00000000000000000000000000000000>, C4<00000000000000000000000000000000>;
v0x55aabcea2260_106 .array/port v0x55aabcea2260, 106;
L_0x55aabcf92030 .functor BUFZ 32, v0x55aabcea2260_106, C4<00000000000000000000000000000000>, C4<00000000000000000000000000000000>, C4<00000000000000000000000000000000>;
v0x55aabcea2260_107 .array/port v0x55aabcea2260, 107;
L_0x55aabcf92470 .functor BUFZ 32, v0x55aabcea2260_107, C4<00000000000000000000000000000000>, C4<00000000000000000000000000000000>, C4<00000000000000000000000000000000>;
v0x55aabcea2260_108 .array/port v0x55aabcea2260, 108;
L_0x55aabcf92540 .functor BUFZ 32, v0x55aabcea2260_108, C4<00000000000000000000000000000000>, C4<00000000000000000000000000000000>, C4<00000000000000000000000000000000>;
v0x55aabcea2260_109 .array/port v0x55aabcea2260, 109;
L_0x55aabcf92990 .functor BUFZ 32, v0x55aabcea2260_109, C4<00000000000000000000000000000000>, C4<00000000000000000000000000000000>, C4<00000000000000000000000000000000>;
v0x55aabcea2260_110 .array/port v0x55aabcea2260, 110;
L_0x55aabcf92a60 .functor BUFZ 32, v0x55aabcea2260_110, C4<00000000000000000000000000000000>, C4<00000000000000000000000000000000>, C4<00000000000000000000000000000000>;
v0x55aabcea2260_111 .array/port v0x55aabcea2260, 111;
L_0x55aabcf92ec0 .functor BUFZ 32, v0x55aabcea2260_111, C4<00000000000000000000000000000000>, C4<00000000000000000000000000000000>, C4<00000000000000000000000000000000>;
v0x55aabcea2260_112 .array/port v0x55aabcea2260, 112;
L_0x55aabcf92f90 .functor BUFZ 32, v0x55aabcea2260_112, C4<00000000000000000000000000000000>, C4<00000000000000000000000000000000>, C4<00000000000000000000000000000000>;
v0x55aabcea2260_113 .array/port v0x55aabcea2260, 113;
L_0x55aabcf93400 .functor BUFZ 32, v0x55aabcea2260_113, C4<00000000000000000000000000000000>, C4<00000000000000000000000000000000>, C4<00000000000000000000000000000000>;
v0x55aabcea2260_114 .array/port v0x55aabcea2260, 114;
L_0x55aabcf934d0 .functor BUFZ 32, v0x55aabcea2260_114, C4<00000000000000000000000000000000>, C4<00000000000000000000000000000000>, C4<00000000000000000000000000000000>;
v0x55aabcea2260_115 .array/port v0x55aabcea2260, 115;
L_0x55aabcf93950 .functor BUFZ 32, v0x55aabcea2260_115, C4<00000000000000000000000000000000>, C4<00000000000000000000000000000000>, C4<00000000000000000000000000000000>;
v0x55aabcea2260_116 .array/port v0x55aabcea2260, 116;
L_0x55aabcf93a20 .functor BUFZ 32, v0x55aabcea2260_116, C4<00000000000000000000000000000000>, C4<00000000000000000000000000000000>, C4<00000000000000000000000000000000>;
v0x55aabcea2260_117 .array/port v0x55aabcea2260, 117;
L_0x55aabcf93eb0 .functor BUFZ 32, v0x55aabcea2260_117, C4<00000000000000000000000000000000>, C4<00000000000000000000000000000000>, C4<00000000000000000000000000000000>;
v0x55aabcea2260_118 .array/port v0x55aabcea2260, 118;
L_0x55aabcf93f80 .functor BUFZ 32, v0x55aabcea2260_118, C4<00000000000000000000000000000000>, C4<00000000000000000000000000000000>, C4<00000000000000000000000000000000>;
v0x55aabcea2260_119 .array/port v0x55aabcea2260, 119;
L_0x55aabcf94420 .functor BUFZ 32, v0x55aabcea2260_119, C4<00000000000000000000000000000000>, C4<00000000000000000000000000000000>, C4<00000000000000000000000000000000>;
v0x55aabcea2260_120 .array/port v0x55aabcea2260, 120;
L_0x55aabcf944f0 .functor BUFZ 32, v0x55aabcea2260_120, C4<00000000000000000000000000000000>, C4<00000000000000000000000000000000>, C4<00000000000000000000000000000000>;
v0x55aabcea2260_121 .array/port v0x55aabcea2260, 121;
L_0x55aabcf949a0 .functor BUFZ 32, v0x55aabcea2260_121, C4<00000000000000000000000000000000>, C4<00000000000000000000000000000000>, C4<00000000000000000000000000000000>;
v0x55aabcea2260_122 .array/port v0x55aabcea2260, 122;
L_0x55aabcf94a70 .functor BUFZ 32, v0x55aabcea2260_122, C4<00000000000000000000000000000000>, C4<00000000000000000000000000000000>, C4<00000000000000000000000000000000>;
v0x55aabcea2260_123 .array/port v0x55aabcea2260, 123;
L_0x55aabcf94f30 .functor BUFZ 32, v0x55aabcea2260_123, C4<00000000000000000000000000000000>, C4<00000000000000000000000000000000>, C4<00000000000000000000000000000000>;
v0x55aabcea2260_124 .array/port v0x55aabcea2260, 124;
L_0x55aabcf95000 .functor BUFZ 32, v0x55aabcea2260_124, C4<00000000000000000000000000000000>, C4<00000000000000000000000000000000>, C4<00000000000000000000000000000000>;
v0x55aabcea2260_125 .array/port v0x55aabcea2260, 125;
L_0x55aabcea47e0 .functor BUFZ 32, v0x55aabcea2260_125, C4<00000000000000000000000000000000>, C4<00000000000000000000000000000000>, C4<00000000000000000000000000000000>;
v0x55aabcea2260_126 .array/port v0x55aabcea2260, 126;
L_0x55aabcea48b0 .functor BUFZ 32, v0x55aabcea2260_126, C4<00000000000000000000000000000000>, C4<00000000000000000000000000000000>, C4<00000000000000000000000000000000>;
v0x55aabcea2260_127 .array/port v0x55aabcea2260, 127;
L_0x55aabcea4d90 .functor BUFZ 32, v0x55aabcea2260_127, C4<00000000000000000000000000000000>, C4<00000000000000000000000000000000>, C4<00000000000000000000000000000000>;
v0x55aabcea2260_128 .array/port v0x55aabcea2260, 128;
L_0x55aabcea4e60 .functor BUFZ 32, v0x55aabcea2260_128, C4<00000000000000000000000000000000>, C4<00000000000000000000000000000000>, C4<00000000000000000000000000000000>;
v0x55aabcea2260_129 .array/port v0x55aabcea2260, 129;
L_0x55aabcf950d0 .functor BUFZ 32, v0x55aabcea2260_129, C4<00000000000000000000000000000000>, C4<00000000000000000000000000000000>, C4<00000000000000000000000000000000>;
v0x55aabcea2260_130 .array/port v0x55aabcea2260, 130;
L_0x55aabcf95170 .functor BUFZ 32, v0x55aabcea2260_130, C4<00000000000000000000000000000000>, C4<00000000000000000000000000000000>, C4<00000000000000000000000000000000>;
v0x55aabcea2260_131 .array/port v0x55aabcea2260, 131;
L_0x55aabcea4f30 .functor BUFZ 32, v0x55aabcea2260_131, C4<00000000000000000000000000000000>, C4<00000000000000000000000000000000>, C4<00000000000000000000000000000000>;
v0x55aabcea2260_132 .array/port v0x55aabcea2260, 132;
L_0x55aabcea5000 .functor BUFZ 32, v0x55aabcea2260_132, C4<00000000000000000000000000000000>, C4<00000000000000000000000000000000>, C4<00000000000000000000000000000000>;
v0x55aabcea2260_133 .array/port v0x55aabcea2260, 133;
L_0x55aabcea50d0 .functor BUFZ 32, v0x55aabcea2260_133, C4<00000000000000000000000000000000>, C4<00000000000000000000000000000000>, C4<00000000000000000000000000000000>;
v0x55aabcea2260_134 .array/port v0x55aabcea2260, 134;
L_0x55aabcea51a0 .functor BUFZ 32, v0x55aabcea2260_134, C4<00000000000000000000000000000000>, C4<00000000000000000000000000000000>, C4<00000000000000000000000000000000>;
v0x55aabcea2260_135 .array/port v0x55aabcea2260, 135;
L_0x55aabcea5270 .functor BUFZ 32, v0x55aabcea2260_135, C4<00000000000000000000000000000000>, C4<00000000000000000000000000000000>, C4<00000000000000000000000000000000>;
v0x55aabcea2260_136 .array/port v0x55aabcea2260, 136;
L_0x55aabcf95690 .functor BUFZ 32, v0x55aabcea2260_136, C4<00000000000000000000000000000000>, C4<00000000000000000000000000000000>, C4<00000000000000000000000000000000>;
v0x55aabcea2260_137 .array/port v0x55aabcea2260, 137;
L_0x55aabcea53e0 .functor BUFZ 32, v0x55aabcea2260_137, C4<00000000000000000000000000000000>, C4<00000000000000000000000000000000>, C4<00000000000000000000000000000000>;
v0x55aabcea2260_138 .array/port v0x55aabcea2260, 138;
L_0x55aabcf95270 .functor BUFZ 32, v0x55aabcea2260_138, C4<00000000000000000000000000000000>, C4<00000000000000000000000000000000>, C4<00000000000000000000000000000000>;
v0x55aabcea2260_139 .array/port v0x55aabcea2260, 139;
L_0x55aabcf95340 .functor BUFZ 32, v0x55aabcea2260_139, C4<00000000000000000000000000000000>, C4<00000000000000000000000000000000>, C4<00000000000000000000000000000000>;
v0x55aabcea2260_140 .array/port v0x55aabcea2260, 140;
L_0x55aabcf95410 .functor BUFZ 32, v0x55aabcea2260_140, C4<00000000000000000000000000000000>, C4<00000000000000000000000000000000>, C4<00000000000000000000000000000000>;
v0x55aabcea2260_141 .array/port v0x55aabcea2260, 141;
L_0x55aabcf954e0 .functor BUFZ 32, v0x55aabcea2260_141, C4<00000000000000000000000000000000>, C4<00000000000000000000000000000000>, C4<00000000000000000000000000000000>;
v0x55aabcea2260_142 .array/port v0x55aabcea2260, 142;
L_0x55aabcf955b0 .functor BUFZ 32, v0x55aabcea2260_142, C4<00000000000000000000000000000000>, C4<00000000000000000000000000000000>, C4<00000000000000000000000000000000>;
v0x55aabcea2260_143 .array/port v0x55aabcea2260, 143;
L_0x55aabcf95b90 .functor BUFZ 32, v0x55aabcea2260_143, C4<00000000000000000000000000000000>, C4<00000000000000000000000000000000>, C4<00000000000000000000000000000000>;
v0x55aabcea2260_144 .array/port v0x55aabcea2260, 144;
L_0x55aabcf95c60 .functor BUFZ 32, v0x55aabcea2260_144, C4<00000000000000000000000000000000>, C4<00000000000000000000000000000000>, C4<00000000000000000000000000000000>;
v0x55aabcea2260_145 .array/port v0x55aabcea2260, 145;
L_0x55aabcea5480 .functor BUFZ 32, v0x55aabcea2260_145, C4<00000000000000000000000000000000>, C4<00000000000000000000000000000000>, C4<00000000000000000000000000000000>;
v0x55aabcea2260_146 .array/port v0x55aabcea2260, 146;
L_0x55aabcf95700 .functor BUFZ 32, v0x55aabcea2260_146, C4<00000000000000000000000000000000>, C4<00000000000000000000000000000000>, C4<00000000000000000000000000000000>;
v0x55aabcea2260_147 .array/port v0x55aabcea2260, 147;
L_0x55aabcf957d0 .functor BUFZ 32, v0x55aabcea2260_147, C4<00000000000000000000000000000000>, C4<00000000000000000000000000000000>, C4<00000000000000000000000000000000>;
v0x55aabcea2260_148 .array/port v0x55aabcea2260, 148;
L_0x55aabcf958a0 .functor BUFZ 32, v0x55aabcea2260_148, C4<00000000000000000000000000000000>, C4<00000000000000000000000000000000>, C4<00000000000000000000000000000000>;
v0x55aabcea2260_149 .array/port v0x55aabcea2260, 149;
L_0x55aabcf95970 .functor BUFZ 32, v0x55aabcea2260_149, C4<00000000000000000000000000000000>, C4<00000000000000000000000000000000>, C4<00000000000000000000000000000000>;
v0x55aabcea2260_150 .array/port v0x55aabcea2260, 150;
L_0x55aabcf95a40 .functor BUFZ 32, v0x55aabcea2260_150, C4<00000000000000000000000000000000>, C4<00000000000000000000000000000000>, C4<00000000000000000000000000000000>;
v0x55aabcea2260_151 .array/port v0x55aabcea2260, 151;
L_0x55aabcf95b10 .functor BUFZ 32, v0x55aabcea2260_151, C4<00000000000000000000000000000000>, C4<00000000000000000000000000000000>, C4<00000000000000000000000000000000>;
v0x55aabcea2260_152 .array/port v0x55aabcea2260, 152;
L_0x55aabcf96230 .functor BUFZ 32, v0x55aabcea2260_152, C4<00000000000000000000000000000000>, C4<00000000000000000000000000000000>, C4<00000000000000000000000000000000>;
v0x55aabcea2260_153 .array/port v0x55aabcea2260, 153;
L_0x55aabcea5580 .functor BUFZ 32, v0x55aabcea2260_153, C4<00000000000000000000000000000000>, C4<00000000000000000000000000000000>, C4<00000000000000000000000000000000>;
v0x55aabcea2260_154 .array/port v0x55aabcea2260, 154;
L_0x55aabcf95d30 .functor BUFZ 32, v0x55aabcea2260_154, C4<00000000000000000000000000000000>, C4<00000000000000000000000000000000>, C4<00000000000000000000000000000000>;
v0x55aabcea2260_155 .array/port v0x55aabcea2260, 155;
L_0x55aabcf95e00 .functor BUFZ 32, v0x55aabcea2260_155, C4<00000000000000000000000000000000>, C4<00000000000000000000000000000000>, C4<00000000000000000000000000000000>;
v0x55aabcea2260_156 .array/port v0x55aabcea2260, 156;
L_0x55aabcf95ed0 .functor BUFZ 32, v0x55aabcea2260_156, C4<00000000000000000000000000000000>, C4<00000000000000000000000000000000>, C4<00000000000000000000000000000000>;
v0x55aabcea2260_157 .array/port v0x55aabcea2260, 157;
L_0x55aabcf95fa0 .functor BUFZ 32, v0x55aabcea2260_157, C4<00000000000000000000000000000000>, C4<00000000000000000000000000000000>, C4<00000000000000000000000000000000>;
v0x55aabcea2260_158 .array/port v0x55aabcea2260, 158;
L_0x55aabcf96070 .functor BUFZ 32, v0x55aabcea2260_158, C4<00000000000000000000000000000000>, C4<00000000000000000000000000000000>, C4<00000000000000000000000000000000>;
v0x55aabcea2260_159 .array/port v0x55aabcea2260, 159;
L_0x55aabcf96140 .functor BUFZ 32, v0x55aabcea2260_159, C4<00000000000000000000000000000000>, C4<00000000000000000000000000000000>, C4<00000000000000000000000000000000>;
v0x55aabcea2260_160 .array/port v0x55aabcea2260, 160;
L_0x55aabcf96810 .functor BUFZ 32, v0x55aabcea2260_160, C4<00000000000000000000000000000000>, C4<00000000000000000000000000000000>, C4<00000000000000000000000000000000>;
v0x55aabcea2260_161 .array/port v0x55aabcea2260, 161;
L_0x55aabcea5680 .functor BUFZ 32, v0x55aabcea2260_161, C4<00000000000000000000000000000000>, C4<00000000000000000000000000000000>, C4<00000000000000000000000000000000>;
v0x55aabcea2260_162 .array/port v0x55aabcea2260, 162;
L_0x55aabcf96300 .functor BUFZ 32, v0x55aabcea2260_162, C4<00000000000000000000000000000000>, C4<00000000000000000000000000000000>, C4<00000000000000000000000000000000>;
v0x55aabcea2260_163 .array/port v0x55aabcea2260, 163;
L_0x55aabcf963d0 .functor BUFZ 32, v0x55aabcea2260_163, C4<00000000000000000000000000000000>, C4<00000000000000000000000000000000>, C4<00000000000000000000000000000000>;
v0x55aabcea2260_164 .array/port v0x55aabcea2260, 164;
L_0x55aabcf964a0 .functor BUFZ 32, v0x55aabcea2260_164, C4<00000000000000000000000000000000>, C4<00000000000000000000000000000000>, C4<00000000000000000000000000000000>;
v0x55aabcea2260_165 .array/port v0x55aabcea2260, 165;
L_0x55aabcf96570 .functor BUFZ 32, v0x55aabcea2260_165, C4<00000000000000000000000000000000>, C4<00000000000000000000000000000000>, C4<00000000000000000000000000000000>;
v0x55aabcea2260_166 .array/port v0x55aabcea2260, 166;
L_0x55aabcf96640 .functor BUFZ 32, v0x55aabcea2260_166, C4<00000000000000000000000000000000>, C4<00000000000000000000000000000000>, C4<00000000000000000000000000000000>;
v0x55aabcea2260_167 .array/port v0x55aabcea2260, 167;
L_0x55aabcf96710 .functor BUFZ 32, v0x55aabcea2260_167, C4<00000000000000000000000000000000>, C4<00000000000000000000000000000000>, C4<00000000000000000000000000000000>;
v0x55aabcea2260_168 .array/port v0x55aabcea2260, 168;
L_0x55aabcf96e30 .functor BUFZ 32, v0x55aabcea2260_168, C4<00000000000000000000000000000000>, C4<00000000000000000000000000000000>, C4<00000000000000000000000000000000>;
v0x55aabcea2260_169 .array/port v0x55aabcea2260, 169;
L_0x55aabcea5780 .functor BUFZ 32, v0x55aabcea2260_169, C4<00000000000000000000000000000000>, C4<00000000000000000000000000000000>, C4<00000000000000000000000000000000>;
v0x55aabcea2260_170 .array/port v0x55aabcea2260, 170;
L_0x55aabcf968e0 .functor BUFZ 32, v0x55aabcea2260_170, C4<00000000000000000000000000000000>, C4<00000000000000000000000000000000>, C4<00000000000000000000000000000000>;
v0x55aabcea2260_171 .array/port v0x55aabcea2260, 171;
L_0x55aabcf969b0 .functor BUFZ 32, v0x55aabcea2260_171, C4<00000000000000000000000000000000>, C4<00000000000000000000000000000000>, C4<00000000000000000000000000000000>;
v0x55aabcea2260_172 .array/port v0x55aabcea2260, 172;
L_0x55aabcf96a80 .functor BUFZ 32, v0x55aabcea2260_172, C4<00000000000000000000000000000000>, C4<00000000000000000000000000000000>, C4<00000000000000000000000000000000>;
v0x55aabcea2260_173 .array/port v0x55aabcea2260, 173;
L_0x55aabcf96b50 .functor BUFZ 32, v0x55aabcea2260_173, C4<00000000000000000000000000000000>, C4<00000000000000000000000000000000>, C4<00000000000000000000000000000000>;
v0x55aabcea2260_174 .array/port v0x55aabcea2260, 174;
L_0x55aabcf96c20 .functor BUFZ 32, v0x55aabcea2260_174, C4<00000000000000000000000000000000>, C4<00000000000000000000000000000000>, C4<00000000000000000000000000000000>;
v0x55aabcea2260_175 .array/port v0x55aabcea2260, 175;
L_0x55aabcf96cf0 .functor BUFZ 32, v0x55aabcea2260_175, C4<00000000000000000000000000000000>, C4<00000000000000000000000000000000>, C4<00000000000000000000000000000000>;
v0x55aabcea2260_176 .array/port v0x55aabcea2260, 176;
L_0x55aabcf96dc0 .functor BUFZ 32, v0x55aabcea2260_176, C4<00000000000000000000000000000000>, C4<00000000000000000000000000000000>, C4<00000000000000000000000000000000>;
v0x55aabcea2260_177 .array/port v0x55aabcea2260, 177;
L_0x55aabcea5880 .functor BUFZ 32, v0x55aabcea2260_177, C4<00000000000000000000000000000000>, C4<00000000000000000000000000000000>, C4<00000000000000000000000000000000>;
v0x55aabcea2260_178 .array/port v0x55aabcea2260, 178;
L_0x55aabcf96ea0 .functor BUFZ 32, v0x55aabcea2260_178, C4<00000000000000000000000000000000>, C4<00000000000000000000000000000000>, C4<00000000000000000000000000000000>;
v0x55aabcea2260_179 .array/port v0x55aabcea2260, 179;
L_0x55aabcf96f70 .functor BUFZ 32, v0x55aabcea2260_179, C4<00000000000000000000000000000000>, C4<00000000000000000000000000000000>, C4<00000000000000000000000000000000>;
v0x55aabcea2260_180 .array/port v0x55aabcea2260, 180;
L_0x55aabcf97040 .functor BUFZ 32, v0x55aabcea2260_180, C4<00000000000000000000000000000000>, C4<00000000000000000000000000000000>, C4<00000000000000000000000000000000>;
v0x55aabcea2260_181 .array/port v0x55aabcea2260, 181;
L_0x55aabcf97110 .functor BUFZ 32, v0x55aabcea2260_181, C4<00000000000000000000000000000000>, C4<00000000000000000000000000000000>, C4<00000000000000000000000000000000>;
v0x55aabcea2260_182 .array/port v0x55aabcea2260, 182;
L_0x55aabcf971e0 .functor BUFZ 32, v0x55aabcea2260_182, C4<00000000000000000000000000000000>, C4<00000000000000000000000000000000>, C4<00000000000000000000000000000000>;
v0x55aabcea2260_183 .array/port v0x55aabcea2260, 183;
L_0x55aabcf972b0 .functor BUFZ 32, v0x55aabcea2260_183, C4<00000000000000000000000000000000>, C4<00000000000000000000000000000000>, C4<00000000000000000000000000000000>;
v0x55aabcea2260_184 .array/port v0x55aabcea2260, 184;
L_0x55aabcf97380 .functor BUFZ 32, v0x55aabcea2260_184, C4<00000000000000000000000000000000>, C4<00000000000000000000000000000000>, C4<00000000000000000000000000000000>;
v0x55aabcea2260_185 .array/port v0x55aabcea2260, 185;
L_0x55aabcf97a40 .functor BUFZ 32, v0x55aabcea2260_185, C4<00000000000000000000000000000000>, C4<00000000000000000000000000000000>, C4<00000000000000000000000000000000>;
v0x55aabcea2260_186 .array/port v0x55aabcea2260, 186;
L_0x55aabcf97b10 .functor BUFZ 32, v0x55aabcea2260_186, C4<00000000000000000000000000000000>, C4<00000000000000000000000000000000>, C4<00000000000000000000000000000000>;
v0x55aabcea2260_187 .array/port v0x55aabcea2260, 187;
L_0x55aabcea5980 .functor BUFZ 32, v0x55aabcea2260_187, C4<00000000000000000000000000000000>, C4<00000000000000000000000000000000>, C4<00000000000000000000000000000000>;
v0x55aabcea2260_188 .array/port v0x55aabcea2260, 188;
L_0x55aabcea5a50 .functor BUFZ 32, v0x55aabcea2260_188, C4<00000000000000000000000000000000>, C4<00000000000000000000000000000000>, C4<00000000000000000000000000000000>;
v0x55aabcea2260_189 .array/port v0x55aabcea2260, 189;
L_0x55aabcf974c0 .functor BUFZ 32, v0x55aabcea2260_189, C4<00000000000000000000000000000000>, C4<00000000000000000000000000000000>, C4<00000000000000000000000000000000>;
v0x55aabcea2260_190 .array/port v0x55aabcea2260, 190;
L_0x55aabcf97590 .functor BUFZ 32, v0x55aabcea2260_190, C4<00000000000000000000000000000000>, C4<00000000000000000000000000000000>, C4<00000000000000000000000000000000>;
v0x55aabcea2260_191 .array/port v0x55aabcea2260, 191;
L_0x55aabcf97660 .functor BUFZ 32, v0x55aabcea2260_191, C4<00000000000000000000000000000000>, C4<00000000000000000000000000000000>, C4<00000000000000000000000000000000>;
v0x55aabcea2260_192 .array/port v0x55aabcea2260, 192;
L_0x55aabcf97730 .functor BUFZ 32, v0x55aabcea2260_192, C4<00000000000000000000000000000000>, C4<00000000000000000000000000000000>, C4<00000000000000000000000000000000>;
v0x55aabcea2260_193 .array/port v0x55aabcea2260, 193;
L_0x55aabcf97800 .functor BUFZ 32, v0x55aabcea2260_193, C4<00000000000000000000000000000000>, C4<00000000000000000000000000000000>, C4<00000000000000000000000000000000>;
v0x55aabcea2260_194 .array/port v0x55aabcea2260, 194;
L_0x55aabcf978d0 .functor BUFZ 32, v0x55aabcea2260_194, C4<00000000000000000000000000000000>, C4<00000000000000000000000000000000>, C4<00000000000000000000000000000000>;
v0x55aabcea2260_195 .array/port v0x55aabcea2260, 195;
L_0x55aabcf979a0 .functor BUFZ 32, v0x55aabcea2260_195, C4<00000000000000000000000000000000>, C4<00000000000000000000000000000000>, C4<00000000000000000000000000000000>;
v0x55aabcea2260_196 .array/port v0x55aabcea2260, 196;
L_0x55aabcf98240 .functor BUFZ 32, v0x55aabcea2260_196, C4<00000000000000000000000000000000>, C4<00000000000000000000000000000000>, C4<00000000000000000000000000000000>;
v0x55aabcea2260_197 .array/port v0x55aabcea2260, 197;
L_0x55aabcea5ac0 .functor BUFZ 32, v0x55aabcea2260_197, C4<00000000000000000000000000000000>, C4<00000000000000000000000000000000>, C4<00000000000000000000000000000000>;
v0x55aabcea2260_198 .array/port v0x55aabcea2260, 198;
L_0x55aabcea5b90 .functor BUFZ 32, v0x55aabcea2260_198, C4<00000000000000000000000000000000>, C4<00000000000000000000000000000000>, C4<00000000000000000000000000000000>;
v0x55aabcea2260_199 .array/port v0x55aabcea2260, 199;
L_0x55aabcf97c40 .functor BUFZ 32, v0x55aabcea2260_199, C4<00000000000000000000000000000000>, C4<00000000000000000000000000000000>, C4<00000000000000000000000000000000>;
v0x55aabcea2260_200 .array/port v0x55aabcea2260, 200;
L_0x55aabcf97d10 .functor BUFZ 32, v0x55aabcea2260_200, C4<00000000000000000000000000000000>, C4<00000000000000000000000000000000>, C4<00000000000000000000000000000000>;
v0x55aabcea2260_201 .array/port v0x55aabcea2260, 201;
L_0x55aabcf97de0 .functor BUFZ 32, v0x55aabcea2260_201, C4<00000000000000000000000000000000>, C4<00000000000000000000000000000000>, C4<00000000000000000000000000000000>;
v0x55aabcea2260_202 .array/port v0x55aabcea2260, 202;
L_0x55aabcf97eb0 .functor BUFZ 32, v0x55aabcea2260_202, C4<00000000000000000000000000000000>, C4<00000000000000000000000000000000>, C4<00000000000000000000000000000000>;
v0x55aabcea2260_203 .array/port v0x55aabcea2260, 203;
L_0x55aabcf97f80 .functor BUFZ 32, v0x55aabcea2260_203, C4<00000000000000000000000000000000>, C4<00000000000000000000000000000000>, C4<00000000000000000000000000000000>;
v0x55aabcea2260_204 .array/port v0x55aabcea2260, 204;
L_0x55aabcf98050 .functor BUFZ 32, v0x55aabcea2260_204, C4<00000000000000000000000000000000>, C4<00000000000000000000000000000000>, C4<00000000000000000000000000000000>;
v0x55aabcea2260_205 .array/port v0x55aabcea2260, 205;
L_0x55aabcf98120 .functor BUFZ 32, v0x55aabcea2260_205, C4<00000000000000000000000000000000>, C4<00000000000000000000000000000000>, C4<00000000000000000000000000000000>;
v0x55aabcea2260_206 .array/port v0x55aabcea2260, 206;
L_0x55aabcf98990 .functor BUFZ 32, v0x55aabcea2260_206, C4<00000000000000000000000000000000>, C4<00000000000000000000000000000000>, C4<00000000000000000000000000000000>;
v0x55aabcea2260_207 .array/port v0x55aabcea2260, 207;
L_0x55aabcea5c00 .functor BUFZ 32, v0x55aabcea2260_207, C4<00000000000000000000000000000000>, C4<00000000000000000000000000000000>, C4<00000000000000000000000000000000>;
v0x55aabcea2260_208 .array/port v0x55aabcea2260, 208;
L_0x55aabcea5cd0 .functor BUFZ 32, v0x55aabcea2260_208, C4<00000000000000000000000000000000>, C4<00000000000000000000000000000000>, C4<00000000000000000000000000000000>;
v0x55aabcea2260_209 .array/port v0x55aabcea2260, 209;
L_0x55aabcf98370 .functor BUFZ 32, v0x55aabcea2260_209, C4<00000000000000000000000000000000>, C4<00000000000000000000000000000000>, C4<00000000000000000000000000000000>;
v0x55aabcea2260_210 .array/port v0x55aabcea2260, 210;
L_0x55aabcf98440 .functor BUFZ 32, v0x55aabcea2260_210, C4<00000000000000000000000000000000>, C4<00000000000000000000000000000000>, C4<00000000000000000000000000000000>;
v0x55aabcea2260_211 .array/port v0x55aabcea2260, 211;
L_0x55aabcf98510 .functor BUFZ 32, v0x55aabcea2260_211, C4<00000000000000000000000000000000>, C4<00000000000000000000000000000000>, C4<00000000000000000000000000000000>;
v0x55aabcea2260_212 .array/port v0x55aabcea2260, 212;
L_0x55aabcf985e0 .functor BUFZ 32, v0x55aabcea2260_212, C4<00000000000000000000000000000000>, C4<00000000000000000000000000000000>, C4<00000000000000000000000000000000>;
v0x55aabcea2260_213 .array/port v0x55aabcea2260, 213;
L_0x55aabcf986b0 .functor BUFZ 32, v0x55aabcea2260_213, C4<00000000000000000000000000000000>, C4<00000000000000000000000000000000>, C4<00000000000000000000000000000000>;
v0x55aabcea2260_214 .array/port v0x55aabcea2260, 214;
L_0x55aabcf98780 .functor BUFZ 32, v0x55aabcea2260_214, C4<00000000000000000000000000000000>, C4<00000000000000000000000000000000>, C4<00000000000000000000000000000000>;
v0x55aabcea2260_215 .array/port v0x55aabcea2260, 215;
L_0x55aabcf98850 .functor BUFZ 32, v0x55aabcea2260_215, C4<00000000000000000000000000000000>, C4<00000000000000000000000000000000>, C4<00000000000000000000000000000000>;
v0x55aabcea2260_216 .array/port v0x55aabcea2260, 216;
L_0x55aabcf98920 .functor BUFZ 32, v0x55aabcea2260_216, C4<00000000000000000000000000000000>, C4<00000000000000000000000000000000>, C4<00000000000000000000000000000000>;
v0x55aabcea2260_217 .array/port v0x55aabcea2260, 217;
L_0x55aabcea5d40 .functor BUFZ 32, v0x55aabcea2260_217, C4<00000000000000000000000000000000>, C4<00000000000000000000000000000000>, C4<00000000000000000000000000000000>;
v0x55aabcea2260_218 .array/port v0x55aabcea2260, 218;
L_0x55aabcea5e10 .functor BUFZ 32, v0x55aabcea2260_218, C4<00000000000000000000000000000000>, C4<00000000000000000000000000000000>, C4<00000000000000000000000000000000>;
v0x55aabcea2260_219 .array/port v0x55aabcea2260, 219;
L_0x55aabcf98ac0 .functor BUFZ 32, v0x55aabcea2260_219, C4<00000000000000000000000000000000>, C4<00000000000000000000000000000000>, C4<00000000000000000000000000000000>;
v0x55aabcea2260_220 .array/port v0x55aabcea2260, 220;
L_0x55aabcf98b90 .functor BUFZ 32, v0x55aabcea2260_220, C4<00000000000000000000000000000000>, C4<00000000000000000000000000000000>, C4<00000000000000000000000000000000>;
v0x55aabcea2260_221 .array/port v0x55aabcea2260, 221;
L_0x55aabcf98c60 .functor BUFZ 32, v0x55aabcea2260_221, C4<00000000000000000000000000000000>, C4<00000000000000000000000000000000>, C4<00000000000000000000000000000000>;
v0x55aabcea2260_222 .array/port v0x55aabcea2260, 222;
L_0x55aabcf98d30 .functor BUFZ 32, v0x55aabcea2260_222, C4<00000000000000000000000000000000>, C4<00000000000000000000000000000000>, C4<00000000000000000000000000000000>;
v0x55aabcea2260_223 .array/port v0x55aabcea2260, 223;
L_0x55aabcf98e00 .functor BUFZ 32, v0x55aabcea2260_223, C4<00000000000000000000000000000000>, C4<00000000000000000000000000000000>, C4<00000000000000000000000000000000>;
v0x55aabcea2260_224 .array/port v0x55aabcea2260, 224;
L_0x55aabcf98ed0 .functor BUFZ 32, v0x55aabcea2260_224, C4<00000000000000000000000000000000>, C4<00000000000000000000000000000000>, C4<00000000000000000000000000000000>;
v0x55aabcea2260_225 .array/port v0x55aabcea2260, 225;
L_0x55aabcf98fa0 .functor BUFZ 32, v0x55aabcea2260_225, C4<00000000000000000000000000000000>, C4<00000000000000000000000000000000>, C4<00000000000000000000000000000000>;
v0x55aabcea2260_226 .array/port v0x55aabcea2260, 226;
L_0x55aabcf99070 .functor BUFZ 32, v0x55aabcea2260_226, C4<00000000000000000000000000000000>, C4<00000000000000000000000000000000>, C4<00000000000000000000000000000000>;
v0x55aabcea2260_227 .array/port v0x55aabcea2260, 227;
L_0x55aabcea5e80 .functor BUFZ 32, v0x55aabcea2260_227, C4<00000000000000000000000000000000>, C4<00000000000000000000000000000000>, C4<00000000000000000000000000000000>;
v0x55aabcea2260_228 .array/port v0x55aabcea2260, 228;
L_0x55aabcea5f50 .functor BUFZ 32, v0x55aabcea2260_228, C4<00000000000000000000000000000000>, C4<00000000000000000000000000000000>, C4<00000000000000000000000000000000>;
v0x55aabcea2260_229 .array/port v0x55aabcea2260, 229;
L_0x55aabcf991f0 .functor BUFZ 32, v0x55aabcea2260_229, C4<00000000000000000000000000000000>, C4<00000000000000000000000000000000>, C4<00000000000000000000000000000000>;
v0x55aabcea2260_230 .array/port v0x55aabcea2260, 230;
L_0x55aabcf992c0 .functor BUFZ 32, v0x55aabcea2260_230, C4<00000000000000000000000000000000>, C4<00000000000000000000000000000000>, C4<00000000000000000000000000000000>;
v0x55aabcea2260_231 .array/port v0x55aabcea2260, 231;
L_0x55aabcf99390 .functor BUFZ 32, v0x55aabcea2260_231, C4<00000000000000000000000000000000>, C4<00000000000000000000000000000000>, C4<00000000000000000000000000000000>;
v0x55aabcea2260_232 .array/port v0x55aabcea2260, 232;
L_0x55aabcf99460 .functor BUFZ 32, v0x55aabcea2260_232, C4<00000000000000000000000000000000>, C4<00000000000000000000000000000000>, C4<00000000000000000000000000000000>;
v0x55aabcea2260_233 .array/port v0x55aabcea2260, 233;
L_0x55aabcf99530 .functor BUFZ 32, v0x55aabcea2260_233, C4<00000000000000000000000000000000>, C4<00000000000000000000000000000000>, C4<00000000000000000000000000000000>;
v0x55aabcea2260_234 .array/port v0x55aabcea2260, 234;
L_0x55aabcf99600 .functor BUFZ 32, v0x55aabcea2260_234, C4<00000000000000000000000000000000>, C4<00000000000000000000000000000000>, C4<00000000000000000000000000000000>;
v0x55aabcea2260_235 .array/port v0x55aabcea2260, 235;
L_0x55aabcf996d0 .functor BUFZ 32, v0x55aabcea2260_235, C4<00000000000000000000000000000000>, C4<00000000000000000000000000000000>, C4<00000000000000000000000000000000>;
v0x55aabcea2260_236 .array/port v0x55aabcea2260, 236;
L_0x55aabcf997a0 .functor BUFZ 32, v0x55aabcea2260_236, C4<00000000000000000000000000000000>, C4<00000000000000000000000000000000>, C4<00000000000000000000000000000000>;
v0x55aabcea2260_237 .array/port v0x55aabcea2260, 237;
L_0x55aabcf9a060 .functor BUFZ 32, v0x55aabcea2260_237, C4<00000000000000000000000000000000>, C4<00000000000000000000000000000000>, C4<00000000000000000000000000000000>;
v0x55aabcea2260_238 .array/port v0x55aabcea2260, 238;
L_0x55aabcf9a100 .functor BUFZ 32, v0x55aabcea2260_238, C4<00000000000000000000000000000000>, C4<00000000000000000000000000000000>, C4<00000000000000000000000000000000>;
v0x55aabcea2260_239 .array/port v0x55aabcea2260, 239;
L_0x55aabcea5fc0 .functor BUFZ 32, v0x55aabcea2260_239, C4<00000000000000000000000000000000>, C4<00000000000000000000000000000000>, C4<00000000000000000000000000000000>;
v0x55aabcea2260_240 .array/port v0x55aabcea2260, 240;
L_0x55aabcea6090 .functor BUFZ 32, v0x55aabcea2260_240, C4<00000000000000000000000000000000>, C4<00000000000000000000000000000000>, C4<00000000000000000000000000000000>;
v0x55aabcea2260_241 .array/port v0x55aabcea2260, 241;
L_0x55aabcf998e0 .functor BUFZ 32, v0x55aabcea2260_241, C4<00000000000000000000000000000000>, C4<00000000000000000000000000000000>, C4<00000000000000000000000000000000>;
v0x55aabcea2260_242 .array/port v0x55aabcea2260, 242;
L_0x55aabcf999b0 .functor BUFZ 32, v0x55aabcea2260_242, C4<00000000000000000000000000000000>, C4<00000000000000000000000000000000>, C4<00000000000000000000000000000000>;
v0x55aabcea2260_243 .array/port v0x55aabcea2260, 243;
L_0x55aabcf99a80 .functor BUFZ 32, v0x55aabcea2260_243, C4<00000000000000000000000000000000>, C4<00000000000000000000000000000000>, C4<00000000000000000000000000000000>;
v0x55aabcea2260_244 .array/port v0x55aabcea2260, 244;
L_0x55aabcf99b50 .functor BUFZ 32, v0x55aabcea2260_244, C4<00000000000000000000000000000000>, C4<00000000000000000000000000000000>, C4<00000000000000000000000000000000>;
v0x55aabcea2260_245 .array/port v0x55aabcea2260, 245;
L_0x55aabcf99c20 .functor BUFZ 32, v0x55aabcea2260_245, C4<00000000000000000000000000000000>, C4<00000000000000000000000000000000>, C4<00000000000000000000000000000000>;
v0x55aabcea2260_246 .array/port v0x55aabcea2260, 246;
L_0x55aabcf99cf0 .functor BUFZ 32, v0x55aabcea2260_246, C4<00000000000000000000000000000000>, C4<00000000000000000000000000000000>, C4<00000000000000000000000000000000>;
v0x55aabcea2260_247 .array/port v0x55aabcea2260, 247;
L_0x55aabcf99dc0 .functor BUFZ 32, v0x55aabcea2260_247, C4<00000000000000000000000000000000>, C4<00000000000000000000000000000000>, C4<00000000000000000000000000000000>;
v0x55aabcea2260_248 .array/port v0x55aabcea2260, 248;
L_0x55aabcf99e90 .functor BUFZ 32, v0x55aabcea2260_248, C4<00000000000000000000000000000000>, C4<00000000000000000000000000000000>, C4<00000000000000000000000000000000>;
v0x55aabcea2260_249 .array/port v0x55aabcea2260, 249;
L_0x55aabcf99f60 .functor BUFZ 32, v0x55aabcea2260_249, C4<00000000000000000000000000000000>, C4<00000000000000000000000000000000>, C4<00000000000000000000000000000000>;
v0x55aabcea2260_250 .array/port v0x55aabcea2260, 250;
L_0x55aabcf9a9b0 .functor BUFZ 32, v0x55aabcea2260_250, C4<00000000000000000000000000000000>, C4<00000000000000000000000000000000>, C4<00000000000000000000000000000000>;
v0x55aabcea2260_251 .array/port v0x55aabcea2260, 251;
L_0x55aabcea6160 .functor BUFZ 32, v0x55aabcea2260_251, C4<00000000000000000000000000000000>, C4<00000000000000000000000000000000>, C4<00000000000000000000000000000000>;
v0x55aabcea2260_252 .array/port v0x55aabcea2260, 252;
L_0x55aabcea6230 .functor BUFZ 32, v0x55aabcea2260_252, C4<00000000000000000000000000000000>, C4<00000000000000000000000000000000>, C4<00000000000000000000000000000000>;
v0x55aabcea2260_253 .array/port v0x55aabcea2260, 253;
L_0x55aabcf9a200 .functor BUFZ 32, v0x55aabcea2260_253, C4<00000000000000000000000000000000>, C4<00000000000000000000000000000000>, C4<00000000000000000000000000000000>;
v0x55aabcea2260_254 .array/port v0x55aabcea2260, 254;
L_0x55aabcf9a2d0 .functor BUFZ 32, v0x55aabcea2260_254, C4<00000000000000000000000000000000>, C4<00000000000000000000000000000000>, C4<00000000000000000000000000000000>;
v0x55aabcea2260_255 .array/port v0x55aabcea2260, 255;
L_0x55aabcf9a3a0 .functor BUFZ 32, v0x55aabcea2260_255, C4<00000000000000000000000000000000>, C4<00000000000000000000000000000000>, C4<00000000000000000000000000000000>;
v0x55aabcea2260_256 .array/port v0x55aabcea2260, 256;
L_0x55aabcf9a470 .functor BUFZ 32, v0x55aabcea2260_256, C4<00000000000000000000000000000000>, C4<00000000000000000000000000000000>, C4<00000000000000000000000000000000>;
v0x55aabcea2260_257 .array/port v0x55aabcea2260, 257;
L_0x55aabcf9a540 .functor BUFZ 32, v0x55aabcea2260_257, C4<00000000000000000000000000000000>, C4<00000000000000000000000000000000>, C4<00000000000000000000000000000000>;
v0x55aabcea2260_258 .array/port v0x55aabcea2260, 258;
L_0x55aabcf9a610 .functor BUFZ 32, v0x55aabcea2260_258, C4<00000000000000000000000000000000>, C4<00000000000000000000000000000000>, C4<00000000000000000000000000000000>;
v0x55aabcea2260_259 .array/port v0x55aabcea2260, 259;
L_0x55aabcf9a6e0 .functor BUFZ 32, v0x55aabcea2260_259, C4<00000000000000000000000000000000>, C4<00000000000000000000000000000000>, C4<00000000000000000000000000000000>;
v0x55aabcea2260_260 .array/port v0x55aabcea2260, 260;
L_0x55aabcf9a7b0 .functor BUFZ 32, v0x55aabcea2260_260, C4<00000000000000000000000000000000>, C4<00000000000000000000000000000000>, C4<00000000000000000000000000000000>;
v0x55aabcea2260_261 .array/port v0x55aabcea2260, 261;
L_0x55aabcf9a880 .functor BUFZ 32, v0x55aabcea2260_261, C4<00000000000000000000000000000000>, C4<00000000000000000000000000000000>, C4<00000000000000000000000000000000>;
v0x55aabcea2260_262 .array/port v0x55aabcea2260, 262;
L_0x55aabcf9b290 .functor BUFZ 32, v0x55aabcea2260_262, C4<00000000000000000000000000000000>, C4<00000000000000000000000000000000>, C4<00000000000000000000000000000000>;
v0x55aabcea2260_263 .array/port v0x55aabcea2260, 263;
L_0x55aabcea62e0 .functor BUFZ 32, v0x55aabcea2260_263, C4<00000000000000000000000000000000>, C4<00000000000000000000000000000000>, C4<00000000000000000000000000000000>;
v0x55aabcea2260_264 .array/port v0x55aabcea2260, 264;
L_0x55aabcea63b0 .functor BUFZ 32, v0x55aabcea2260_264, C4<00000000000000000000000000000000>, C4<00000000000000000000000000000000>, C4<00000000000000000000000000000000>;
v0x55aabcea2260_265 .array/port v0x55aabcea2260, 265;
L_0x55aabcf9aa80 .functor BUFZ 32, v0x55aabcea2260_265, C4<00000000000000000000000000000000>, C4<00000000000000000000000000000000>, C4<00000000000000000000000000000000>;
v0x55aabcea2260_266 .array/port v0x55aabcea2260, 266;
L_0x55aabcf9ab50 .functor BUFZ 32, v0x55aabcea2260_266, C4<00000000000000000000000000000000>, C4<00000000000000000000000000000000>, C4<00000000000000000000000000000000>;
v0x55aabcea2260_267 .array/port v0x55aabcea2260, 267;
L_0x55aabcf9ac20 .functor BUFZ 32, v0x55aabcea2260_267, C4<00000000000000000000000000000000>, C4<00000000000000000000000000000000>, C4<00000000000000000000000000000000>;
v0x55aabcea2260_268 .array/port v0x55aabcea2260, 268;
L_0x55aabcf9acf0 .functor BUFZ 32, v0x55aabcea2260_268, C4<00000000000000000000000000000000>, C4<00000000000000000000000000000000>, C4<00000000000000000000000000000000>;
v0x55aabcea2260_269 .array/port v0x55aabcea2260, 269;
L_0x55aabcf9adc0 .functor BUFZ 32, v0x55aabcea2260_269, C4<00000000000000000000000000000000>, C4<00000000000000000000000000000000>, C4<00000000000000000000000000000000>;
v0x55aabcea2260_270 .array/port v0x55aabcea2260, 270;
L_0x55aabcf9ae90 .functor BUFZ 32, v0x55aabcea2260_270, C4<00000000000000000000000000000000>, C4<00000000000000000000000000000000>, C4<00000000000000000000000000000000>;
v0x55aabcea2260_271 .array/port v0x55aabcea2260, 271;
L_0x55aabcf9af60 .functor BUFZ 32, v0x55aabcea2260_271, C4<00000000000000000000000000000000>, C4<00000000000000000000000000000000>, C4<00000000000000000000000000000000>;
v0x55aabcea2260_272 .array/port v0x55aabcea2260, 272;
L_0x55aabcf9b030 .functor BUFZ 32, v0x55aabcea2260_272, C4<00000000000000000000000000000000>, C4<00000000000000000000000000000000>, C4<00000000000000000000000000000000>;
v0x55aabcea2260_273 .array/port v0x55aabcea2260, 273;
L_0x55aabcf9b100 .functor BUFZ 32, v0x55aabcea2260_273, C4<00000000000000000000000000000000>, C4<00000000000000000000000000000000>, C4<00000000000000000000000000000000>;
v0x55aabcea2260_274 .array/port v0x55aabcea2260, 274;
L_0x55aabcf9b1d0 .functor BUFZ 32, v0x55aabcea2260_274, C4<00000000000000000000000000000000>, C4<00000000000000000000000000000000>, C4<00000000000000000000000000000000>;
v0x55aabcea2260_275 .array/port v0x55aabcea2260, 275;
L_0x55aabcea6460 .functor BUFZ 32, v0x55aabcea2260_275, C4<00000000000000000000000000000000>, C4<00000000000000000000000000000000>, C4<00000000000000000000000000000000>;
v0x55aabcea2260_276 .array/port v0x55aabcea2260, 276;
L_0x55aabcea6530 .functor BUFZ 32, v0x55aabcea2260_276, C4<00000000000000000000000000000000>, C4<00000000000000000000000000000000>, C4<00000000000000000000000000000000>;
v0x55aabcea2260_277 .array/port v0x55aabcea2260, 277;
L_0x55aabcf9b330 .functor BUFZ 32, v0x55aabcea2260_277, C4<00000000000000000000000000000000>, C4<00000000000000000000000000000000>, C4<00000000000000000000000000000000>;
v0x55aabcea2260_278 .array/port v0x55aabcea2260, 278;
L_0x55aabcf9b400 .functor BUFZ 32, v0x55aabcea2260_278, C4<00000000000000000000000000000000>, C4<00000000000000000000000000000000>, C4<00000000000000000000000000000000>;
v0x55aabcea2260_279 .array/port v0x55aabcea2260, 279;
L_0x55aabcf9b4d0 .functor BUFZ 32, v0x55aabcea2260_279, C4<00000000000000000000000000000000>, C4<00000000000000000000000000000000>, C4<00000000000000000000000000000000>;
v0x55aabcea2260_280 .array/port v0x55aabcea2260, 280;
L_0x55aabcf9b5a0 .functor BUFZ 32, v0x55aabcea2260_280, C4<00000000000000000000000000000000>, C4<00000000000000000000000000000000>, C4<00000000000000000000000000000000>;
v0x55aabcea2260_281 .array/port v0x55aabcea2260, 281;
L_0x55aabcf9b670 .functor BUFZ 32, v0x55aabcea2260_281, C4<00000000000000000000000000000000>, C4<00000000000000000000000000000000>, C4<00000000000000000000000000000000>;
v0x55aabcea2260_282 .array/port v0x55aabcea2260, 282;
L_0x55aabcf9b740 .functor BUFZ 32, v0x55aabcea2260_282, C4<00000000000000000000000000000000>, C4<00000000000000000000000000000000>, C4<00000000000000000000000000000000>;
v0x55aabcea2260_283 .array/port v0x55aabcea2260, 283;
L_0x55aabcf9b810 .functor BUFZ 32, v0x55aabcea2260_283, C4<00000000000000000000000000000000>, C4<00000000000000000000000000000000>, C4<00000000000000000000000000000000>;
v0x55aabcea2260_284 .array/port v0x55aabcea2260, 284;
L_0x55aabcf9b8e0 .functor BUFZ 32, v0x55aabcea2260_284, C4<00000000000000000000000000000000>, C4<00000000000000000000000000000000>, C4<00000000000000000000000000000000>;
v0x55aabcea2260_285 .array/port v0x55aabcea2260, 285;
L_0x55aabcf9b9b0 .functor BUFZ 32, v0x55aabcea2260_285, C4<00000000000000000000000000000000>, C4<00000000000000000000000000000000>, C4<00000000000000000000000000000000>;
v0x55aabcea2260_286 .array/port v0x55aabcea2260, 286;
L_0x55aabcf9ba80 .functor BUFZ 32, v0x55aabcea2260_286, C4<00000000000000000000000000000000>, C4<00000000000000000000000000000000>, C4<00000000000000000000000000000000>;
v0x55aabcea2260_287 .array/port v0x55aabcea2260, 287;
L_0x55aabcf9c4e0 .functor BUFZ 32, v0x55aabcea2260_287, C4<00000000000000000000000000000000>, C4<00000000000000000000000000000000>, C4<00000000000000000000000000000000>;
v0x55aabcea2260_288 .array/port v0x55aabcea2260, 288;
L_0x55aabcf9c580 .functor BUFZ 32, v0x55aabcea2260_288, C4<00000000000000000000000000000000>, C4<00000000000000000000000000000000>, C4<00000000000000000000000000000000>;
v0x55aabcea2260_289 .array/port v0x55aabcea2260, 289;
L_0x55aabcea65e0 .functor BUFZ 32, v0x55aabcea2260_289, C4<00000000000000000000000000000000>, C4<00000000000000000000000000000000>, C4<00000000000000000000000000000000>;
v0x55aabcea2260_290 .array/port v0x55aabcea2260, 290;
L_0x55aabcea66b0 .functor BUFZ 32, v0x55aabcea2260_290, C4<00000000000000000000000000000000>, C4<00000000000000000000000000000000>, C4<00000000000000000000000000000000>;
v0x55aabcea2260_291 .array/port v0x55aabcea2260, 291;
L_0x55aabcf9bbd0 .functor BUFZ 32, v0x55aabcea2260_291, C4<00000000000000000000000000000000>, C4<00000000000000000000000000000000>, C4<00000000000000000000000000000000>;
v0x55aabcea2260_292 .array/port v0x55aabcea2260, 292;
L_0x55aabcf9bca0 .functor BUFZ 32, v0x55aabcea2260_292, C4<00000000000000000000000000000000>, C4<00000000000000000000000000000000>, C4<00000000000000000000000000000000>;
v0x55aabcea2260_293 .array/port v0x55aabcea2260, 293;
L_0x55aabcf9bd70 .functor BUFZ 32, v0x55aabcea2260_293, C4<00000000000000000000000000000000>, C4<00000000000000000000000000000000>, C4<00000000000000000000000000000000>;
v0x55aabcea2260_294 .array/port v0x55aabcea2260, 294;
L_0x55aabcf9be40 .functor BUFZ 32, v0x55aabcea2260_294, C4<00000000000000000000000000000000>, C4<00000000000000000000000000000000>, C4<00000000000000000000000000000000>;
v0x55aabcea2260_295 .array/port v0x55aabcea2260, 295;
L_0x55aabcf9bf10 .functor BUFZ 32, v0x55aabcea2260_295, C4<00000000000000000000000000000000>, C4<00000000000000000000000000000000>, C4<00000000000000000000000000000000>;
v0x55aabcea2260_296 .array/port v0x55aabcea2260, 296;
L_0x55aabcf9bfe0 .functor BUFZ 32, v0x55aabcea2260_296, C4<00000000000000000000000000000000>, C4<00000000000000000000000000000000>, C4<00000000000000000000000000000000>;
v0x55aabcea2260_297 .array/port v0x55aabcea2260, 297;
L_0x55aabcf9c0b0 .functor BUFZ 32, v0x55aabcea2260_297, C4<00000000000000000000000000000000>, C4<00000000000000000000000000000000>, C4<00000000000000000000000000000000>;
v0x55aabcea2260_298 .array/port v0x55aabcea2260, 298;
L_0x55aabcf9c180 .functor BUFZ 32, v0x55aabcea2260_298, C4<00000000000000000000000000000000>, C4<00000000000000000000000000000000>, C4<00000000000000000000000000000000>;
v0x55aabcea2260_299 .array/port v0x55aabcea2260, 299;
L_0x55aabcf9c250 .functor BUFZ 32, v0x55aabcea2260_299, C4<00000000000000000000000000000000>, C4<00000000000000000000000000000000>, C4<00000000000000000000000000000000>;
v0x55aabcea2260_300 .array/port v0x55aabcea2260, 300;
L_0x55aabcf9c320 .functor BUFZ 32, v0x55aabcea2260_300, C4<00000000000000000000000000000000>, C4<00000000000000000000000000000000>, C4<00000000000000000000000000000000>;
v0x55aabcea2260_301 .array/port v0x55aabcea2260, 301;
L_0x55aabcf9c3f0 .functor BUFZ 32, v0x55aabcea2260_301, C4<00000000000000000000000000000000>, C4<00000000000000000000000000000000>, C4<00000000000000000000000000000000>;
v0x55aabcea2260_302 .array/port v0x55aabcea2260, 302;
L_0x55aabcf9cfd0 .functor BUFZ 32, v0x55aabcea2260_302, C4<00000000000000000000000000000000>, C4<00000000000000000000000000000000>, C4<00000000000000000000000000000000>;
v0x55aabcea2260_303 .array/port v0x55aabcea2260, 303;
L_0x55aabcea6780 .functor BUFZ 32, v0x55aabcea2260_303, C4<00000000000000000000000000000000>, C4<00000000000000000000000000000000>, C4<00000000000000000000000000000000>;
v0x55aabcea2260_304 .array/port v0x55aabcea2260, 304;
L_0x55aabcea6850 .functor BUFZ 32, v0x55aabcea2260_304, C4<00000000000000000000000000000000>, C4<00000000000000000000000000000000>, C4<00000000000000000000000000000000>;
v0x55aabcea2260_305 .array/port v0x55aabcea2260, 305;
L_0x55aabcf9c650 .functor BUFZ 32, v0x55aabcea2260_305, C4<00000000000000000000000000000000>, C4<00000000000000000000000000000000>, C4<00000000000000000000000000000000>;
v0x55aabcea2260_306 .array/port v0x55aabcea2260, 306;
L_0x55aabcf9c720 .functor BUFZ 32, v0x55aabcea2260_306, C4<00000000000000000000000000000000>, C4<00000000000000000000000000000000>, C4<00000000000000000000000000000000>;
v0x55aabcea2260_307 .array/port v0x55aabcea2260, 307;
L_0x55aabcf9c7f0 .functor BUFZ 32, v0x55aabcea2260_307, C4<00000000000000000000000000000000>, C4<00000000000000000000000000000000>, C4<00000000000000000000000000000000>;
v0x55aabcea2260_308 .array/port v0x55aabcea2260, 308;
L_0x55aabcf9c8c0 .functor BUFZ 32, v0x55aabcea2260_308, C4<00000000000000000000000000000000>, C4<00000000000000000000000000000000>, C4<00000000000000000000000000000000>;
v0x55aabcea2260_309 .array/port v0x55aabcea2260, 309;
L_0x55aabcf9c990 .functor BUFZ 32, v0x55aabcea2260_309, C4<00000000000000000000000000000000>, C4<00000000000000000000000000000000>, C4<00000000000000000000000000000000>;
v0x55aabcea2260_310 .array/port v0x55aabcea2260, 310;
L_0x55aabcf9ca60 .functor BUFZ 32, v0x55aabcea2260_310, C4<00000000000000000000000000000000>, C4<00000000000000000000000000000000>, C4<00000000000000000000000000000000>;
v0x55aabcea2260_311 .array/port v0x55aabcea2260, 311;
L_0x55aabcf9cb30 .functor BUFZ 32, v0x55aabcea2260_311, C4<00000000000000000000000000000000>, C4<00000000000000000000000000000000>, C4<00000000000000000000000000000000>;
v0x55aabcea2260_312 .array/port v0x55aabcea2260, 312;
L_0x55aabcf9cc00 .functor BUFZ 32, v0x55aabcea2260_312, C4<00000000000000000000000000000000>, C4<00000000000000000000000000000000>, C4<00000000000000000000000000000000>;
v0x55aabcea2260_313 .array/port v0x55aabcea2260, 313;
L_0x55aabcf9ccd0 .functor BUFZ 32, v0x55aabcea2260_313, C4<00000000000000000000000000000000>, C4<00000000000000000000000000000000>, C4<00000000000000000000000000000000>;
v0x55aabcea2260_314 .array/port v0x55aabcea2260, 314;
L_0x55aabcf9cda0 .functor BUFZ 32, v0x55aabcea2260_314, C4<00000000000000000000000000000000>, C4<00000000000000000000000000000000>, C4<00000000000000000000000000000000>;
v0x55aabcea2260_315 .array/port v0x55aabcea2260, 315;
L_0x55aabcf9ce70 .functor BUFZ 32, v0x55aabcea2260_315, C4<00000000000000000000000000000000>, C4<00000000000000000000000000000000>, C4<00000000000000000000000000000000>;
v0x55aabcea2260_316 .array/port v0x55aabcea2260, 316;
L_0x55aabcf9cf40 .functor BUFZ 32, v0x55aabcea2260_316, C4<00000000000000000000000000000000>, C4<00000000000000000000000000000000>, C4<00000000000000000000000000000000>;
v0x55aabcea2260_317 .array/port v0x55aabcea2260, 317;
L_0x55aabcea6960 .functor BUFZ 32, v0x55aabcea2260_317, C4<00000000000000000000000000000000>, C4<00000000000000000000000000000000>, C4<00000000000000000000000000000000>;
v0x55aabcea2260_318 .array/port v0x55aabcea2260, 318;
L_0x55aabcea6a30 .functor BUFZ 32, v0x55aabcea2260_318, C4<00000000000000000000000000000000>, C4<00000000000000000000000000000000>, C4<00000000000000000000000000000000>;
v0x55aabcea2260_319 .array/port v0x55aabcea2260, 319;
L_0x55aabcf9d0a0 .functor BUFZ 32, v0x55aabcea2260_319, C4<00000000000000000000000000000000>, C4<00000000000000000000000000000000>, C4<00000000000000000000000000000000>;
v0x55aabcea2260_320 .array/port v0x55aabcea2260, 320;
L_0x55aabcf9d170 .functor BUFZ 32, v0x55aabcea2260_320, C4<00000000000000000000000000000000>, C4<00000000000000000000000000000000>, C4<00000000000000000000000000000000>;
v0x55aabcea2260_321 .array/port v0x55aabcea2260, 321;
L_0x55aabcf9d240 .functor BUFZ 32, v0x55aabcea2260_321, C4<00000000000000000000000000000000>, C4<00000000000000000000000000000000>, C4<00000000000000000000000000000000>;
v0x55aabcea2260_322 .array/port v0x55aabcea2260, 322;
L_0x55aabcf9d310 .functor BUFZ 32, v0x55aabcea2260_322, C4<00000000000000000000000000000000>, C4<00000000000000000000000000000000>, C4<00000000000000000000000000000000>;
v0x55aabcea2260_323 .array/port v0x55aabcea2260, 323;
L_0x55aabcf9d3e0 .functor BUFZ 32, v0x55aabcea2260_323, C4<00000000000000000000000000000000>, C4<00000000000000000000000000000000>, C4<00000000000000000000000000000000>;
v0x55aabcea2260_324 .array/port v0x55aabcea2260, 324;
L_0x55aabcf9d4b0 .functor BUFZ 32, v0x55aabcea2260_324, C4<00000000000000000000000000000000>, C4<00000000000000000000000000000000>, C4<00000000000000000000000000000000>;
v0x55aabcea2260_325 .array/port v0x55aabcea2260, 325;
L_0x55aabcf9d580 .functor BUFZ 32, v0x55aabcea2260_325, C4<00000000000000000000000000000000>, C4<00000000000000000000000000000000>, C4<00000000000000000000000000000000>;
v0x55aabcea2260_326 .array/port v0x55aabcea2260, 326;
L_0x55aabcf9d650 .functor BUFZ 32, v0x55aabcea2260_326, C4<00000000000000000000000000000000>, C4<00000000000000000000000000000000>, C4<00000000000000000000000000000000>;
v0x55aabcea2260_327 .array/port v0x55aabcea2260, 327;
L_0x55aabcf9d720 .functor BUFZ 32, v0x55aabcea2260_327, C4<00000000000000000000000000000000>, C4<00000000000000000000000000000000>, C4<00000000000000000000000000000000>;
v0x55aabcea2260_328 .array/port v0x55aabcea2260, 328;
L_0x55aabcf9d7f0 .functor BUFZ 32, v0x55aabcea2260_328, C4<00000000000000000000000000000000>, C4<00000000000000000000000000000000>, C4<00000000000000000000000000000000>;
v0x55aabcea2260_329 .array/port v0x55aabcea2260, 329;
L_0x55aabcf9d8c0 .functor BUFZ 32, v0x55aabcea2260_329, C4<00000000000000000000000000000000>, C4<00000000000000000000000000000000>, C4<00000000000000000000000000000000>;
v0x55aabcea2260_330 .array/port v0x55aabcea2260, 330;
L_0x55aabcf9d990 .functor BUFZ 32, v0x55aabcea2260_330, C4<00000000000000000000000000000000>, C4<00000000000000000000000000000000>, C4<00000000000000000000000000000000>;
v0x55aabcea2260_331 .array/port v0x55aabcea2260, 331;
L_0x55aabcf9e530 .functor BUFZ 32, v0x55aabcea2260_331, C4<00000000000000000000000000000000>, C4<00000000000000000000000000000000>, C4<00000000000000000000000000000000>;
v0x55aabcea2260_332 .array/port v0x55aabcea2260, 332;
L_0x55aabcf9e5d0 .functor BUFZ 32, v0x55aabcea2260_332, C4<00000000000000000000000000000000>, C4<00000000000000000000000000000000>, C4<00000000000000000000000000000000>;
v0x55aabcea2260_333 .array/port v0x55aabcea2260, 333;
L_0x55aabcea6b00 .functor BUFZ 32, v0x55aabcea2260_333, C4<00000000000000000000000000000000>, C4<00000000000000000000000000000000>, C4<00000000000000000000000000000000>;
v0x55aabcea2260_334 .array/port v0x55aabcea2260, 334;
L_0x55aabcea6bd0 .functor BUFZ 32, v0x55aabcea2260_334, C4<00000000000000000000000000000000>, C4<00000000000000000000000000000000>, C4<00000000000000000000000000000000>;
v0x55aabcea2260_335 .array/port v0x55aabcea2260, 335;
L_0x55aabcea6ca0 .functor BUFZ 32, v0x55aabcea2260_335, C4<00000000000000000000000000000000>, C4<00000000000000000000000000000000>, C4<00000000000000000000000000000000>;
v0x55aabcea2260_336 .array/port v0x55aabcea2260, 336;
L_0x55aabcf9db20 .functor BUFZ 32, v0x55aabcea2260_336, C4<00000000000000000000000000000000>, C4<00000000000000000000000000000000>, C4<00000000000000000000000000000000>;
v0x55aabcea2260_337 .array/port v0x55aabcea2260, 337;
L_0x55aabcf9dbf0 .functor BUFZ 32, v0x55aabcea2260_337, C4<00000000000000000000000000000000>, C4<00000000000000000000000000000000>, C4<00000000000000000000000000000000>;
v0x55aabcea2260_338 .array/port v0x55aabcea2260, 338;
L_0x55aabcf9dcc0 .functor BUFZ 32, v0x55aabcea2260_338, C4<00000000000000000000000000000000>, C4<00000000000000000000000000000000>, C4<00000000000000000000000000000000>;
v0x55aabcea2260_339 .array/port v0x55aabcea2260, 339;
L_0x55aabcf9dd90 .functor BUFZ 32, v0x55aabcea2260_339, C4<00000000000000000000000000000000>, C4<00000000000000000000000000000000>, C4<00000000000000000000000000000000>;
v0x55aabcea2260_340 .array/port v0x55aabcea2260, 340;
L_0x55aabcf9de60 .functor BUFZ 32, v0x55aabcea2260_340, C4<00000000000000000000000000000000>, C4<00000000000000000000000000000000>, C4<00000000000000000000000000000000>;
v0x55aabcea2260_341 .array/port v0x55aabcea2260, 341;
L_0x55aabcf9df30 .functor BUFZ 32, v0x55aabcea2260_341, C4<00000000000000000000000000000000>, C4<00000000000000000000000000000000>, C4<00000000000000000000000000000000>;
v0x55aabcea2260_342 .array/port v0x55aabcea2260, 342;
L_0x55aabcf9e000 .functor BUFZ 32, v0x55aabcea2260_342, C4<00000000000000000000000000000000>, C4<00000000000000000000000000000000>, C4<00000000000000000000000000000000>;
v0x55aabcea2260_343 .array/port v0x55aabcea2260, 343;
L_0x55aabcf9e0d0 .functor BUFZ 32, v0x55aabcea2260_343, C4<00000000000000000000000000000000>, C4<00000000000000000000000000000000>, C4<00000000000000000000000000000000>;
v0x55aabcea2260_344 .array/port v0x55aabcea2260, 344;
L_0x55aabcf9e1a0 .functor BUFZ 32, v0x55aabcea2260_344, C4<00000000000000000000000000000000>, C4<00000000000000000000000000000000>, C4<00000000000000000000000000000000>;
v0x55aabcea2260_345 .array/port v0x55aabcea2260, 345;
L_0x55aabcf9e270 .functor BUFZ 32, v0x55aabcea2260_345, C4<00000000000000000000000000000000>, C4<00000000000000000000000000000000>, C4<00000000000000000000000000000000>;
v0x55aabcea2260_346 .array/port v0x55aabcea2260, 346;
L_0x55aabcf9e340 .functor BUFZ 32, v0x55aabcea2260_346, C4<00000000000000000000000000000000>, C4<00000000000000000000000000000000>, C4<00000000000000000000000000000000>;
v0x55aabcea2260_347 .array/port v0x55aabcea2260, 347;
L_0x55aabcf9e410 .functor BUFZ 32, v0x55aabcea2260_347, C4<00000000000000000000000000000000>, C4<00000000000000000000000000000000>, C4<00000000000000000000000000000000>;
v0x55aabcea2260_348 .array/port v0x55aabcea2260, 348;
L_0x55aabcf9f190 .functor BUFZ 32, v0x55aabcea2260_348, C4<00000000000000000000000000000000>, C4<00000000000000000000000000000000>, C4<00000000000000000000000000000000>;
v0x55aabcea2260_349 .array/port v0x55aabcea2260, 349;
L_0x55aabcea6d20 .functor BUFZ 32, v0x55aabcea2260_349, C4<00000000000000000000000000000000>, C4<00000000000000000000000000000000>, C4<00000000000000000000000000000000>;
v0x55aabcea2260_350 .array/port v0x55aabcea2260, 350;
L_0x55aabcea6df0 .functor BUFZ 32, v0x55aabcea2260_350, C4<00000000000000000000000000000000>, C4<00000000000000000000000000000000>, C4<00000000000000000000000000000000>;
v0x55aabcea2260_351 .array/port v0x55aabcea2260, 351;
L_0x55aabcf9e6a0 .functor BUFZ 32, v0x55aabcea2260_351, C4<00000000000000000000000000000000>, C4<00000000000000000000000000000000>, C4<00000000000000000000000000000000>;
v0x55aabcea2260_352 .array/port v0x55aabcea2260, 352;
L_0x55aabcf9e770 .functor BUFZ 32, v0x55aabcea2260_352, C4<00000000000000000000000000000000>, C4<00000000000000000000000000000000>, C4<00000000000000000000000000000000>;
v0x55aabcea2260_353 .array/port v0x55aabcea2260, 353;
L_0x55aabcf9e840 .functor BUFZ 32, v0x55aabcea2260_353, C4<00000000000000000000000000000000>, C4<00000000000000000000000000000000>, C4<00000000000000000000000000000000>;
v0x55aabcea2260_354 .array/port v0x55aabcea2260, 354;
L_0x55aabcf9e910 .functor BUFZ 32, v0x55aabcea2260_354, C4<00000000000000000000000000000000>, C4<00000000000000000000000000000000>, C4<00000000000000000000000000000000>;
v0x55aabcea2260_355 .array/port v0x55aabcea2260, 355;
L_0x55aabcf9e9e0 .functor BUFZ 32, v0x55aabcea2260_355, C4<00000000000000000000000000000000>, C4<00000000000000000000000000000000>, C4<00000000000000000000000000000000>;
v0x55aabcea2260_356 .array/port v0x55aabcea2260, 356;
L_0x55aabcf9eab0 .functor BUFZ 32, v0x55aabcea2260_356, C4<00000000000000000000000000000000>, C4<00000000000000000000000000000000>, C4<00000000000000000000000000000000>;
v0x55aabcea2260_357 .array/port v0x55aabcea2260, 357;
L_0x55aabcf9eb80 .functor BUFZ 32, v0x55aabcea2260_357, C4<00000000000000000000000000000000>, C4<00000000000000000000000000000000>, C4<00000000000000000000000000000000>;
v0x55aabcea2260_358 .array/port v0x55aabcea2260, 358;
L_0x55aabcf9ec50 .functor BUFZ 32, v0x55aabcea2260_358, C4<00000000000000000000000000000000>, C4<00000000000000000000000000000000>, C4<00000000000000000000000000000000>;
v0x55aabcea2260_359 .array/port v0x55aabcea2260, 359;
L_0x55aabcf9ed20 .functor BUFZ 32, v0x55aabcea2260_359, C4<00000000000000000000000000000000>, C4<00000000000000000000000000000000>, C4<00000000000000000000000000000000>;
v0x55aabcea2260_360 .array/port v0x55aabcea2260, 360;
L_0x55aabcf9edf0 .functor BUFZ 32, v0x55aabcea2260_360, C4<00000000000000000000000000000000>, C4<00000000000000000000000000000000>, C4<00000000000000000000000000000000>;
v0x55aabcea2260_361 .array/port v0x55aabcea2260, 361;
L_0x55aabcf9eec0 .functor BUFZ 32, v0x55aabcea2260_361, C4<00000000000000000000000000000000>, C4<00000000000000000000000000000000>, C4<00000000000000000000000000000000>;
v0x55aabcea2260_362 .array/port v0x55aabcea2260, 362;
L_0x55aabcf9ef90 .functor BUFZ 32, v0x55aabcea2260_362, C4<00000000000000000000000000000000>, C4<00000000000000000000000000000000>, C4<00000000000000000000000000000000>;
v0x55aabcea2260_363 .array/port v0x55aabcea2260, 363;
L_0x55aabcf9f060 .functor BUFZ 32, v0x55aabcea2260_363, C4<00000000000000000000000000000000>, C4<00000000000000000000000000000000>, C4<00000000000000000000000000000000>;
v0x55aabcea2260_364 .array/port v0x55aabcea2260, 364;
L_0x55aabcf9fda0 .functor BUFZ 32, v0x55aabcea2260_364, C4<00000000000000000000000000000000>, C4<00000000000000000000000000000000>, C4<00000000000000000000000000000000>;
v0x55aabcea2260_365 .array/port v0x55aabcea2260, 365;
L_0x55aabcea6f20 .functor BUFZ 32, v0x55aabcea2260_365, C4<00000000000000000000000000000000>, C4<00000000000000000000000000000000>, C4<00000000000000000000000000000000>;
v0x55aabcea2260_366 .array/port v0x55aabcea2260, 366;
L_0x55aabcea6ff0 .functor BUFZ 32, v0x55aabcea2260_366, C4<00000000000000000000000000000000>, C4<00000000000000000000000000000000>, C4<00000000000000000000000000000000>;
v0x55aabcea2260_367 .array/port v0x55aabcea2260, 367;
L_0x55aabcf9f230 .functor BUFZ 32, v0x55aabcea2260_367, C4<00000000000000000000000000000000>, C4<00000000000000000000000000000000>, C4<00000000000000000000000000000000>;
v0x55aabcea2260_368 .array/port v0x55aabcea2260, 368;
L_0x55aabcf9f300 .functor BUFZ 32, v0x55aabcea2260_368, C4<00000000000000000000000000000000>, C4<00000000000000000000000000000000>, C4<00000000000000000000000000000000>;
v0x55aabcea2260_369 .array/port v0x55aabcea2260, 369;
L_0x55aabcf9f3d0 .functor BUFZ 32, v0x55aabcea2260_369, C4<00000000000000000000000000000000>, C4<00000000000000000000000000000000>, C4<00000000000000000000000000000000>;
v0x55aabcea2260_370 .array/port v0x55aabcea2260, 370;
L_0x55aabcf9f4a0 .functor BUFZ 32, v0x55aabcea2260_370, C4<00000000000000000000000000000000>, C4<00000000000000000000000000000000>, C4<00000000000000000000000000000000>;
v0x55aabcea2260_371 .array/port v0x55aabcea2260, 371;
L_0x55aabcf9f570 .functor BUFZ 32, v0x55aabcea2260_371, C4<00000000000000000000000000000000>, C4<00000000000000000000000000000000>, C4<00000000000000000000000000000000>;
v0x55aabcea2260_372 .array/port v0x55aabcea2260, 372;
L_0x55aabcf9f640 .functor BUFZ 32, v0x55aabcea2260_372, C4<00000000000000000000000000000000>, C4<00000000000000000000000000000000>, C4<00000000000000000000000000000000>;
v0x55aabcea2260_373 .array/port v0x55aabcea2260, 373;
L_0x55aabcf9f710 .functor BUFZ 32, v0x55aabcea2260_373, C4<00000000000000000000000000000000>, C4<00000000000000000000000000000000>, C4<00000000000000000000000000000000>;
v0x55aabcea2260_374 .array/port v0x55aabcea2260, 374;
L_0x55aabcf9f7e0 .functor BUFZ 32, v0x55aabcea2260_374, C4<00000000000000000000000000000000>, C4<00000000000000000000000000000000>, C4<00000000000000000000000000000000>;
v0x55aabcea2260_375 .array/port v0x55aabcea2260, 375;
L_0x55aabcf9f8b0 .functor BUFZ 32, v0x55aabcea2260_375, C4<00000000000000000000000000000000>, C4<00000000000000000000000000000000>, C4<00000000000000000000000000000000>;
v0x55aabcea2260_376 .array/port v0x55aabcea2260, 376;
L_0x55aabcf9f980 .functor BUFZ 32, v0x55aabcea2260_376, C4<00000000000000000000000000000000>, C4<00000000000000000000000000000000>, C4<00000000000000000000000000000000>;
v0x55aabcea2260_377 .array/port v0x55aabcea2260, 377;
L_0x55aabcf9fa50 .functor BUFZ 32, v0x55aabcea2260_377, C4<00000000000000000000000000000000>, C4<00000000000000000000000000000000>, C4<00000000000000000000000000000000>;
v0x55aabcea2260_378 .array/port v0x55aabcea2260, 378;
L_0x55aabcf9fb20 .functor BUFZ 32, v0x55aabcea2260_378, C4<00000000000000000000000000000000>, C4<00000000000000000000000000000000>, C4<00000000000000000000000000000000>;
v0x55aabcea2260_379 .array/port v0x55aabcea2260, 379;
L_0x55aabcf9fbf0 .functor BUFZ 32, v0x55aabcea2260_379, C4<00000000000000000000000000000000>, C4<00000000000000000000000000000000>, C4<00000000000000000000000000000000>;
v0x55aabcea2260_380 .array/port v0x55aabcea2260, 380;
L_0x55aabcf9fcc0 .functor BUFZ 32, v0x55aabcea2260_380, C4<00000000000000000000000000000000>, C4<00000000000000000000000000000000>, C4<00000000000000000000000000000000>;
v0x55aabcea2260_381 .array/port v0x55aabcea2260, 381;
L_0x55aabcfa0a10 .functor BUFZ 32, v0x55aabcea2260_381, C4<00000000000000000000000000000000>, C4<00000000000000000000000000000000>, C4<00000000000000000000000000000000>;
v0x55aabcea2260_382 .array/port v0x55aabcea2260, 382;
L_0x55aabcfa0a80 .functor BUFZ 32, v0x55aabcea2260_382, C4<00000000000000000000000000000000>, C4<00000000000000000000000000000000>, C4<00000000000000000000000000000000>;
v0x55aabcea2260_383 .array/port v0x55aabcea2260, 383;
L_0x55aabcea7120 .functor BUFZ 32, v0x55aabcea2260_383, C4<00000000000000000000000000000000>, C4<00000000000000000000000000000000>, C4<00000000000000000000000000000000>;
v0x55aabcea2260_384 .array/port v0x55aabcea2260, 384;
L_0x55aabcea71f0 .functor BUFZ 32, v0x55aabcea2260_384, C4<00000000000000000000000000000000>, C4<00000000000000000000000000000000>, C4<00000000000000000000000000000000>;
v0x55aabcea2260_385 .array/port v0x55aabcea2260, 385;
L_0x55aabcea72c0 .functor BUFZ 32, v0x55aabcea2260_385, C4<00000000000000000000000000000000>, C4<00000000000000000000000000000000>, C4<00000000000000000000000000000000>;
v0x55aabcea2260_386 .array/port v0x55aabcea2260, 386;
L_0x55aabcf9fe40 .functor BUFZ 32, v0x55aabcea2260_386, C4<00000000000000000000000000000000>, C4<00000000000000000000000000000000>, C4<00000000000000000000000000000000>;
v0x55aabcea2260_387 .array/port v0x55aabcea2260, 387;
L_0x55aabcf9ff10 .functor BUFZ 32, v0x55aabcea2260_387, C4<00000000000000000000000000000000>, C4<00000000000000000000000000000000>, C4<00000000000000000000000000000000>;
v0x55aabcea2260_388 .array/port v0x55aabcea2260, 388;
L_0x55aabcf9ffe0 .functor BUFZ 32, v0x55aabcea2260_388, C4<00000000000000000000000000000000>, C4<00000000000000000000000000000000>, C4<00000000000000000000000000000000>;
v0x55aabcea2260_389 .array/port v0x55aabcea2260, 389;
L_0x55aabcfa00b0 .functor BUFZ 32, v0x55aabcea2260_389, C4<00000000000000000000000000000000>, C4<00000000000000000000000000000000>, C4<00000000000000000000000000000000>;
v0x55aabcea2260_390 .array/port v0x55aabcea2260, 390;
L_0x55aabcfa0180 .functor BUFZ 32, v0x55aabcea2260_390, C4<00000000000000000000000000000000>, C4<00000000000000000000000000000000>, C4<00000000000000000000000000000000>;
v0x55aabcea2260_391 .array/port v0x55aabcea2260, 391;
L_0x55aabcfa0250 .functor BUFZ 32, v0x55aabcea2260_391, C4<00000000000000000000000000000000>, C4<00000000000000000000000000000000>, C4<00000000000000000000000000000000>;
v0x55aabcea2260_392 .array/port v0x55aabcea2260, 392;
L_0x55aabcfa0320 .functor BUFZ 32, v0x55aabcea2260_392, C4<00000000000000000000000000000000>, C4<00000000000000000000000000000000>, C4<00000000000000000000000000000000>;
v0x55aabcea2260_393 .array/port v0x55aabcea2260, 393;
L_0x55aabcfa03f0 .functor BUFZ 32, v0x55aabcea2260_393, C4<00000000000000000000000000000000>, C4<00000000000000000000000000000000>, C4<00000000000000000000000000000000>;
v0x55aabcea2260_394 .array/port v0x55aabcea2260, 394;
L_0x55aabcfa04c0 .functor BUFZ 32, v0x55aabcea2260_394, C4<00000000000000000000000000000000>, C4<00000000000000000000000000000000>, C4<00000000000000000000000000000000>;
v0x55aabcea2260_395 .array/port v0x55aabcea2260, 395;
L_0x55aabcfa0590 .functor BUFZ 32, v0x55aabcea2260_395, C4<00000000000000000000000000000000>, C4<00000000000000000000000000000000>, C4<00000000000000000000000000000000>;
v0x55aabcea2260_396 .array/port v0x55aabcea2260, 396;
L_0x55aabcfa0660 .functor BUFZ 32, v0x55aabcea2260_396, C4<00000000000000000000000000000000>, C4<00000000000000000000000000000000>, C4<00000000000000000000000000000000>;
v0x55aabcea2260_397 .array/port v0x55aabcea2260, 397;
L_0x55aabcfa0730 .functor BUFZ 32, v0x55aabcea2260_397, C4<00000000000000000000000000000000>, C4<00000000000000000000000000000000>, C4<00000000000000000000000000000000>;
v0x55aabcea2260_398 .array/port v0x55aabcea2260, 398;
L_0x55aabcfa0800 .functor BUFZ 32, v0x55aabcea2260_398, C4<00000000000000000000000000000000>, C4<00000000000000000000000000000000>, C4<00000000000000000000000000000000>;
v0x55aabcea2260_399 .array/port v0x55aabcea2260, 399;
L_0x55aabcfa08d0 .functor BUFZ 32, v0x55aabcea2260_399, C4<00000000000000000000000000000000>, C4<00000000000000000000000000000000>, C4<00000000000000000000000000000000>;
v0x55aabcea2260_400 .array/port v0x55aabcea2260, 400;
L_0x55aabcfa09a0 .functor BUFZ 32, v0x55aabcea2260_400, C4<00000000000000000000000000000000>, C4<00000000000000000000000000000000>, C4<00000000000000000000000000000000>;
v0x55aabcea2260_401 .array/port v0x55aabcea2260, 401;
L_0x55aabcea7360 .functor BUFZ 32, v0x55aabcea2260_401, C4<00000000000000000000000000000000>, C4<00000000000000000000000000000000>, C4<00000000000000000000000000000000>;
v0x55aabcea2260_402 .array/port v0x55aabcea2260, 402;
L_0x55aabcea7430 .functor BUFZ 32, v0x55aabcea2260_402, C4<00000000000000000000000000000000>, C4<00000000000000000000000000000000>, C4<00000000000000000000000000000000>;
v0x55aabcea2260_403 .array/port v0x55aabcea2260, 403;
L_0x55aabcea7500 .functor BUFZ 32, v0x55aabcea2260_403, C4<00000000000000000000000000000000>, C4<00000000000000000000000000000000>, C4<00000000000000000000000000000000>;
v0x55aabcea2260_404 .array/port v0x55aabcea2260, 404;
L_0x55aabcfa0b20 .functor BUFZ 32, v0x55aabcea2260_404, C4<00000000000000000000000000000000>, C4<00000000000000000000000000000000>, C4<00000000000000000000000000000000>;
v0x55aabcea2260_405 .array/port v0x55aabcea2260, 405;
L_0x55aabcfa0bf0 .functor BUFZ 32, v0x55aabcea2260_405, C4<00000000000000000000000000000000>, C4<00000000000000000000000000000000>, C4<00000000000000000000000000000000>;
v0x55aabcea2260_406 .array/port v0x55aabcea2260, 406;
L_0x55aabcfa0cc0 .functor BUFZ 32, v0x55aabcea2260_406, C4<00000000000000000000000000000000>, C4<00000000000000000000000000000000>, C4<00000000000000000000000000000000>;
v0x55aabcea2260_407 .array/port v0x55aabcea2260, 407;
L_0x55aabcfa0d90 .functor BUFZ 32, v0x55aabcea2260_407, C4<00000000000000000000000000000000>, C4<00000000000000000000000000000000>, C4<00000000000000000000000000000000>;
v0x55aabcea2260_408 .array/port v0x55aabcea2260, 408;
L_0x55aabcfa0e60 .functor BUFZ 32, v0x55aabcea2260_408, C4<00000000000000000000000000000000>, C4<00000000000000000000000000000000>, C4<00000000000000000000000000000000>;
v0x55aabcea2260_409 .array/port v0x55aabcea2260, 409;
L_0x55aabcfa0f30 .functor BUFZ 32, v0x55aabcea2260_409, C4<00000000000000000000000000000000>, C4<00000000000000000000000000000000>, C4<00000000000000000000000000000000>;
v0x55aabcea2260_410 .array/port v0x55aabcea2260, 410;
L_0x55aabcfa1000 .functor BUFZ 32, v0x55aabcea2260_410, C4<00000000000000000000000000000000>, C4<00000000000000000000000000000000>, C4<00000000000000000000000000000000>;
v0x55aabcea2260_411 .array/port v0x55aabcea2260, 411;
L_0x55aabcfa10d0 .functor BUFZ 32, v0x55aabcea2260_411, C4<00000000000000000000000000000000>, C4<00000000000000000000000000000000>, C4<00000000000000000000000000000000>;
v0x55aabcea2260_412 .array/port v0x55aabcea2260, 412;
L_0x55aabcfa11a0 .functor BUFZ 32, v0x55aabcea2260_412, C4<00000000000000000000000000000000>, C4<00000000000000000000000000000000>, C4<00000000000000000000000000000000>;
v0x55aabcea2260_413 .array/port v0x55aabcea2260, 413;
L_0x55aabcfa1270 .functor BUFZ 32, v0x55aabcea2260_413, C4<00000000000000000000000000000000>, C4<00000000000000000000000000000000>, C4<00000000000000000000000000000000>;
v0x55aabcea2260_414 .array/port v0x55aabcea2260, 414;
L_0x55aabcfa1340 .functor BUFZ 32, v0x55aabcea2260_414, C4<00000000000000000000000000000000>, C4<00000000000000000000000000000000>, C4<00000000000000000000000000000000>;
v0x55aabcea2260_415 .array/port v0x55aabcea2260, 415;
L_0x55aabcfa1410 .functor BUFZ 32, v0x55aabcea2260_415, C4<00000000000000000000000000000000>, C4<00000000000000000000000000000000>, C4<00000000000000000000000000000000>;
v0x55aabcea2260_416 .array/port v0x55aabcea2260, 416;
L_0x55aabcfa14e0 .functor BUFZ 32, v0x55aabcea2260_416, C4<00000000000000000000000000000000>, C4<00000000000000000000000000000000>, C4<00000000000000000000000000000000>;
v0x55aabcea2260_417 .array/port v0x55aabcea2260, 417;
L_0x55aabcfa15b0 .functor BUFZ 32, v0x55aabcea2260_417, C4<00000000000000000000000000000000>, C4<00000000000000000000000000000000>, C4<00000000000000000000000000000000>;
v0x55aabcea2260_418 .array/port v0x55aabcea2260, 418;
L_0x55aabcfa1680 .functor BUFZ 32, v0x55aabcea2260_418, C4<00000000000000000000000000000000>, C4<00000000000000000000000000000000>, C4<00000000000000000000000000000000>;
v0x55aabcea2260_419 .array/port v0x55aabcea2260, 419;
L_0x55aabcfa2510 .functor BUFZ 32, v0x55aabcea2260_419, C4<00000000000000000000000000000000>, C4<00000000000000000000000000000000>, C4<00000000000000000000000000000000>;
v0x55aabcea2260_420 .array/port v0x55aabcea2260, 420;
L_0x55aabcfa25b0 .functor BUFZ 32, v0x55aabcea2260_420, C4<00000000000000000000000000000000>, C4<00000000000000000000000000000000>, C4<00000000000000000000000000000000>;
v0x55aabcea2260_421 .array/port v0x55aabcea2260, 421;
L_0x55aabcea75a0 .functor BUFZ 32, v0x55aabcea2260_421, C4<00000000000000000000000000000000>, C4<00000000000000000000000000000000>, C4<00000000000000000000000000000000>;
v0x55aabcea2260_422 .array/port v0x55aabcea2260, 422;
L_0x55aabcea7670 .functor BUFZ 32, v0x55aabcea2260_422, C4<00000000000000000000000000000000>, C4<00000000000000000000000000000000>, C4<00000000000000000000000000000000>;
v0x55aabcea2260_423 .array/port v0x55aabcea2260, 423;
L_0x55aabcea7740 .functor BUFZ 32, v0x55aabcea2260_423, C4<00000000000000000000000000000000>, C4<00000000000000000000000000000000>, C4<00000000000000000000000000000000>;
v0x55aabcea2260_424 .array/port v0x55aabcea2260, 424;
L_0x55aabcfa17e0 .functor BUFZ 32, v0x55aabcea2260_424, C4<00000000000000000000000000000000>, C4<00000000000000000000000000000000>, C4<00000000000000000000000000000000>;
v0x55aabcea2260_425 .array/port v0x55aabcea2260, 425;
L_0x55aabcfa18b0 .functor BUFZ 32, v0x55aabcea2260_425, C4<00000000000000000000000000000000>, C4<00000000000000000000000000000000>, C4<00000000000000000000000000000000>;
v0x55aabcea2260_426 .array/port v0x55aabcea2260, 426;
L_0x55aabcfa1980 .functor BUFZ 32, v0x55aabcea2260_426, C4<00000000000000000000000000000000>, C4<00000000000000000000000000000000>, C4<00000000000000000000000000000000>;
v0x55aabcea2260_427 .array/port v0x55aabcea2260, 427;
L_0x55aabcfa1a50 .functor BUFZ 32, v0x55aabcea2260_427, C4<00000000000000000000000000000000>, C4<00000000000000000000000000000000>, C4<00000000000000000000000000000000>;
v0x55aabcea2260_428 .array/port v0x55aabcea2260, 428;
L_0x55aabcfa1b20 .functor BUFZ 32, v0x55aabcea2260_428, C4<00000000000000000000000000000000>, C4<00000000000000000000000000000000>, C4<00000000000000000000000000000000>;
v0x55aabcea2260_429 .array/port v0x55aabcea2260, 429;
L_0x55aabcfa1bf0 .functor BUFZ 32, v0x55aabcea2260_429, C4<00000000000000000000000000000000>, C4<00000000000000000000000000000000>, C4<00000000000000000000000000000000>;
v0x55aabcea2260_430 .array/port v0x55aabcea2260, 430;
L_0x55aabcfa1cc0 .functor BUFZ 32, v0x55aabcea2260_430, C4<00000000000000000000000000000000>, C4<00000000000000000000000000000000>, C4<00000000000000000000000000000000>;
v0x55aabcea2260_431 .array/port v0x55aabcea2260, 431;
L_0x55aabcfa1d90 .functor BUFZ 32, v0x55aabcea2260_431, C4<00000000000000000000000000000000>, C4<00000000000000000000000000000000>, C4<00000000000000000000000000000000>;
v0x55aabcea2260_432 .array/port v0x55aabcea2260, 432;
L_0x55aabcfa1e60 .functor BUFZ 32, v0x55aabcea2260_432, C4<00000000000000000000000000000000>, C4<00000000000000000000000000000000>, C4<00000000000000000000000000000000>;
v0x55aabcea2260_433 .array/port v0x55aabcea2260, 433;
L_0x55aabcfa1f30 .functor BUFZ 32, v0x55aabcea2260_433, C4<00000000000000000000000000000000>, C4<00000000000000000000000000000000>, C4<00000000000000000000000000000000>;
v0x55aabcea2260_434 .array/port v0x55aabcea2260, 434;
L_0x55aabcfa2000 .functor BUFZ 32, v0x55aabcea2260_434, C4<00000000000000000000000000000000>, C4<00000000000000000000000000000000>, C4<00000000000000000000000000000000>;
v0x55aabcea2260_435 .array/port v0x55aabcea2260, 435;
L_0x55aabcfa20d0 .functor BUFZ 32, v0x55aabcea2260_435, C4<00000000000000000000000000000000>, C4<00000000000000000000000000000000>, C4<00000000000000000000000000000000>;
v0x55aabcea2260_436 .array/port v0x55aabcea2260, 436;
L_0x55aabcfa21a0 .functor BUFZ 32, v0x55aabcea2260_436, C4<00000000000000000000000000000000>, C4<00000000000000000000000000000000>, C4<00000000000000000000000000000000>;
v0x55aabcea2260_437 .array/port v0x55aabcea2260, 437;
L_0x55aabcfa2270 .functor BUFZ 32, v0x55aabcea2260_437, C4<00000000000000000000000000000000>, C4<00000000000000000000000000000000>, C4<00000000000000000000000000000000>;
v0x55aabcea2260_438 .array/port v0x55aabcea2260, 438;
L_0x55aabcfa2340 .functor BUFZ 32, v0x55aabcea2260_438, C4<00000000000000000000000000000000>, C4<00000000000000000000000000000000>, C4<00000000000000000000000000000000>;
v0x55aabcea2260_439 .array/port v0x55aabcea2260, 439;
L_0x55aabcfa2410 .functor BUFZ 32, v0x55aabcea2260_439, C4<00000000000000000000000000000000>, C4<00000000000000000000000000000000>, C4<00000000000000000000000000000000>;
v0x55aabcea2260_440 .array/port v0x55aabcea2260, 440;
L_0x55aabcfa3450 .functor BUFZ 32, v0x55aabcea2260_440, C4<00000000000000000000000000000000>, C4<00000000000000000000000000000000>, C4<00000000000000000000000000000000>;
v0x55aabcea2260_441 .array/port v0x55aabcea2260, 441;
L_0x55aabcea7820 .functor BUFZ 32, v0x55aabcea2260_441, C4<00000000000000000000000000000000>, C4<00000000000000000000000000000000>, C4<00000000000000000000000000000000>;
v0x55aabcea2260_442 .array/port v0x55aabcea2260, 442;
L_0x55aabcea78f0 .functor BUFZ 32, v0x55aabcea2260_442, C4<00000000000000000000000000000000>, C4<00000000000000000000000000000000>, C4<00000000000000000000000000000000>;
v0x55aabcea2260_443 .array/port v0x55aabcea2260, 443;
L_0x55aabcea79c0 .functor BUFZ 32, v0x55aabcea2260_443, C4<00000000000000000000000000000000>, C4<00000000000000000000000000000000>, C4<00000000000000000000000000000000>;
v0x55aabcea2260_444 .array/port v0x55aabcea2260, 444;
L_0x55aabcfa2680 .functor BUFZ 32, v0x55aabcea2260_444, C4<00000000000000000000000000000000>, C4<00000000000000000000000000000000>, C4<00000000000000000000000000000000>;
v0x55aabcea2260_445 .array/port v0x55aabcea2260, 445;
L_0x55aabcfa2750 .functor BUFZ 32, v0x55aabcea2260_445, C4<00000000000000000000000000000000>, C4<00000000000000000000000000000000>, C4<00000000000000000000000000000000>;
v0x55aabcea2260_446 .array/port v0x55aabcea2260, 446;
L_0x55aabcfa2820 .functor BUFZ 32, v0x55aabcea2260_446, C4<00000000000000000000000000000000>, C4<00000000000000000000000000000000>, C4<00000000000000000000000000000000>;
v0x55aabcea2260_447 .array/port v0x55aabcea2260, 447;
L_0x55aabcfa28f0 .functor BUFZ 32, v0x55aabcea2260_447, C4<00000000000000000000000000000000>, C4<00000000000000000000000000000000>, C4<00000000000000000000000000000000>;
v0x55aabcea2260_448 .array/port v0x55aabcea2260, 448;
L_0x55aabcfa29c0 .functor BUFZ 32, v0x55aabcea2260_448, C4<00000000000000000000000000000000>, C4<00000000000000000000000000000000>, C4<00000000000000000000000000000000>;
v0x55aabcea2260_449 .array/port v0x55aabcea2260, 449;
L_0x55aabcfa2a90 .functor BUFZ 32, v0x55aabcea2260_449, C4<00000000000000000000000000000000>, C4<00000000000000000000000000000000>, C4<00000000000000000000000000000000>;
v0x55aabcea2260_450 .array/port v0x55aabcea2260, 450;
L_0x55aabcfa2b60 .functor BUFZ 32, v0x55aabcea2260_450, C4<00000000000000000000000000000000>, C4<00000000000000000000000000000000>, C4<00000000000000000000000000000000>;
v0x55aabcea2260_451 .array/port v0x55aabcea2260, 451;
L_0x55aabcfa2c30 .functor BUFZ 32, v0x55aabcea2260_451, C4<00000000000000000000000000000000>, C4<00000000000000000000000000000000>, C4<00000000000000000000000000000000>;
v0x55aabcea2260_452 .array/port v0x55aabcea2260, 452;
L_0x55aabcfa2d00 .functor BUFZ 32, v0x55aabcea2260_452, C4<00000000000000000000000000000000>, C4<00000000000000000000000000000000>, C4<00000000000000000000000000000000>;
v0x55aabcea2260_453 .array/port v0x55aabcea2260, 453;
L_0x55aabcfa2dd0 .functor BUFZ 32, v0x55aabcea2260_453, C4<00000000000000000000000000000000>, C4<00000000000000000000000000000000>, C4<00000000000000000000000000000000>;
v0x55aabcea2260_454 .array/port v0x55aabcea2260, 454;
L_0x55aabcfa2ea0 .functor BUFZ 32, v0x55aabcea2260_454, C4<00000000000000000000000000000000>, C4<00000000000000000000000000000000>, C4<00000000000000000000000000000000>;
v0x55aabcea2260_455 .array/port v0x55aabcea2260, 455;
L_0x55aabcfa2f70 .functor BUFZ 32, v0x55aabcea2260_455, C4<00000000000000000000000000000000>, C4<00000000000000000000000000000000>, C4<00000000000000000000000000000000>;
v0x55aabcea2260_456 .array/port v0x55aabcea2260, 456;
L_0x55aabcfa3040 .functor BUFZ 32, v0x55aabcea2260_456, C4<00000000000000000000000000000000>, C4<00000000000000000000000000000000>, C4<00000000000000000000000000000000>;
v0x55aabcea2260_457 .array/port v0x55aabcea2260, 457;
L_0x55aabcfa3110 .functor BUFZ 32, v0x55aabcea2260_457, C4<00000000000000000000000000000000>, C4<00000000000000000000000000000000>, C4<00000000000000000000000000000000>;
v0x55aabcea2260_458 .array/port v0x55aabcea2260, 458;
L_0x55aabcfa31e0 .functor BUFZ 32, v0x55aabcea2260_458, C4<00000000000000000000000000000000>, C4<00000000000000000000000000000000>, C4<00000000000000000000000000000000>;
v0x55aabcea2260_459 .array/port v0x55aabcea2260, 459;
L_0x55aabcfa32b0 .functor BUFZ 32, v0x55aabcea2260_459, C4<00000000000000000000000000000000>, C4<00000000000000000000000000000000>, C4<00000000000000000000000000000000>;
v0x55aabcea2260_460 .array/port v0x55aabcea2260, 460;
L_0x55aabcfa3380 .functor BUFZ 32, v0x55aabcea2260_460, C4<00000000000000000000000000000000>, C4<00000000000000000000000000000000>, C4<00000000000000000000000000000000>;
v0x55aabcea2260_461 .array/port v0x55aabcea2260, 461;
L_0x55aabcfa4370 .functor BUFZ 32, v0x55aabcea2260_461, C4<00000000000000000000000000000000>, C4<00000000000000000000000000000000>, C4<00000000000000000000000000000000>;
v0x55aabcea2260_462 .array/port v0x55aabcea2260, 462;
L_0x55aabcfa4440 .functor BUFZ 32, v0x55aabcea2260_462, C4<00000000000000000000000000000000>, C4<00000000000000000000000000000000>, C4<00000000000000000000000000000000>;
v0x55aabcea2260_463 .array/port v0x55aabcea2260, 463;
L_0x55aabcea7aa0 .functor BUFZ 32, v0x55aabcea2260_463, C4<00000000000000000000000000000000>, C4<00000000000000000000000000000000>, C4<00000000000000000000000000000000>;
v0x55aabcea2260_464 .array/port v0x55aabcea2260, 464;
L_0x55aabcea7b70 .functor BUFZ 32, v0x55aabcea2260_464, C4<00000000000000000000000000000000>, C4<00000000000000000000000000000000>, C4<00000000000000000000000000000000>;
v0x55aabcea2260_465 .array/port v0x55aabcea2260, 465;
L_0x55aabcea7c40 .functor BUFZ 32, v0x55aabcea2260_465, C4<00000000000000000000000000000000>, C4<00000000000000000000000000000000>, C4<00000000000000000000000000000000>;
v0x55aabcea2260_466 .array/port v0x55aabcea2260, 466;
L_0x55aabcfa34f0 .functor BUFZ 32, v0x55aabcea2260_466, C4<00000000000000000000000000000000>, C4<00000000000000000000000000000000>, C4<00000000000000000000000000000000>;
v0x55aabcea2260_467 .array/port v0x55aabcea2260, 467;
L_0x55aabcfa35c0 .functor BUFZ 32, v0x55aabcea2260_467, C4<00000000000000000000000000000000>, C4<00000000000000000000000000000000>, C4<00000000000000000000000000000000>;
v0x55aabcea2260_468 .array/port v0x55aabcea2260, 468;
L_0x55aabcfa3690 .functor BUFZ 32, v0x55aabcea2260_468, C4<00000000000000000000000000000000>, C4<00000000000000000000000000000000>, C4<00000000000000000000000000000000>;
v0x55aabcea2260_469 .array/port v0x55aabcea2260, 469;
L_0x55aabcfa3760 .functor BUFZ 32, v0x55aabcea2260_469, C4<00000000000000000000000000000000>, C4<00000000000000000000000000000000>, C4<00000000000000000000000000000000>;
v0x55aabcea2260_470 .array/port v0x55aabcea2260, 470;
L_0x55aabcfa3830 .functor BUFZ 32, v0x55aabcea2260_470, C4<00000000000000000000000000000000>, C4<00000000000000000000000000000000>, C4<00000000000000000000000000000000>;
v0x55aabcea2260_471 .array/port v0x55aabcea2260, 471;
L_0x55aabcfa3900 .functor BUFZ 32, v0x55aabcea2260_471, C4<00000000000000000000000000000000>, C4<00000000000000000000000000000000>, C4<00000000000000000000000000000000>;
v0x55aabcea2260_472 .array/port v0x55aabcea2260, 472;
L_0x55aabcfa39d0 .functor BUFZ 32, v0x55aabcea2260_472, C4<00000000000000000000000000000000>, C4<00000000000000000000000000000000>, C4<00000000000000000000000000000000>;
v0x55aabcea2260_473 .array/port v0x55aabcea2260, 473;
L_0x55aabcfa3aa0 .functor BUFZ 32, v0x55aabcea2260_473, C4<00000000000000000000000000000000>, C4<00000000000000000000000000000000>, C4<00000000000000000000000000000000>;
v0x55aabcea2260_474 .array/port v0x55aabcea2260, 474;
L_0x55aabcfa3b70 .functor BUFZ 32, v0x55aabcea2260_474, C4<00000000000000000000000000000000>, C4<00000000000000000000000000000000>, C4<00000000000000000000000000000000>;
v0x55aabcea2260_475 .array/port v0x55aabcea2260, 475;
L_0x55aabcfa3c40 .functor BUFZ 32, v0x55aabcea2260_475, C4<00000000000000000000000000000000>, C4<00000000000000000000000000000000>, C4<00000000000000000000000000000000>;
v0x55aabcea2260_476 .array/port v0x55aabcea2260, 476;
L_0x55aabcfa3d10 .functor BUFZ 32, v0x55aabcea2260_476, C4<00000000000000000000000000000000>, C4<00000000000000000000000000000000>, C4<00000000000000000000000000000000>;
v0x55aabcea2260_477 .array/port v0x55aabcea2260, 477;
L_0x55aabcfa3de0 .functor BUFZ 32, v0x55aabcea2260_477, C4<00000000000000000000000000000000>, C4<00000000000000000000000000000000>, C4<00000000000000000000000000000000>;
v0x55aabcea2260_478 .array/port v0x55aabcea2260, 478;
L_0x55aabcfa3eb0 .functor BUFZ 32, v0x55aabcea2260_478, C4<00000000000000000000000000000000>, C4<00000000000000000000000000000000>, C4<00000000000000000000000000000000>;
v0x55aabcea2260_479 .array/port v0x55aabcea2260, 479;
L_0x55aabcfa3f80 .functor BUFZ 32, v0x55aabcea2260_479, C4<00000000000000000000000000000000>, C4<00000000000000000000000000000000>, C4<00000000000000000000000000000000>;
v0x55aabcea2260_480 .array/port v0x55aabcea2260, 480;
L_0x55aabcfa4050 .functor BUFZ 32, v0x55aabcea2260_480, C4<00000000000000000000000000000000>, C4<00000000000000000000000000000000>, C4<00000000000000000000000000000000>;
v0x55aabcea2260_481 .array/port v0x55aabcea2260, 481;
L_0x55aabcfa4120 .functor BUFZ 32, v0x55aabcea2260_481, C4<00000000000000000000000000000000>, C4<00000000000000000000000000000000>, C4<00000000000000000000000000000000>;
v0x55aabcea2260_482 .array/port v0x55aabcea2260, 482;
L_0x55aabcfa41f0 .functor BUFZ 32, v0x55aabcea2260_482, C4<00000000000000000000000000000000>, C4<00000000000000000000000000000000>, C4<00000000000000000000000000000000>;
v0x55aabcea2260_483 .array/port v0x55aabcea2260, 483;
L_0x55aabcfa42c0 .functor BUFZ 32, v0x55aabcea2260_483, C4<00000000000000000000000000000000>, C4<00000000000000000000000000000000>, C4<00000000000000000000000000000000>;
v0x55aabcea2260_484 .array/port v0x55aabcea2260, 484;
L_0x55aabcfa5440 .functor BUFZ 32, v0x55aabcea2260_484, C4<00000000000000000000000000000000>, C4<00000000000000000000000000000000>, C4<00000000000000000000000000000000>;
v0x55aabcea2260_485 .array/port v0x55aabcea2260, 485;
L_0x55aabcea7d40 .functor BUFZ 32, v0x55aabcea2260_485, C4<00000000000000000000000000000000>, C4<00000000000000000000000000000000>, C4<00000000000000000000000000000000>;
v0x55aabcea2260_486 .array/port v0x55aabcea2260, 486;
L_0x55aabcea7e10 .functor BUFZ 32, v0x55aabcea2260_486, C4<00000000000000000000000000000000>, C4<00000000000000000000000000000000>, C4<00000000000000000000000000000000>;
v0x55aabcea2260_487 .array/port v0x55aabcea2260, 487;
L_0x55aabcea7ee0 .functor BUFZ 32, v0x55aabcea2260_487, C4<00000000000000000000000000000000>, C4<00000000000000000000000000000000>, C4<00000000000000000000000000000000>;
v0x55aabcea2260_488 .array/port v0x55aabcea2260, 488;
L_0x55aabcea7fb0 .functor BUFZ 32, v0x55aabcea2260_488, C4<00000000000000000000000000000000>, C4<00000000000000000000000000000000>, C4<00000000000000000000000000000000>;
v0x55aabcea2260_489 .array/port v0x55aabcea2260, 489;
L_0x55aabcfa4570 .functor BUFZ 32, v0x55aabcea2260_489, C4<00000000000000000000000000000000>, C4<00000000000000000000000000000000>, C4<00000000000000000000000000000000>;
v0x55aabcea2260_490 .array/port v0x55aabcea2260, 490;
L_0x55aabcfa4640 .functor BUFZ 32, v0x55aabcea2260_490, C4<00000000000000000000000000000000>, C4<00000000000000000000000000000000>, C4<00000000000000000000000000000000>;
v0x55aabcea2260_491 .array/port v0x55aabcea2260, 491;
L_0x55aabcfa4710 .functor BUFZ 32, v0x55aabcea2260_491, C4<00000000000000000000000000000000>, C4<00000000000000000000000000000000>, C4<00000000000000000000000000000000>;
v0x55aabcea2260_492 .array/port v0x55aabcea2260, 492;
L_0x55aabcfa47e0 .functor BUFZ 32, v0x55aabcea2260_492, C4<00000000000000000000000000000000>, C4<00000000000000000000000000000000>, C4<00000000000000000000000000000000>;
v0x55aabcea2260_493 .array/port v0x55aabcea2260, 493;
L_0x55aabcfa48b0 .functor BUFZ 32, v0x55aabcea2260_493, C4<00000000000000000000000000000000>, C4<00000000000000000000000000000000>, C4<00000000000000000000000000000000>;
v0x55aabcea2260_494 .array/port v0x55aabcea2260, 494;
L_0x55aabcfa4980 .functor BUFZ 32, v0x55aabcea2260_494, C4<00000000000000000000000000000000>, C4<00000000000000000000000000000000>, C4<00000000000000000000000000000000>;
v0x55aabcea2260_495 .array/port v0x55aabcea2260, 495;
L_0x55aabcfa4a50 .functor BUFZ 32, v0x55aabcea2260_495, C4<00000000000000000000000000000000>, C4<00000000000000000000000000000000>, C4<00000000000000000000000000000000>;
v0x55aabcea2260_496 .array/port v0x55aabcea2260, 496;
L_0x55aabcfa4b20 .functor BUFZ 32, v0x55aabcea2260_496, C4<00000000000000000000000000000000>, C4<00000000000000000000000000000000>, C4<00000000000000000000000000000000>;
v0x55aabcea2260_497 .array/port v0x55aabcea2260, 497;
L_0x55aabcfa4bf0 .functor BUFZ 32, v0x55aabcea2260_497, C4<00000000000000000000000000000000>, C4<00000000000000000000000000000000>, C4<00000000000000000000000000000000>;
v0x55aabcea2260_498 .array/port v0x55aabcea2260, 498;
L_0x55aabcfa4cc0 .functor BUFZ 32, v0x55aabcea2260_498, C4<00000000000000000000000000000000>, C4<00000000000000000000000000000000>, C4<00000000000000000000000000000000>;
v0x55aabcea2260_499 .array/port v0x55aabcea2260, 499;
L_0x55aabcfa4d90 .functor BUFZ 32, v0x55aabcea2260_499, C4<00000000000000000000000000000000>, C4<00000000000000000000000000000000>, C4<00000000000000000000000000000000>;
v0x55aabcea2260_500 .array/port v0x55aabcea2260, 500;
L_0x55aabcfa4e60 .functor BUFZ 32, v0x55aabcea2260_500, C4<00000000000000000000000000000000>, C4<00000000000000000000000000000000>, C4<00000000000000000000000000000000>;
v0x55aabcea2260_501 .array/port v0x55aabcea2260, 501;
L_0x55aabcfa4f30 .functor BUFZ 32, v0x55aabcea2260_501, C4<00000000000000000000000000000000>, C4<00000000000000000000000000000000>, C4<00000000000000000000000000000000>;
v0x55aabcea2260_502 .array/port v0x55aabcea2260, 502;
L_0x55aabcfa5000 .functor BUFZ 32, v0x55aabcea2260_502, C4<00000000000000000000000000000000>, C4<00000000000000000000000000000000>, C4<00000000000000000000000000000000>;
v0x55aabcea2260_503 .array/port v0x55aabcea2260, 503;
L_0x55aabcfa50d0 .functor BUFZ 32, v0x55aabcea2260_503, C4<00000000000000000000000000000000>, C4<00000000000000000000000000000000>, C4<00000000000000000000000000000000>;
v0x55aabcea2260_504 .array/port v0x55aabcea2260, 504;
L_0x55aabcfa51a0 .functor BUFZ 32, v0x55aabcea2260_504, C4<00000000000000000000000000000000>, C4<00000000000000000000000000000000>, C4<00000000000000000000000000000000>;
v0x55aabcea2260_505 .array/port v0x55aabcea2260, 505;
L_0x55aabcfa5270 .functor BUFZ 32, v0x55aabcea2260_505, C4<00000000000000000000000000000000>, C4<00000000000000000000000000000000>, C4<00000000000000000000000000000000>;
v0x55aabcea2260_506 .array/port v0x55aabcea2260, 506;
L_0x55aabcfa5340 .functor BUFZ 32, v0x55aabcea2260_506, C4<00000000000000000000000000000000>, C4<00000000000000000000000000000000>, C4<00000000000000000000000000000000>;
v0x55aabcea2260_507 .array/port v0x55aabcea2260, 507;
L_0x55aabcfa6500 .functor BUFZ 32, v0x55aabcea2260_507, C4<00000000000000000000000000000000>, C4<00000000000000000000000000000000>, C4<00000000000000000000000000000000>;
v0x55aabcea2260_508 .array/port v0x55aabcea2260, 508;
L_0x55aabcfa65a0 .functor BUFZ 32, v0x55aabcea2260_508, C4<00000000000000000000000000000000>, C4<00000000000000000000000000000000>, C4<00000000000000000000000000000000>;
v0x55aabcea2260_509 .array/port v0x55aabcea2260, 509;
L_0x55aabcea8020 .functor BUFZ 32, v0x55aabcea2260_509, C4<00000000000000000000000000000000>, C4<00000000000000000000000000000000>, C4<00000000000000000000000000000000>;
v0x55aabcea2260_510 .array/port v0x55aabcea2260, 510;
L_0x55aabcea80f0 .functor BUFZ 32, v0x55aabcea2260_510, C4<00000000000000000000000000000000>, C4<00000000000000000000000000000000>, C4<00000000000000000000000000000000>;
v0x55aabcea2260_511 .array/port v0x55aabcea2260, 511;
L_0x55aabcea81c0 .functor BUFZ 32, v0x55aabcea2260_511, C4<00000000000000000000000000000000>, C4<00000000000000000000000000000000>, C4<00000000000000000000000000000000>;
v0x55aabcea2260_512 .array/port v0x55aabcea2260, 512;
L_0x55aabcea8290 .functor BUFZ 32, v0x55aabcea2260_512, C4<00000000000000000000000000000000>, C4<00000000000000000000000000000000>, C4<00000000000000000000000000000000>;
v0x55aabcea2260_513 .array/port v0x55aabcea2260, 513;
L_0x55aabcfa5570 .functor BUFZ 32, v0x55aabcea2260_513, C4<00000000000000000000000000000000>, C4<00000000000000000000000000000000>, C4<00000000000000000000000000000000>;
v0x55aabcea2260_514 .array/port v0x55aabcea2260, 514;
L_0x55aabcfa5640 .functor BUFZ 32, v0x55aabcea2260_514, C4<00000000000000000000000000000000>, C4<00000000000000000000000000000000>, C4<00000000000000000000000000000000>;
v0x55aabcea2260_515 .array/port v0x55aabcea2260, 515;
L_0x55aabcfa5710 .functor BUFZ 32, v0x55aabcea2260_515, C4<00000000000000000000000000000000>, C4<00000000000000000000000000000000>, C4<00000000000000000000000000000000>;
v0x55aabcea2260_516 .array/port v0x55aabcea2260, 516;
L_0x55aabcfa57e0 .functor BUFZ 32, v0x55aabcea2260_516, C4<00000000000000000000000000000000>, C4<00000000000000000000000000000000>, C4<00000000000000000000000000000000>;
v0x55aabcea2260_517 .array/port v0x55aabcea2260, 517;
L_0x55aabcfa58b0 .functor BUFZ 32, v0x55aabcea2260_517, C4<00000000000000000000000000000000>, C4<00000000000000000000000000000000>, C4<00000000000000000000000000000000>;
v0x55aabcea2260_518 .array/port v0x55aabcea2260, 518;
L_0x55aabcfa5980 .functor BUFZ 32, v0x55aabcea2260_518, C4<00000000000000000000000000000000>, C4<00000000000000000000000000000000>, C4<00000000000000000000000000000000>;
v0x55aabcea2260_519 .array/port v0x55aabcea2260, 519;
L_0x55aabcfa5a50 .functor BUFZ 32, v0x55aabcea2260_519, C4<00000000000000000000000000000000>, C4<00000000000000000000000000000000>, C4<00000000000000000000000000000000>;
v0x55aabcea2260_520 .array/port v0x55aabcea2260, 520;
L_0x55aabcfa5b20 .functor BUFZ 32, v0x55aabcea2260_520, C4<00000000000000000000000000000000>, C4<00000000000000000000000000000000>, C4<00000000000000000000000000000000>;
v0x55aabcea2260_521 .array/port v0x55aabcea2260, 521;
L_0x55aabcfa5bf0 .functor BUFZ 32, v0x55aabcea2260_521, C4<00000000000000000000000000000000>, C4<00000000000000000000000000000000>, C4<00000000000000000000000000000000>;
v0x55aabcea2260_522 .array/port v0x55aabcea2260, 522;
L_0x55aabcfa5cc0 .functor BUFZ 32, v0x55aabcea2260_522, C4<00000000000000000000000000000000>, C4<00000000000000000000000000000000>, C4<00000000000000000000000000000000>;
v0x55aabcea2260_523 .array/port v0x55aabcea2260, 523;
L_0x55aabcfa5d90 .functor BUFZ 32, v0x55aabcea2260_523, C4<00000000000000000000000000000000>, C4<00000000000000000000000000000000>, C4<00000000000000000000000000000000>;
v0x55aabcea2260_524 .array/port v0x55aabcea2260, 524;
L_0x55aabcfa5e60 .functor BUFZ 32, v0x55aabcea2260_524, C4<00000000000000000000000000000000>, C4<00000000000000000000000000000000>, C4<00000000000000000000000000000000>;
v0x55aabcea2260_525 .array/port v0x55aabcea2260, 525;
L_0x55aabcfa5f30 .functor BUFZ 32, v0x55aabcea2260_525, C4<00000000000000000000000000000000>, C4<00000000000000000000000000000000>, C4<00000000000000000000000000000000>;
v0x55aabcea2260_526 .array/port v0x55aabcea2260, 526;
L_0x55aabcfa6000 .functor BUFZ 32, v0x55aabcea2260_526, C4<00000000000000000000000000000000>, C4<00000000000000000000000000000000>, C4<00000000000000000000000000000000>;
v0x55aabcea2260_527 .array/port v0x55aabcea2260, 527;
L_0x55aabcfa60d0 .functor BUFZ 32, v0x55aabcea2260_527, C4<00000000000000000000000000000000>, C4<00000000000000000000000000000000>, C4<00000000000000000000000000000000>;
v0x55aabcea2260_528 .array/port v0x55aabcea2260, 528;
L_0x55aabcfa61a0 .functor BUFZ 32, v0x55aabcea2260_528, C4<00000000000000000000000000000000>, C4<00000000000000000000000000000000>, C4<00000000000000000000000000000000>;
v0x55aabcea2260_529 .array/port v0x55aabcea2260, 529;
L_0x55aabcfa6270 .functor BUFZ 32, v0x55aabcea2260_529, C4<00000000000000000000000000000000>, C4<00000000000000000000000000000000>, C4<00000000000000000000000000000000>;
v0x55aabcea2260_530 .array/port v0x55aabcea2260, 530;
L_0x55aabcfa6340 .functor BUFZ 32, v0x55aabcea2260_530, C4<00000000000000000000000000000000>, C4<00000000000000000000000000000000>, C4<00000000000000000000000000000000>;
v0x55aabcea2260_531 .array/port v0x55aabcea2260, 531;
L_0x55aabcfa6410 .functor BUFZ 32, v0x55aabcea2260_531, C4<00000000000000000000000000000000>, C4<00000000000000000000000000000000>, C4<00000000000000000000000000000000>;
v0x55aabcea2260_532 .array/port v0x55aabcea2260, 532;
L_0x55aabcfa7720 .functor BUFZ 32, v0x55aabcea2260_532, C4<00000000000000000000000000000000>, C4<00000000000000000000000000000000>, C4<00000000000000000000000000000000>;
v0x55aabcea2260_533 .array/port v0x55aabcea2260, 533;
L_0x55aabcea8300 .functor BUFZ 32, v0x55aabcea2260_533, C4<00000000000000000000000000000000>, C4<00000000000000000000000000000000>, C4<00000000000000000000000000000000>;
v0x55aabcea2260_534 .array/port v0x55aabcea2260, 534;
L_0x55aabcea83d0 .functor BUFZ 32, v0x55aabcea2260_534, C4<00000000000000000000000000000000>, C4<00000000000000000000000000000000>, C4<00000000000000000000000000000000>;
v0x55aabcea2260_535 .array/port v0x55aabcea2260, 535;
L_0x55aabcea84a0 .functor BUFZ 32, v0x55aabcea2260_535, C4<00000000000000000000000000000000>, C4<00000000000000000000000000000000>, C4<00000000000000000000000000000000>;
v0x55aabcea2260_536 .array/port v0x55aabcea2260, 536;
L_0x55aabcea8570 .functor BUFZ 32, v0x55aabcea2260_536, C4<00000000000000000000000000000000>, C4<00000000000000000000000000000000>, C4<00000000000000000000000000000000>;
v0x55aabcea2260_537 .array/port v0x55aabcea2260, 537;
L_0x55aabcfa66a0 .functor BUFZ 32, v0x55aabcea2260_537, C4<00000000000000000000000000000000>, C4<00000000000000000000000000000000>, C4<00000000000000000000000000000000>;
v0x55aabcea2260_538 .array/port v0x55aabcea2260, 538;
L_0x55aabcfa6770 .functor BUFZ 32, v0x55aabcea2260_538, C4<00000000000000000000000000000000>, C4<00000000000000000000000000000000>, C4<00000000000000000000000000000000>;
v0x55aabcea2260_539 .array/port v0x55aabcea2260, 539;
L_0x55aabcfa6840 .functor BUFZ 32, v0x55aabcea2260_539, C4<00000000000000000000000000000000>, C4<00000000000000000000000000000000>, C4<00000000000000000000000000000000>;
v0x55aabcea2260_540 .array/port v0x55aabcea2260, 540;
L_0x55aabcfa6910 .functor BUFZ 32, v0x55aabcea2260_540, C4<00000000000000000000000000000000>, C4<00000000000000000000000000000000>, C4<00000000000000000000000000000000>;
v0x55aabcea2260_541 .array/port v0x55aabcea2260, 541;
L_0x55aabcfa69e0 .functor BUFZ 32, v0x55aabcea2260_541, C4<00000000000000000000000000000000>, C4<00000000000000000000000000000000>, C4<00000000000000000000000000000000>;
v0x55aabcea2260_542 .array/port v0x55aabcea2260, 542;
L_0x55aabcfa6ab0 .functor BUFZ 32, v0x55aabcea2260_542, C4<00000000000000000000000000000000>, C4<00000000000000000000000000000000>, C4<00000000000000000000000000000000>;
v0x55aabcea2260_543 .array/port v0x55aabcea2260, 543;
L_0x55aabcfa6b80 .functor BUFZ 32, v0x55aabcea2260_543, C4<00000000000000000000000000000000>, C4<00000000000000000000000000000000>, C4<00000000000000000000000000000000>;
v0x55aabcea2260_544 .array/port v0x55aabcea2260, 544;
L_0x55aabcfa6c50 .functor BUFZ 32, v0x55aabcea2260_544, C4<00000000000000000000000000000000>, C4<00000000000000000000000000000000>, C4<00000000000000000000000000000000>;
v0x55aabcea2260_545 .array/port v0x55aabcea2260, 545;
L_0x55aabcfa6d20 .functor BUFZ 32, v0x55aabcea2260_545, C4<00000000000000000000000000000000>, C4<00000000000000000000000000000000>, C4<00000000000000000000000000000000>;
v0x55aabcea2260_546 .array/port v0x55aabcea2260, 546;
L_0x55aabcfa6df0 .functor BUFZ 32, v0x55aabcea2260_546, C4<00000000000000000000000000000000>, C4<00000000000000000000000000000000>, C4<00000000000000000000000000000000>;
v0x55aabcea2260_547 .array/port v0x55aabcea2260, 547;
L_0x55aabcfa6ec0 .functor BUFZ 32, v0x55aabcea2260_547, C4<00000000000000000000000000000000>, C4<00000000000000000000000000000000>, C4<00000000000000000000000000000000>;
v0x55aabcea2260_548 .array/port v0x55aabcea2260, 548;
L_0x55aabcfa6f90 .functor BUFZ 32, v0x55aabcea2260_548, C4<00000000000000000000000000000000>, C4<00000000000000000000000000000000>, C4<00000000000000000000000000000000>;
v0x55aabcea2260_549 .array/port v0x55aabcea2260, 549;
L_0x55aabcfa7060 .functor BUFZ 32, v0x55aabcea2260_549, C4<00000000000000000000000000000000>, C4<00000000000000000000000000000000>, C4<00000000000000000000000000000000>;
v0x55aabcea2260_550 .array/port v0x55aabcea2260, 550;
L_0x55aabcfa7130 .functor BUFZ 32, v0x55aabcea2260_550, C4<00000000000000000000000000000000>, C4<00000000000000000000000000000000>, C4<00000000000000000000000000000000>;
v0x55aabcea2260_551 .array/port v0x55aabcea2260, 551;
L_0x55aabcfa7200 .functor BUFZ 32, v0x55aabcea2260_551, C4<00000000000000000000000000000000>, C4<00000000000000000000000000000000>, C4<00000000000000000000000000000000>;
v0x55aabcea2260_552 .array/port v0x55aabcea2260, 552;
L_0x55aabcfa72d0 .functor BUFZ 32, v0x55aabcea2260_552, C4<00000000000000000000000000000000>, C4<00000000000000000000000000000000>, C4<00000000000000000000000000000000>;
v0x55aabcea2260_553 .array/port v0x55aabcea2260, 553;
L_0x55aabcfa73a0 .functor BUFZ 32, v0x55aabcea2260_553, C4<00000000000000000000000000000000>, C4<00000000000000000000000000000000>, C4<00000000000000000000000000000000>;
v0x55aabcea2260_554 .array/port v0x55aabcea2260, 554;
L_0x55aabcfa7470 .functor BUFZ 32, v0x55aabcea2260_554, C4<00000000000000000000000000000000>, C4<00000000000000000000000000000000>, C4<00000000000000000000000000000000>;
v0x55aabcea2260_555 .array/port v0x55aabcea2260, 555;
L_0x55aabcfa7540 .functor BUFZ 32, v0x55aabcea2260_555, C4<00000000000000000000000000000000>, C4<00000000000000000000000000000000>, C4<00000000000000000000000000000000>;
v0x55aabcea2260_556 .array/port v0x55aabcea2260, 556;
L_0x55aabcfa7610 .functor BUFZ 32, v0x55aabcea2260_556, C4<00000000000000000000000000000000>, C4<00000000000000000000000000000000>, C4<00000000000000000000000000000000>;
v0x55aabcea2260_557 .array/port v0x55aabcea2260, 557;
L_0x55aabcfa8970 .functor BUFZ 32, v0x55aabcea2260_557, C4<00000000000000000000000000000000>, C4<00000000000000000000000000000000>, C4<00000000000000000000000000000000>;
v0x55aabcea2260_558 .array/port v0x55aabcea2260, 558;
L_0x55aabcfa8a10 .functor BUFZ 32, v0x55aabcea2260_558, C4<00000000000000000000000000000000>, C4<00000000000000000000000000000000>, C4<00000000000000000000000000000000>;
v0x55aabcea2260_559 .array/port v0x55aabcea2260, 559;
L_0x55aabcea8620 .functor BUFZ 32, v0x55aabcea2260_559, C4<00000000000000000000000000000000>, C4<00000000000000000000000000000000>, C4<00000000000000000000000000000000>;
v0x55aabcea2260_560 .array/port v0x55aabcea2260, 560;
L_0x55aabcea86f0 .functor BUFZ 32, v0x55aabcea2260_560, C4<00000000000000000000000000000000>, C4<00000000000000000000000000000000>, C4<00000000000000000000000000000000>;
v0x55aabcea2260_561 .array/port v0x55aabcea2260, 561;
L_0x55aabcea87c0 .functor BUFZ 32, v0x55aabcea2260_561, C4<00000000000000000000000000000000>, C4<00000000000000000000000000000000>, C4<00000000000000000000000000000000>;
v0x55aabcea2260_562 .array/port v0x55aabcea2260, 562;
L_0x55aabcea8890 .functor BUFZ 32, v0x55aabcea2260_562, C4<00000000000000000000000000000000>, C4<00000000000000000000000000000000>, C4<00000000000000000000000000000000>;
v0x55aabcea2260_563 .array/port v0x55aabcea2260, 563;
L_0x55aabcfa77f0 .functor BUFZ 32, v0x55aabcea2260_563, C4<00000000000000000000000000000000>, C4<00000000000000000000000000000000>, C4<00000000000000000000000000000000>;
v0x55aabcea2260_564 .array/port v0x55aabcea2260, 564;
L_0x55aabcfa78c0 .functor BUFZ 32, v0x55aabcea2260_564, C4<00000000000000000000000000000000>, C4<00000000000000000000000000000000>, C4<00000000000000000000000000000000>;
v0x55aabcea2260_565 .array/port v0x55aabcea2260, 565;
L_0x55aabcfa7990 .functor BUFZ 32, v0x55aabcea2260_565, C4<00000000000000000000000000000000>, C4<00000000000000000000000000000000>, C4<00000000000000000000000000000000>;
v0x55aabcea2260_566 .array/port v0x55aabcea2260, 566;
L_0x55aabcfa7a60 .functor BUFZ 32, v0x55aabcea2260_566, C4<00000000000000000000000000000000>, C4<00000000000000000000000000000000>, C4<00000000000000000000000000000000>;
v0x55aabcea2260_567 .array/port v0x55aabcea2260, 567;
L_0x55aabcfa7b30 .functor BUFZ 32, v0x55aabcea2260_567, C4<00000000000000000000000000000000>, C4<00000000000000000000000000000000>, C4<00000000000000000000000000000000>;
v0x55aabcea2260_568 .array/port v0x55aabcea2260, 568;
L_0x55aabcfa7c00 .functor BUFZ 32, v0x55aabcea2260_568, C4<00000000000000000000000000000000>, C4<00000000000000000000000000000000>, C4<00000000000000000000000000000000>;
v0x55aabcea2260_569 .array/port v0x55aabcea2260, 569;
L_0x55aabcfa7cd0 .functor BUFZ 32, v0x55aabcea2260_569, C4<00000000000000000000000000000000>, C4<00000000000000000000000000000000>, C4<00000000000000000000000000000000>;
v0x55aabcea2260_570 .array/port v0x55aabcea2260, 570;
L_0x55aabcfa7da0 .functor BUFZ 32, v0x55aabcea2260_570, C4<00000000000000000000000000000000>, C4<00000000000000000000000000000000>, C4<00000000000000000000000000000000>;
v0x55aabcea2260_571 .array/port v0x55aabcea2260, 571;
L_0x55aabcfa7e70 .functor BUFZ 32, v0x55aabcea2260_571, C4<00000000000000000000000000000000>, C4<00000000000000000000000000000000>, C4<00000000000000000000000000000000>;
v0x55aabcea2260_572 .array/port v0x55aabcea2260, 572;
L_0x55aabcfa7f40 .functor BUFZ 32, v0x55aabcea2260_572, C4<00000000000000000000000000000000>, C4<00000000000000000000000000000000>, C4<00000000000000000000000000000000>;
v0x55aabcea2260_573 .array/port v0x55aabcea2260, 573;
L_0x55aabcfa8010 .functor BUFZ 32, v0x55aabcea2260_573, C4<00000000000000000000000000000000>, C4<00000000000000000000000000000000>, C4<00000000000000000000000000000000>;
v0x55aabcea2260_574 .array/port v0x55aabcea2260, 574;
L_0x55aabcfa80e0 .functor BUFZ 32, v0x55aabcea2260_574, C4<00000000000000000000000000000000>, C4<00000000000000000000000000000000>, C4<00000000000000000000000000000000>;
v0x55aabcea2260_575 .array/port v0x55aabcea2260, 575;
L_0x55aabcfa81b0 .functor BUFZ 32, v0x55aabcea2260_575, C4<00000000000000000000000000000000>, C4<00000000000000000000000000000000>, C4<00000000000000000000000000000000>;
v0x55aabcea2260_576 .array/port v0x55aabcea2260, 576;
L_0x55aabcfa8280 .functor BUFZ 32, v0x55aabcea2260_576, C4<00000000000000000000000000000000>, C4<00000000000000000000000000000000>, C4<00000000000000000000000000000000>;
v0x55aabcea2260_577 .array/port v0x55aabcea2260, 577;
L_0x55aabcfa8350 .functor BUFZ 32, v0x55aabcea2260_577, C4<00000000000000000000000000000000>, C4<00000000000000000000000000000000>, C4<00000000000000000000000000000000>;
v0x55aabcea2260_578 .array/port v0x55aabcea2260, 578;
L_0x55aabcfa8420 .functor BUFZ 32, v0x55aabcea2260_578, C4<00000000000000000000000000000000>, C4<00000000000000000000000000000000>, C4<00000000000000000000000000000000>;
v0x55aabcea2260_579 .array/port v0x55aabcea2260, 579;
L_0x55aabcfa84f0 .functor BUFZ 32, v0x55aabcea2260_579, C4<00000000000000000000000000000000>, C4<00000000000000000000000000000000>, C4<00000000000000000000000000000000>;
v0x55aabcea2260_580 .array/port v0x55aabcea2260, 580;
L_0x55aabcfa85c0 .functor BUFZ 32, v0x55aabcea2260_580, C4<00000000000000000000000000000000>, C4<00000000000000000000000000000000>, C4<00000000000000000000000000000000>;
v0x55aabcea2260_581 .array/port v0x55aabcea2260, 581;
L_0x55aabcfa8690 .functor BUFZ 32, v0x55aabcea2260_581, C4<00000000000000000000000000000000>, C4<00000000000000000000000000000000>, C4<00000000000000000000000000000000>;
v0x55aabcea2260_582 .array/port v0x55aabcea2260, 582;
L_0x55aabcfa8760 .functor BUFZ 32, v0x55aabcea2260_582, C4<00000000000000000000000000000000>, C4<00000000000000000000000000000000>, C4<00000000000000000000000000000000>;
v0x55aabcea2260_583 .array/port v0x55aabcea2260, 583;
L_0x55aabcfa8830 .functor BUFZ 32, v0x55aabcea2260_583, C4<00000000000000000000000000000000>, C4<00000000000000000000000000000000>, C4<00000000000000000000000000000000>;
v0x55aabcea2260_584 .array/port v0x55aabcea2260, 584;
L_0x55aabcfa8900 .functor BUFZ 32, v0x55aabcea2260_584, C4<00000000000000000000000000000000>, C4<00000000000000000000000000000000>, C4<00000000000000000000000000000000>;
v0x55aabcea2260_585 .array/port v0x55aabcea2260, 585;
L_0x55aabcea8960 .functor BUFZ 32, v0x55aabcea2260_585, C4<00000000000000000000000000000000>, C4<00000000000000000000000000000000>, C4<00000000000000000000000000000000>;
v0x55aabcea2260_586 .array/port v0x55aabcea2260, 586;
L_0x55aabcea8a30 .functor BUFZ 32, v0x55aabcea2260_586, C4<00000000000000000000000000000000>, C4<00000000000000000000000000000000>, C4<00000000000000000000000000000000>;
v0x55aabcea2260_587 .array/port v0x55aabcea2260, 587;
L_0x55aabcea8b00 .functor BUFZ 32, v0x55aabcea2260_587, C4<00000000000000000000000000000000>, C4<00000000000000000000000000000000>, C4<00000000000000000000000000000000>;
v0x55aabcea2260_588 .array/port v0x55aabcea2260, 588;
L_0x55aabcea8bd0 .functor BUFZ 32, v0x55aabcea2260_588, C4<00000000000000000000000000000000>, C4<00000000000000000000000000000000>, C4<00000000000000000000000000000000>;
v0x55aabcea2260_589 .array/port v0x55aabcea2260, 589;
L_0x55aabcfa8ae0 .functor BUFZ 32, v0x55aabcea2260_589, C4<00000000000000000000000000000000>, C4<00000000000000000000000000000000>, C4<00000000000000000000000000000000>;
v0x55aabcea2260_590 .array/port v0x55aabcea2260, 590;
L_0x55aabcfa8bb0 .functor BUFZ 32, v0x55aabcea2260_590, C4<00000000000000000000000000000000>, C4<00000000000000000000000000000000>, C4<00000000000000000000000000000000>;
v0x55aabcea2260_591 .array/port v0x55aabcea2260, 591;
L_0x55aabcfa8c80 .functor BUFZ 32, v0x55aabcea2260_591, C4<00000000000000000000000000000000>, C4<00000000000000000000000000000000>, C4<00000000000000000000000000000000>;
v0x55aabcea2260_592 .array/port v0x55aabcea2260, 592;
L_0x55aabcfa8d50 .functor BUFZ 32, v0x55aabcea2260_592, C4<00000000000000000000000000000000>, C4<00000000000000000000000000000000>, C4<00000000000000000000000000000000>;
v0x55aabcea2260_593 .array/port v0x55aabcea2260, 593;
L_0x55aabcfa8e20 .functor BUFZ 32, v0x55aabcea2260_593, C4<00000000000000000000000000000000>, C4<00000000000000000000000000000000>, C4<00000000000000000000000000000000>;
v0x55aabcea2260_594 .array/port v0x55aabcea2260, 594;
L_0x55aabcfa8ef0 .functor BUFZ 32, v0x55aabcea2260_594, C4<00000000000000000000000000000000>, C4<00000000000000000000000000000000>, C4<00000000000000000000000000000000>;
v0x55aabcea2260_595 .array/port v0x55aabcea2260, 595;
L_0x55aabcfa8fc0 .functor BUFZ 32, v0x55aabcea2260_595, C4<00000000000000000000000000000000>, C4<00000000000000000000000000000000>, C4<00000000000000000000000000000000>;
v0x55aabcea2260_596 .array/port v0x55aabcea2260, 596;
L_0x55aabcfa9090 .functor BUFZ 32, v0x55aabcea2260_596, C4<00000000000000000000000000000000>, C4<00000000000000000000000000000000>, C4<00000000000000000000000000000000>;
v0x55aabcea2260_597 .array/port v0x55aabcea2260, 597;
L_0x55aabcfa9160 .functor BUFZ 32, v0x55aabcea2260_597, C4<00000000000000000000000000000000>, C4<00000000000000000000000000000000>, C4<00000000000000000000000000000000>;
v0x55aabcea2260_598 .array/port v0x55aabcea2260, 598;
L_0x55aabcfa9230 .functor BUFZ 32, v0x55aabcea2260_598, C4<00000000000000000000000000000000>, C4<00000000000000000000000000000000>, C4<00000000000000000000000000000000>;
v0x55aabcea2260_599 .array/port v0x55aabcea2260, 599;
L_0x55aabcfa9300 .functor BUFZ 32, v0x55aabcea2260_599, C4<00000000000000000000000000000000>, C4<00000000000000000000000000000000>, C4<00000000000000000000000000000000>;
v0x55aabcea2260_600 .array/port v0x55aabcea2260, 600;
L_0x55aabcfa93d0 .functor BUFZ 32, v0x55aabcea2260_600, C4<00000000000000000000000000000000>, C4<00000000000000000000000000000000>, C4<00000000000000000000000000000000>;
v0x55aabcea2260_601 .array/port v0x55aabcea2260, 601;
L_0x55aabcfa94a0 .functor BUFZ 32, v0x55aabcea2260_601, C4<00000000000000000000000000000000>, C4<00000000000000000000000000000000>, C4<00000000000000000000000000000000>;
v0x55aabcea2260_602 .array/port v0x55aabcea2260, 602;
L_0x55aabcfa9570 .functor BUFZ 32, v0x55aabcea2260_602, C4<00000000000000000000000000000000>, C4<00000000000000000000000000000000>, C4<00000000000000000000000000000000>;
v0x55aabcea2260_603 .array/port v0x55aabcea2260, 603;
L_0x55aabcfa9640 .functor BUFZ 32, v0x55aabcea2260_603, C4<00000000000000000000000000000000>, C4<00000000000000000000000000000000>, C4<00000000000000000000000000000000>;
v0x55aabcea2260_604 .array/port v0x55aabcea2260, 604;
L_0x55aabcfa9710 .functor BUFZ 32, v0x55aabcea2260_604, C4<00000000000000000000000000000000>, C4<00000000000000000000000000000000>, C4<00000000000000000000000000000000>;
v0x55aabcea2260_605 .array/port v0x55aabcea2260, 605;
L_0x55aabcfa97e0 .functor BUFZ 32, v0x55aabcea2260_605, C4<00000000000000000000000000000000>, C4<00000000000000000000000000000000>, C4<00000000000000000000000000000000>;
v0x55aabcea2260_606 .array/port v0x55aabcea2260, 606;
L_0x55aabcfa98b0 .functor BUFZ 32, v0x55aabcea2260_606, C4<00000000000000000000000000000000>, C4<00000000000000000000000000000000>, C4<00000000000000000000000000000000>;
v0x55aabcea2260_607 .array/port v0x55aabcea2260, 607;
L_0x55aabcfa9980 .functor BUFZ 32, v0x55aabcea2260_607, C4<00000000000000000000000000000000>, C4<00000000000000000000000000000000>, C4<00000000000000000000000000000000>;
v0x55aabcea2260_608 .array/port v0x55aabcea2260, 608;
L_0x55aabcfa9a50 .functor BUFZ 32, v0x55aabcea2260_608, C4<00000000000000000000000000000000>, C4<00000000000000000000000000000000>, C4<00000000000000000000000000000000>;
v0x55aabcea2260_609 .array/port v0x55aabcea2260, 609;
L_0x55aabcfa9b20 .functor BUFZ 32, v0x55aabcea2260_609, C4<00000000000000000000000000000000>, C4<00000000000000000000000000000000>, C4<00000000000000000000000000000000>;
v0x55aabcea2260_610 .array/port v0x55aabcea2260, 610;
L_0x55aabcfa9bf0 .functor BUFZ 32, v0x55aabcea2260_610, C4<00000000000000000000000000000000>, C4<00000000000000000000000000000000>, C4<00000000000000000000000000000000>;
v0x55aabcea2260_611 .array/port v0x55aabcea2260, 611;
L_0x55aabcfa9cc0 .functor BUFZ 32, v0x55aabcea2260_611, C4<00000000000000000000000000000000>, C4<00000000000000000000000000000000>, C4<00000000000000000000000000000000>;
v0x55aabcea2260_612 .array/port v0x55aabcea2260, 612;
L_0x55aabcfab120 .functor BUFZ 32, v0x55aabcea2260_612, C4<00000000000000000000000000000000>, C4<00000000000000000000000000000000>, C4<00000000000000000000000000000000>;
v0x55aabcea2260_613 .array/port v0x55aabcea2260, 613;
L_0x55aabcea8ca0 .functor BUFZ 32, v0x55aabcea2260_613, C4<00000000000000000000000000000000>, C4<00000000000000000000000000000000>, C4<00000000000000000000000000000000>;
v0x55aabcea2260_614 .array/port v0x55aabcea2260, 614;
L_0x55aabcea8d70 .functor BUFZ 32, v0x55aabcea2260_614, C4<00000000000000000000000000000000>, C4<00000000000000000000000000000000>, C4<00000000000000000000000000000000>;
v0x55aabcea2260_615 .array/port v0x55aabcea2260, 615;
L_0x55aabcea8e40 .functor BUFZ 32, v0x55aabcea2260_615, C4<00000000000000000000000000000000>, C4<00000000000000000000000000000000>, C4<00000000000000000000000000000000>;
v0x55aabcea2260_616 .array/port v0x55aabcea2260, 616;
L_0x55aabcea8f10 .functor BUFZ 32, v0x55aabcea2260_616, C4<00000000000000000000000000000000>, C4<00000000000000000000000000000000>, C4<00000000000000000000000000000000>;
v0x55aabcea2260_617 .array/port v0x55aabcea2260, 617;
L_0x55aabcfa9d90 .functor BUFZ 32, v0x55aabcea2260_617, C4<00000000000000000000000000000000>, C4<00000000000000000000000000000000>, C4<00000000000000000000000000000000>;
v0x55aabcea2260_618 .array/port v0x55aabcea2260, 618;
L_0x55aabcfa9e60 .functor BUFZ 32, v0x55aabcea2260_618, C4<00000000000000000000000000000000>, C4<00000000000000000000000000000000>, C4<00000000000000000000000000000000>;
v0x55aabcea2260_619 .array/port v0x55aabcea2260, 619;
L_0x55aabcfa9f30 .functor BUFZ 32, v0x55aabcea2260_619, C4<00000000000000000000000000000000>, C4<00000000000000000000000000000000>, C4<00000000000000000000000000000000>;
v0x55aabcea2260_620 .array/port v0x55aabcea2260, 620;
L_0x55aabcfaa000 .functor BUFZ 32, v0x55aabcea2260_620, C4<00000000000000000000000000000000>, C4<00000000000000000000000000000000>, C4<00000000000000000000000000000000>;
v0x55aabcea2260_621 .array/port v0x55aabcea2260, 621;
L_0x55aabcfaa0d0 .functor BUFZ 32, v0x55aabcea2260_621, C4<00000000000000000000000000000000>, C4<00000000000000000000000000000000>, C4<00000000000000000000000000000000>;
v0x55aabcea2260_622 .array/port v0x55aabcea2260, 622;
L_0x55aabcfaa1a0 .functor BUFZ 32, v0x55aabcea2260_622, C4<00000000000000000000000000000000>, C4<00000000000000000000000000000000>, C4<00000000000000000000000000000000>;
v0x55aabcea2260_623 .array/port v0x55aabcea2260, 623;
L_0x55aabcfaa270 .functor BUFZ 32, v0x55aabcea2260_623, C4<00000000000000000000000000000000>, C4<00000000000000000000000000000000>, C4<00000000000000000000000000000000>;
v0x55aabcea2260_624 .array/port v0x55aabcea2260, 624;
L_0x55aabcfaa340 .functor BUFZ 32, v0x55aabcea2260_624, C4<00000000000000000000000000000000>, C4<00000000000000000000000000000000>, C4<00000000000000000000000000000000>;
v0x55aabcea2260_625 .array/port v0x55aabcea2260, 625;
L_0x55aabcfaa410 .functor BUFZ 32, v0x55aabcea2260_625, C4<00000000000000000000000000000000>, C4<00000000000000000000000000000000>, C4<00000000000000000000000000000000>;
v0x55aabcea2260_626 .array/port v0x55aabcea2260, 626;
L_0x55aabcfaa4e0 .functor BUFZ 32, v0x55aabcea2260_626, C4<00000000000000000000000000000000>, C4<00000000000000000000000000000000>, C4<00000000000000000000000000000000>;
v0x55aabcea2260_627 .array/port v0x55aabcea2260, 627;
L_0x55aabcfaa5b0 .functor BUFZ 32, v0x55aabcea2260_627, C4<00000000000000000000000000000000>, C4<00000000000000000000000000000000>, C4<00000000000000000000000000000000>;
v0x55aabcea2260_628 .array/port v0x55aabcea2260, 628;
L_0x55aabcfaa680 .functor BUFZ 32, v0x55aabcea2260_628, C4<00000000000000000000000000000000>, C4<00000000000000000000000000000000>, C4<00000000000000000000000000000000>;
v0x55aabcea2260_629 .array/port v0x55aabcea2260, 629;
L_0x55aabcfaa750 .functor BUFZ 32, v0x55aabcea2260_629, C4<00000000000000000000000000000000>, C4<00000000000000000000000000000000>, C4<00000000000000000000000000000000>;
v0x55aabcea2260_630 .array/port v0x55aabcea2260, 630;
L_0x55aabcfaa820 .functor BUFZ 32, v0x55aabcea2260_630, C4<00000000000000000000000000000000>, C4<00000000000000000000000000000000>, C4<00000000000000000000000000000000>;
v0x55aabcea2260_631 .array/port v0x55aabcea2260, 631;
L_0x55aabcfaa8f0 .functor BUFZ 32, v0x55aabcea2260_631, C4<00000000000000000000000000000000>, C4<00000000000000000000000000000000>, C4<00000000000000000000000000000000>;
v0x55aabcea2260_632 .array/port v0x55aabcea2260, 632;
L_0x55aabcfaa9c0 .functor BUFZ 32, v0x55aabcea2260_632, C4<00000000000000000000000000000000>, C4<00000000000000000000000000000000>, C4<00000000000000000000000000000000>;
v0x55aabcea2260_633 .array/port v0x55aabcea2260, 633;
L_0x55aabcfaaa90 .functor BUFZ 32, v0x55aabcea2260_633, C4<00000000000000000000000000000000>, C4<00000000000000000000000000000000>, C4<00000000000000000000000000000000>;
v0x55aabcea2260_634 .array/port v0x55aabcea2260, 634;
L_0x55aabcfaab60 .functor BUFZ 32, v0x55aabcea2260_634, C4<00000000000000000000000000000000>, C4<00000000000000000000000000000000>, C4<00000000000000000000000000000000>;
v0x55aabcea2260_635 .array/port v0x55aabcea2260, 635;
L_0x55aabcfaac30 .functor BUFZ 32, v0x55aabcea2260_635, C4<00000000000000000000000000000000>, C4<00000000000000000000000000000000>, C4<00000000000000000000000000000000>;
v0x55aabcea2260_636 .array/port v0x55aabcea2260, 636;
L_0x55aabcfaad00 .functor BUFZ 32, v0x55aabcea2260_636, C4<00000000000000000000000000000000>, C4<00000000000000000000000000000000>, C4<00000000000000000000000000000000>;
v0x55aabcea2260_637 .array/port v0x55aabcea2260, 637;
L_0x55aabcfaadd0 .functor BUFZ 32, v0x55aabcea2260_637, C4<00000000000000000000000000000000>, C4<00000000000000000000000000000000>, C4<00000000000000000000000000000000>;
v0x55aabcea2260_638 .array/port v0x55aabcea2260, 638;
L_0x55aabcfaaea0 .functor BUFZ 32, v0x55aabcea2260_638, C4<00000000000000000000000000000000>, C4<00000000000000000000000000000000>, C4<00000000000000000000000000000000>;
v0x55aabcea2260_639 .array/port v0x55aabcea2260, 639;
L_0x55aabcfaaf70 .functor BUFZ 32, v0x55aabcea2260_639, C4<00000000000000000000000000000000>, C4<00000000000000000000000000000000>, C4<00000000000000000000000000000000>;
v0x55aabcea2260_640 .array/port v0x55aabcea2260, 640;
L_0x55aabcfab040 .functor BUFZ 32, v0x55aabcea2260_640, C4<00000000000000000000000000000000>, C4<00000000000000000000000000000000>, C4<00000000000000000000000000000000>;
v0x55aabcea2260_641 .array/port v0x55aabcea2260, 641;
L_0x55aabcea9020 .functor BUFZ 32, v0x55aabcea2260_641, C4<00000000000000000000000000000000>, C4<00000000000000000000000000000000>, C4<00000000000000000000000000000000>;
v0x55aabcea2260_642 .array/port v0x55aabcea2260, 642;
L_0x55aabcea90f0 .functor BUFZ 32, v0x55aabcea2260_642, C4<00000000000000000000000000000000>, C4<00000000000000000000000000000000>, C4<00000000000000000000000000000000>;
v0x55aabcea2260_643 .array/port v0x55aabcea2260, 643;
L_0x55aabcea91c0 .functor BUFZ 32, v0x55aabcea2260_643, C4<00000000000000000000000000000000>, C4<00000000000000000000000000000000>, C4<00000000000000000000000000000000>;
v0x55aabcea2260_644 .array/port v0x55aabcea2260, 644;
L_0x55aabcea9290 .functor BUFZ 32, v0x55aabcea2260_644, C4<00000000000000000000000000000000>, C4<00000000000000000000000000000000>, C4<00000000000000000000000000000000>;
v0x55aabcea2260_645 .array/port v0x55aabcea2260, 645;
L_0x55aabcfab1f0 .functor BUFZ 32, v0x55aabcea2260_645, C4<00000000000000000000000000000000>, C4<00000000000000000000000000000000>, C4<00000000000000000000000000000000>;
v0x55aabcea2260_646 .array/port v0x55aabcea2260, 646;
L_0x55aabcfab2c0 .functor BUFZ 32, v0x55aabcea2260_646, C4<00000000000000000000000000000000>, C4<00000000000000000000000000000000>, C4<00000000000000000000000000000000>;
v0x55aabcea2260_647 .array/port v0x55aabcea2260, 647;
L_0x55aabcfab390 .functor BUFZ 32, v0x55aabcea2260_647, C4<00000000000000000000000000000000>, C4<00000000000000000000000000000000>, C4<00000000000000000000000000000000>;
v0x55aabcea2260_648 .array/port v0x55aabcea2260, 648;
L_0x55aabcfab460 .functor BUFZ 32, v0x55aabcea2260_648, C4<00000000000000000000000000000000>, C4<00000000000000000000000000000000>, C4<00000000000000000000000000000000>;
v0x55aabcea2260_649 .array/port v0x55aabcea2260, 649;
L_0x55aabcfab530 .functor BUFZ 32, v0x55aabcea2260_649, C4<00000000000000000000000000000000>, C4<00000000000000000000000000000000>, C4<00000000000000000000000000000000>;
v0x55aabcea2260_650 .array/port v0x55aabcea2260, 650;
L_0x55aabcfab600 .functor BUFZ 32, v0x55aabcea2260_650, C4<00000000000000000000000000000000>, C4<00000000000000000000000000000000>, C4<00000000000000000000000000000000>;
v0x55aabcea2260_651 .array/port v0x55aabcea2260, 651;
L_0x55aabcfab6d0 .functor BUFZ 32, v0x55aabcea2260_651, C4<00000000000000000000000000000000>, C4<00000000000000000000000000000000>, C4<00000000000000000000000000000000>;
v0x55aabcea2260_652 .array/port v0x55aabcea2260, 652;
L_0x55aabcfab7a0 .functor BUFZ 32, v0x55aabcea2260_652, C4<00000000000000000000000000000000>, C4<00000000000000000000000000000000>, C4<00000000000000000000000000000000>;
v0x55aabcea2260_653 .array/port v0x55aabcea2260, 653;
L_0x55aabcfab870 .functor BUFZ 32, v0x55aabcea2260_653, C4<00000000000000000000000000000000>, C4<00000000000000000000000000000000>, C4<00000000000000000000000000000000>;
v0x55aabcea2260_654 .array/port v0x55aabcea2260, 654;
L_0x55aabcfab940 .functor BUFZ 32, v0x55aabcea2260_654, C4<00000000000000000000000000000000>, C4<00000000000000000000000000000000>, C4<00000000000000000000000000000000>;
v0x55aabcea2260_655 .array/port v0x55aabcea2260, 655;
L_0x55aabcfaba10 .functor BUFZ 32, v0x55aabcea2260_655, C4<00000000000000000000000000000000>, C4<00000000000000000000000000000000>, C4<00000000000000000000000000000000>;
v0x55aabcea2260_656 .array/port v0x55aabcea2260, 656;
L_0x55aabcfabae0 .functor BUFZ 32, v0x55aabcea2260_656, C4<00000000000000000000000000000000>, C4<00000000000000000000000000000000>, C4<00000000000000000000000000000000>;
v0x55aabcea2260_657 .array/port v0x55aabcea2260, 657;
L_0x55aabcfabbb0 .functor BUFZ 32, v0x55aabcea2260_657, C4<00000000000000000000000000000000>, C4<00000000000000000000000000000000>, C4<00000000000000000000000000000000>;
v0x55aabcea2260_658 .array/port v0x55aabcea2260, 658;
L_0x55aabcfabc80 .functor BUFZ 32, v0x55aabcea2260_658, C4<00000000000000000000000000000000>, C4<00000000000000000000000000000000>, C4<00000000000000000000000000000000>;
v0x55aabcea2260_659 .array/port v0x55aabcea2260, 659;
L_0x55aabcfabd50 .functor BUFZ 32, v0x55aabcea2260_659, C4<00000000000000000000000000000000>, C4<00000000000000000000000000000000>, C4<00000000000000000000000000000000>;
v0x55aabcea2260_660 .array/port v0x55aabcea2260, 660;
L_0x55aabcfabe20 .functor BUFZ 32, v0x55aabcea2260_660, C4<00000000000000000000000000000000>, C4<00000000000000000000000000000000>, C4<00000000000000000000000000000000>;
v0x55aabcea2260_661 .array/port v0x55aabcea2260, 661;
L_0x55aabcfabef0 .functor BUFZ 32, v0x55aabcea2260_661, C4<00000000000000000000000000000000>, C4<00000000000000000000000000000000>, C4<00000000000000000000000000000000>;
v0x55aabcea2260_662 .array/port v0x55aabcea2260, 662;
L_0x55aabcfabfc0 .functor BUFZ 32, v0x55aabcea2260_662, C4<00000000000000000000000000000000>, C4<00000000000000000000000000000000>, C4<00000000000000000000000000000000>;
v0x55aabcea2260_663 .array/port v0x55aabcea2260, 663;
L_0x55aabcfac090 .functor BUFZ 32, v0x55aabcea2260_663, C4<00000000000000000000000000000000>, C4<00000000000000000000000000000000>, C4<00000000000000000000000000000000>;
v0x55aabcea2260_664 .array/port v0x55aabcea2260, 664;
L_0x55aabcfac160 .functor BUFZ 32, v0x55aabcea2260_664, C4<00000000000000000000000000000000>, C4<00000000000000000000000000000000>, C4<00000000000000000000000000000000>;
v0x55aabcea2260_665 .array/port v0x55aabcea2260, 665;
L_0x55aabcfac230 .functor BUFZ 32, v0x55aabcea2260_665, C4<00000000000000000000000000000000>, C4<00000000000000000000000000000000>, C4<00000000000000000000000000000000>;
v0x55aabcea2260_666 .array/port v0x55aabcea2260, 666;
L_0x55aabcfac300 .functor BUFZ 32, v0x55aabcea2260_666, C4<00000000000000000000000000000000>, C4<00000000000000000000000000000000>, C4<00000000000000000000000000000000>;
v0x55aabcea2260_667 .array/port v0x55aabcea2260, 667;
L_0x55aabcfac3d0 .functor BUFZ 32, v0x55aabcea2260_667, C4<00000000000000000000000000000000>, C4<00000000000000000000000000000000>, C4<00000000000000000000000000000000>;
v0x55aabcea2260_668 .array/port v0x55aabcea2260, 668;
L_0x55aabcfac4a0 .functor BUFZ 32, v0x55aabcea2260_668, C4<00000000000000000000000000000000>, C4<00000000000000000000000000000000>, C4<00000000000000000000000000000000>;
v0x55aabcea2260_669 .array/port v0x55aabcea2260, 669;
L_0x55aabcfac570 .functor BUFZ 32, v0x55aabcea2260_669, C4<00000000000000000000000000000000>, C4<00000000000000000000000000000000>, C4<00000000000000000000000000000000>;
v0x55aabcea2260_670 .array/port v0x55aabcea2260, 670;
L_0x55aabcfadb60 .functor BUFZ 32, v0x55aabcea2260_670, C4<00000000000000000000000000000000>, C4<00000000000000000000000000000000>, C4<00000000000000000000000000000000>;
v0x55aabcea2260_671 .array/port v0x55aabcea2260, 671;
L_0x55aabcea93a0 .functor BUFZ 32, v0x55aabcea2260_671, C4<00000000000000000000000000000000>, C4<00000000000000000000000000000000>, C4<00000000000000000000000000000000>;
v0x55aabcea2260_672 .array/port v0x55aabcea2260, 672;
L_0x55aabcea9470 .functor BUFZ 32, v0x55aabcea2260_672, C4<00000000000000000000000000000000>, C4<00000000000000000000000000000000>, C4<00000000000000000000000000000000>;
v0x55aabcea2260_673 .array/port v0x55aabcea2260, 673;
L_0x55aabcea9540 .functor BUFZ 32, v0x55aabcea2260_673, C4<00000000000000000000000000000000>, C4<00000000000000000000000000000000>, C4<00000000000000000000000000000000>;
v0x55aabcea2260_674 .array/port v0x55aabcea2260, 674;
L_0x55aabcea9610 .functor BUFZ 32, v0x55aabcea2260_674, C4<00000000000000000000000000000000>, C4<00000000000000000000000000000000>, C4<00000000000000000000000000000000>;
v0x55aabcea2260_675 .array/port v0x55aabcea2260, 675;
L_0x55aabcea96e0 .functor BUFZ 32, v0x55aabcea2260_675, C4<00000000000000000000000000000000>, C4<00000000000000000000000000000000>, C4<00000000000000000000000000000000>;
v0x55aabcea2260_676 .array/port v0x55aabcea2260, 676;
L_0x55aabcfac690 .functor BUFZ 32, v0x55aabcea2260_676, C4<00000000000000000000000000000000>, C4<00000000000000000000000000000000>, C4<00000000000000000000000000000000>;
v0x55aabcea2260_677 .array/port v0x55aabcea2260, 677;
L_0x55aabcfac760 .functor BUFZ 32, v0x55aabcea2260_677, C4<00000000000000000000000000000000>, C4<00000000000000000000000000000000>, C4<00000000000000000000000000000000>;
v0x55aabcea2260_678 .array/port v0x55aabcea2260, 678;
L_0x55aabcfac830 .functor BUFZ 32, v0x55aabcea2260_678, C4<00000000000000000000000000000000>, C4<00000000000000000000000000000000>, C4<00000000000000000000000000000000>;
v0x55aabcea2260_679 .array/port v0x55aabcea2260, 679;
L_0x55aabcfac900 .functor BUFZ 32, v0x55aabcea2260_679, C4<00000000000000000000000000000000>, C4<00000000000000000000000000000000>, C4<00000000000000000000000000000000>;
v0x55aabcea2260_680 .array/port v0x55aabcea2260, 680;
L_0x55aabcfac9d0 .functor BUFZ 32, v0x55aabcea2260_680, C4<00000000000000000000000000000000>, C4<00000000000000000000000000000000>, C4<00000000000000000000000000000000>;
v0x55aabcea2260_681 .array/port v0x55aabcea2260, 681;
L_0x55aabcfacaa0 .functor BUFZ 32, v0x55aabcea2260_681, C4<00000000000000000000000000000000>, C4<00000000000000000000000000000000>, C4<00000000000000000000000000000000>;
v0x55aabcea2260_682 .array/port v0x55aabcea2260, 682;
L_0x55aabcfacb70 .functor BUFZ 32, v0x55aabcea2260_682, C4<00000000000000000000000000000000>, C4<00000000000000000000000000000000>, C4<00000000000000000000000000000000>;
v0x55aabcea2260_683 .array/port v0x55aabcea2260, 683;
L_0x55aabcfacc40 .functor BUFZ 32, v0x55aabcea2260_683, C4<00000000000000000000000000000000>, C4<00000000000000000000000000000000>, C4<00000000000000000000000000000000>;
v0x55aabcea2260_684 .array/port v0x55aabcea2260, 684;
L_0x55aabcfacd10 .functor BUFZ 32, v0x55aabcea2260_684, C4<00000000000000000000000000000000>, C4<00000000000000000000000000000000>, C4<00000000000000000000000000000000>;
v0x55aabcea2260_685 .array/port v0x55aabcea2260, 685;
L_0x55aabcfacde0 .functor BUFZ 32, v0x55aabcea2260_685, C4<00000000000000000000000000000000>, C4<00000000000000000000000000000000>, C4<00000000000000000000000000000000>;
v0x55aabcea2260_686 .array/port v0x55aabcea2260, 686;
L_0x55aabcfaceb0 .functor BUFZ 32, v0x55aabcea2260_686, C4<00000000000000000000000000000000>, C4<00000000000000000000000000000000>, C4<00000000000000000000000000000000>;
v0x55aabcea2260_687 .array/port v0x55aabcea2260, 687;
L_0x55aabcfacf80 .functor BUFZ 32, v0x55aabcea2260_687, C4<00000000000000000000000000000000>, C4<00000000000000000000000000000000>, C4<00000000000000000000000000000000>;
v0x55aabcea2260_688 .array/port v0x55aabcea2260, 688;
L_0x55aabcfad050 .functor BUFZ 32, v0x55aabcea2260_688, C4<00000000000000000000000000000000>, C4<00000000000000000000000000000000>, C4<00000000000000000000000000000000>;
v0x55aabcea2260_689 .array/port v0x55aabcea2260, 689;
L_0x55aabcfad120 .functor BUFZ 32, v0x55aabcea2260_689, C4<00000000000000000000000000000000>, C4<00000000000000000000000000000000>, C4<00000000000000000000000000000000>;
v0x55aabcea2260_690 .array/port v0x55aabcea2260, 690;
L_0x55aabcfad1f0 .functor BUFZ 32, v0x55aabcea2260_690, C4<00000000000000000000000000000000>, C4<00000000000000000000000000000000>, C4<00000000000000000000000000000000>;
v0x55aabcea2260_691 .array/port v0x55aabcea2260, 691;
L_0x55aabcfad2c0 .functor BUFZ 32, v0x55aabcea2260_691, C4<00000000000000000000000000000000>, C4<00000000000000000000000000000000>, C4<00000000000000000000000000000000>;
v0x55aabcea2260_692 .array/port v0x55aabcea2260, 692;
L_0x55aabcfad390 .functor BUFZ 32, v0x55aabcea2260_692, C4<00000000000000000000000000000000>, C4<00000000000000000000000000000000>, C4<00000000000000000000000000000000>;
v0x55aabcea2260_693 .array/port v0x55aabcea2260, 693;
L_0x55aabcfad460 .functor BUFZ 32, v0x55aabcea2260_693, C4<00000000000000000000000000000000>, C4<00000000000000000000000000000000>, C4<00000000000000000000000000000000>;
v0x55aabcea2260_694 .array/port v0x55aabcea2260, 694;
L_0x55aabcfad530 .functor BUFZ 32, v0x55aabcea2260_694, C4<00000000000000000000000000000000>, C4<00000000000000000000000000000000>, C4<00000000000000000000000000000000>;
v0x55aabcea2260_695 .array/port v0x55aabcea2260, 695;
L_0x55aabcfad600 .functor BUFZ 32, v0x55aabcea2260_695, C4<00000000000000000000000000000000>, C4<00000000000000000000000000000000>, C4<00000000000000000000000000000000>;
v0x55aabcea2260_696 .array/port v0x55aabcea2260, 696;
L_0x55aabcfad6d0 .functor BUFZ 32, v0x55aabcea2260_696, C4<00000000000000000000000000000000>, C4<00000000000000000000000000000000>, C4<00000000000000000000000000000000>;
v0x55aabcea2260_697 .array/port v0x55aabcea2260, 697;
L_0x55aabcfad7a0 .functor BUFZ 32, v0x55aabcea2260_697, C4<00000000000000000000000000000000>, C4<00000000000000000000000000000000>, C4<00000000000000000000000000000000>;
v0x55aabcea2260_698 .array/port v0x55aabcea2260, 698;
L_0x55aabcfad870 .functor BUFZ 32, v0x55aabcea2260_698, C4<00000000000000000000000000000000>, C4<00000000000000000000000000000000>, C4<00000000000000000000000000000000>;
v0x55aabcea2260_699 .array/port v0x55aabcea2260, 699;
L_0x55aabcfad940 .functor BUFZ 32, v0x55aabcea2260_699, C4<00000000000000000000000000000000>, C4<00000000000000000000000000000000>, C4<00000000000000000000000000000000>;
v0x55aabcea2260_700 .array/port v0x55aabcea2260, 700;
L_0x55aabcfada10 .functor BUFZ 32, v0x55aabcea2260_700, C4<00000000000000000000000000000000>, C4<00000000000000000000000000000000>, C4<00000000000000000000000000000000>;
v0x55aabcea2260_701 .array/port v0x55aabcea2260, 701;
L_0x55aabcfaf230 .functor BUFZ 32, v0x55aabcea2260_701, C4<00000000000000000000000000000000>, C4<00000000000000000000000000000000>, C4<00000000000000000000000000000000>;
v0x55aabcea2260_702 .array/port v0x55aabcea2260, 702;
L_0x55aabcfaf2d0 .functor BUFZ 32, v0x55aabcea2260_702, C4<00000000000000000000000000000000>, C4<00000000000000000000000000000000>, C4<00000000000000000000000000000000>;
v0x55aabcea2260_703 .array/port v0x55aabcea2260, 703;
L_0x55aabcea9760 .functor BUFZ 32, v0x55aabcea2260_703, C4<00000000000000000000000000000000>, C4<00000000000000000000000000000000>, C4<00000000000000000000000000000000>;
v0x55aabcea2260_704 .array/port v0x55aabcea2260, 704;
L_0x55aabcea9830 .functor BUFZ 32, v0x55aabcea2260_704, C4<00000000000000000000000000000000>, C4<00000000000000000000000000000000>, C4<00000000000000000000000000000000>;
v0x55aabcea2260_705 .array/port v0x55aabcea2260, 705;
L_0x55aabcea9900 .functor BUFZ 32, v0x55aabcea2260_705, C4<00000000000000000000000000000000>, C4<00000000000000000000000000000000>, C4<00000000000000000000000000000000>;
v0x55aabcea2260_706 .array/port v0x55aabcea2260, 706;
L_0x55aabcea99d0 .functor BUFZ 32, v0x55aabcea2260_706, C4<00000000000000000000000000000000>, C4<00000000000000000000000000000000>, C4<00000000000000000000000000000000>;
v0x55aabcea2260_707 .array/port v0x55aabcea2260, 707;
L_0x55aabcea9aa0 .functor BUFZ 32, v0x55aabcea2260_707, C4<00000000000000000000000000000000>, C4<00000000000000000000000000000000>, C4<00000000000000000000000000000000>;
v0x55aabcea2260_708 .array/port v0x55aabcea2260, 708;
L_0x55aabcfadc60 .functor BUFZ 32, v0x55aabcea2260_708, C4<00000000000000000000000000000000>, C4<00000000000000000000000000000000>, C4<00000000000000000000000000000000>;
v0x55aabcea2260_709 .array/port v0x55aabcea2260, 709;
L_0x55aabcfadd30 .functor BUFZ 32, v0x55aabcea2260_709, C4<00000000000000000000000000000000>, C4<00000000000000000000000000000000>, C4<00000000000000000000000000000000>;
v0x55aabcea2260_710 .array/port v0x55aabcea2260, 710;
L_0x55aabcfade00 .functor BUFZ 32, v0x55aabcea2260_710, C4<00000000000000000000000000000000>, C4<00000000000000000000000000000000>, C4<00000000000000000000000000000000>;
v0x55aabcea2260_711 .array/port v0x55aabcea2260, 711;
L_0x55aabcfaded0 .functor BUFZ 32, v0x55aabcea2260_711, C4<00000000000000000000000000000000>, C4<00000000000000000000000000000000>, C4<00000000000000000000000000000000>;
v0x55aabcea2260_712 .array/port v0x55aabcea2260, 712;
L_0x55aabcfadfa0 .functor BUFZ 32, v0x55aabcea2260_712, C4<00000000000000000000000000000000>, C4<00000000000000000000000000000000>, C4<00000000000000000000000000000000>;
v0x55aabcea2260_713 .array/port v0x55aabcea2260, 713;
L_0x55aabcfae070 .functor BUFZ 32, v0x55aabcea2260_713, C4<00000000000000000000000000000000>, C4<00000000000000000000000000000000>, C4<00000000000000000000000000000000>;
v0x55aabcea2260_714 .array/port v0x55aabcea2260, 714;
L_0x55aabcfae140 .functor BUFZ 32, v0x55aabcea2260_714, C4<00000000000000000000000000000000>, C4<00000000000000000000000000000000>, C4<00000000000000000000000000000000>;
v0x55aabcea2260_715 .array/port v0x55aabcea2260, 715;
L_0x55aabcfae210 .functor BUFZ 32, v0x55aabcea2260_715, C4<00000000000000000000000000000000>, C4<00000000000000000000000000000000>, C4<00000000000000000000000000000000>;
v0x55aabcea2260_716 .array/port v0x55aabcea2260, 716;
L_0x55aabcfae2e0 .functor BUFZ 32, v0x55aabcea2260_716, C4<00000000000000000000000000000000>, C4<00000000000000000000000000000000>, C4<00000000000000000000000000000000>;
v0x55aabcea2260_717 .array/port v0x55aabcea2260, 717;
L_0x55aabcfae3b0 .functor BUFZ 32, v0x55aabcea2260_717, C4<00000000000000000000000000000000>, C4<00000000000000000000000000000000>, C4<00000000000000000000000000000000>;
v0x55aabcea2260_718 .array/port v0x55aabcea2260, 718;
L_0x55aabcfae480 .functor BUFZ 32, v0x55aabcea2260_718, C4<00000000000000000000000000000000>, C4<00000000000000000000000000000000>, C4<00000000000000000000000000000000>;
v0x55aabcea2260_719 .array/port v0x55aabcea2260, 719;
L_0x55aabcfae550 .functor BUFZ 32, v0x55aabcea2260_719, C4<00000000000000000000000000000000>, C4<00000000000000000000000000000000>, C4<00000000000000000000000000000000>;
v0x55aabcea2260_720 .array/port v0x55aabcea2260, 720;
L_0x55aabcfae620 .functor BUFZ 32, v0x55aabcea2260_720, C4<00000000000000000000000000000000>, C4<00000000000000000000000000000000>, C4<00000000000000000000000000000000>;
v0x55aabcea2260_721 .array/port v0x55aabcea2260, 721;
L_0x55aabcfae6f0 .functor BUFZ 32, v0x55aabcea2260_721, C4<00000000000000000000000000000000>, C4<00000000000000000000000000000000>, C4<00000000000000000000000000000000>;
v0x55aabcea2260_722 .array/port v0x55aabcea2260, 722;
L_0x55aabcfae7c0 .functor BUFZ 32, v0x55aabcea2260_722, C4<00000000000000000000000000000000>, C4<00000000000000000000000000000000>, C4<00000000000000000000000000000000>;
v0x55aabcea2260_723 .array/port v0x55aabcea2260, 723;
L_0x55aabcfae890 .functor BUFZ 32, v0x55aabcea2260_723, C4<00000000000000000000000000000000>, C4<00000000000000000000000000000000>, C4<00000000000000000000000000000000>;
v0x55aabcea2260_724 .array/port v0x55aabcea2260, 724;
L_0x55aabcfae960 .functor BUFZ 32, v0x55aabcea2260_724, C4<00000000000000000000000000000000>, C4<00000000000000000000000000000000>, C4<00000000000000000000000000000000>;
v0x55aabcea2260_725 .array/port v0x55aabcea2260, 725;
L_0x55aabcfaea30 .functor BUFZ 32, v0x55aabcea2260_725, C4<00000000000000000000000000000000>, C4<00000000000000000000000000000000>, C4<00000000000000000000000000000000>;
v0x55aabcea2260_726 .array/port v0x55aabcea2260, 726;
L_0x55aabcfaeb00 .functor BUFZ 32, v0x55aabcea2260_726, C4<00000000000000000000000000000000>, C4<00000000000000000000000000000000>, C4<00000000000000000000000000000000>;
v0x55aabcea2260_727 .array/port v0x55aabcea2260, 727;
L_0x55aabcfaebd0 .functor BUFZ 32, v0x55aabcea2260_727, C4<00000000000000000000000000000000>, C4<00000000000000000000000000000000>, C4<00000000000000000000000000000000>;
v0x55aabcea2260_728 .array/port v0x55aabcea2260, 728;
L_0x55aabcfaeca0 .functor BUFZ 32, v0x55aabcea2260_728, C4<00000000000000000000000000000000>, C4<00000000000000000000000000000000>, C4<00000000000000000000000000000000>;
v0x55aabcea2260_729 .array/port v0x55aabcea2260, 729;
L_0x55aabcfaed70 .functor BUFZ 32, v0x55aabcea2260_729, C4<00000000000000000000000000000000>, C4<00000000000000000000000000000000>, C4<00000000000000000000000000000000>;
v0x55aabcea2260_730 .array/port v0x55aabcea2260, 730;
L_0x55aabcfaee40 .functor BUFZ 32, v0x55aabcea2260_730, C4<00000000000000000000000000000000>, C4<00000000000000000000000000000000>, C4<00000000000000000000000000000000>;
v0x55aabcea2260_731 .array/port v0x55aabcea2260, 731;
L_0x55aabcfaef10 .functor BUFZ 32, v0x55aabcea2260_731, C4<00000000000000000000000000000000>, C4<00000000000000000000000000000000>, C4<00000000000000000000000000000000>;
v0x55aabcea2260_732 .array/port v0x55aabcea2260, 732;
L_0x55aabcfaefe0 .functor BUFZ 32, v0x55aabcea2260_732, C4<00000000000000000000000000000000>, C4<00000000000000000000000000000000>, C4<00000000000000000000000000000000>;
v0x55aabcea2260_733 .array/port v0x55aabcea2260, 733;
L_0x55aabcfaf0b0 .functor BUFZ 32, v0x55aabcea2260_733, C4<00000000000000000000000000000000>, C4<00000000000000000000000000000000>, C4<00000000000000000000000000000000>;
v0x55aabcea2260_734 .array/port v0x55aabcea2260, 734;
L_0x55aabcfaf180 .functor BUFZ 32, v0x55aabcea2260_734, C4<00000000000000000000000000000000>, C4<00000000000000000000000000000000>, C4<00000000000000000000000000000000>;
v0x55aabcea2260_735 .array/port v0x55aabcea2260, 735;
L_0x55aabcea9b40 .functor BUFZ 32, v0x55aabcea2260_735, C4<00000000000000000000000000000000>, C4<00000000000000000000000000000000>, C4<00000000000000000000000000000000>;
v0x55aabcea2260_736 .array/port v0x55aabcea2260, 736;
L_0x55aabcea9c10 .functor BUFZ 32, v0x55aabcea2260_736, C4<00000000000000000000000000000000>, C4<00000000000000000000000000000000>, C4<00000000000000000000000000000000>;
v0x55aabcea2260_737 .array/port v0x55aabcea2260, 737;
L_0x55aabcea9ce0 .functor BUFZ 32, v0x55aabcea2260_737, C4<00000000000000000000000000000000>, C4<00000000000000000000000000000000>, C4<00000000000000000000000000000000>;
v0x55aabcea2260_738 .array/port v0x55aabcea2260, 738;
L_0x55aabcea9db0 .functor BUFZ 32, v0x55aabcea2260_738, C4<00000000000000000000000000000000>, C4<00000000000000000000000000000000>, C4<00000000000000000000000000000000>;
v0x55aabcea2260_739 .array/port v0x55aabcea2260, 739;
L_0x55aabcea9e80 .functor BUFZ 32, v0x55aabcea2260_739, C4<00000000000000000000000000000000>, C4<00000000000000000000000000000000>, C4<00000000000000000000000000000000>;
v0x55aabcea2260_740 .array/port v0x55aabcea2260, 740;
L_0x55aabcfaf3a0 .functor BUFZ 32, v0x55aabcea2260_740, C4<00000000000000000000000000000000>, C4<00000000000000000000000000000000>, C4<00000000000000000000000000000000>;
v0x55aabcea2260_741 .array/port v0x55aabcea2260, 741;
L_0x55aabcfaf470 .functor BUFZ 32, v0x55aabcea2260_741, C4<00000000000000000000000000000000>, C4<00000000000000000000000000000000>, C4<00000000000000000000000000000000>;
v0x55aabcea2260_742 .array/port v0x55aabcea2260, 742;
L_0x55aabcfaf540 .functor BUFZ 32, v0x55aabcea2260_742, C4<00000000000000000000000000000000>, C4<00000000000000000000000000000000>, C4<00000000000000000000000000000000>;
v0x55aabcea2260_743 .array/port v0x55aabcea2260, 743;
L_0x55aabcfaf610 .functor BUFZ 32, v0x55aabcea2260_743, C4<00000000000000000000000000000000>, C4<00000000000000000000000000000000>, C4<00000000000000000000000000000000>;
v0x55aabcea2260_744 .array/port v0x55aabcea2260, 744;
L_0x55aabcfaf6e0 .functor BUFZ 32, v0x55aabcea2260_744, C4<00000000000000000000000000000000>, C4<00000000000000000000000000000000>, C4<00000000000000000000000000000000>;
v0x55aabcea2260_745 .array/port v0x55aabcea2260, 745;
L_0x55aabcfaf7b0 .functor BUFZ 32, v0x55aabcea2260_745, C4<00000000000000000000000000000000>, C4<00000000000000000000000000000000>, C4<00000000000000000000000000000000>;
v0x55aabcea2260_746 .array/port v0x55aabcea2260, 746;
L_0x55aabcfaf880 .functor BUFZ 32, v0x55aabcea2260_746, C4<00000000000000000000000000000000>, C4<00000000000000000000000000000000>, C4<00000000000000000000000000000000>;
v0x55aabcea2260_747 .array/port v0x55aabcea2260, 747;
L_0x55aabcfaf950 .functor BUFZ 32, v0x55aabcea2260_747, C4<00000000000000000000000000000000>, C4<00000000000000000000000000000000>, C4<00000000000000000000000000000000>;
v0x55aabcea2260_748 .array/port v0x55aabcea2260, 748;
L_0x55aabcfafa20 .functor BUFZ 32, v0x55aabcea2260_748, C4<00000000000000000000000000000000>, C4<00000000000000000000000000000000>, C4<00000000000000000000000000000000>;
v0x55aabcea2260_749 .array/port v0x55aabcea2260, 749;
L_0x55aabcfafaf0 .functor BUFZ 32, v0x55aabcea2260_749, C4<00000000000000000000000000000000>, C4<00000000000000000000000000000000>, C4<00000000000000000000000000000000>;
v0x55aabcea2260_750 .array/port v0x55aabcea2260, 750;
L_0x55aabcfafbc0 .functor BUFZ 32, v0x55aabcea2260_750, C4<00000000000000000000000000000000>, C4<00000000000000000000000000000000>, C4<00000000000000000000000000000000>;
v0x55aabcea2260_751 .array/port v0x55aabcea2260, 751;
L_0x55aabcfafc90 .functor BUFZ 32, v0x55aabcea2260_751, C4<00000000000000000000000000000000>, C4<00000000000000000000000000000000>, C4<00000000000000000000000000000000>;
v0x55aabcea2260_752 .array/port v0x55aabcea2260, 752;
L_0x55aabcfafd60 .functor BUFZ 32, v0x55aabcea2260_752, C4<00000000000000000000000000000000>, C4<00000000000000000000000000000000>, C4<00000000000000000000000000000000>;
v0x55aabcea2260_753 .array/port v0x55aabcea2260, 753;
L_0x55aabcfafe30 .functor BUFZ 32, v0x55aabcea2260_753, C4<00000000000000000000000000000000>, C4<00000000000000000000000000000000>, C4<00000000000000000000000000000000>;
v0x55aabcea2260_754 .array/port v0x55aabcea2260, 754;
L_0x55aabcfaff00 .functor BUFZ 32, v0x55aabcea2260_754, C4<00000000000000000000000000000000>, C4<00000000000000000000000000000000>, C4<00000000000000000000000000000000>;
v0x55aabcea2260_755 .array/port v0x55aabcea2260, 755;
L_0x55aabcfaffd0 .functor BUFZ 32, v0x55aabcea2260_755, C4<00000000000000000000000000000000>, C4<00000000000000000000000000000000>, C4<00000000000000000000000000000000>;
v0x55aabcea2260_756 .array/port v0x55aabcea2260, 756;
L_0x55aabcfb00a0 .functor BUFZ 32, v0x55aabcea2260_756, C4<00000000000000000000000000000000>, C4<00000000000000000000000000000000>, C4<00000000000000000000000000000000>;
v0x55aabcea2260_757 .array/port v0x55aabcea2260, 757;
L_0x55aabcfb0170 .functor BUFZ 32, v0x55aabcea2260_757, C4<00000000000000000000000000000000>, C4<00000000000000000000000000000000>, C4<00000000000000000000000000000000>;
v0x55aabcea2260_758 .array/port v0x55aabcea2260, 758;
L_0x55aabcfb0240 .functor BUFZ 32, v0x55aabcea2260_758, C4<00000000000000000000000000000000>, C4<00000000000000000000000000000000>, C4<00000000000000000000000000000000>;
v0x55aabcea2260_759 .array/port v0x55aabcea2260, 759;
L_0x55aabcfb0310 .functor BUFZ 32, v0x55aabcea2260_759, C4<00000000000000000000000000000000>, C4<00000000000000000000000000000000>, C4<00000000000000000000000000000000>;
v0x55aabcea2260_760 .array/port v0x55aabcea2260, 760;
L_0x55aabcfb03e0 .functor BUFZ 32, v0x55aabcea2260_760, C4<00000000000000000000000000000000>, C4<00000000000000000000000000000000>, C4<00000000000000000000000000000000>;
v0x55aabcea2260_761 .array/port v0x55aabcea2260, 761;
L_0x55aabcfb04b0 .functor BUFZ 32, v0x55aabcea2260_761, C4<00000000000000000000000000000000>, C4<00000000000000000000000000000000>, C4<00000000000000000000000000000000>;
v0x55aabcea2260_762 .array/port v0x55aabcea2260, 762;
L_0x55aabcfb0580 .functor BUFZ 32, v0x55aabcea2260_762, C4<00000000000000000000000000000000>, C4<00000000000000000000000000000000>, C4<00000000000000000000000000000000>;
v0x55aabcea2260_763 .array/port v0x55aabcea2260, 763;
L_0x55aabcfb0650 .functor BUFZ 32, v0x55aabcea2260_763, C4<00000000000000000000000000000000>, C4<00000000000000000000000000000000>, C4<00000000000000000000000000000000>;
v0x55aabcea2260_764 .array/port v0x55aabcea2260, 764;
L_0x55aabcfb0720 .functor BUFZ 32, v0x55aabcea2260_764, C4<00000000000000000000000000000000>, C4<00000000000000000000000000000000>, C4<00000000000000000000000000000000>;
v0x55aabcea2260_765 .array/port v0x55aabcea2260, 765;
L_0x55aabcfb07f0 .functor BUFZ 32, v0x55aabcea2260_765, C4<00000000000000000000000000000000>, C4<00000000000000000000000000000000>, C4<00000000000000000000000000000000>;
v0x55aabcea2260_766 .array/port v0x55aabcea2260, 766;
L_0x55aabcfb08c0 .functor BUFZ 32, v0x55aabcea2260_766, C4<00000000000000000000000000000000>, C4<00000000000000000000000000000000>, C4<00000000000000000000000000000000>;
v0x55aabcea2260_767 .array/port v0x55aabcea2260, 767;
L_0x55aabcfb0990 .functor BUFZ 32, v0x55aabcea2260_767, C4<00000000000000000000000000000000>, C4<00000000000000000000000000000000>, C4<00000000000000000000000000000000>;
v0x55aabcea2260_768 .array/port v0x55aabcea2260, 768;
L_0x55aabcfb22e0 .functor BUFZ 32, v0x55aabcea2260_768, C4<00000000000000000000000000000000>, C4<00000000000000000000000000000000>, C4<00000000000000000000000000000000>;
v0x55aabcea2260_769 .array/port v0x55aabcea2260, 769;
L_0x55aabcea9f60 .functor BUFZ 32, v0x55aabcea2260_769, C4<00000000000000000000000000000000>, C4<00000000000000000000000000000000>, C4<00000000000000000000000000000000>;
v0x55aabcea2260_770 .array/port v0x55aabcea2260, 770;
L_0x55aabceaa030 .functor BUFZ 32, v0x55aabcea2260_770, C4<00000000000000000000000000000000>, C4<00000000000000000000000000000000>, C4<00000000000000000000000000000000>;
v0x55aabcea2260_771 .array/port v0x55aabcea2260, 771;
L_0x55aabceaa100 .functor BUFZ 32, v0x55aabcea2260_771, C4<00000000000000000000000000000000>, C4<00000000000000000000000000000000>, C4<00000000000000000000000000000000>;
v0x55aabcea2260_772 .array/port v0x55aabcea2260, 772;
L_0x55aabceaa1d0 .functor BUFZ 32, v0x55aabcea2260_772, C4<00000000000000000000000000000000>, C4<00000000000000000000000000000000>, C4<00000000000000000000000000000000>;
v0x55aabcea2260_773 .array/port v0x55aabcea2260, 773;
L_0x55aabceaa2a0 .functor BUFZ 32, v0x55aabcea2260_773, C4<00000000000000000000000000000000>, C4<00000000000000000000000000000000>, C4<00000000000000000000000000000000>;
v0x55aabcea2260_774 .array/port v0x55aabcea2260, 774;
L_0x55aabcfb0ad0 .functor BUFZ 32, v0x55aabcea2260_774, C4<00000000000000000000000000000000>, C4<00000000000000000000000000000000>, C4<00000000000000000000000000000000>;
v0x55aabcea2260_775 .array/port v0x55aabcea2260, 775;
L_0x55aabcfb0b70 .functor BUFZ 32, v0x55aabcea2260_775, C4<00000000000000000000000000000000>, C4<00000000000000000000000000000000>, C4<00000000000000000000000000000000>;
v0x55aabcea2260_776 .array/port v0x55aabcea2260, 776;
L_0x55aabcfb0c40 .functor BUFZ 32, v0x55aabcea2260_776, C4<00000000000000000000000000000000>, C4<00000000000000000000000000000000>, C4<00000000000000000000000000000000>;
v0x55aabcea2260_777 .array/port v0x55aabcea2260, 777;
L_0x55aabcfb0d10 .functor BUFZ 32, v0x55aabcea2260_777, C4<00000000000000000000000000000000>, C4<00000000000000000000000000000000>, C4<00000000000000000000000000000000>;
v0x55aabcea2260_778 .array/port v0x55aabcea2260, 778;
L_0x55aabcfb0de0 .functor BUFZ 32, v0x55aabcea2260_778, C4<00000000000000000000000000000000>, C4<00000000000000000000000000000000>, C4<00000000000000000000000000000000>;
v0x55aabcea2260_779 .array/port v0x55aabcea2260, 779;
L_0x55aabcfb0eb0 .functor BUFZ 32, v0x55aabcea2260_779, C4<00000000000000000000000000000000>, C4<00000000000000000000000000000000>, C4<00000000000000000000000000000000>;
v0x55aabcea2260_780 .array/port v0x55aabcea2260, 780;
L_0x55aabcfb0f80 .functor BUFZ 32, v0x55aabcea2260_780, C4<00000000000000000000000000000000>, C4<00000000000000000000000000000000>, C4<00000000000000000000000000000000>;
v0x55aabcea2260_781 .array/port v0x55aabcea2260, 781;
L_0x55aabcfb1050 .functor BUFZ 32, v0x55aabcea2260_781, C4<00000000000000000000000000000000>, C4<00000000000000000000000000000000>, C4<00000000000000000000000000000000>;
v0x55aabcea2260_782 .array/port v0x55aabcea2260, 782;
L_0x55aabcfb1120 .functor BUFZ 32, v0x55aabcea2260_782, C4<00000000000000000000000000000000>, C4<00000000000000000000000000000000>, C4<00000000000000000000000000000000>;
v0x55aabcea2260_783 .array/port v0x55aabcea2260, 783;
L_0x55aabcfb11f0 .functor BUFZ 32, v0x55aabcea2260_783, C4<00000000000000000000000000000000>, C4<00000000000000000000000000000000>, C4<00000000000000000000000000000000>;
v0x55aabcea2260_784 .array/port v0x55aabcea2260, 784;
L_0x55aabcfb12c0 .functor BUFZ 32, v0x55aabcea2260_784, C4<00000000000000000000000000000000>, C4<00000000000000000000000000000000>, C4<00000000000000000000000000000000>;
v0x55aabcea2260_785 .array/port v0x55aabcea2260, 785;
L_0x55aabcfb1390 .functor BUFZ 32, v0x55aabcea2260_785, C4<00000000000000000000000000000000>, C4<00000000000000000000000000000000>, C4<00000000000000000000000000000000>;
v0x55aabcea2260_786 .array/port v0x55aabcea2260, 786;
L_0x55aabcfb1460 .functor BUFZ 32, v0x55aabcea2260_786, C4<00000000000000000000000000000000>, C4<00000000000000000000000000000000>, C4<00000000000000000000000000000000>;
v0x55aabcea2260_787 .array/port v0x55aabcea2260, 787;
L_0x55aabcfb1530 .functor BUFZ 32, v0x55aabcea2260_787, C4<00000000000000000000000000000000>, C4<00000000000000000000000000000000>, C4<00000000000000000000000000000000>;
v0x55aabcea2260_788 .array/port v0x55aabcea2260, 788;
L_0x55aabcfb1600 .functor BUFZ 32, v0x55aabcea2260_788, C4<00000000000000000000000000000000>, C4<00000000000000000000000000000000>, C4<00000000000000000000000000000000>;
v0x55aabcea2260_789 .array/port v0x55aabcea2260, 789;
L_0x55aabcfb16d0 .functor BUFZ 32, v0x55aabcea2260_789, C4<00000000000000000000000000000000>, C4<00000000000000000000000000000000>, C4<00000000000000000000000000000000>;
v0x55aabcea2260_790 .array/port v0x55aabcea2260, 790;
L_0x55aabcfb17a0 .functor BUFZ 32, v0x55aabcea2260_790, C4<00000000000000000000000000000000>, C4<00000000000000000000000000000000>, C4<00000000000000000000000000000000>;
v0x55aabcea2260_791 .array/port v0x55aabcea2260, 791;
L_0x55aabcfb1870 .functor BUFZ 32, v0x55aabcea2260_791, C4<00000000000000000000000000000000>, C4<00000000000000000000000000000000>, C4<00000000000000000000000000000000>;
v0x55aabcea2260_792 .array/port v0x55aabcea2260, 792;
L_0x55aabcfb1940 .functor BUFZ 32, v0x55aabcea2260_792, C4<00000000000000000000000000000000>, C4<00000000000000000000000000000000>, C4<00000000000000000000000000000000>;
v0x55aabcea2260_793 .array/port v0x55aabcea2260, 793;
L_0x55aabcfb1a10 .functor BUFZ 32, v0x55aabcea2260_793, C4<00000000000000000000000000000000>, C4<00000000000000000000000000000000>, C4<00000000000000000000000000000000>;
v0x55aabcea2260_794 .array/port v0x55aabcea2260, 794;
L_0x55aabcfb1ae0 .functor BUFZ 32, v0x55aabcea2260_794, C4<00000000000000000000000000000000>, C4<00000000000000000000000000000000>, C4<00000000000000000000000000000000>;
v0x55aabcea2260_795 .array/port v0x55aabcea2260, 795;
L_0x55aabcfb1bb0 .functor BUFZ 32, v0x55aabcea2260_795, C4<00000000000000000000000000000000>, C4<00000000000000000000000000000000>, C4<00000000000000000000000000000000>;
v0x55aabcea2260_796 .array/port v0x55aabcea2260, 796;
L_0x55aabcfb1c80 .functor BUFZ 32, v0x55aabcea2260_796, C4<00000000000000000000000000000000>, C4<00000000000000000000000000000000>, C4<00000000000000000000000000000000>;
v0x55aabcea2260_797 .array/port v0x55aabcea2260, 797;
L_0x55aabcfb1d50 .functor BUFZ 32, v0x55aabcea2260_797, C4<00000000000000000000000000000000>, C4<00000000000000000000000000000000>, C4<00000000000000000000000000000000>;
v0x55aabcea2260_798 .array/port v0x55aabcea2260, 798;
L_0x55aabcfb1e20 .functor BUFZ 32, v0x55aabcea2260_798, C4<00000000000000000000000000000000>, C4<00000000000000000000000000000000>, C4<00000000000000000000000000000000>;
v0x55aabcea2260_799 .array/port v0x55aabcea2260, 799;
L_0x55aabcfb1ef0 .functor BUFZ 32, v0x55aabcea2260_799, C4<00000000000000000000000000000000>, C4<00000000000000000000000000000000>, C4<00000000000000000000000000000000>;
v0x55aabcea2260_800 .array/port v0x55aabcea2260, 800;
L_0x55aabcfb1fc0 .functor BUFZ 32, v0x55aabcea2260_800, C4<00000000000000000000000000000000>, C4<00000000000000000000000000000000>, C4<00000000000000000000000000000000>;
v0x55aabcea2260_801 .array/port v0x55aabcea2260, 801;
L_0x55aabcfb2090 .functor BUFZ 32, v0x55aabcea2260_801, C4<00000000000000000000000000000000>, C4<00000000000000000000000000000000>, C4<00000000000000000000000000000000>;
v0x55aabcea2260_802 .array/port v0x55aabcea2260, 802;
L_0x55aabcfb2160 .functor BUFZ 32, v0x55aabcea2260_802, C4<00000000000000000000000000000000>, C4<00000000000000000000000000000000>, C4<00000000000000000000000000000000>;
v0x55aabcea2260_803 .array/port v0x55aabcea2260, 803;
L_0x55aabcfb2230 .functor BUFZ 32, v0x55aabcea2260_803, C4<00000000000000000000000000000000>, C4<00000000000000000000000000000000>, C4<00000000000000000000000000000000>;
v0x55aabcea2260_804 .array/port v0x55aabcea2260, 804;
L_0x55aabcfb3ce0 .functor BUFZ 32, v0x55aabcea2260_804, C4<00000000000000000000000000000000>, C4<00000000000000000000000000000000>, C4<00000000000000000000000000000000>;
v0x55aabcea2260_805 .array/port v0x55aabcea2260, 805;
L_0x55aabceaa3a0 .functor BUFZ 32, v0x55aabcea2260_805, C4<00000000000000000000000000000000>, C4<00000000000000000000000000000000>, C4<00000000000000000000000000000000>;
v0x55aabcea2260_806 .array/port v0x55aabcea2260, 806;
L_0x55aabceaa470 .functor BUFZ 32, v0x55aabcea2260_806, C4<00000000000000000000000000000000>, C4<00000000000000000000000000000000>, C4<00000000000000000000000000000000>;
v0x55aabcea2260_807 .array/port v0x55aabcea2260, 807;
L_0x55aabceaa540 .functor BUFZ 32, v0x55aabcea2260_807, C4<00000000000000000000000000000000>, C4<00000000000000000000000000000000>, C4<00000000000000000000000000000000>;
v0x55aabcea2260_808 .array/port v0x55aabcea2260, 808;
L_0x55aabceaa610 .functor BUFZ 32, v0x55aabcea2260_808, C4<00000000000000000000000000000000>, C4<00000000000000000000000000000000>, C4<00000000000000000000000000000000>;
v0x55aabcea2260_809 .array/port v0x55aabcea2260, 809;
L_0x55aabceaa6e0 .functor BUFZ 32, v0x55aabcea2260_809, C4<00000000000000000000000000000000>, C4<00000000000000000000000000000000>, C4<00000000000000000000000000000000>;
v0x55aabcea2260_810 .array/port v0x55aabcea2260, 810;
L_0x55aabceaa7b0 .functor BUFZ 32, v0x55aabcea2260_810, C4<00000000000000000000000000000000>, C4<00000000000000000000000000000000>, C4<00000000000000000000000000000000>;
v0x55aabcea2260_811 .array/port v0x55aabcea2260, 811;
L_0x55aabcfb23e0 .functor BUFZ 32, v0x55aabcea2260_811, C4<00000000000000000000000000000000>, C4<00000000000000000000000000000000>, C4<00000000000000000000000000000000>;
v0x55aabcea2260_812 .array/port v0x55aabcea2260, 812;
L_0x55aabcfb24b0 .functor BUFZ 32, v0x55aabcea2260_812, C4<00000000000000000000000000000000>, C4<00000000000000000000000000000000>, C4<00000000000000000000000000000000>;
v0x55aabcea2260_813 .array/port v0x55aabcea2260, 813;
L_0x55aabcfb2580 .functor BUFZ 32, v0x55aabcea2260_813, C4<00000000000000000000000000000000>, C4<00000000000000000000000000000000>, C4<00000000000000000000000000000000>;
v0x55aabcea2260_814 .array/port v0x55aabcea2260, 814;
L_0x55aabcfb2650 .functor BUFZ 32, v0x55aabcea2260_814, C4<00000000000000000000000000000000>, C4<00000000000000000000000000000000>, C4<00000000000000000000000000000000>;
v0x55aabcea2260_815 .array/port v0x55aabcea2260, 815;
L_0x55aabcfb2720 .functor BUFZ 32, v0x55aabcea2260_815, C4<00000000000000000000000000000000>, C4<00000000000000000000000000000000>, C4<00000000000000000000000000000000>;
v0x55aabcea2260_816 .array/port v0x55aabcea2260, 816;
L_0x55aabcfb27f0 .functor BUFZ 32, v0x55aabcea2260_816, C4<00000000000000000000000000000000>, C4<00000000000000000000000000000000>, C4<00000000000000000000000000000000>;
v0x55aabcea2260_817 .array/port v0x55aabcea2260, 817;
L_0x55aabcfb28c0 .functor BUFZ 32, v0x55aabcea2260_817, C4<00000000000000000000000000000000>, C4<00000000000000000000000000000000>, C4<00000000000000000000000000000000>;
v0x55aabcea2260_818 .array/port v0x55aabcea2260, 818;
L_0x55aabcfb2990 .functor BUFZ 32, v0x55aabcea2260_818, C4<00000000000000000000000000000000>, C4<00000000000000000000000000000000>, C4<00000000000000000000000000000000>;
v0x55aabcea2260_819 .array/port v0x55aabcea2260, 819;
L_0x55aabcfb2a60 .functor BUFZ 32, v0x55aabcea2260_819, C4<00000000000000000000000000000000>, C4<00000000000000000000000000000000>, C4<00000000000000000000000000000000>;
v0x55aabcea2260_820 .array/port v0x55aabcea2260, 820;
L_0x55aabcfb2b30 .functor BUFZ 32, v0x55aabcea2260_820, C4<00000000000000000000000000000000>, C4<00000000000000000000000000000000>, C4<00000000000000000000000000000000>;
v0x55aabcea2260_821 .array/port v0x55aabcea2260, 821;
L_0x55aabcfb2c00 .functor BUFZ 32, v0x55aabcea2260_821, C4<00000000000000000000000000000000>, C4<00000000000000000000000000000000>, C4<00000000000000000000000000000000>;
v0x55aabcea2260_822 .array/port v0x55aabcea2260, 822;
L_0x55aabcfb2cd0 .functor BUFZ 32, v0x55aabcea2260_822, C4<00000000000000000000000000000000>, C4<00000000000000000000000000000000>, C4<00000000000000000000000000000000>;
v0x55aabcea2260_823 .array/port v0x55aabcea2260, 823;
L_0x55aabcfb2da0 .functor BUFZ 32, v0x55aabcea2260_823, C4<00000000000000000000000000000000>, C4<00000000000000000000000000000000>, C4<00000000000000000000000000000000>;
v0x55aabcea2260_824 .array/port v0x55aabcea2260, 824;
L_0x55aabcfb2e70 .functor BUFZ 32, v0x55aabcea2260_824, C4<00000000000000000000000000000000>, C4<00000000000000000000000000000000>, C4<00000000000000000000000000000000>;
v0x55aabcea2260_825 .array/port v0x55aabcea2260, 825;
L_0x55aabcfb2f40 .functor BUFZ 32, v0x55aabcea2260_825, C4<00000000000000000000000000000000>, C4<00000000000000000000000000000000>, C4<00000000000000000000000000000000>;
v0x55aabcea2260_826 .array/port v0x55aabcea2260, 826;
L_0x55aabcfb3010 .functor BUFZ 32, v0x55aabcea2260_826, C4<00000000000000000000000000000000>, C4<00000000000000000000000000000000>, C4<00000000000000000000000000000000>;
v0x55aabcea2260_827 .array/port v0x55aabcea2260, 827;
L_0x55aabcfb30e0 .functor BUFZ 32, v0x55aabcea2260_827, C4<00000000000000000000000000000000>, C4<00000000000000000000000000000000>, C4<00000000000000000000000000000000>;
v0x55aabcea2260_828 .array/port v0x55aabcea2260, 828;
L_0x55aabcfb31b0 .functor BUFZ 32, v0x55aabcea2260_828, C4<00000000000000000000000000000000>, C4<00000000000000000000000000000000>, C4<00000000000000000000000000000000>;
v0x55aabcea2260_829 .array/port v0x55aabcea2260, 829;
L_0x55aabcfb3280 .functor BUFZ 32, v0x55aabcea2260_829, C4<00000000000000000000000000000000>, C4<00000000000000000000000000000000>, C4<00000000000000000000000000000000>;
v0x55aabcea2260_830 .array/port v0x55aabcea2260, 830;
L_0x55aabcfb3350 .functor BUFZ 32, v0x55aabcea2260_830, C4<00000000000000000000000000000000>, C4<00000000000000000000000000000000>, C4<00000000000000000000000000000000>;
v0x55aabcea2260_831 .array/port v0x55aabcea2260, 831;
L_0x55aabcfb3420 .functor BUFZ 32, v0x55aabcea2260_831, C4<00000000000000000000000000000000>, C4<00000000000000000000000000000000>, C4<00000000000000000000000000000000>;
v0x55aabcea2260_832 .array/port v0x55aabcea2260, 832;
L_0x55aabcfb34f0 .functor BUFZ 32, v0x55aabcea2260_832, C4<00000000000000000000000000000000>, C4<00000000000000000000000000000000>, C4<00000000000000000000000000000000>;
v0x55aabcea2260_833 .array/port v0x55aabcea2260, 833;
L_0x55aabcfb35c0 .functor BUFZ 32, v0x55aabcea2260_833, C4<00000000000000000000000000000000>, C4<00000000000000000000000000000000>, C4<00000000000000000000000000000000>;
v0x55aabcea2260_834 .array/port v0x55aabcea2260, 834;
L_0x55aabcfb3690 .functor BUFZ 32, v0x55aabcea2260_834, C4<00000000000000000000000000000000>, C4<00000000000000000000000000000000>, C4<00000000000000000000000000000000>;
v0x55aabcea2260_835 .array/port v0x55aabcea2260, 835;
L_0x55aabcfb3760 .functor BUFZ 32, v0x55aabcea2260_835, C4<00000000000000000000000000000000>, C4<00000000000000000000000000000000>, C4<00000000000000000000000000000000>;
v0x55aabcea2260_836 .array/port v0x55aabcea2260, 836;
L_0x55aabcfb3830 .functor BUFZ 32, v0x55aabcea2260_836, C4<00000000000000000000000000000000>, C4<00000000000000000000000000000000>, C4<00000000000000000000000000000000>;
v0x55aabcea2260_837 .array/port v0x55aabcea2260, 837;
L_0x55aabcfb3900 .functor BUFZ 32, v0x55aabcea2260_837, C4<00000000000000000000000000000000>, C4<00000000000000000000000000000000>, C4<00000000000000000000000000000000>;
v0x55aabcea2260_838 .array/port v0x55aabcea2260, 838;
L_0x55aabcfb39d0 .functor BUFZ 32, v0x55aabcea2260_838, C4<00000000000000000000000000000000>, C4<00000000000000000000000000000000>, C4<00000000000000000000000000000000>;
v0x55aabcea2260_839 .array/port v0x55aabcea2260, 839;
L_0x55aabcfb3aa0 .functor BUFZ 32, v0x55aabcea2260_839, C4<00000000000000000000000000000000>, C4<00000000000000000000000000000000>, C4<00000000000000000000000000000000>;
v0x55aabcea2260_840 .array/port v0x55aabcea2260, 840;
L_0x55aabcfb3b70 .functor BUFZ 32, v0x55aabcea2260_840, C4<00000000000000000000000000000000>, C4<00000000000000000000000000000000>, C4<00000000000000000000000000000000>;
v0x55aabcea2260_841 .array/port v0x55aabcea2260, 841;
L_0x55aabcfb3c40 .functor BUFZ 32, v0x55aabcea2260_841, C4<00000000000000000000000000000000>, C4<00000000000000000000000000000000>, C4<00000000000000000000000000000000>;
v0x55aabcea2260_842 .array/port v0x55aabcea2260, 842;
L_0x55aabcfb5870 .functor BUFZ 32, v0x55aabcea2260_842, C4<00000000000000000000000000000000>, C4<00000000000000000000000000000000>, C4<00000000000000000000000000000000>;
v0x55aabcea2260_843 .array/port v0x55aabcea2260, 843;
L_0x55aabceaa820 .functor BUFZ 32, v0x55aabcea2260_843, C4<00000000000000000000000000000000>, C4<00000000000000000000000000000000>, C4<00000000000000000000000000000000>;
v0x55aabcea2260_844 .array/port v0x55aabcea2260, 844;
L_0x55aabceaa8f0 .functor BUFZ 32, v0x55aabcea2260_844, C4<00000000000000000000000000000000>, C4<00000000000000000000000000000000>, C4<00000000000000000000000000000000>;
v0x55aabcea2260_845 .array/port v0x55aabcea2260, 845;
L_0x55aabceaa9c0 .functor BUFZ 32, v0x55aabcea2260_845, C4<00000000000000000000000000000000>, C4<00000000000000000000000000000000>, C4<00000000000000000000000000000000>;
v0x55aabcea2260_846 .array/port v0x55aabcea2260, 846;
L_0x55aabceaaa90 .functor BUFZ 32, v0x55aabcea2260_846, C4<00000000000000000000000000000000>, C4<00000000000000000000000000000000>, C4<00000000000000000000000000000000>;
v0x55aabcea2260_847 .array/port v0x55aabcea2260, 847;
L_0x55aabceaab60 .functor BUFZ 32, v0x55aabcea2260_847, C4<00000000000000000000000000000000>, C4<00000000000000000000000000000000>, C4<00000000000000000000000000000000>;
v0x55aabcea2260_848 .array/port v0x55aabcea2260, 848;
L_0x55aabceaac30 .functor BUFZ 32, v0x55aabcea2260_848, C4<00000000000000000000000000000000>, C4<00000000000000000000000000000000>, C4<00000000000000000000000000000000>;
v0x55aabcea2260_849 .array/port v0x55aabcea2260, 849;
L_0x55aabcfb3de0 .functor BUFZ 32, v0x55aabcea2260_849, C4<00000000000000000000000000000000>, C4<00000000000000000000000000000000>, C4<00000000000000000000000000000000>;
v0x55aabcea2260_850 .array/port v0x55aabcea2260, 850;
L_0x55aabcfb3eb0 .functor BUFZ 32, v0x55aabcea2260_850, C4<00000000000000000000000000000000>, C4<00000000000000000000000000000000>, C4<00000000000000000000000000000000>;
v0x55aabcea2260_851 .array/port v0x55aabcea2260, 851;
L_0x55aabcfb3f80 .functor BUFZ 32, v0x55aabcea2260_851, C4<00000000000000000000000000000000>, C4<00000000000000000000000000000000>, C4<00000000000000000000000000000000>;
v0x55aabcea2260_852 .array/port v0x55aabcea2260, 852;
L_0x55aabcfb4050 .functor BUFZ 32, v0x55aabcea2260_852, C4<00000000000000000000000000000000>, C4<00000000000000000000000000000000>, C4<00000000000000000000000000000000>;
v0x55aabcea2260_853 .array/port v0x55aabcea2260, 853;
L_0x55aabcfb4120 .functor BUFZ 32, v0x55aabcea2260_853, C4<00000000000000000000000000000000>, C4<00000000000000000000000000000000>, C4<00000000000000000000000000000000>;
v0x55aabcea2260_854 .array/port v0x55aabcea2260, 854;
L_0x55aabcfb41f0 .functor BUFZ 32, v0x55aabcea2260_854, C4<00000000000000000000000000000000>, C4<00000000000000000000000000000000>, C4<00000000000000000000000000000000>;
v0x55aabcea2260_855 .array/port v0x55aabcea2260, 855;
L_0x55aabcfb42c0 .functor BUFZ 32, v0x55aabcea2260_855, C4<00000000000000000000000000000000>, C4<00000000000000000000000000000000>, C4<00000000000000000000000000000000>;
v0x55aabcea2260_856 .array/port v0x55aabcea2260, 856;
L_0x55aabcfb4390 .functor BUFZ 32, v0x55aabcea2260_856, C4<00000000000000000000000000000000>, C4<00000000000000000000000000000000>, C4<00000000000000000000000000000000>;
v0x55aabcea2260_857 .array/port v0x55aabcea2260, 857;
L_0x55aabcfb4460 .functor BUFZ 32, v0x55aabcea2260_857, C4<00000000000000000000000000000000>, C4<00000000000000000000000000000000>, C4<00000000000000000000000000000000>;
v0x55aabcea2260_858 .array/port v0x55aabcea2260, 858;
L_0x55aabcfb4530 .functor BUFZ 32, v0x55aabcea2260_858, C4<00000000000000000000000000000000>, C4<00000000000000000000000000000000>, C4<00000000000000000000000000000000>;
v0x55aabcea2260_859 .array/port v0x55aabcea2260, 859;
L_0x55aabcfb4600 .functor BUFZ 32, v0x55aabcea2260_859, C4<00000000000000000000000000000000>, C4<00000000000000000000000000000000>, C4<00000000000000000000000000000000>;
v0x55aabcea2260_860 .array/port v0x55aabcea2260, 860;
L_0x55aabcfb46d0 .functor BUFZ 32, v0x55aabcea2260_860, C4<00000000000000000000000000000000>, C4<00000000000000000000000000000000>, C4<00000000000000000000000000000000>;
v0x55aabcea2260_861 .array/port v0x55aabcea2260, 861;
L_0x55aabcfb47a0 .functor BUFZ 32, v0x55aabcea2260_861, C4<00000000000000000000000000000000>, C4<00000000000000000000000000000000>, C4<00000000000000000000000000000000>;
v0x55aabcea2260_862 .array/port v0x55aabcea2260, 862;
L_0x55aabcfb4870 .functor BUFZ 32, v0x55aabcea2260_862, C4<00000000000000000000000000000000>, C4<00000000000000000000000000000000>, C4<00000000000000000000000000000000>;
v0x55aabcea2260_863 .array/port v0x55aabcea2260, 863;
L_0x55aabcfb4940 .functor BUFZ 32, v0x55aabcea2260_863, C4<00000000000000000000000000000000>, C4<00000000000000000000000000000000>, C4<00000000000000000000000000000000>;
v0x55aabcea2260_864 .array/port v0x55aabcea2260, 864;
L_0x55aabcfb4a10 .functor BUFZ 32, v0x55aabcea2260_864, C4<00000000000000000000000000000000>, C4<00000000000000000000000000000000>, C4<00000000000000000000000000000000>;
v0x55aabcea2260_865 .array/port v0x55aabcea2260, 865;
L_0x55aabcfb4ae0 .functor BUFZ 32, v0x55aabcea2260_865, C4<00000000000000000000000000000000>, C4<00000000000000000000000000000000>, C4<00000000000000000000000000000000>;
v0x55aabcea2260_866 .array/port v0x55aabcea2260, 866;
L_0x55aabcfb4bb0 .functor BUFZ 32, v0x55aabcea2260_866, C4<00000000000000000000000000000000>, C4<00000000000000000000000000000000>, C4<00000000000000000000000000000000>;
v0x55aabcea2260_867 .array/port v0x55aabcea2260, 867;
L_0x55aabcfb4c80 .functor BUFZ 32, v0x55aabcea2260_867, C4<00000000000000000000000000000000>, C4<00000000000000000000000000000000>, C4<00000000000000000000000000000000>;
v0x55aabcea2260_868 .array/port v0x55aabcea2260, 868;
L_0x55aabcfb4d50 .functor BUFZ 32, v0x55aabcea2260_868, C4<00000000000000000000000000000000>, C4<00000000000000000000000000000000>, C4<00000000000000000000000000000000>;
v0x55aabcea2260_869 .array/port v0x55aabcea2260, 869;
L_0x55aabcfb4e20 .functor BUFZ 32, v0x55aabcea2260_869, C4<00000000000000000000000000000000>, C4<00000000000000000000000000000000>, C4<00000000000000000000000000000000>;
v0x55aabcea2260_870 .array/port v0x55aabcea2260, 870;
L_0x55aabcfb4ef0 .functor BUFZ 32, v0x55aabcea2260_870, C4<00000000000000000000000000000000>, C4<00000000000000000000000000000000>, C4<00000000000000000000000000000000>;
v0x55aabcea2260_871 .array/port v0x55aabcea2260, 871;
L_0x55aabcfb4fc0 .functor BUFZ 32, v0x55aabcea2260_871, C4<00000000000000000000000000000000>, C4<00000000000000000000000000000000>, C4<00000000000000000000000000000000>;
v0x55aabcea2260_872 .array/port v0x55aabcea2260, 872;
L_0x55aabcfb5090 .functor BUFZ 32, v0x55aabcea2260_872, C4<00000000000000000000000000000000>, C4<00000000000000000000000000000000>, C4<00000000000000000000000000000000>;
v0x55aabcea2260_873 .array/port v0x55aabcea2260, 873;
L_0x55aabcfb5160 .functor BUFZ 32, v0x55aabcea2260_873, C4<00000000000000000000000000000000>, C4<00000000000000000000000000000000>, C4<00000000000000000000000000000000>;
v0x55aabcea2260_874 .array/port v0x55aabcea2260, 874;
L_0x55aabcfb5230 .functor BUFZ 32, v0x55aabcea2260_874, C4<00000000000000000000000000000000>, C4<00000000000000000000000000000000>, C4<00000000000000000000000000000000>;
v0x55aabcea2260_875 .array/port v0x55aabcea2260, 875;
L_0x55aabcfb5300 .functor BUFZ 32, v0x55aabcea2260_875, C4<00000000000000000000000000000000>, C4<00000000000000000000000000000000>, C4<00000000000000000000000000000000>;
v0x55aabcea2260_876 .array/port v0x55aabcea2260, 876;
L_0x55aabcfb53d0 .functor BUFZ 32, v0x55aabcea2260_876, C4<00000000000000000000000000000000>, C4<00000000000000000000000000000000>, C4<00000000000000000000000000000000>;
v0x55aabcea2260_877 .array/port v0x55aabcea2260, 877;
L_0x55aabcfb54a0 .functor BUFZ 32, v0x55aabcea2260_877, C4<00000000000000000000000000000000>, C4<00000000000000000000000000000000>, C4<00000000000000000000000000000000>;
v0x55aabcea2260_878 .array/port v0x55aabcea2260, 878;
L_0x55aabcfb5570 .functor BUFZ 32, v0x55aabcea2260_878, C4<00000000000000000000000000000000>, C4<00000000000000000000000000000000>, C4<00000000000000000000000000000000>;
v0x55aabcea2260_879 .array/port v0x55aabcea2260, 879;
L_0x55aabcfb5640 .functor BUFZ 32, v0x55aabcea2260_879, C4<00000000000000000000000000000000>, C4<00000000000000000000000000000000>, C4<00000000000000000000000000000000>;
v0x55aabcea2260_880 .array/port v0x55aabcea2260, 880;
L_0x55aabcfb5710 .functor BUFZ 32, v0x55aabcea2260_880, C4<00000000000000000000000000000000>, C4<00000000000000000000000000000000>, C4<00000000000000000000000000000000>;
v0x55aabcea2260_881 .array/port v0x55aabcea2260, 881;
L_0x55aabcfb74e0 .functor BUFZ 32, v0x55aabcea2260_881, C4<00000000000000000000000000000000>, C4<00000000000000000000000000000000>, C4<00000000000000000000000000000000>;
v0x55aabcea2260_882 .array/port v0x55aabcea2260, 882;
L_0x55aabcfb7580 .functor BUFZ 32, v0x55aabcea2260_882, C4<00000000000000000000000000000000>, C4<00000000000000000000000000000000>, C4<00000000000000000000000000000000>;
v0x55aabcea2260_883 .array/port v0x55aabcea2260, 883;
L_0x55aabceaace0 .functor BUFZ 32, v0x55aabcea2260_883, C4<00000000000000000000000000000000>, C4<00000000000000000000000000000000>, C4<00000000000000000000000000000000>;
v0x55aabcea2260_884 .array/port v0x55aabcea2260, 884;
L_0x55aabceaadb0 .functor BUFZ 32, v0x55aabcea2260_884, C4<00000000000000000000000000000000>, C4<00000000000000000000000000000000>, C4<00000000000000000000000000000000>;
v0x55aabcea2260_885 .array/port v0x55aabcea2260, 885;
L_0x55aabceaae80 .functor BUFZ 32, v0x55aabcea2260_885, C4<00000000000000000000000000000000>, C4<00000000000000000000000000000000>, C4<00000000000000000000000000000000>;
v0x55aabcea2260_886 .array/port v0x55aabcea2260, 886;
L_0x55aabceaaf50 .functor BUFZ 32, v0x55aabcea2260_886, C4<00000000000000000000000000000000>, C4<00000000000000000000000000000000>, C4<00000000000000000000000000000000>;
v0x55aabcea2260_887 .array/port v0x55aabcea2260, 887;
L_0x55aabceab020 .functor BUFZ 32, v0x55aabcea2260_887, C4<00000000000000000000000000000000>, C4<00000000000000000000000000000000>, C4<00000000000000000000000000000000>;
v0x55aabcea2260_888 .array/port v0x55aabcea2260, 888;
L_0x55aabceab0f0 .functor BUFZ 32, v0x55aabcea2260_888, C4<00000000000000000000000000000000>, C4<00000000000000000000000000000000>, C4<00000000000000000000000000000000>;
v0x55aabcea2260_889 .array/port v0x55aabcea2260, 889;
L_0x55aabcfb5940 .functor BUFZ 32, v0x55aabcea2260_889, C4<00000000000000000000000000000000>, C4<00000000000000000000000000000000>, C4<00000000000000000000000000000000>;
v0x55aabcea2260_890 .array/port v0x55aabcea2260, 890;
L_0x55aabcfb5a10 .functor BUFZ 32, v0x55aabcea2260_890, C4<00000000000000000000000000000000>, C4<00000000000000000000000000000000>, C4<00000000000000000000000000000000>;
v0x55aabcea2260_891 .array/port v0x55aabcea2260, 891;
L_0x55aabcfb5ae0 .functor BUFZ 32, v0x55aabcea2260_891, C4<00000000000000000000000000000000>, C4<00000000000000000000000000000000>, C4<00000000000000000000000000000000>;
v0x55aabcea2260_892 .array/port v0x55aabcea2260, 892;
L_0x55aabcfb5bb0 .functor BUFZ 32, v0x55aabcea2260_892, C4<00000000000000000000000000000000>, C4<00000000000000000000000000000000>, C4<00000000000000000000000000000000>;
v0x55aabcea2260_893 .array/port v0x55aabcea2260, 893;
L_0x55aabcfb5c80 .functor BUFZ 32, v0x55aabcea2260_893, C4<00000000000000000000000000000000>, C4<00000000000000000000000000000000>, C4<00000000000000000000000000000000>;
v0x55aabcea2260_894 .array/port v0x55aabcea2260, 894;
L_0x55aabcfb5d50 .functor BUFZ 32, v0x55aabcea2260_894, C4<00000000000000000000000000000000>, C4<00000000000000000000000000000000>, C4<00000000000000000000000000000000>;
v0x55aabcea2260_895 .array/port v0x55aabcea2260, 895;
L_0x55aabcfb5e20 .functor BUFZ 32, v0x55aabcea2260_895, C4<00000000000000000000000000000000>, C4<00000000000000000000000000000000>, C4<00000000000000000000000000000000>;
v0x55aabcea2260_896 .array/port v0x55aabcea2260, 896;
L_0x55aabcfb5ef0 .functor BUFZ 32, v0x55aabcea2260_896, C4<00000000000000000000000000000000>, C4<00000000000000000000000000000000>, C4<00000000000000000000000000000000>;
v0x55aabcea2260_897 .array/port v0x55aabcea2260, 897;
L_0x55aabcfb5fc0 .functor BUFZ 32, v0x55aabcea2260_897, C4<00000000000000000000000000000000>, C4<00000000000000000000000000000000>, C4<00000000000000000000000000000000>;
v0x55aabcea2260_898 .array/port v0x55aabcea2260, 898;
L_0x55aabcfb6090 .functor BUFZ 32, v0x55aabcea2260_898, C4<00000000000000000000000000000000>, C4<00000000000000000000000000000000>, C4<00000000000000000000000000000000>;
v0x55aabcea2260_899 .array/port v0x55aabcea2260, 899;
L_0x55aabcfb6160 .functor BUFZ 32, v0x55aabcea2260_899, C4<00000000000000000000000000000000>, C4<00000000000000000000000000000000>, C4<00000000000000000000000000000000>;
v0x55aabcea2260_900 .array/port v0x55aabcea2260, 900;
L_0x55aabcfb6230 .functor BUFZ 32, v0x55aabcea2260_900, C4<00000000000000000000000000000000>, C4<00000000000000000000000000000000>, C4<00000000000000000000000000000000>;
v0x55aabcea2260_901 .array/port v0x55aabcea2260, 901;
L_0x55aabcfb6300 .functor BUFZ 32, v0x55aabcea2260_901, C4<00000000000000000000000000000000>, C4<00000000000000000000000000000000>, C4<00000000000000000000000000000000>;
v0x55aabcea2260_902 .array/port v0x55aabcea2260, 902;
L_0x55aabcfb63d0 .functor BUFZ 32, v0x55aabcea2260_902, C4<00000000000000000000000000000000>, C4<00000000000000000000000000000000>, C4<00000000000000000000000000000000>;
v0x55aabcea2260_903 .array/port v0x55aabcea2260, 903;
L_0x55aabcfb64a0 .functor BUFZ 32, v0x55aabcea2260_903, C4<00000000000000000000000000000000>, C4<00000000000000000000000000000000>, C4<00000000000000000000000000000000>;
v0x55aabcea2260_904 .array/port v0x55aabcea2260, 904;
L_0x55aabcfb6570 .functor BUFZ 32, v0x55aabcea2260_904, C4<00000000000000000000000000000000>, C4<00000000000000000000000000000000>, C4<00000000000000000000000000000000>;
v0x55aabcea2260_905 .array/port v0x55aabcea2260, 905;
L_0x55aabcfb6640 .functor BUFZ 32, v0x55aabcea2260_905, C4<00000000000000000000000000000000>, C4<00000000000000000000000000000000>, C4<00000000000000000000000000000000>;
v0x55aabcea2260_906 .array/port v0x55aabcea2260, 906;
L_0x55aabcfb6710 .functor BUFZ 32, v0x55aabcea2260_906, C4<00000000000000000000000000000000>, C4<00000000000000000000000000000000>, C4<00000000000000000000000000000000>;
v0x55aabcea2260_907 .array/port v0x55aabcea2260, 907;
L_0x55aabcfb67e0 .functor BUFZ 32, v0x55aabcea2260_907, C4<00000000000000000000000000000000>, C4<00000000000000000000000000000000>, C4<00000000000000000000000000000000>;
v0x55aabcea2260_908 .array/port v0x55aabcea2260, 908;
L_0x55aabcfb68b0 .functor BUFZ 32, v0x55aabcea2260_908, C4<00000000000000000000000000000000>, C4<00000000000000000000000000000000>, C4<00000000000000000000000000000000>;
v0x55aabcea2260_909 .array/port v0x55aabcea2260, 909;
L_0x55aabcfb6980 .functor BUFZ 32, v0x55aabcea2260_909, C4<00000000000000000000000000000000>, C4<00000000000000000000000000000000>, C4<00000000000000000000000000000000>;
v0x55aabcea2260_910 .array/port v0x55aabcea2260, 910;
L_0x55aabcfb6a50 .functor BUFZ 32, v0x55aabcea2260_910, C4<00000000000000000000000000000000>, C4<00000000000000000000000000000000>, C4<00000000000000000000000000000000>;
v0x55aabcea2260_911 .array/port v0x55aabcea2260, 911;
L_0x55aabcfb6b20 .functor BUFZ 32, v0x55aabcea2260_911, C4<00000000000000000000000000000000>, C4<00000000000000000000000000000000>, C4<00000000000000000000000000000000>;
v0x55aabcea2260_912 .array/port v0x55aabcea2260, 912;
L_0x55aabcfb6bf0 .functor BUFZ 32, v0x55aabcea2260_912, C4<00000000000000000000000000000000>, C4<00000000000000000000000000000000>, C4<00000000000000000000000000000000>;
v0x55aabcea2260_913 .array/port v0x55aabcea2260, 913;
L_0x55aabcfb6cc0 .functor BUFZ 32, v0x55aabcea2260_913, C4<00000000000000000000000000000000>, C4<00000000000000000000000000000000>, C4<00000000000000000000000000000000>;
v0x55aabcea2260_914 .array/port v0x55aabcea2260, 914;
L_0x55aabcfb6d90 .functor BUFZ 32, v0x55aabcea2260_914, C4<00000000000000000000000000000000>, C4<00000000000000000000000000000000>, C4<00000000000000000000000000000000>;
v0x55aabcea2260_915 .array/port v0x55aabcea2260, 915;
L_0x55aabcfb6e60 .functor BUFZ 32, v0x55aabcea2260_915, C4<00000000000000000000000000000000>, C4<00000000000000000000000000000000>, C4<00000000000000000000000000000000>;
v0x55aabcea2260_916 .array/port v0x55aabcea2260, 916;
L_0x55aabcfb6f30 .functor BUFZ 32, v0x55aabcea2260_916, C4<00000000000000000000000000000000>, C4<00000000000000000000000000000000>, C4<00000000000000000000000000000000>;
v0x55aabcea2260_917 .array/port v0x55aabcea2260, 917;
L_0x55aabcfb7000 .functor BUFZ 32, v0x55aabcea2260_917, C4<00000000000000000000000000000000>, C4<00000000000000000000000000000000>, C4<00000000000000000000000000000000>;
v0x55aabcea2260_918 .array/port v0x55aabcea2260, 918;
L_0x55aabcfb70d0 .functor BUFZ 32, v0x55aabcea2260_918, C4<00000000000000000000000000000000>, C4<00000000000000000000000000000000>, C4<00000000000000000000000000000000>;
v0x55aabcea2260_919 .array/port v0x55aabcea2260, 919;
L_0x55aabcfb71a0 .functor BUFZ 32, v0x55aabcea2260_919, C4<00000000000000000000000000000000>, C4<00000000000000000000000000000000>, C4<00000000000000000000000000000000>;
v0x55aabcea2260_920 .array/port v0x55aabcea2260, 920;
L_0x55aabcfb7270 .functor BUFZ 32, v0x55aabcea2260_920, C4<00000000000000000000000000000000>, C4<00000000000000000000000000000000>, C4<00000000000000000000000000000000>;
v0x55aabcea2260_921 .array/port v0x55aabcea2260, 921;
L_0x55aabcfb7340 .functor BUFZ 32, v0x55aabcea2260_921, C4<00000000000000000000000000000000>, C4<00000000000000000000000000000000>, C4<00000000000000000000000000000000>;
v0x55aabcea2260_922 .array/port v0x55aabcea2260, 922;
L_0x55aabcfb7410 .functor BUFZ 32, v0x55aabcea2260_922, C4<00000000000000000000000000000000>, C4<00000000000000000000000000000000>, C4<00000000000000000000000000000000>;
v0x55aabcea2260_923 .array/port v0x55aabcea2260, 923;
L_0x55aabcfb9340 .functor BUFZ 32, v0x55aabcea2260_923, C4<00000000000000000000000000000000>, C4<00000000000000000000000000000000>, C4<00000000000000000000000000000000>;
v0x55aabcea2260_924 .array/port v0x55aabcea2260, 924;
L_0x55aabcfb9410 .functor BUFZ 32, v0x55aabcea2260_924, C4<00000000000000000000000000000000>, C4<00000000000000000000000000000000>, C4<00000000000000000000000000000000>;
v0x55aabcea2260_925 .array/port v0x55aabcea2260, 925;
L_0x55aabceab1c0 .functor BUFZ 32, v0x55aabcea2260_925, C4<00000000000000000000000000000000>, C4<00000000000000000000000000000000>, C4<00000000000000000000000000000000>;
v0x55aabcea2260_926 .array/port v0x55aabcea2260, 926;
L_0x55aabceab290 .functor BUFZ 32, v0x55aabcea2260_926, C4<00000000000000000000000000000000>, C4<00000000000000000000000000000000>, C4<00000000000000000000000000000000>;
v0x55aabcea2260_927 .array/port v0x55aabcea2260, 927;
L_0x55aabceab360 .functor BUFZ 32, v0x55aabcea2260_927, C4<00000000000000000000000000000000>, C4<00000000000000000000000000000000>, C4<00000000000000000000000000000000>;
v0x55aabcea2260_928 .array/port v0x55aabcea2260, 928;
L_0x55aabceab430 .functor BUFZ 32, v0x55aabcea2260_928, C4<00000000000000000000000000000000>, C4<00000000000000000000000000000000>, C4<00000000000000000000000000000000>;
v0x55aabcea2260_929 .array/port v0x55aabcea2260, 929;
L_0x55aabceab500 .functor BUFZ 32, v0x55aabcea2260_929, C4<00000000000000000000000000000000>, C4<00000000000000000000000000000000>, C4<00000000000000000000000000000000>;
v0x55aabcea2260_930 .array/port v0x55aabcea2260, 930;
L_0x55aabceab5d0 .functor BUFZ 32, v0x55aabcea2260_930, C4<00000000000000000000000000000000>, C4<00000000000000000000000000000000>, C4<00000000000000000000000000000000>;
v0x55aabcea2260_931 .array/port v0x55aabcea2260, 931;
L_0x55aabceab6a0 .functor BUFZ 32, v0x55aabcea2260_931, C4<00000000000000000000000000000000>, C4<00000000000000000000000000000000>, C4<00000000000000000000000000000000>;
v0x55aabcea2260_932 .array/port v0x55aabcea2260, 932;
L_0x55aabcfb76b0 .functor BUFZ 32, v0x55aabcea2260_932, C4<00000000000000000000000000000000>, C4<00000000000000000000000000000000>, C4<00000000000000000000000000000000>;
v0x55aabcea2260_933 .array/port v0x55aabcea2260, 933;
L_0x55aabcfb7780 .functor BUFZ 32, v0x55aabcea2260_933, C4<00000000000000000000000000000000>, C4<00000000000000000000000000000000>, C4<00000000000000000000000000000000>;
v0x55aabcea2260_934 .array/port v0x55aabcea2260, 934;
L_0x55aabcfb7850 .functor BUFZ 32, v0x55aabcea2260_934, C4<00000000000000000000000000000000>, C4<00000000000000000000000000000000>, C4<00000000000000000000000000000000>;
v0x55aabcea2260_935 .array/port v0x55aabcea2260, 935;
L_0x55aabcfb7920 .functor BUFZ 32, v0x55aabcea2260_935, C4<00000000000000000000000000000000>, C4<00000000000000000000000000000000>, C4<00000000000000000000000000000000>;
v0x55aabcea2260_936 .array/port v0x55aabcea2260, 936;
L_0x55aabcfb79f0 .functor BUFZ 32, v0x55aabcea2260_936, C4<00000000000000000000000000000000>, C4<00000000000000000000000000000000>, C4<00000000000000000000000000000000>;
v0x55aabcea2260_937 .array/port v0x55aabcea2260, 937;
L_0x55aabcfb7ac0 .functor BUFZ 32, v0x55aabcea2260_937, C4<00000000000000000000000000000000>, C4<00000000000000000000000000000000>, C4<00000000000000000000000000000000>;
v0x55aabcea2260_938 .array/port v0x55aabcea2260, 938;
L_0x55aabcfb7b90 .functor BUFZ 32, v0x55aabcea2260_938, C4<00000000000000000000000000000000>, C4<00000000000000000000000000000000>, C4<00000000000000000000000000000000>;
v0x55aabcea2260_939 .array/port v0x55aabcea2260, 939;
L_0x55aabcfb7c60 .functor BUFZ 32, v0x55aabcea2260_939, C4<00000000000000000000000000000000>, C4<00000000000000000000000000000000>, C4<00000000000000000000000000000000>;
v0x55aabcea2260_940 .array/port v0x55aabcea2260, 940;
L_0x55aabcfb7d30 .functor BUFZ 32, v0x55aabcea2260_940, C4<00000000000000000000000000000000>, C4<00000000000000000000000000000000>, C4<00000000000000000000000000000000>;
v0x55aabcea2260_941 .array/port v0x55aabcea2260, 941;
L_0x55aabcfb7e00 .functor BUFZ 32, v0x55aabcea2260_941, C4<00000000000000000000000000000000>, C4<00000000000000000000000000000000>, C4<00000000000000000000000000000000>;
v0x55aabcea2260_942 .array/port v0x55aabcea2260, 942;
L_0x55aabcfb7ed0 .functor BUFZ 32, v0x55aabcea2260_942, C4<00000000000000000000000000000000>, C4<00000000000000000000000000000000>, C4<00000000000000000000000000000000>;
v0x55aabcea2260_943 .array/port v0x55aabcea2260, 943;
L_0x55aabcfb7fa0 .functor BUFZ 32, v0x55aabcea2260_943, C4<00000000000000000000000000000000>, C4<00000000000000000000000000000000>, C4<00000000000000000000000000000000>;
v0x55aabcea2260_944 .array/port v0x55aabcea2260, 944;
L_0x55aabcfb8070 .functor BUFZ 32, v0x55aabcea2260_944, C4<00000000000000000000000000000000>, C4<00000000000000000000000000000000>, C4<00000000000000000000000000000000>;
v0x55aabcea2260_945 .array/port v0x55aabcea2260, 945;
L_0x55aabcfb8140 .functor BUFZ 32, v0x55aabcea2260_945, C4<00000000000000000000000000000000>, C4<00000000000000000000000000000000>, C4<00000000000000000000000000000000>;
v0x55aabcea2260_946 .array/port v0x55aabcea2260, 946;
L_0x55aabcfb8210 .functor BUFZ 32, v0x55aabcea2260_946, C4<00000000000000000000000000000000>, C4<00000000000000000000000000000000>, C4<00000000000000000000000000000000>;
v0x55aabcea2260_947 .array/port v0x55aabcea2260, 947;
L_0x55aabcfb82e0 .functor BUFZ 32, v0x55aabcea2260_947, C4<00000000000000000000000000000000>, C4<00000000000000000000000000000000>, C4<00000000000000000000000000000000>;
v0x55aabcea2260_948 .array/port v0x55aabcea2260, 948;
L_0x55aabcfb83b0 .functor BUFZ 32, v0x55aabcea2260_948, C4<00000000000000000000000000000000>, C4<00000000000000000000000000000000>, C4<00000000000000000000000000000000>;
v0x55aabcea2260_949 .array/port v0x55aabcea2260, 949;
L_0x55aabcfb8480 .functor BUFZ 32, v0x55aabcea2260_949, C4<00000000000000000000000000000000>, C4<00000000000000000000000000000000>, C4<00000000000000000000000000000000>;
v0x55aabcea2260_950 .array/port v0x55aabcea2260, 950;
L_0x55aabcfb8550 .functor BUFZ 32, v0x55aabcea2260_950, C4<00000000000000000000000000000000>, C4<00000000000000000000000000000000>, C4<00000000000000000000000000000000>;
v0x55aabcea2260_951 .array/port v0x55aabcea2260, 951;
L_0x55aabcfb8620 .functor BUFZ 32, v0x55aabcea2260_951, C4<00000000000000000000000000000000>, C4<00000000000000000000000000000000>, C4<00000000000000000000000000000000>;
v0x55aabcea2260_952 .array/port v0x55aabcea2260, 952;
L_0x55aabcfb86f0 .functor BUFZ 32, v0x55aabcea2260_952, C4<00000000000000000000000000000000>, C4<00000000000000000000000000000000>, C4<00000000000000000000000000000000>;
v0x55aabcea2260_953 .array/port v0x55aabcea2260, 953;
L_0x55aabcfb87c0 .functor BUFZ 32, v0x55aabcea2260_953, C4<00000000000000000000000000000000>, C4<00000000000000000000000000000000>, C4<00000000000000000000000000000000>;
v0x55aabcea2260_954 .array/port v0x55aabcea2260, 954;
L_0x55aabcfb8890 .functor BUFZ 32, v0x55aabcea2260_954, C4<00000000000000000000000000000000>, C4<00000000000000000000000000000000>, C4<00000000000000000000000000000000>;
v0x55aabcea2260_955 .array/port v0x55aabcea2260, 955;
L_0x55aabcfb8960 .functor BUFZ 32, v0x55aabcea2260_955, C4<00000000000000000000000000000000>, C4<00000000000000000000000000000000>, C4<00000000000000000000000000000000>;
v0x55aabcea2260_956 .array/port v0x55aabcea2260, 956;
L_0x55aabcfb8a30 .functor BUFZ 32, v0x55aabcea2260_956, C4<00000000000000000000000000000000>, C4<00000000000000000000000000000000>, C4<00000000000000000000000000000000>;
v0x55aabcea2260_957 .array/port v0x55aabcea2260, 957;
L_0x55aabcfb8b00 .functor BUFZ 32, v0x55aabcea2260_957, C4<00000000000000000000000000000000>, C4<00000000000000000000000000000000>, C4<00000000000000000000000000000000>;
v0x55aabcea2260_958 .array/port v0x55aabcea2260, 958;
L_0x55aabcfb8bd0 .functor BUFZ 32, v0x55aabcea2260_958, C4<00000000000000000000000000000000>, C4<00000000000000000000000000000000>, C4<00000000000000000000000000000000>;
v0x55aabcea2260_959 .array/port v0x55aabcea2260, 959;
L_0x55aabcfb8ca0 .functor BUFZ 32, v0x55aabcea2260_959, C4<00000000000000000000000000000000>, C4<00000000000000000000000000000000>, C4<00000000000000000000000000000000>;
v0x55aabcea2260_960 .array/port v0x55aabcea2260, 960;
L_0x55aabcfb8d70 .functor BUFZ 32, v0x55aabcea2260_960, C4<00000000000000000000000000000000>, C4<00000000000000000000000000000000>, C4<00000000000000000000000000000000>;
v0x55aabcea2260_961 .array/port v0x55aabcea2260, 961;
L_0x55aabcfb8e40 .functor BUFZ 32, v0x55aabcea2260_961, C4<00000000000000000000000000000000>, C4<00000000000000000000000000000000>, C4<00000000000000000000000000000000>;
v0x55aabcea2260_962 .array/port v0x55aabcea2260, 962;
L_0x55aabcfb8f10 .functor BUFZ 32, v0x55aabcea2260_962, C4<00000000000000000000000000000000>, C4<00000000000000000000000000000000>, C4<00000000000000000000000000000000>;
v0x55aabcea2260_963 .array/port v0x55aabcea2260, 963;
L_0x55aabcfb8fe0 .functor BUFZ 32, v0x55aabcea2260_963, C4<00000000000000000000000000000000>, C4<00000000000000000000000000000000>, C4<00000000000000000000000000000000>;
v0x55aabcea2260_964 .array/port v0x55aabcea2260, 964;
L_0x55aabcfb90b0 .functor BUFZ 32, v0x55aabcea2260_964, C4<00000000000000000000000000000000>, C4<00000000000000000000000000000000>, C4<00000000000000000000000000000000>;
v0x55aabcea2260_965 .array/port v0x55aabcea2260, 965;
L_0x55aabcfb9180 .functor BUFZ 32, v0x55aabcea2260_965, C4<00000000000000000000000000000000>, C4<00000000000000000000000000000000>, C4<00000000000000000000000000000000>;
v0x55aabcea2260_966 .array/port v0x55aabcea2260, 966;
L_0x55aabcfb9250 .functor BUFZ 32, v0x55aabcea2260_966, C4<00000000000000000000000000000000>, C4<00000000000000000000000000000000>, C4<00000000000000000000000000000000>;
v0x55aabcea2260_967 .array/port v0x55aabcea2260, 967;
L_0x55aabcfbb330 .functor BUFZ 32, v0x55aabcea2260_967, C4<00000000000000000000000000000000>, C4<00000000000000000000000000000000>, C4<00000000000000000000000000000000>;
v0x55aabcea2260_968 .array/port v0x55aabcea2260, 968;
L_0x55aabcfbb400 .functor BUFZ 32, v0x55aabcea2260_968, C4<00000000000000000000000000000000>, C4<00000000000000000000000000000000>, C4<00000000000000000000000000000000>;
v0x55aabcea2260_969 .array/port v0x55aabcea2260, 969;
L_0x55aabceab720 .functor BUFZ 32, v0x55aabcea2260_969, C4<00000000000000000000000000000000>, C4<00000000000000000000000000000000>, C4<00000000000000000000000000000000>;
v0x55aabcea2260_970 .array/port v0x55aabcea2260, 970;
L_0x55aabceab7f0 .functor BUFZ 32, v0x55aabcea2260_970, C4<00000000000000000000000000000000>, C4<00000000000000000000000000000000>, C4<00000000000000000000000000000000>;
v0x55aabcea2260_971 .array/port v0x55aabcea2260, 971;
L_0x55aabceab8c0 .functor BUFZ 32, v0x55aabcea2260_971, C4<00000000000000000000000000000000>, C4<00000000000000000000000000000000>, C4<00000000000000000000000000000000>;
v0x55aabcea2260_972 .array/port v0x55aabcea2260, 972;
L_0x55aabceab990 .functor BUFZ 32, v0x55aabcea2260_972, C4<00000000000000000000000000000000>, C4<00000000000000000000000000000000>, C4<00000000000000000000000000000000>;
v0x55aabcea2260_973 .array/port v0x55aabcea2260, 973;
L_0x55aabceaba60 .functor BUFZ 32, v0x55aabcea2260_973, C4<00000000000000000000000000000000>, C4<00000000000000000000000000000000>, C4<00000000000000000000000000000000>;
v0x55aabcea2260_974 .array/port v0x55aabcea2260, 974;
L_0x55aabceabb30 .functor BUFZ 32, v0x55aabcea2260_974, C4<00000000000000000000000000000000>, C4<00000000000000000000000000000000>, C4<00000000000000000000000000000000>;
v0x55aabcea2260_975 .array/port v0x55aabcea2260, 975;
L_0x55aabceabc00 .functor BUFZ 32, v0x55aabcea2260_975, C4<00000000000000000000000000000000>, C4<00000000000000000000000000000000>, C4<00000000000000000000000000000000>;
v0x55aabcea2260_976 .array/port v0x55aabcea2260, 976;
L_0x55aabcfb9510 .functor BUFZ 32, v0x55aabcea2260_976, C4<00000000000000000000000000000000>, C4<00000000000000000000000000000000>, C4<00000000000000000000000000000000>;
v0x55aabcea2260_977 .array/port v0x55aabcea2260, 977;
L_0x55aabcfb95e0 .functor BUFZ 32, v0x55aabcea2260_977, C4<00000000000000000000000000000000>, C4<00000000000000000000000000000000>, C4<00000000000000000000000000000000>;
v0x55aabcea2260_978 .array/port v0x55aabcea2260, 978;
L_0x55aabcfb96b0 .functor BUFZ 32, v0x55aabcea2260_978, C4<00000000000000000000000000000000>, C4<00000000000000000000000000000000>, C4<00000000000000000000000000000000>;
v0x55aabcea2260_979 .array/port v0x55aabcea2260, 979;
L_0x55aabcfb9780 .functor BUFZ 32, v0x55aabcea2260_979, C4<00000000000000000000000000000000>, C4<00000000000000000000000000000000>, C4<00000000000000000000000000000000>;
v0x55aabcea2260_980 .array/port v0x55aabcea2260, 980;
L_0x55aabcfb9850 .functor BUFZ 32, v0x55aabcea2260_980, C4<00000000000000000000000000000000>, C4<00000000000000000000000000000000>, C4<00000000000000000000000000000000>;
v0x55aabcea2260_981 .array/port v0x55aabcea2260, 981;
L_0x55aabcfb9920 .functor BUFZ 32, v0x55aabcea2260_981, C4<00000000000000000000000000000000>, C4<00000000000000000000000000000000>, C4<00000000000000000000000000000000>;
v0x55aabcea2260_982 .array/port v0x55aabcea2260, 982;
L_0x55aabcfb99f0 .functor BUFZ 32, v0x55aabcea2260_982, C4<00000000000000000000000000000000>, C4<00000000000000000000000000000000>, C4<00000000000000000000000000000000>;
v0x55aabcea2260_983 .array/port v0x55aabcea2260, 983;
L_0x55aabcfb9ac0 .functor BUFZ 32, v0x55aabcea2260_983, C4<00000000000000000000000000000000>, C4<00000000000000000000000000000000>, C4<00000000000000000000000000000000>;
v0x55aabcea2260_984 .array/port v0x55aabcea2260, 984;
L_0x55aabcfb9b90 .functor BUFZ 32, v0x55aabcea2260_984, C4<00000000000000000000000000000000>, C4<00000000000000000000000000000000>, C4<00000000000000000000000000000000>;
v0x55aabcea2260_985 .array/port v0x55aabcea2260, 985;
L_0x55aabcfb9c60 .functor BUFZ 32, v0x55aabcea2260_985, C4<00000000000000000000000000000000>, C4<00000000000000000000000000000000>, C4<00000000000000000000000000000000>;
v0x55aabcea2260_986 .array/port v0x55aabcea2260, 986;
L_0x55aabcfb9d30 .functor BUFZ 32, v0x55aabcea2260_986, C4<00000000000000000000000000000000>, C4<00000000000000000000000000000000>, C4<00000000000000000000000000000000>;
v0x55aabcea2260_987 .array/port v0x55aabcea2260, 987;
L_0x55aabcfb9e00 .functor BUFZ 32, v0x55aabcea2260_987, C4<00000000000000000000000000000000>, C4<00000000000000000000000000000000>, C4<00000000000000000000000000000000>;
v0x55aabcea2260_988 .array/port v0x55aabcea2260, 988;
L_0x55aabcfb9ed0 .functor BUFZ 32, v0x55aabcea2260_988, C4<00000000000000000000000000000000>, C4<00000000000000000000000000000000>, C4<00000000000000000000000000000000>;
v0x55aabcea2260_989 .array/port v0x55aabcea2260, 989;
L_0x55aabcfb9fa0 .functor BUFZ 32, v0x55aabcea2260_989, C4<00000000000000000000000000000000>, C4<00000000000000000000000000000000>, C4<00000000000000000000000000000000>;
v0x55aabcea2260_990 .array/port v0x55aabcea2260, 990;
L_0x55aabcfba070 .functor BUFZ 32, v0x55aabcea2260_990, C4<00000000000000000000000000000000>, C4<00000000000000000000000000000000>, C4<00000000000000000000000000000000>;
v0x55aabcea2260_991 .array/port v0x55aabcea2260, 991;
L_0x55aabcfba140 .functor BUFZ 32, v0x55aabcea2260_991, C4<00000000000000000000000000000000>, C4<00000000000000000000000000000000>, C4<00000000000000000000000000000000>;
v0x55aabcea2260_992 .array/port v0x55aabcea2260, 992;
L_0x55aabcfba210 .functor BUFZ 32, v0x55aabcea2260_992, C4<00000000000000000000000000000000>, C4<00000000000000000000000000000000>, C4<00000000000000000000000000000000>;
v0x55aabcea2260_993 .array/port v0x55aabcea2260, 993;
L_0x55aabcfba2e0 .functor BUFZ 32, v0x55aabcea2260_993, C4<00000000000000000000000000000000>, C4<00000000000000000000000000000000>, C4<00000000000000000000000000000000>;
v0x55aabcea2260_994 .array/port v0x55aabcea2260, 994;
L_0x55aabcfba3b0 .functor BUFZ 32, v0x55aabcea2260_994, C4<00000000000000000000000000000000>, C4<00000000000000000000000000000000>, C4<00000000000000000000000000000000>;
v0x55aabcea2260_995 .array/port v0x55aabcea2260, 995;
L_0x55aabcfba480 .functor BUFZ 32, v0x55aabcea2260_995, C4<00000000000000000000000000000000>, C4<00000000000000000000000000000000>, C4<00000000000000000000000000000000>;
v0x55aabcea2260_996 .array/port v0x55aabcea2260, 996;
L_0x55aabcfba550 .functor BUFZ 32, v0x55aabcea2260_996, C4<00000000000000000000000000000000>, C4<00000000000000000000000000000000>, C4<00000000000000000000000000000000>;
v0x55aabcea2260_997 .array/port v0x55aabcea2260, 997;
L_0x55aabcfba620 .functor BUFZ 32, v0x55aabcea2260_997, C4<00000000000000000000000000000000>, C4<00000000000000000000000000000000>, C4<00000000000000000000000000000000>;
v0x55aabcea2260_998 .array/port v0x55aabcea2260, 998;
L_0x55aabcfba6f0 .functor BUFZ 32, v0x55aabcea2260_998, C4<00000000000000000000000000000000>, C4<00000000000000000000000000000000>, C4<00000000000000000000000000000000>;
v0x55aabcea2260_999 .array/port v0x55aabcea2260, 999;
L_0x55aabcfba7c0 .functor BUFZ 32, v0x55aabcea2260_999, C4<00000000000000000000000000000000>, C4<00000000000000000000000000000000>, C4<00000000000000000000000000000000>;
v0x55aabcea2260_1000 .array/port v0x55aabcea2260, 1000;
L_0x55aabcfba890 .functor BUFZ 32, v0x55aabcea2260_1000, C4<00000000000000000000000000000000>, C4<00000000000000000000000000000000>, C4<00000000000000000000000000000000>;
v0x55aabcea2260_1001 .array/port v0x55aabcea2260, 1001;
L_0x55aabcfba960 .functor BUFZ 32, v0x55aabcea2260_1001, C4<00000000000000000000000000000000>, C4<00000000000000000000000000000000>, C4<00000000000000000000000000000000>;
v0x55aabcea2260_1002 .array/port v0x55aabcea2260, 1002;
L_0x55aabcfbaa30 .functor BUFZ 32, v0x55aabcea2260_1002, C4<00000000000000000000000000000000>, C4<00000000000000000000000000000000>, C4<00000000000000000000000000000000>;
v0x55aabcea2260_1003 .array/port v0x55aabcea2260, 1003;
L_0x55aabcfbab00 .functor BUFZ 32, v0x55aabcea2260_1003, C4<00000000000000000000000000000000>, C4<00000000000000000000000000000000>, C4<00000000000000000000000000000000>;
v0x55aabcea2260_1004 .array/port v0x55aabcea2260, 1004;
L_0x55aabcfbabd0 .functor BUFZ 32, v0x55aabcea2260_1004, C4<00000000000000000000000000000000>, C4<00000000000000000000000000000000>, C4<00000000000000000000000000000000>;
v0x55aabcea2260_1005 .array/port v0x55aabcea2260, 1005;
L_0x55aabcfbaca0 .functor BUFZ 32, v0x55aabcea2260_1005, C4<00000000000000000000000000000000>, C4<00000000000000000000000000000000>, C4<00000000000000000000000000000000>;
v0x55aabcea2260_1006 .array/port v0x55aabcea2260, 1006;
L_0x55aabcfbad70 .functor BUFZ 32, v0x55aabcea2260_1006, C4<00000000000000000000000000000000>, C4<00000000000000000000000000000000>, C4<00000000000000000000000000000000>;
v0x55aabcea2260_1007 .array/port v0x55aabcea2260, 1007;
L_0x55aabcfbae40 .functor BUFZ 32, v0x55aabcea2260_1007, C4<00000000000000000000000000000000>, C4<00000000000000000000000000000000>, C4<00000000000000000000000000000000>;
v0x55aabcea2260_1008 .array/port v0x55aabcea2260, 1008;
L_0x55aabcfbaf10 .functor BUFZ 32, v0x55aabcea2260_1008, C4<00000000000000000000000000000000>, C4<00000000000000000000000000000000>, C4<00000000000000000000000000000000>;
v0x55aabcea2260_1009 .array/port v0x55aabcea2260, 1009;
L_0x55aabcfbafe0 .functor BUFZ 32, v0x55aabcea2260_1009, C4<00000000000000000000000000000000>, C4<00000000000000000000000000000000>, C4<00000000000000000000000000000000>;
v0x55aabcea2260_1010 .array/port v0x55aabcea2260, 1010;
L_0x55aabcfbb0b0 .functor BUFZ 32, v0x55aabcea2260_1010, C4<00000000000000000000000000000000>, C4<00000000000000000000000000000000>, C4<00000000000000000000000000000000>;
v0x55aabcea2260_1011 .array/port v0x55aabcea2260, 1011;
L_0x55aabcfbb180 .functor BUFZ 32, v0x55aabcea2260_1011, C4<00000000000000000000000000000000>, C4<00000000000000000000000000000000>, C4<00000000000000000000000000000000>;
v0x55aabcea2260_1012 .array/port v0x55aabcea2260, 1012;
L_0x55aabcfbb250 .functor BUFZ 32, v0x55aabcea2260_1012, C4<00000000000000000000000000000000>, C4<00000000000000000000000000000000>, C4<00000000000000000000000000000000>;
v0x55aabcea2260_1013 .array/port v0x55aabcea2260, 1013;
L_0x55aabcfbd490 .functor BUFZ 32, v0x55aabcea2260_1013, C4<00000000000000000000000000000000>, C4<00000000000000000000000000000000>, C4<00000000000000000000000000000000>;
v0x55aabcea2260_1014 .array/port v0x55aabcea2260, 1014;
L_0x55aabcfbd560 .functor BUFZ 32, v0x55aabcea2260_1014, C4<00000000000000000000000000000000>, C4<00000000000000000000000000000000>, C4<00000000000000000000000000000000>;
v0x55aabcea2260_1015 .array/port v0x55aabcea2260, 1015;
L_0x55aabceabca0 .functor BUFZ 32, v0x55aabcea2260_1015, C4<00000000000000000000000000000000>, C4<00000000000000000000000000000000>, C4<00000000000000000000000000000000>;
v0x55aabcea2260_1016 .array/port v0x55aabcea2260, 1016;
L_0x55aabceabd70 .functor BUFZ 32, v0x55aabcea2260_1016, C4<00000000000000000000000000000000>, C4<00000000000000000000000000000000>, C4<00000000000000000000000000000000>;
v0x55aabcea2260_1017 .array/port v0x55aabcea2260, 1017;
L_0x55aabceabe40 .functor BUFZ 32, v0x55aabcea2260_1017, C4<00000000000000000000000000000000>, C4<00000000000000000000000000000000>, C4<00000000000000000000000000000000>;
v0x55aabcea2260_1018 .array/port v0x55aabcea2260, 1018;
L_0x55aabceabf10 .functor BUFZ 32, v0x55aabcea2260_1018, C4<00000000000000000000000000000000>, C4<00000000000000000000000000000000>, C4<00000000000000000000000000000000>;
v0x55aabcea2260_1019 .array/port v0x55aabcea2260, 1019;
L_0x55aabceabfe0 .functor BUFZ 32, v0x55aabcea2260_1019, C4<00000000000000000000000000000000>, C4<00000000000000000000000000000000>, C4<00000000000000000000000000000000>;
v0x55aabcea2260_1020 .array/port v0x55aabcea2260, 1020;
L_0x55aabceac0b0 .functor BUFZ 32, v0x55aabcea2260_1020, C4<00000000000000000000000000000000>, C4<00000000000000000000000000000000>, C4<00000000000000000000000000000000>;
v0x55aabcea2260_1021 .array/port v0x55aabcea2260, 1021;
L_0x55aabceac180 .functor BUFZ 32, v0x55aabcea2260_1021, C4<00000000000000000000000000000000>, C4<00000000000000000000000000000000>, C4<00000000000000000000000000000000>;
v0x55aabcea2260_1022 .array/port v0x55aabcea2260, 1022;
L_0x55aabcfbb4d0 .functor BUFZ 32, v0x55aabcea2260_1022, C4<00000000000000000000000000000000>, C4<00000000000000000000000000000000>, C4<00000000000000000000000000000000>;
v0x55aabcea2260_1023 .array/port v0x55aabcea2260, 1023;
L_0x55aabcfbb5a0 .functor BUFZ 32, v0x55aabcea2260_1023, C4<00000000000000000000000000000000>, C4<00000000000000000000000000000000>, C4<00000000000000000000000000000000>;
v0x55aabce460a0_0 .array/port v0x55aabce460a0, 0;
L_0x55aabcfbb670 .functor BUFZ 32, v0x55aabce460a0_0, C4<00000000000000000000000000000000>, C4<00000000000000000000000000000000>, C4<00000000000000000000000000000000>;
v0x55aabce460a0_1 .array/port v0x55aabce460a0, 1;
L_0x55aabcfbb740 .functor BUFZ 32, v0x55aabce460a0_1, C4<00000000000000000000000000000000>, C4<00000000000000000000000000000000>, C4<00000000000000000000000000000000>;
v0x55aabce460a0_2 .array/port v0x55aabce460a0, 2;
L_0x55aabcfbb810 .functor BUFZ 32, v0x55aabce460a0_2, C4<00000000000000000000000000000000>, C4<00000000000000000000000000000000>, C4<00000000000000000000000000000000>;
v0x55aabce460a0_3 .array/port v0x55aabce460a0, 3;
L_0x55aabcfbb8e0 .functor BUFZ 32, v0x55aabce460a0_3, C4<00000000000000000000000000000000>, C4<00000000000000000000000000000000>, C4<00000000000000000000000000000000>;
v0x55aabce460a0_4 .array/port v0x55aabce460a0, 4;
L_0x55aabcfbb9b0 .functor BUFZ 32, v0x55aabce460a0_4, C4<00000000000000000000000000000000>, C4<00000000000000000000000000000000>, C4<00000000000000000000000000000000>;
v0x55aabce460a0_5 .array/port v0x55aabce460a0, 5;
L_0x55aabcfbba80 .functor BUFZ 32, v0x55aabce460a0_5, C4<00000000000000000000000000000000>, C4<00000000000000000000000000000000>, C4<00000000000000000000000000000000>;
v0x55aabce460a0_6 .array/port v0x55aabce460a0, 6;
L_0x55aabcfbbb50 .functor BUFZ 32, v0x55aabce460a0_6, C4<00000000000000000000000000000000>, C4<00000000000000000000000000000000>, C4<00000000000000000000000000000000>;
v0x55aabce460a0_7 .array/port v0x55aabce460a0, 7;
L_0x55aabcfbbc20 .functor BUFZ 32, v0x55aabce460a0_7, C4<00000000000000000000000000000000>, C4<00000000000000000000000000000000>, C4<00000000000000000000000000000000>;
v0x55aabce460a0_8 .array/port v0x55aabce460a0, 8;
L_0x55aabcfbbcf0 .functor BUFZ 32, v0x55aabce460a0_8, C4<00000000000000000000000000000000>, C4<00000000000000000000000000000000>, C4<00000000000000000000000000000000>;
v0x55aabce460a0_9 .array/port v0x55aabce460a0, 9;
L_0x55aabcfbbdc0 .functor BUFZ 32, v0x55aabce460a0_9, C4<00000000000000000000000000000000>, C4<00000000000000000000000000000000>, C4<00000000000000000000000000000000>;
v0x55aabce460a0_10 .array/port v0x55aabce460a0, 10;
L_0x55aabcfbbe90 .functor BUFZ 32, v0x55aabce460a0_10, C4<00000000000000000000000000000000>, C4<00000000000000000000000000000000>, C4<00000000000000000000000000000000>;
v0x55aabce460a0_11 .array/port v0x55aabce460a0, 11;
L_0x55aabcfbbf60 .functor BUFZ 32, v0x55aabce460a0_11, C4<00000000000000000000000000000000>, C4<00000000000000000000000000000000>, C4<00000000000000000000000000000000>;
v0x55aabce460a0_12 .array/port v0x55aabce460a0, 12;
L_0x55aabcfbc030 .functor BUFZ 32, v0x55aabce460a0_12, C4<00000000000000000000000000000000>, C4<00000000000000000000000000000000>, C4<00000000000000000000000000000000>;
v0x55aabce460a0_13 .array/port v0x55aabce460a0, 13;
L_0x55aabcfbc100 .functor BUFZ 32, v0x55aabce460a0_13, C4<00000000000000000000000000000000>, C4<00000000000000000000000000000000>, C4<00000000000000000000000000000000>;
v0x55aabce460a0_14 .array/port v0x55aabce460a0, 14;
L_0x55aabcfbc1d0 .functor BUFZ 32, v0x55aabce460a0_14, C4<00000000000000000000000000000000>, C4<00000000000000000000000000000000>, C4<00000000000000000000000000000000>;
v0x55aabce460a0_15 .array/port v0x55aabce460a0, 15;
L_0x55aabcfbc2a0 .functor BUFZ 32, v0x55aabce460a0_15, C4<00000000000000000000000000000000>, C4<00000000000000000000000000000000>, C4<00000000000000000000000000000000>;
v0x55aabce460a0_16 .array/port v0x55aabce460a0, 16;
L_0x55aabcfbc370 .functor BUFZ 32, v0x55aabce460a0_16, C4<00000000000000000000000000000000>, C4<00000000000000000000000000000000>, C4<00000000000000000000000000000000>;
v0x55aabce460a0_17 .array/port v0x55aabce460a0, 17;
L_0x55aabcfbc440 .functor BUFZ 32, v0x55aabce460a0_17, C4<00000000000000000000000000000000>, C4<00000000000000000000000000000000>, C4<00000000000000000000000000000000>;
v0x55aabce460a0_18 .array/port v0x55aabce460a0, 18;
L_0x55aabcfbc510 .functor BUFZ 32, v0x55aabce460a0_18, C4<00000000000000000000000000000000>, C4<00000000000000000000000000000000>, C4<00000000000000000000000000000000>;
v0x55aabce460a0_19 .array/port v0x55aabce460a0, 19;
L_0x55aabcfbc5e0 .functor BUFZ 32, v0x55aabce460a0_19, C4<00000000000000000000000000000000>, C4<00000000000000000000000000000000>, C4<00000000000000000000000000000000>;
v0x55aabce460a0_20 .array/port v0x55aabce460a0, 20;
L_0x55aabcfbc6b0 .functor BUFZ 32, v0x55aabce460a0_20, C4<00000000000000000000000000000000>, C4<00000000000000000000000000000000>, C4<00000000000000000000000000000000>;
v0x55aabce460a0_21 .array/port v0x55aabce460a0, 21;
L_0x55aabcfbc780 .functor BUFZ 32, v0x55aabce460a0_21, C4<00000000000000000000000000000000>, C4<00000000000000000000000000000000>, C4<00000000000000000000000000000000>;
v0x55aabce460a0_22 .array/port v0x55aabce460a0, 22;
L_0x55aabcfbc850 .functor BUFZ 32, v0x55aabce460a0_22, C4<00000000000000000000000000000000>, C4<00000000000000000000000000000000>, C4<00000000000000000000000000000000>;
v0x55aabce460a0_23 .array/port v0x55aabce460a0, 23;
L_0x55aabcfbc920 .functor BUFZ 32, v0x55aabce460a0_23, C4<00000000000000000000000000000000>, C4<00000000000000000000000000000000>, C4<00000000000000000000000000000000>;
v0x55aabce460a0_24 .array/port v0x55aabce460a0, 24;
L_0x55aabcfbc9f0 .functor BUFZ 32, v0x55aabce460a0_24, C4<00000000000000000000000000000000>, C4<00000000000000000000000000000000>, C4<00000000000000000000000000000000>;
v0x55aabce460a0_25 .array/port v0x55aabce460a0, 25;
L_0x55aabcfbcac0 .functor BUFZ 32, v0x55aabce460a0_25, C4<00000000000000000000000000000000>, C4<00000000000000000000000000000000>, C4<00000000000000000000000000000000>;
v0x55aabce460a0_26 .array/port v0x55aabce460a0, 26;
L_0x55aabcfbcb90 .functor BUFZ 32, v0x55aabce460a0_26, C4<00000000000000000000000000000000>, C4<00000000000000000000000000000000>, C4<00000000000000000000000000000000>;
v0x55aabce460a0_27 .array/port v0x55aabce460a0, 27;
L_0x55aabcfbcc60 .functor BUFZ 32, v0x55aabce460a0_27, C4<00000000000000000000000000000000>, C4<00000000000000000000000000000000>, C4<00000000000000000000000000000000>;
v0x55aabce460a0_28 .array/port v0x55aabce460a0, 28;
L_0x55aabcfbcd30 .functor BUFZ 32, v0x55aabce460a0_28, C4<00000000000000000000000000000000>, C4<00000000000000000000000000000000>, C4<00000000000000000000000000000000>;
v0x55aabce460a0_29 .array/port v0x55aabce460a0, 29;
L_0x55aabcfbce00 .functor BUFZ 32, v0x55aabce460a0_29, C4<00000000000000000000000000000000>, C4<00000000000000000000000000000000>, C4<00000000000000000000000000000000>;
v0x55aabce460a0_30 .array/port v0x55aabce460a0, 30;
L_0x55aabcfbced0 .functor BUFZ 32, v0x55aabce460a0_30, C4<00000000000000000000000000000000>, C4<00000000000000000000000000000000>, C4<00000000000000000000000000000000>;
v0x55aabce460a0_31 .array/port v0x55aabce460a0, 31;
L_0x55aabcfbcfa0 .functor BUFZ 32, v0x55aabce460a0_31, C4<00000000000000000000000000000000>, C4<00000000000000000000000000000000>, C4<00000000000000000000000000000000>;
v0x55aabce460a0_32 .array/port v0x55aabce460a0, 32;
L_0x55aabcfbd070 .functor BUFZ 32, v0x55aabce460a0_32, C4<00000000000000000000000000000000>, C4<00000000000000000000000000000000>, C4<00000000000000000000000000000000>;
v0x55aabce460a0_33 .array/port v0x55aabce460a0, 33;
L_0x55aabcfbd140 .functor BUFZ 32, v0x55aabce460a0_33, C4<00000000000000000000000000000000>, C4<00000000000000000000000000000000>, C4<00000000000000000000000000000000>;
v0x55aabce460a0_34 .array/port v0x55aabce460a0, 34;
L_0x55aabcfbd210 .functor BUFZ 32, v0x55aabce460a0_34, C4<00000000000000000000000000000000>, C4<00000000000000000000000000000000>, C4<00000000000000000000000000000000>;
v0x55aabce460a0_35 .array/port v0x55aabce460a0, 35;
L_0x55aabcfbd2e0 .functor BUFZ 32, v0x55aabce460a0_35, C4<00000000000000000000000000000000>, C4<00000000000000000000000000000000>, C4<00000000000000000000000000000000>;
v0x55aabce460a0_36 .array/port v0x55aabce460a0, 36;
L_0x55aabcfbd3b0 .functor BUFZ 32, v0x55aabce460a0_36, C4<00000000000000000000000000000000>, C4<00000000000000000000000000000000>, C4<00000000000000000000000000000000>;
v0x55aabce460a0_37 .array/port v0x55aabce460a0, 37;
L_0x55aabcfbf770 .functor BUFZ 32, v0x55aabce460a0_37, C4<00000000000000000000000000000000>, C4<00000000000000000000000000000000>, C4<00000000000000000000000000000000>;
v0x55aabce460a0_38 .array/port v0x55aabce460a0, 38;
L_0x55aabcfbf840 .functor BUFZ 32, v0x55aabce460a0_38, C4<00000000000000000000000000000000>, C4<00000000000000000000000000000000>, C4<00000000000000000000000000000000>;
v0x55aabce460a0_39 .array/port v0x55aabce460a0, 39;
L_0x55aabceac260 .functor BUFZ 32, v0x55aabce460a0_39, C4<00000000000000000000000000000000>, C4<00000000000000000000000000000000>, C4<00000000000000000000000000000000>;
v0x55aabce460a0_40 .array/port v0x55aabce460a0, 40;
L_0x55aabce46160 .functor BUFZ 32, v0x55aabce460a0_40, C4<00000000000000000000000000000000>, C4<00000000000000000000000000000000>, C4<00000000000000000000000000000000>;
v0x55aabce460a0_41 .array/port v0x55aabce460a0, 41;
L_0x55aabce46230 .functor BUFZ 32, v0x55aabce460a0_41, C4<00000000000000000000000000000000>, C4<00000000000000000000000000000000>, C4<00000000000000000000000000000000>;
v0x55aabce460a0_42 .array/port v0x55aabce460a0, 42;
L_0x55aabce46300 .functor BUFZ 32, v0x55aabce460a0_42, C4<00000000000000000000000000000000>, C4<00000000000000000000000000000000>, C4<00000000000000000000000000000000>;
v0x55aabce460a0_43 .array/port v0x55aabce460a0, 43;
L_0x55aabce463d0 .functor BUFZ 32, v0x55aabce460a0_43, C4<00000000000000000000000000000000>, C4<00000000000000000000000000000000>, C4<00000000000000000000000000000000>;
v0x55aabce460a0_44 .array/port v0x55aabce460a0, 44;
L_0x55aabce464a0 .functor BUFZ 32, v0x55aabce460a0_44, C4<00000000000000000000000000000000>, C4<00000000000000000000000000000000>, C4<00000000000000000000000000000000>;
v0x55aabce460a0_45 .array/port v0x55aabce460a0, 45;
L_0x55aabce46570 .functor BUFZ 32, v0x55aabce460a0_45, C4<00000000000000000000000000000000>, C4<00000000000000000000000000000000>, C4<00000000000000000000000000000000>;
v0x55aabce460a0_46 .array/port v0x55aabce460a0, 46;
L_0x55aabcfbd630 .functor BUFZ 32, v0x55aabce460a0_46, C4<00000000000000000000000000000000>, C4<00000000000000000000000000000000>, C4<00000000000000000000000000000000>;
v0x55aabce460a0_47 .array/port v0x55aabce460a0, 47;
L_0x55aabcfbd700 .functor BUFZ 32, v0x55aabce460a0_47, C4<00000000000000000000000000000000>, C4<00000000000000000000000000000000>, C4<00000000000000000000000000000000>;
v0x55aabce460a0_48 .array/port v0x55aabce460a0, 48;
L_0x55aabcfbd7d0 .functor BUFZ 32, v0x55aabce460a0_48, C4<00000000000000000000000000000000>, C4<00000000000000000000000000000000>, C4<00000000000000000000000000000000>;
v0x55aabce460a0_49 .array/port v0x55aabce460a0, 49;
L_0x55aabcfbd8a0 .functor BUFZ 32, v0x55aabce460a0_49, C4<00000000000000000000000000000000>, C4<00000000000000000000000000000000>, C4<00000000000000000000000000000000>;
v0x55aabce460a0_50 .array/port v0x55aabce460a0, 50;
L_0x55aabcfbd970 .functor BUFZ 32, v0x55aabce460a0_50, C4<00000000000000000000000000000000>, C4<00000000000000000000000000000000>, C4<00000000000000000000000000000000>;
v0x55aabce460a0_51 .array/port v0x55aabce460a0, 51;
L_0x55aabcfbda40 .functor BUFZ 32, v0x55aabce460a0_51, C4<00000000000000000000000000000000>, C4<00000000000000000000000000000000>, C4<00000000000000000000000000000000>;
v0x55aabce460a0_52 .array/port v0x55aabce460a0, 52;
L_0x55aabcfbdb10 .functor BUFZ 32, v0x55aabce460a0_52, C4<00000000000000000000000000000000>, C4<00000000000000000000000000000000>, C4<00000000000000000000000000000000>;
v0x55aabce460a0_53 .array/port v0x55aabce460a0, 53;
L_0x55aabcfbdbe0 .functor BUFZ 32, v0x55aabce460a0_53, C4<00000000000000000000000000000000>, C4<00000000000000000000000000000000>, C4<00000000000000000000000000000000>;
v0x55aabce460a0_54 .array/port v0x55aabce460a0, 54;
L_0x55aabcfbdcb0 .functor BUFZ 32, v0x55aabce460a0_54, C4<00000000000000000000000000000000>, C4<00000000000000000000000000000000>, C4<00000000000000000000000000000000>;
v0x55aabce460a0_55 .array/port v0x55aabce460a0, 55;
L_0x55aabcfbdd80 .functor BUFZ 32, v0x55aabce460a0_55, C4<00000000000000000000000000000000>, C4<00000000000000000000000000000000>, C4<00000000000000000000000000000000>;
v0x55aabce460a0_56 .array/port v0x55aabce460a0, 56;
L_0x55aabcfbde50 .functor BUFZ 32, v0x55aabce460a0_56, C4<00000000000000000000000000000000>, C4<00000000000000000000000000000000>, C4<00000000000000000000000000000000>;
v0x55aabce460a0_57 .array/port v0x55aabce460a0, 57;
L_0x55aabcfbdf20 .functor BUFZ 32, v0x55aabce460a0_57, C4<00000000000000000000000000000000>, C4<00000000000000000000000000000000>, C4<00000000000000000000000000000000>;
v0x55aabce460a0_58 .array/port v0x55aabce460a0, 58;
L_0x55aabcfbdff0 .functor BUFZ 32, v0x55aabce460a0_58, C4<00000000000000000000000000000000>, C4<00000000000000000000000000000000>, C4<00000000000000000000000000000000>;
v0x55aabce460a0_59 .array/port v0x55aabce460a0, 59;
L_0x55aabcfbe0c0 .functor BUFZ 32, v0x55aabce460a0_59, C4<00000000000000000000000000000000>, C4<00000000000000000000000000000000>, C4<00000000000000000000000000000000>;
v0x55aabce460a0_60 .array/port v0x55aabce460a0, 60;
L_0x55aabcfbe190 .functor BUFZ 32, v0x55aabce460a0_60, C4<00000000000000000000000000000000>, C4<00000000000000000000000000000000>, C4<00000000000000000000000000000000>;
v0x55aabce460a0_61 .array/port v0x55aabce460a0, 61;
L_0x55aabcfbe260 .functor BUFZ 32, v0x55aabce460a0_61, C4<00000000000000000000000000000000>, C4<00000000000000000000000000000000>, C4<00000000000000000000000000000000>;
v0x55aabce460a0_62 .array/port v0x55aabce460a0, 62;
L_0x55aabcfbe330 .functor BUFZ 32, v0x55aabce460a0_62, C4<00000000000000000000000000000000>, C4<00000000000000000000000000000000>, C4<00000000000000000000000000000000>;
v0x55aabce460a0_63 .array/port v0x55aabce460a0, 63;
L_0x55aabcfbe400 .functor BUFZ 32, v0x55aabce460a0_63, C4<00000000000000000000000000000000>, C4<00000000000000000000000000000000>, C4<00000000000000000000000000000000>;
v0x55aabce460a0_64 .array/port v0x55aabce460a0, 64;
L_0x55aabcfbe4d0 .functor BUFZ 32, v0x55aabce460a0_64, C4<00000000000000000000000000000000>, C4<00000000000000000000000000000000>, C4<00000000000000000000000000000000>;
v0x55aabce460a0_65 .array/port v0x55aabce460a0, 65;
L_0x55aabcfbe5a0 .functor BUFZ 32, v0x55aabce460a0_65, C4<00000000000000000000000000000000>, C4<00000000000000000000000000000000>, C4<00000000000000000000000000000000>;
v0x55aabce460a0_66 .array/port v0x55aabce460a0, 66;
L_0x55aabcfbe670 .functor BUFZ 32, v0x55aabce460a0_66, C4<00000000000000000000000000000000>, C4<00000000000000000000000000000000>, C4<00000000000000000000000000000000>;
v0x55aabce460a0_67 .array/port v0x55aabce460a0, 67;
L_0x55aabcfbe740 .functor BUFZ 32, v0x55aabce460a0_67, C4<00000000000000000000000000000000>, C4<00000000000000000000000000000000>, C4<00000000000000000000000000000000>;
v0x55aabce460a0_68 .array/port v0x55aabce460a0, 68;
L_0x55aabcfbe810 .functor BUFZ 32, v0x55aabce460a0_68, C4<00000000000000000000000000000000>, C4<00000000000000000000000000000000>, C4<00000000000000000000000000000000>;
v0x55aabce460a0_69 .array/port v0x55aabce460a0, 69;
L_0x55aabcfbe8e0 .functor BUFZ 32, v0x55aabce460a0_69, C4<00000000000000000000000000000000>, C4<00000000000000000000000000000000>, C4<00000000000000000000000000000000>;
v0x55aabce460a0_70 .array/port v0x55aabce460a0, 70;
L_0x55aabcfbe9b0 .functor BUFZ 32, v0x55aabce460a0_70, C4<00000000000000000000000000000000>, C4<00000000000000000000000000000000>, C4<00000000000000000000000000000000>;
v0x55aabce460a0_71 .array/port v0x55aabce460a0, 71;
L_0x55aabcfbea80 .functor BUFZ 32, v0x55aabce460a0_71, C4<00000000000000000000000000000000>, C4<00000000000000000000000000000000>, C4<00000000000000000000000000000000>;
v0x55aabce460a0_72 .array/port v0x55aabce460a0, 72;
L_0x55aabcfbeb50 .functor BUFZ 32, v0x55aabce460a0_72, C4<00000000000000000000000000000000>, C4<00000000000000000000000000000000>, C4<00000000000000000000000000000000>;
v0x55aabce460a0_73 .array/port v0x55aabce460a0, 73;
L_0x55aabcfbec20 .functor BUFZ 32, v0x55aabce460a0_73, C4<00000000000000000000000000000000>, C4<00000000000000000000000000000000>, C4<00000000000000000000000000000000>;
v0x55aabce460a0_74 .array/port v0x55aabce460a0, 74;
L_0x55aabcfbecf0 .functor BUFZ 32, v0x55aabce460a0_74, C4<00000000000000000000000000000000>, C4<00000000000000000000000000000000>, C4<00000000000000000000000000000000>;
v0x55aabce460a0_75 .array/port v0x55aabce460a0, 75;
L_0x55aabcfbedc0 .functor BUFZ 32, v0x55aabce460a0_75, C4<00000000000000000000000000000000>, C4<00000000000000000000000000000000>, C4<00000000000000000000000000000000>;
v0x55aabce460a0_76 .array/port v0x55aabce460a0, 76;
L_0x55aabcfbee90 .functor BUFZ 32, v0x55aabce460a0_76, C4<00000000000000000000000000000000>, C4<00000000000000000000000000000000>, C4<00000000000000000000000000000000>;
v0x55aabce460a0_77 .array/port v0x55aabce460a0, 77;
L_0x55aabcfbef60 .functor BUFZ 32, v0x55aabce460a0_77, C4<00000000000000000000000000000000>, C4<00000000000000000000000000000000>, C4<00000000000000000000000000000000>;
v0x55aabce460a0_78 .array/port v0x55aabce460a0, 78;
L_0x55aabcfbf030 .functor BUFZ 32, v0x55aabce460a0_78, C4<00000000000000000000000000000000>, C4<00000000000000000000000000000000>, C4<00000000000000000000000000000000>;
v0x55aabce460a0_79 .array/port v0x55aabce460a0, 79;
L_0x55aabcfbf100 .functor BUFZ 32, v0x55aabce460a0_79, C4<00000000000000000000000000000000>, C4<00000000000000000000000000000000>, C4<00000000000000000000000000000000>;
v0x55aabce460a0_80 .array/port v0x55aabce460a0, 80;
L_0x55aabcfbf1d0 .functor BUFZ 32, v0x55aabce460a0_80, C4<00000000000000000000000000000000>, C4<00000000000000000000000000000000>, C4<00000000000000000000000000000000>;
v0x55aabce460a0_81 .array/port v0x55aabce460a0, 81;
L_0x55aabcfbf2a0 .functor BUFZ 32, v0x55aabce460a0_81, C4<00000000000000000000000000000000>, C4<00000000000000000000000000000000>, C4<00000000000000000000000000000000>;
v0x55aabce460a0_82 .array/port v0x55aabce460a0, 82;
L_0x55aabcfbf370 .functor BUFZ 32, v0x55aabce460a0_82, C4<00000000000000000000000000000000>, C4<00000000000000000000000000000000>, C4<00000000000000000000000000000000>;
v0x55aabce460a0_83 .array/port v0x55aabce460a0, 83;
L_0x55aabcfbf440 .functor BUFZ 32, v0x55aabce460a0_83, C4<00000000000000000000000000000000>, C4<00000000000000000000000000000000>, C4<00000000000000000000000000000000>;
v0x55aabce460a0_84 .array/port v0x55aabce460a0, 84;
L_0x55aabcfbf510 .functor BUFZ 32, v0x55aabce460a0_84, C4<00000000000000000000000000000000>, C4<00000000000000000000000000000000>, C4<00000000000000000000000000000000>;
v0x55aabce460a0_85 .array/port v0x55aabce460a0, 85;
L_0x55aabcfbf5e0 .functor BUFZ 32, v0x55aabce460a0_85, C4<00000000000000000000000000000000>, C4<00000000000000000000000000000000>, C4<00000000000000000000000000000000>;
v0x55aabce460a0_86 .array/port v0x55aabce460a0, 86;
L_0x55aabcfbf6b0 .functor BUFZ 32, v0x55aabce460a0_86, C4<00000000000000000000000000000000>, C4<00000000000000000000000000000000>, C4<00000000000000000000000000000000>;
v0x55aabce460a0_87 .array/port v0x55aabce460a0, 87;
L_0x55aabcfc1be0 .functor BUFZ 32, v0x55aabce460a0_87, C4<00000000000000000000000000000000>, C4<00000000000000000000000000000000>, C4<00000000000000000000000000000000>;
v0x55aabce460a0_88 .array/port v0x55aabce460a0, 88;
L_0x55aabcfc1cb0 .functor BUFZ 32, v0x55aabce460a0_88, C4<00000000000000000000000000000000>, C4<00000000000000000000000000000000>, C4<00000000000000000000000000000000>;
v0x55aabce460a0_89 .array/port v0x55aabce460a0, 89;
L_0x55aabce46640 .functor BUFZ 32, v0x55aabce460a0_89, C4<00000000000000000000000000000000>, C4<00000000000000000000000000000000>, C4<00000000000000000000000000000000>;
v0x55aabce460a0_90 .array/port v0x55aabce460a0, 90;
L_0x55aabce46710 .functor BUFZ 32, v0x55aabce460a0_90, C4<00000000000000000000000000000000>, C4<00000000000000000000000000000000>, C4<00000000000000000000000000000000>;
v0x55aabce460a0_91 .array/port v0x55aabce460a0, 91;
L_0x55aabce467e0 .functor BUFZ 32, v0x55aabce460a0_91, C4<00000000000000000000000000000000>, C4<00000000000000000000000000000000>, C4<00000000000000000000000000000000>;
v0x55aabce460a0_92 .array/port v0x55aabce460a0, 92;
L_0x55aabce468b0 .functor BUFZ 32, v0x55aabce460a0_92, C4<00000000000000000000000000000000>, C4<00000000000000000000000000000000>, C4<00000000000000000000000000000000>;
v0x55aabce460a0_93 .array/port v0x55aabce460a0, 93;
L_0x55aabce46980 .functor BUFZ 32, v0x55aabce460a0_93, C4<00000000000000000000000000000000>, C4<00000000000000000000000000000000>, C4<00000000000000000000000000000000>;
v0x55aabce460a0_94 .array/port v0x55aabce460a0, 94;
L_0x55aabce46a50 .functor BUFZ 32, v0x55aabce460a0_94, C4<00000000000000000000000000000000>, C4<00000000000000000000000000000000>, C4<00000000000000000000000000000000>;
v0x55aabce460a0_95 .array/port v0x55aabce460a0, 95;
L_0x55aabce46b20 .functor BUFZ 32, v0x55aabce460a0_95, C4<00000000000000000000000000000000>, C4<00000000000000000000000000000000>, C4<00000000000000000000000000000000>;
v0x55aabce460a0_96 .array/port v0x55aabce460a0, 96;
L_0x55aabcfbf910 .functor BUFZ 32, v0x55aabce460a0_96, C4<00000000000000000000000000000000>, C4<00000000000000000000000000000000>, C4<00000000000000000000000000000000>;
v0x55aabce460a0_97 .array/port v0x55aabce460a0, 97;
L_0x55aabcfbf9e0 .functor BUFZ 32, v0x55aabce460a0_97, C4<00000000000000000000000000000000>, C4<00000000000000000000000000000000>, C4<00000000000000000000000000000000>;
v0x55aabce460a0_98 .array/port v0x55aabce460a0, 98;
L_0x55aabcfbfab0 .functor BUFZ 32, v0x55aabce460a0_98, C4<00000000000000000000000000000000>, C4<00000000000000000000000000000000>, C4<00000000000000000000000000000000>;
v0x55aabce460a0_99 .array/port v0x55aabce460a0, 99;
L_0x55aabcfbfb80 .functor BUFZ 32, v0x55aabce460a0_99, C4<00000000000000000000000000000000>, C4<00000000000000000000000000000000>, C4<00000000000000000000000000000000>;
v0x55aabce460a0_100 .array/port v0x55aabce460a0, 100;
L_0x55aabcfbfc50 .functor BUFZ 32, v0x55aabce460a0_100, C4<00000000000000000000000000000000>, C4<00000000000000000000000000000000>, C4<00000000000000000000000000000000>;
v0x55aabce460a0_101 .array/port v0x55aabce460a0, 101;
L_0x55aabcfbfd20 .functor BUFZ 32, v0x55aabce460a0_101, C4<00000000000000000000000000000000>, C4<00000000000000000000000000000000>, C4<00000000000000000000000000000000>;
v0x55aabce460a0_102 .array/port v0x55aabce460a0, 102;
L_0x55aabcfbfdf0 .functor BUFZ 32, v0x55aabce460a0_102, C4<00000000000000000000000000000000>, C4<00000000000000000000000000000000>, C4<00000000000000000000000000000000>;
v0x55aabce460a0_103 .array/port v0x55aabce460a0, 103;
L_0x55aabcfbfec0 .functor BUFZ 32, v0x55aabce460a0_103, C4<00000000000000000000000000000000>, C4<00000000000000000000000000000000>, C4<00000000000000000000000000000000>;
v0x55aabce460a0_104 .array/port v0x55aabce460a0, 104;
L_0x55aabcfbff90 .functor BUFZ 32, v0x55aabce460a0_104, C4<00000000000000000000000000000000>, C4<00000000000000000000000000000000>, C4<00000000000000000000000000000000>;
v0x55aabce460a0_105 .array/port v0x55aabce460a0, 105;
L_0x55aabcfc0060 .functor BUFZ 32, v0x55aabce460a0_105, C4<00000000000000000000000000000000>, C4<00000000000000000000000000000000>, C4<00000000000000000000000000000000>;
v0x55aabce460a0_106 .array/port v0x55aabce460a0, 106;
L_0x55aabcfc0130 .functor BUFZ 32, v0x55aabce460a0_106, C4<00000000000000000000000000000000>, C4<00000000000000000000000000000000>, C4<00000000000000000000000000000000>;
v0x55aabce460a0_107 .array/port v0x55aabce460a0, 107;
L_0x55aabcfc0200 .functor BUFZ 32, v0x55aabce460a0_107, C4<00000000000000000000000000000000>, C4<00000000000000000000000000000000>, C4<00000000000000000000000000000000>;
v0x55aabce460a0_108 .array/port v0x55aabce460a0, 108;
L_0x55aabcfc02d0 .functor BUFZ 32, v0x55aabce460a0_108, C4<00000000000000000000000000000000>, C4<00000000000000000000000000000000>, C4<00000000000000000000000000000000>;
v0x55aabce460a0_109 .array/port v0x55aabce460a0, 109;
L_0x55aabcfc03a0 .functor BUFZ 32, v0x55aabce460a0_109, C4<00000000000000000000000000000000>, C4<00000000000000000000000000000000>, C4<00000000000000000000000000000000>;
v0x55aabce460a0_110 .array/port v0x55aabce460a0, 110;
L_0x55aabcfc0470 .functor BUFZ 32, v0x55aabce460a0_110, C4<00000000000000000000000000000000>, C4<00000000000000000000000000000000>, C4<00000000000000000000000000000000>;
v0x55aabce460a0_111 .array/port v0x55aabce460a0, 111;
L_0x55aabcfc0540 .functor BUFZ 32, v0x55aabce460a0_111, C4<00000000000000000000000000000000>, C4<00000000000000000000000000000000>, C4<00000000000000000000000000000000>;
v0x55aabce460a0_112 .array/port v0x55aabce460a0, 112;
L_0x55aabcfc0610 .functor BUFZ 32, v0x55aabce460a0_112, C4<00000000000000000000000000000000>, C4<00000000000000000000000000000000>, C4<00000000000000000000000000000000>;
v0x55aabce460a0_113 .array/port v0x55aabce460a0, 113;
L_0x55aabcfc06e0 .functor BUFZ 32, v0x55aabce460a0_113, C4<00000000000000000000000000000000>, C4<00000000000000000000000000000000>, C4<00000000000000000000000000000000>;
v0x55aabce460a0_114 .array/port v0x55aabce460a0, 114;
L_0x55aabcfc07b0 .functor BUFZ 32, v0x55aabce460a0_114, C4<00000000000000000000000000000000>, C4<00000000000000000000000000000000>, C4<00000000000000000000000000000000>;
v0x55aabce460a0_115 .array/port v0x55aabce460a0, 115;
L_0x55aabcfc0880 .functor BUFZ 32, v0x55aabce460a0_115, C4<00000000000000000000000000000000>, C4<00000000000000000000000000000000>, C4<00000000000000000000000000000000>;
v0x55aabce460a0_116 .array/port v0x55aabce460a0, 116;
L_0x55aabcfc0950 .functor BUFZ 32, v0x55aabce460a0_116, C4<00000000000000000000000000000000>, C4<00000000000000000000000000000000>, C4<00000000000000000000000000000000>;
v0x55aabce460a0_117 .array/port v0x55aabce460a0, 117;
L_0x55aabcfc0a20 .functor BUFZ 32, v0x55aabce460a0_117, C4<00000000000000000000000000000000>, C4<00000000000000000000000000000000>, C4<00000000000000000000000000000000>;
v0x55aabce460a0_118 .array/port v0x55aabce460a0, 118;
L_0x55aabcfc0af0 .functor BUFZ 32, v0x55aabce460a0_118, C4<00000000000000000000000000000000>, C4<00000000000000000000000000000000>, C4<00000000000000000000000000000000>;
v0x55aabce460a0_119 .array/port v0x55aabce460a0, 119;
L_0x55aabcfc0bc0 .functor BUFZ 32, v0x55aabce460a0_119, C4<00000000000000000000000000000000>, C4<00000000000000000000000000000000>, C4<00000000000000000000000000000000>;
v0x55aabce460a0_120 .array/port v0x55aabce460a0, 120;
L_0x55aabcfc0c90 .functor BUFZ 32, v0x55aabce460a0_120, C4<00000000000000000000000000000000>, C4<00000000000000000000000000000000>, C4<00000000000000000000000000000000>;
v0x55aabce460a0_121 .array/port v0x55aabce460a0, 121;
L_0x55aabcfc0d60 .functor BUFZ 32, v0x55aabce460a0_121, C4<00000000000000000000000000000000>, C4<00000000000000000000000000000000>, C4<00000000000000000000000000000000>;
v0x55aabce460a0_122 .array/port v0x55aabce460a0, 122;
L_0x55aabcfc0e30 .functor BUFZ 32, v0x55aabce460a0_122, C4<00000000000000000000000000000000>, C4<00000000000000000000000000000000>, C4<00000000000000000000000000000000>;
v0x55aabce460a0_123 .array/port v0x55aabce460a0, 123;
L_0x55aabcfc0f00 .functor BUFZ 32, v0x55aabce460a0_123, C4<00000000000000000000000000000000>, C4<00000000000000000000000000000000>, C4<00000000000000000000000000000000>;
v0x55aabce460a0_124 .array/port v0x55aabce460a0, 124;
L_0x55aabcfc0fd0 .functor BUFZ 32, v0x55aabce460a0_124, C4<00000000000000000000000000000000>, C4<00000000000000000000000000000000>, C4<00000000000000000000000000000000>;
v0x55aabce460a0_125 .array/port v0x55aabce460a0, 125;
L_0x55aabcfc10a0 .functor BUFZ 32, v0x55aabce460a0_125, C4<00000000000000000000000000000000>, C4<00000000000000000000000000000000>, C4<00000000000000000000000000000000>;
v0x55aabce460a0_126 .array/port v0x55aabce460a0, 126;
L_0x55aabcfc1170 .functor BUFZ 32, v0x55aabce460a0_126, C4<00000000000000000000000000000000>, C4<00000000000000000000000000000000>, C4<00000000000000000000000000000000>;
v0x55aabce460a0_127 .array/port v0x55aabce460a0, 127;
L_0x55aabcfc1240 .functor BUFZ 32, v0x55aabce460a0_127, C4<00000000000000000000000000000000>, C4<00000000000000000000000000000000>, C4<00000000000000000000000000000000>;
v0x55aabce460a0_128 .array/port v0x55aabce460a0, 128;
L_0x55aabcfc1310 .functor BUFZ 32, v0x55aabce460a0_128, C4<00000000000000000000000000000000>, C4<00000000000000000000000000000000>, C4<00000000000000000000000000000000>;
v0x55aabce460a0_129 .array/port v0x55aabce460a0, 129;
L_0x55aabcfc13e0 .functor BUFZ 32, v0x55aabce460a0_129, C4<00000000000000000000000000000000>, C4<00000000000000000000000000000000>, C4<00000000000000000000000000000000>;
v0x55aabce460a0_130 .array/port v0x55aabce460a0, 130;
L_0x55aabcfc14b0 .functor BUFZ 32, v0x55aabce460a0_130, C4<00000000000000000000000000000000>, C4<00000000000000000000000000000000>, C4<00000000000000000000000000000000>;
v0x55aabce460a0_131 .array/port v0x55aabce460a0, 131;
L_0x55aabcfc1580 .functor BUFZ 32, v0x55aabce460a0_131, C4<00000000000000000000000000000000>, C4<00000000000000000000000000000000>, C4<00000000000000000000000000000000>;
v0x55aabce460a0_132 .array/port v0x55aabce460a0, 132;
L_0x55aabcfc1650 .functor BUFZ 32, v0x55aabce460a0_132, C4<00000000000000000000000000000000>, C4<00000000000000000000000000000000>, C4<00000000000000000000000000000000>;
v0x55aabce460a0_133 .array/port v0x55aabce460a0, 133;
L_0x55aabcfc1720 .functor BUFZ 32, v0x55aabce460a0_133, C4<00000000000000000000000000000000>, C4<00000000000000000000000000000000>, C4<00000000000000000000000000000000>;
v0x55aabce460a0_134 .array/port v0x55aabce460a0, 134;
L_0x55aabcfc17f0 .functor BUFZ 32, v0x55aabce460a0_134, C4<00000000000000000000000000000000>, C4<00000000000000000000000000000000>, C4<00000000000000000000000000000000>;
v0x55aabce460a0_135 .array/port v0x55aabce460a0, 135;
L_0x55aabcfc18c0 .functor BUFZ 32, v0x55aabce460a0_135, C4<00000000000000000000000000000000>, C4<00000000000000000000000000000000>, C4<00000000000000000000000000000000>;
v0x55aabce460a0_136 .array/port v0x55aabce460a0, 136;
L_0x55aabcfc1990 .functor BUFZ 32, v0x55aabce460a0_136, C4<00000000000000000000000000000000>, C4<00000000000000000000000000000000>, C4<00000000000000000000000000000000>;
v0x55aabce460a0_137 .array/port v0x55aabce460a0, 137;
L_0x55aabcfc1a60 .functor BUFZ 32, v0x55aabce460a0_137, C4<00000000000000000000000000000000>, C4<00000000000000000000000000000000>, C4<00000000000000000000000000000000>;
v0x55aabce460a0_138 .array/port v0x55aabce460a0, 138;
L_0x55aabcfc1b30 .functor BUFZ 32, v0x55aabce460a0_138, C4<00000000000000000000000000000000>, C4<00000000000000000000000000000000>, C4<00000000000000000000000000000000>;
v0x55aabce460a0_139 .array/port v0x55aabce460a0, 139;
L_0x55aabcfc41f0 .functor BUFZ 32, v0x55aabce460a0_139, C4<00000000000000000000000000000000>, C4<00000000000000000000000000000000>, C4<00000000000000000000000000000000>;
v0x55aabce460a0_140 .array/port v0x55aabce460a0, 140;
L_0x55aabcfc4290 .functor BUFZ 32, v0x55aabce460a0_140, C4<00000000000000000000000000000000>, C4<00000000000000000000000000000000>, C4<00000000000000000000000000000000>;
v0x55aabce460a0_141 .array/port v0x55aabce460a0, 141;
L_0x55aabce9a6b0 .functor BUFZ 32, v0x55aabce460a0_141, C4<00000000000000000000000000000000>, C4<00000000000000000000000000000000>, C4<00000000000000000000000000000000>;
v0x55aabce460a0_142 .array/port v0x55aabce460a0, 142;
L_0x55aabce9a780 .functor BUFZ 32, v0x55aabce460a0_142, C4<00000000000000000000000000000000>, C4<00000000000000000000000000000000>, C4<00000000000000000000000000000000>;
v0x55aabce460a0_143 .array/port v0x55aabce460a0, 143;
L_0x55aabce9a850 .functor BUFZ 32, v0x55aabce460a0_143, C4<00000000000000000000000000000000>, C4<00000000000000000000000000000000>, C4<00000000000000000000000000000000>;
v0x55aabce460a0_144 .array/port v0x55aabce460a0, 144;
L_0x55aabce9a920 .functor BUFZ 32, v0x55aabce460a0_144, C4<00000000000000000000000000000000>, C4<00000000000000000000000000000000>, C4<00000000000000000000000000000000>;
v0x55aabce460a0_145 .array/port v0x55aabce460a0, 145;
L_0x55aabce9a9f0 .functor BUFZ 32, v0x55aabce460a0_145, C4<00000000000000000000000000000000>, C4<00000000000000000000000000000000>, C4<00000000000000000000000000000000>;
v0x55aabce460a0_146 .array/port v0x55aabce460a0, 146;
L_0x55aabce9aac0 .functor BUFZ 32, v0x55aabce460a0_146, C4<00000000000000000000000000000000>, C4<00000000000000000000000000000000>, C4<00000000000000000000000000000000>;
v0x55aabce460a0_147 .array/port v0x55aabce460a0, 147;
L_0x55aabce9ab90 .functor BUFZ 32, v0x55aabce460a0_147, C4<00000000000000000000000000000000>, C4<00000000000000000000000000000000>, C4<00000000000000000000000000000000>;
v0x55aabce460a0_148 .array/port v0x55aabce460a0, 148;
L_0x55aabce9ac60 .functor BUFZ 32, v0x55aabce460a0_148, C4<00000000000000000000000000000000>, C4<00000000000000000000000000000000>, C4<00000000000000000000000000000000>;
v0x55aabce460a0_149 .array/port v0x55aabce460a0, 149;
L_0x55aabcfc1d80 .functor BUFZ 32, v0x55aabce460a0_149, C4<00000000000000000000000000000000>, C4<00000000000000000000000000000000>, C4<00000000000000000000000000000000>;
v0x55aabce460a0_150 .array/port v0x55aabce460a0, 150;
L_0x55aabcfc1e50 .functor BUFZ 32, v0x55aabce460a0_150, C4<00000000000000000000000000000000>, C4<00000000000000000000000000000000>, C4<00000000000000000000000000000000>;
v0x55aabce460a0_151 .array/port v0x55aabce460a0, 151;
L_0x55aabcfc1f20 .functor BUFZ 32, v0x55aabce460a0_151, C4<00000000000000000000000000000000>, C4<00000000000000000000000000000000>, C4<00000000000000000000000000000000>;
v0x55aabce460a0_152 .array/port v0x55aabce460a0, 152;
L_0x55aabcfc1ff0 .functor BUFZ 32, v0x55aabce460a0_152, C4<00000000000000000000000000000000>, C4<00000000000000000000000000000000>, C4<00000000000000000000000000000000>;
v0x55aabce460a0_153 .array/port v0x55aabce460a0, 153;
L_0x55aabcfc20c0 .functor BUFZ 32, v0x55aabce460a0_153, C4<00000000000000000000000000000000>, C4<00000000000000000000000000000000>, C4<00000000000000000000000000000000>;
v0x55aabce460a0_154 .array/port v0x55aabce460a0, 154;
L_0x55aabcfc2190 .functor BUFZ 32, v0x55aabce460a0_154, C4<00000000000000000000000000000000>, C4<00000000000000000000000000000000>, C4<00000000000000000000000000000000>;
v0x55aabce460a0_155 .array/port v0x55aabce460a0, 155;
L_0x55aabcfc2260 .functor BUFZ 32, v0x55aabce460a0_155, C4<00000000000000000000000000000000>, C4<00000000000000000000000000000000>, C4<00000000000000000000000000000000>;
v0x55aabce460a0_156 .array/port v0x55aabce460a0, 156;
L_0x55aabcfc2330 .functor BUFZ 32, v0x55aabce460a0_156, C4<00000000000000000000000000000000>, C4<00000000000000000000000000000000>, C4<00000000000000000000000000000000>;
v0x55aabce460a0_157 .array/port v0x55aabce460a0, 157;
L_0x55aabcfc2400 .functor BUFZ 32, v0x55aabce460a0_157, C4<00000000000000000000000000000000>, C4<00000000000000000000000000000000>, C4<00000000000000000000000000000000>;
v0x55aabce460a0_158 .array/port v0x55aabce460a0, 158;
L_0x55aabcfc24d0 .functor BUFZ 32, v0x55aabce460a0_158, C4<00000000000000000000000000000000>, C4<00000000000000000000000000000000>, C4<00000000000000000000000000000000>;
v0x55aabce460a0_159 .array/port v0x55aabce460a0, 159;
L_0x55aabcfc25a0 .functor BUFZ 32, v0x55aabce460a0_159, C4<00000000000000000000000000000000>, C4<00000000000000000000000000000000>, C4<00000000000000000000000000000000>;
v0x55aabce460a0_160 .array/port v0x55aabce460a0, 160;
L_0x55aabcfc2670 .functor BUFZ 32, v0x55aabce460a0_160, C4<00000000000000000000000000000000>, C4<00000000000000000000000000000000>, C4<00000000000000000000000000000000>;
v0x55aabce460a0_161 .array/port v0x55aabce460a0, 161;
L_0x55aabcfc2740 .functor BUFZ 32, v0x55aabce460a0_161, C4<00000000000000000000000000000000>, C4<00000000000000000000000000000000>, C4<00000000000000000000000000000000>;
v0x55aabce460a0_162 .array/port v0x55aabce460a0, 162;
L_0x55aabcfc2810 .functor BUFZ 32, v0x55aabce460a0_162, C4<00000000000000000000000000000000>, C4<00000000000000000000000000000000>, C4<00000000000000000000000000000000>;
v0x55aabce460a0_163 .array/port v0x55aabce460a0, 163;
L_0x55aabcfc28e0 .functor BUFZ 32, v0x55aabce460a0_163, C4<00000000000000000000000000000000>, C4<00000000000000000000000000000000>, C4<00000000000000000000000000000000>;
v0x55aabce460a0_164 .array/port v0x55aabce460a0, 164;
L_0x55aabcfc29b0 .functor BUFZ 32, v0x55aabce460a0_164, C4<00000000000000000000000000000000>, C4<00000000000000000000000000000000>, C4<00000000000000000000000000000000>;
v0x55aabce460a0_165 .array/port v0x55aabce460a0, 165;
L_0x55aabcfc2a80 .functor BUFZ 32, v0x55aabce460a0_165, C4<00000000000000000000000000000000>, C4<00000000000000000000000000000000>, C4<00000000000000000000000000000000>;
v0x55aabce460a0_166 .array/port v0x55aabce460a0, 166;
L_0x55aabcfc2b50 .functor BUFZ 32, v0x55aabce460a0_166, C4<00000000000000000000000000000000>, C4<00000000000000000000000000000000>, C4<00000000000000000000000000000000>;
v0x55aabce460a0_167 .array/port v0x55aabce460a0, 167;
L_0x55aabcfc2c20 .functor BUFZ 32, v0x55aabce460a0_167, C4<00000000000000000000000000000000>, C4<00000000000000000000000000000000>, C4<00000000000000000000000000000000>;
v0x55aabce460a0_168 .array/port v0x55aabce460a0, 168;
L_0x55aabcfc2cf0 .functor BUFZ 32, v0x55aabce460a0_168, C4<00000000000000000000000000000000>, C4<00000000000000000000000000000000>, C4<00000000000000000000000000000000>;
v0x55aabce460a0_169 .array/port v0x55aabce460a0, 169;
L_0x55aabcfc2dc0 .functor BUFZ 32, v0x55aabce460a0_169, C4<00000000000000000000000000000000>, C4<00000000000000000000000000000000>, C4<00000000000000000000000000000000>;
v0x55aabce460a0_170 .array/port v0x55aabce460a0, 170;
L_0x55aabcfc2e90 .functor BUFZ 32, v0x55aabce460a0_170, C4<00000000000000000000000000000000>, C4<00000000000000000000000000000000>, C4<00000000000000000000000000000000>;
v0x55aabce460a0_171 .array/port v0x55aabce460a0, 171;
L_0x55aabcfc2f60 .functor BUFZ 32, v0x55aabce460a0_171, C4<00000000000000000000000000000000>, C4<00000000000000000000000000000000>, C4<00000000000000000000000000000000>;
v0x55aabce460a0_172 .array/port v0x55aabce460a0, 172;
L_0x55aabcfc3030 .functor BUFZ 32, v0x55aabce460a0_172, C4<00000000000000000000000000000000>, C4<00000000000000000000000000000000>, C4<00000000000000000000000000000000>;
v0x55aabce460a0_173 .array/port v0x55aabce460a0, 173;
L_0x55aabcfc3100 .functor BUFZ 32, v0x55aabce460a0_173, C4<00000000000000000000000000000000>, C4<00000000000000000000000000000000>, C4<00000000000000000000000000000000>;
v0x55aabce460a0_174 .array/port v0x55aabce460a0, 174;
L_0x55aabcfc31d0 .functor BUFZ 32, v0x55aabce460a0_174, C4<00000000000000000000000000000000>, C4<00000000000000000000000000000000>, C4<00000000000000000000000000000000>;
v0x55aabce460a0_175 .array/port v0x55aabce460a0, 175;
L_0x55aabcfc32a0 .functor BUFZ 32, v0x55aabce460a0_175, C4<00000000000000000000000000000000>, C4<00000000000000000000000000000000>, C4<00000000000000000000000000000000>;
v0x55aabce460a0_176 .array/port v0x55aabce460a0, 176;
L_0x55aabcfc3370 .functor BUFZ 32, v0x55aabce460a0_176, C4<00000000000000000000000000000000>, C4<00000000000000000000000000000000>, C4<00000000000000000000000000000000>;
v0x55aabce460a0_177 .array/port v0x55aabce460a0, 177;
L_0x55aabcfc3440 .functor BUFZ 32, v0x55aabce460a0_177, C4<00000000000000000000000000000000>, C4<00000000000000000000000000000000>, C4<00000000000000000000000000000000>;
v0x55aabce460a0_178 .array/port v0x55aabce460a0, 178;
L_0x55aabcfc3510 .functor BUFZ 32, v0x55aabce460a0_178, C4<00000000000000000000000000000000>, C4<00000000000000000000000000000000>, C4<00000000000000000000000000000000>;
v0x55aabce460a0_179 .array/port v0x55aabce460a0, 179;
L_0x55aabcfc35e0 .functor BUFZ 32, v0x55aabce460a0_179, C4<00000000000000000000000000000000>, C4<00000000000000000000000000000000>, C4<00000000000000000000000000000000>;
v0x55aabce460a0_180 .array/port v0x55aabce460a0, 180;
L_0x55aabcfc36b0 .functor BUFZ 32, v0x55aabce460a0_180, C4<00000000000000000000000000000000>, C4<00000000000000000000000000000000>, C4<00000000000000000000000000000000>;
v0x55aabce460a0_181 .array/port v0x55aabce460a0, 181;
L_0x55aabcfc3780 .functor BUFZ 32, v0x55aabce460a0_181, C4<00000000000000000000000000000000>, C4<00000000000000000000000000000000>, C4<00000000000000000000000000000000>;
v0x55aabce460a0_182 .array/port v0x55aabce460a0, 182;
L_0x55aabcfc3850 .functor BUFZ 32, v0x55aabce460a0_182, C4<00000000000000000000000000000000>, C4<00000000000000000000000000000000>, C4<00000000000000000000000000000000>;
v0x55aabce460a0_183 .array/port v0x55aabce460a0, 183;
L_0x55aabcfc3920 .functor BUFZ 32, v0x55aabce460a0_183, C4<00000000000000000000000000000000>, C4<00000000000000000000000000000000>, C4<00000000000000000000000000000000>;
v0x55aabce460a0_184 .array/port v0x55aabce460a0, 184;
L_0x55aabcfc39f0 .functor BUFZ 32, v0x55aabce460a0_184, C4<00000000000000000000000000000000>, C4<00000000000000000000000000000000>, C4<00000000000000000000000000000000>;
v0x55aabce460a0_185 .array/port v0x55aabce460a0, 185;
L_0x55aabcfc3ac0 .functor BUFZ 32, v0x55aabce460a0_185, C4<00000000000000000000000000000000>, C4<00000000000000000000000000000000>, C4<00000000000000000000000000000000>;
v0x55aabce460a0_186 .array/port v0x55aabce460a0, 186;
L_0x55aabcfc3b90 .functor BUFZ 32, v0x55aabce460a0_186, C4<00000000000000000000000000000000>, C4<00000000000000000000000000000000>, C4<00000000000000000000000000000000>;
v0x55aabce460a0_187 .array/port v0x55aabce460a0, 187;
L_0x55aabcfc3c60 .functor BUFZ 32, v0x55aabce460a0_187, C4<00000000000000000000000000000000>, C4<00000000000000000000000000000000>, C4<00000000000000000000000000000000>;
v0x55aabce460a0_188 .array/port v0x55aabce460a0, 188;
L_0x55aabcfc3d30 .functor BUFZ 32, v0x55aabce460a0_188, C4<00000000000000000000000000000000>, C4<00000000000000000000000000000000>, C4<00000000000000000000000000000000>;
v0x55aabce460a0_189 .array/port v0x55aabce460a0, 189;
L_0x55aabcfc3e00 .functor BUFZ 32, v0x55aabce460a0_189, C4<00000000000000000000000000000000>, C4<00000000000000000000000000000000>, C4<00000000000000000000000000000000>;
v0x55aabce460a0_190 .array/port v0x55aabce460a0, 190;
L_0x55aabcfc3ed0 .functor BUFZ 32, v0x55aabce460a0_190, C4<00000000000000000000000000000000>, C4<00000000000000000000000000000000>, C4<00000000000000000000000000000000>;
v0x55aabce460a0_191 .array/port v0x55aabce460a0, 191;
L_0x55aabcfc3fa0 .functor BUFZ 32, v0x55aabce460a0_191, C4<00000000000000000000000000000000>, C4<00000000000000000000000000000000>, C4<00000000000000000000000000000000>;
v0x55aabce460a0_192 .array/port v0x55aabce460a0, 192;
L_0x55aabcfc4070 .functor BUFZ 32, v0x55aabce460a0_192, C4<00000000000000000000000000000000>, C4<00000000000000000000000000000000>, C4<00000000000000000000000000000000>;
v0x55aabce460a0_193 .array/port v0x55aabce460a0, 193;
L_0x55aabcfc4140 .functor BUFZ 32, v0x55aabce460a0_193, C4<00000000000000000000000000000000>, C4<00000000000000000000000000000000>, C4<00000000000000000000000000000000>;
v0x55aabce460a0_194 .array/port v0x55aabce460a0, 194;
L_0x55aabcfc69b0 .functor BUFZ 32, v0x55aabce460a0_194, C4<00000000000000000000000000000000>, C4<00000000000000000000000000000000>, C4<00000000000000000000000000000000>;
v0x55aabce460a0_195 .array/port v0x55aabce460a0, 195;
L_0x55aabce9ad30 .functor BUFZ 32, v0x55aabce460a0_195, C4<00000000000000000000000000000000>, C4<00000000000000000000000000000000>, C4<00000000000000000000000000000000>;
v0x55aabce460a0_196 .array/port v0x55aabce460a0, 196;
L_0x55aabce9ae00 .functor BUFZ 32, v0x55aabce460a0_196, C4<00000000000000000000000000000000>, C4<00000000000000000000000000000000>, C4<00000000000000000000000000000000>;
v0x55aabce460a0_197 .array/port v0x55aabce460a0, 197;
L_0x55aabce9aed0 .functor BUFZ 32, v0x55aabce460a0_197, C4<00000000000000000000000000000000>, C4<00000000000000000000000000000000>, C4<00000000000000000000000000000000>;
v0x55aabce460a0_198 .array/port v0x55aabce460a0, 198;
L_0x55aabce9afa0 .functor BUFZ 32, v0x55aabce460a0_198, C4<00000000000000000000000000000000>, C4<00000000000000000000000000000000>, C4<00000000000000000000000000000000>;
v0x55aabce460a0_199 .array/port v0x55aabce460a0, 199;
L_0x55aabce9b070 .functor BUFZ 32, v0x55aabce460a0_199, C4<00000000000000000000000000000000>, C4<00000000000000000000000000000000>, C4<00000000000000000000000000000000>;
v0x55aabce460a0_200 .array/port v0x55aabce460a0, 200;
L_0x55aabce9b140 .functor BUFZ 32, v0x55aabce460a0_200, C4<00000000000000000000000000000000>, C4<00000000000000000000000000000000>, C4<00000000000000000000000000000000>;
v0x55aabce460a0_201 .array/port v0x55aabce460a0, 201;
L_0x55aabce9b210 .functor BUFZ 32, v0x55aabce460a0_201, C4<00000000000000000000000000000000>, C4<00000000000000000000000000000000>, C4<00000000000000000000000000000000>;
v0x55aabce460a0_202 .array/port v0x55aabce460a0, 202;
L_0x55aabce9b2e0 .functor BUFZ 32, v0x55aabce460a0_202, C4<00000000000000000000000000000000>, C4<00000000000000000000000000000000>, C4<00000000000000000000000000000000>;
v0x55aabce460a0_203 .array/port v0x55aabce460a0, 203;
L_0x55aabcfc4360 .functor BUFZ 32, v0x55aabce460a0_203, C4<00000000000000000000000000000000>, C4<00000000000000000000000000000000>, C4<00000000000000000000000000000000>;
v0x55aabce460a0_204 .array/port v0x55aabce460a0, 204;
L_0x55aabcfc4430 .functor BUFZ 32, v0x55aabce460a0_204, C4<00000000000000000000000000000000>, C4<00000000000000000000000000000000>, C4<00000000000000000000000000000000>;
v0x55aabce460a0_205 .array/port v0x55aabce460a0, 205;
L_0x55aabcfc4500 .functor BUFZ 32, v0x55aabce460a0_205, C4<00000000000000000000000000000000>, C4<00000000000000000000000000000000>, C4<00000000000000000000000000000000>;
v0x55aabce460a0_206 .array/port v0x55aabce460a0, 206;
L_0x55aabcfc45d0 .functor BUFZ 32, v0x55aabce460a0_206, C4<00000000000000000000000000000000>, C4<00000000000000000000000000000000>, C4<00000000000000000000000000000000>;
v0x55aabce460a0_207 .array/port v0x55aabce460a0, 207;
L_0x55aabcfc46a0 .functor BUFZ 32, v0x55aabce460a0_207, C4<00000000000000000000000000000000>, C4<00000000000000000000000000000000>, C4<00000000000000000000000000000000>;
v0x55aabce460a0_208 .array/port v0x55aabce460a0, 208;
L_0x55aabcfc4770 .functor BUFZ 32, v0x55aabce460a0_208, C4<00000000000000000000000000000000>, C4<00000000000000000000000000000000>, C4<00000000000000000000000000000000>;
v0x55aabce460a0_209 .array/port v0x55aabce460a0, 209;
L_0x55aabcfc4840 .functor BUFZ 32, v0x55aabce460a0_209, C4<00000000000000000000000000000000>, C4<00000000000000000000000000000000>, C4<00000000000000000000000000000000>;
v0x55aabce460a0_210 .array/port v0x55aabce460a0, 210;
L_0x55aabcfc4910 .functor BUFZ 32, v0x55aabce460a0_210, C4<00000000000000000000000000000000>, C4<00000000000000000000000000000000>, C4<00000000000000000000000000000000>;
v0x55aabce460a0_211 .array/port v0x55aabce460a0, 211;
L_0x55aabcfc49e0 .functor BUFZ 32, v0x55aabce460a0_211, C4<00000000000000000000000000000000>, C4<00000000000000000000000000000000>, C4<00000000000000000000000000000000>;
v0x55aabce460a0_212 .array/port v0x55aabce460a0, 212;
L_0x55aabcfc4ab0 .functor BUFZ 32, v0x55aabce460a0_212, C4<00000000000000000000000000000000>, C4<00000000000000000000000000000000>, C4<00000000000000000000000000000000>;
v0x55aabce460a0_213 .array/port v0x55aabce460a0, 213;
L_0x55aabcfc4b80 .functor BUFZ 32, v0x55aabce460a0_213, C4<00000000000000000000000000000000>, C4<00000000000000000000000000000000>, C4<00000000000000000000000000000000>;
v0x55aabce460a0_214 .array/port v0x55aabce460a0, 214;
L_0x55aabcfc4c50 .functor BUFZ 32, v0x55aabce460a0_214, C4<00000000000000000000000000000000>, C4<00000000000000000000000000000000>, C4<00000000000000000000000000000000>;
v0x55aabce460a0_215 .array/port v0x55aabce460a0, 215;
L_0x55aabcfc4d20 .functor BUFZ 32, v0x55aabce460a0_215, C4<00000000000000000000000000000000>, C4<00000000000000000000000000000000>, C4<00000000000000000000000000000000>;
v0x55aabce460a0_216 .array/port v0x55aabce460a0, 216;
L_0x55aabcfc4df0 .functor BUFZ 32, v0x55aabce460a0_216, C4<00000000000000000000000000000000>, C4<00000000000000000000000000000000>, C4<00000000000000000000000000000000>;
v0x55aabce460a0_217 .array/port v0x55aabce460a0, 217;
L_0x55aabcfc4ec0 .functor BUFZ 32, v0x55aabce460a0_217, C4<00000000000000000000000000000000>, C4<00000000000000000000000000000000>, C4<00000000000000000000000000000000>;
v0x55aabce460a0_218 .array/port v0x55aabce460a0, 218;
L_0x55aabcfc4f90 .functor BUFZ 32, v0x55aabce460a0_218, C4<00000000000000000000000000000000>, C4<00000000000000000000000000000000>, C4<00000000000000000000000000000000>;
v0x55aabce460a0_219 .array/port v0x55aabce460a0, 219;
L_0x55aabcfc5060 .functor BUFZ 32, v0x55aabce460a0_219, C4<00000000000000000000000000000000>, C4<00000000000000000000000000000000>, C4<00000000000000000000000000000000>;
v0x55aabce460a0_220 .array/port v0x55aabce460a0, 220;
L_0x55aabcfc5130 .functor BUFZ 32, v0x55aabce460a0_220, C4<00000000000000000000000000000000>, C4<00000000000000000000000000000000>, C4<00000000000000000000000000000000>;
v0x55aabce460a0_221 .array/port v0x55aabce460a0, 221;
L_0x55aabcfc5200 .functor BUFZ 32, v0x55aabce460a0_221, C4<00000000000000000000000000000000>, C4<00000000000000000000000000000000>, C4<00000000000000000000000000000000>;
v0x55aabce460a0_222 .array/port v0x55aabce460a0, 222;
L_0x55aabcfc52d0 .functor BUFZ 32, v0x55aabce460a0_222, C4<00000000000000000000000000000000>, C4<00000000000000000000000000000000>, C4<00000000000000000000000000000000>;
v0x55aabce460a0_223 .array/port v0x55aabce460a0, 223;
L_0x55aabcfc53a0 .functor BUFZ 32, v0x55aabce460a0_223, C4<00000000000000000000000000000000>, C4<00000000000000000000000000000000>, C4<00000000000000000000000000000000>;
v0x55aabce460a0_224 .array/port v0x55aabce460a0, 224;
L_0x55aabcfc5470 .functor BUFZ 32, v0x55aabce460a0_224, C4<00000000000000000000000000000000>, C4<00000000000000000000000000000000>, C4<00000000000000000000000000000000>;
v0x55aabce460a0_225 .array/port v0x55aabce460a0, 225;
L_0x55aabcfc5540 .functor BUFZ 32, v0x55aabce460a0_225, C4<00000000000000000000000000000000>, C4<00000000000000000000000000000000>, C4<00000000000000000000000000000000>;
v0x55aabce460a0_226 .array/port v0x55aabce460a0, 226;
L_0x55aabcfc5610 .functor BUFZ 32, v0x55aabce460a0_226, C4<00000000000000000000000000000000>, C4<00000000000000000000000000000000>, C4<00000000000000000000000000000000>;
v0x55aabce460a0_227 .array/port v0x55aabce460a0, 227;
L_0x55aabcfc56e0 .functor BUFZ 32, v0x55aabce460a0_227, C4<00000000000000000000000000000000>, C4<00000000000000000000000000000000>, C4<00000000000000000000000000000000>;
v0x55aabce460a0_228 .array/port v0x55aabce460a0, 228;
L_0x55aabcfc57b0 .functor BUFZ 32, v0x55aabce460a0_228, C4<00000000000000000000000000000000>, C4<00000000000000000000000000000000>, C4<00000000000000000000000000000000>;
v0x55aabce460a0_229 .array/port v0x55aabce460a0, 229;
L_0x55aabcfc5880 .functor BUFZ 32, v0x55aabce460a0_229, C4<00000000000000000000000000000000>, C4<00000000000000000000000000000000>, C4<00000000000000000000000000000000>;
v0x55aabce460a0_230 .array/port v0x55aabce460a0, 230;
L_0x55aabcfc5950 .functor BUFZ 32, v0x55aabce460a0_230, C4<00000000000000000000000000000000>, C4<00000000000000000000000000000000>, C4<00000000000000000000000000000000>;
v0x55aabce460a0_231 .array/port v0x55aabce460a0, 231;
L_0x55aabcfc5a20 .functor BUFZ 32, v0x55aabce460a0_231, C4<00000000000000000000000000000000>, C4<00000000000000000000000000000000>, C4<00000000000000000000000000000000>;
v0x55aabce460a0_232 .array/port v0x55aabce460a0, 232;
L_0x55aabcfc5af0 .functor BUFZ 32, v0x55aabce460a0_232, C4<00000000000000000000000000000000>, C4<00000000000000000000000000000000>, C4<00000000000000000000000000000000>;
v0x55aabce460a0_233 .array/port v0x55aabce460a0, 233;
L_0x55aabcfc5bc0 .functor BUFZ 32, v0x55aabce460a0_233, C4<00000000000000000000000000000000>, C4<00000000000000000000000000000000>, C4<00000000000000000000000000000000>;
v0x55aabce460a0_234 .array/port v0x55aabce460a0, 234;
L_0x55aabcfc5c90 .functor BUFZ 32, v0x55aabce460a0_234, C4<00000000000000000000000000000000>, C4<00000000000000000000000000000000>, C4<00000000000000000000000000000000>;
v0x55aabce460a0_235 .array/port v0x55aabce460a0, 235;
L_0x55aabcfc5d60 .functor BUFZ 32, v0x55aabce460a0_235, C4<00000000000000000000000000000000>, C4<00000000000000000000000000000000>, C4<00000000000000000000000000000000>;
v0x55aabce460a0_236 .array/port v0x55aabce460a0, 236;
L_0x55aabcfc5e30 .functor BUFZ 32, v0x55aabce460a0_236, C4<00000000000000000000000000000000>, C4<00000000000000000000000000000000>, C4<00000000000000000000000000000000>;
v0x55aabce460a0_237 .array/port v0x55aabce460a0, 237;
L_0x55aabcfc5f00 .functor BUFZ 32, v0x55aabce460a0_237, C4<00000000000000000000000000000000>, C4<00000000000000000000000000000000>, C4<00000000000000000000000000000000>;
v0x55aabce460a0_238 .array/port v0x55aabce460a0, 238;
L_0x55aabcfc5fd0 .functor BUFZ 32, v0x55aabce460a0_238, C4<00000000000000000000000000000000>, C4<00000000000000000000000000000000>, C4<00000000000000000000000000000000>;
v0x55aabce460a0_239 .array/port v0x55aabce460a0, 239;
L_0x55aabcfc60a0 .functor BUFZ 32, v0x55aabce460a0_239, C4<00000000000000000000000000000000>, C4<00000000000000000000000000000000>, C4<00000000000000000000000000000000>;
v0x55aabce460a0_240 .array/port v0x55aabce460a0, 240;
L_0x55aabcfc6170 .functor BUFZ 32, v0x55aabce460a0_240, C4<00000000000000000000000000000000>, C4<00000000000000000000000000000000>, C4<00000000000000000000000000000000>;
v0x55aabce460a0_241 .array/port v0x55aabce460a0, 241;
L_0x55aabcfc6240 .functor BUFZ 32, v0x55aabce460a0_241, C4<00000000000000000000000000000000>, C4<00000000000000000000000000000000>, C4<00000000000000000000000000000000>;
v0x55aabce460a0_242 .array/port v0x55aabce460a0, 242;
L_0x55aabcfc6310 .functor BUFZ 32, v0x55aabce460a0_242, C4<00000000000000000000000000000000>, C4<00000000000000000000000000000000>, C4<00000000000000000000000000000000>;
v0x55aabce460a0_243 .array/port v0x55aabce460a0, 243;
L_0x55aabcfc63e0 .functor BUFZ 32, v0x55aabce460a0_243, C4<00000000000000000000000000000000>, C4<00000000000000000000000000000000>, C4<00000000000000000000000000000000>;
v0x55aabce460a0_244 .array/port v0x55aabce460a0, 244;
L_0x55aabcfc64b0 .functor BUFZ 32, v0x55aabce460a0_244, C4<00000000000000000000000000000000>, C4<00000000000000000000000000000000>, C4<00000000000000000000000000000000>;
v0x55aabce460a0_245 .array/port v0x55aabce460a0, 245;
L_0x55aabcfc6580 .functor BUFZ 32, v0x55aabce460a0_245, C4<00000000000000000000000000000000>, C4<00000000000000000000000000000000>, C4<00000000000000000000000000000000>;
v0x55aabce460a0_246 .array/port v0x55aabce460a0, 246;
L_0x55aabcfc6650 .functor BUFZ 32, v0x55aabce460a0_246, C4<00000000000000000000000000000000>, C4<00000000000000000000000000000000>, C4<00000000000000000000000000000000>;
v0x55aabce460a0_247 .array/port v0x55aabce460a0, 247;
L_0x55aabcfc6720 .functor BUFZ 32, v0x55aabce460a0_247, C4<00000000000000000000000000000000>, C4<00000000000000000000000000000000>, C4<00000000000000000000000000000000>;
v0x55aabce460a0_248 .array/port v0x55aabce460a0, 248;
L_0x55aabcfc67f0 .functor BUFZ 32, v0x55aabce460a0_248, C4<00000000000000000000000000000000>, C4<00000000000000000000000000000000>, C4<00000000000000000000000000000000>;
v0x55aabce460a0_249 .array/port v0x55aabce460a0, 249;
L_0x55aabcfc68c0 .functor BUFZ 32, v0x55aabce460a0_249, C4<00000000000000000000000000000000>, C4<00000000000000000000000000000000>, C4<00000000000000000000000000000000>;
v0x55aabce460a0_250 .array/port v0x55aabce460a0, 250;
L_0x55aabcfc9260 .functor BUFZ 32, v0x55aabce460a0_250, C4<00000000000000000000000000000000>, C4<00000000000000000000000000000000>, C4<00000000000000000000000000000000>;
v0x55aabce460a0_251 .array/port v0x55aabce460a0, 251;
L_0x55aabce9b3f0 .functor BUFZ 32, v0x55aabce460a0_251, C4<00000000000000000000000000000000>, C4<00000000000000000000000000000000>, C4<00000000000000000000000000000000>;
v0x55aabce460a0_252 .array/port v0x55aabce460a0, 252;
L_0x55aabce9b4c0 .functor BUFZ 32, v0x55aabce460a0_252, C4<00000000000000000000000000000000>, C4<00000000000000000000000000000000>, C4<00000000000000000000000000000000>;
v0x55aabce460a0_253 .array/port v0x55aabce460a0, 253;
L_0x55aabce9b590 .functor BUFZ 32, v0x55aabce460a0_253, C4<00000000000000000000000000000000>, C4<00000000000000000000000000000000>, C4<00000000000000000000000000000000>;
v0x55aabce460a0_254 .array/port v0x55aabce460a0, 254;
L_0x55aabce9b660 .functor BUFZ 32, v0x55aabce460a0_254, C4<00000000000000000000000000000000>, C4<00000000000000000000000000000000>, C4<00000000000000000000000000000000>;
v0x55aabce460a0_255 .array/port v0x55aabce460a0, 255;
L_0x55aabce9b730 .functor BUFZ 32, v0x55aabce460a0_255, C4<00000000000000000000000000000000>, C4<00000000000000000000000000000000>, C4<00000000000000000000000000000000>;
v0x55aabce460a0_256 .array/port v0x55aabce460a0, 256;
L_0x55aabce9b800 .functor BUFZ 32, v0x55aabce460a0_256, C4<00000000000000000000000000000000>, C4<00000000000000000000000000000000>, C4<00000000000000000000000000000000>;
v0x55aabce460a0_257 .array/port v0x55aabce460a0, 257;
L_0x55aabce9b8d0 .functor BUFZ 32, v0x55aabce460a0_257, C4<00000000000000000000000000000000>, C4<00000000000000000000000000000000>, C4<00000000000000000000000000000000>;
v0x55aabce460a0_258 .array/port v0x55aabce460a0, 258;
L_0x55aabce9b9a0 .functor BUFZ 32, v0x55aabce460a0_258, C4<00000000000000000000000000000000>, C4<00000000000000000000000000000000>, C4<00000000000000000000000000000000>;
v0x55aabce460a0_259 .array/port v0x55aabce460a0, 259;
L_0x55aabce9ba70 .functor BUFZ 32, v0x55aabce460a0_259, C4<00000000000000000000000000000000>, C4<00000000000000000000000000000000>, C4<00000000000000000000000000000000>;
v0x55aabce460a0_260 .array/port v0x55aabce460a0, 260;
L_0x55aabcfc6ae0 .functor BUFZ 32, v0x55aabce460a0_260, C4<00000000000000000000000000000000>, C4<00000000000000000000000000000000>, C4<00000000000000000000000000000000>;
v0x55aabce460a0_261 .array/port v0x55aabce460a0, 261;
L_0x55aabcfc6bb0 .functor BUFZ 32, v0x55aabce460a0_261, C4<00000000000000000000000000000000>, C4<00000000000000000000000000000000>, C4<00000000000000000000000000000000>;
v0x55aabce460a0_262 .array/port v0x55aabce460a0, 262;
L_0x55aabcfc6c80 .functor BUFZ 32, v0x55aabce460a0_262, C4<00000000000000000000000000000000>, C4<00000000000000000000000000000000>, C4<00000000000000000000000000000000>;
v0x55aabce460a0_263 .array/port v0x55aabce460a0, 263;
L_0x55aabcfc6d50 .functor BUFZ 32, v0x55aabce460a0_263, C4<00000000000000000000000000000000>, C4<00000000000000000000000000000000>, C4<00000000000000000000000000000000>;
v0x55aabce460a0_264 .array/port v0x55aabce460a0, 264;
L_0x55aabcfc6e20 .functor BUFZ 32, v0x55aabce460a0_264, C4<00000000000000000000000000000000>, C4<00000000000000000000000000000000>, C4<00000000000000000000000000000000>;
v0x55aabce460a0_265 .array/port v0x55aabce460a0, 265;
L_0x55aabcfc6ef0 .functor BUFZ 32, v0x55aabce460a0_265, C4<00000000000000000000000000000000>, C4<00000000000000000000000000000000>, C4<00000000000000000000000000000000>;
v0x55aabce460a0_266 .array/port v0x55aabce460a0, 266;
L_0x55aabcfc6fc0 .functor BUFZ 32, v0x55aabce460a0_266, C4<00000000000000000000000000000000>, C4<00000000000000000000000000000000>, C4<00000000000000000000000000000000>;
v0x55aabce460a0_267 .array/port v0x55aabce460a0, 267;
L_0x55aabcfc7090 .functor BUFZ 32, v0x55aabce460a0_267, C4<00000000000000000000000000000000>, C4<00000000000000000000000000000000>, C4<00000000000000000000000000000000>;
v0x55aabce460a0_268 .array/port v0x55aabce460a0, 268;
L_0x55aabcfc7160 .functor BUFZ 32, v0x55aabce460a0_268, C4<00000000000000000000000000000000>, C4<00000000000000000000000000000000>, C4<00000000000000000000000000000000>;
v0x55aabce460a0_269 .array/port v0x55aabce460a0, 269;
L_0x55aabcfc7230 .functor BUFZ 32, v0x55aabce460a0_269, C4<00000000000000000000000000000000>, C4<00000000000000000000000000000000>, C4<00000000000000000000000000000000>;
v0x55aabce460a0_270 .array/port v0x55aabce460a0, 270;
L_0x55aabcfc7300 .functor BUFZ 32, v0x55aabce460a0_270, C4<00000000000000000000000000000000>, C4<00000000000000000000000000000000>, C4<00000000000000000000000000000000>;
v0x55aabce460a0_271 .array/port v0x55aabce460a0, 271;
L_0x55aabcfc73d0 .functor BUFZ 32, v0x55aabce460a0_271, C4<00000000000000000000000000000000>, C4<00000000000000000000000000000000>, C4<00000000000000000000000000000000>;
v0x55aabce460a0_272 .array/port v0x55aabce460a0, 272;
L_0x55aabcfc74a0 .functor BUFZ 32, v0x55aabce460a0_272, C4<00000000000000000000000000000000>, C4<00000000000000000000000000000000>, C4<00000000000000000000000000000000>;
v0x55aabce460a0_273 .array/port v0x55aabce460a0, 273;
L_0x55aabcfc7570 .functor BUFZ 32, v0x55aabce460a0_273, C4<00000000000000000000000000000000>, C4<00000000000000000000000000000000>, C4<00000000000000000000000000000000>;
v0x55aabce460a0_274 .array/port v0x55aabce460a0, 274;
L_0x55aabcfc7640 .functor BUFZ 32, v0x55aabce460a0_274, C4<00000000000000000000000000000000>, C4<00000000000000000000000000000000>, C4<00000000000000000000000000000000>;
v0x55aabce460a0_275 .array/port v0x55aabce460a0, 275;
L_0x55aabcfc7710 .functor BUFZ 32, v0x55aabce460a0_275, C4<00000000000000000000000000000000>, C4<00000000000000000000000000000000>, C4<00000000000000000000000000000000>;
v0x55aabce460a0_276 .array/port v0x55aabce460a0, 276;
L_0x55aabcfc77e0 .functor BUFZ 32, v0x55aabce460a0_276, C4<00000000000000000000000000000000>, C4<00000000000000000000000000000000>, C4<00000000000000000000000000000000>;
v0x55aabce460a0_277 .array/port v0x55aabce460a0, 277;
L_0x55aabcfc78b0 .functor BUFZ 32, v0x55aabce460a0_277, C4<00000000000000000000000000000000>, C4<00000000000000000000000000000000>, C4<00000000000000000000000000000000>;
v0x55aabce460a0_278 .array/port v0x55aabce460a0, 278;
L_0x55aabcfc7980 .functor BUFZ 32, v0x55aabce460a0_278, C4<00000000000000000000000000000000>, C4<00000000000000000000000000000000>, C4<00000000000000000000000000000000>;
v0x55aabce460a0_279 .array/port v0x55aabce460a0, 279;
L_0x55aabcfc7a50 .functor BUFZ 32, v0x55aabce460a0_279, C4<00000000000000000000000000000000>, C4<00000000000000000000000000000000>, C4<00000000000000000000000000000000>;
v0x55aabce460a0_280 .array/port v0x55aabce460a0, 280;
L_0x55aabcfc7b20 .functor BUFZ 32, v0x55aabce460a0_280, C4<00000000000000000000000000000000>, C4<00000000000000000000000000000000>, C4<00000000000000000000000000000000>;
v0x55aabce460a0_281 .array/port v0x55aabce460a0, 281;
L_0x55aabcfc7bf0 .functor BUFZ 32, v0x55aabce460a0_281, C4<00000000000000000000000000000000>, C4<00000000000000000000000000000000>, C4<00000000000000000000000000000000>;
v0x55aabce460a0_282 .array/port v0x55aabce460a0, 282;
L_0x55aabcfc7cc0 .functor BUFZ 32, v0x55aabce460a0_282, C4<00000000000000000000000000000000>, C4<00000000000000000000000000000000>, C4<00000000000000000000000000000000>;
v0x55aabce460a0_283 .array/port v0x55aabce460a0, 283;
L_0x55aabcfc7d90 .functor BUFZ 32, v0x55aabce460a0_283, C4<00000000000000000000000000000000>, C4<00000000000000000000000000000000>, C4<00000000000000000000000000000000>;
v0x55aabce460a0_284 .array/port v0x55aabce460a0, 284;
L_0x55aabcfc7e60 .functor BUFZ 32, v0x55aabce460a0_284, C4<00000000000000000000000000000000>, C4<00000000000000000000000000000000>, C4<00000000000000000000000000000000>;
v0x55aabce460a0_285 .array/port v0x55aabce460a0, 285;
L_0x55aabcfc7f30 .functor BUFZ 32, v0x55aabce460a0_285, C4<00000000000000000000000000000000>, C4<00000000000000000000000000000000>, C4<00000000000000000000000000000000>;
v0x55aabce460a0_286 .array/port v0x55aabce460a0, 286;
L_0x55aabcfc8000 .functor BUFZ 32, v0x55aabce460a0_286, C4<00000000000000000000000000000000>, C4<00000000000000000000000000000000>, C4<00000000000000000000000000000000>;
v0x55aabce460a0_287 .array/port v0x55aabce460a0, 287;
L_0x55aabcfc80d0 .functor BUFZ 32, v0x55aabce460a0_287, C4<00000000000000000000000000000000>, C4<00000000000000000000000000000000>, C4<00000000000000000000000000000000>;
v0x55aabce460a0_288 .array/port v0x55aabce460a0, 288;
L_0x55aabcfc81a0 .functor BUFZ 32, v0x55aabce460a0_288, C4<00000000000000000000000000000000>, C4<00000000000000000000000000000000>, C4<00000000000000000000000000000000>;
v0x55aabce460a0_289 .array/port v0x55aabce460a0, 289;
L_0x55aabcfc8270 .functor BUFZ 32, v0x55aabce460a0_289, C4<00000000000000000000000000000000>, C4<00000000000000000000000000000000>, C4<00000000000000000000000000000000>;
v0x55aabce460a0_290 .array/port v0x55aabce460a0, 290;
L_0x55aabcfc8340 .functor BUFZ 32, v0x55aabce460a0_290, C4<00000000000000000000000000000000>, C4<00000000000000000000000000000000>, C4<00000000000000000000000000000000>;
v0x55aabce460a0_291 .array/port v0x55aabce460a0, 291;
L_0x55aabcfc8410 .functor BUFZ 32, v0x55aabce460a0_291, C4<00000000000000000000000000000000>, C4<00000000000000000000000000000000>, C4<00000000000000000000000000000000>;
v0x55aabce460a0_292 .array/port v0x55aabce460a0, 292;
L_0x55aabcfc84e0 .functor BUFZ 32, v0x55aabce460a0_292, C4<00000000000000000000000000000000>, C4<00000000000000000000000000000000>, C4<00000000000000000000000000000000>;
v0x55aabce460a0_293 .array/port v0x55aabce460a0, 293;
L_0x55aabcfc85b0 .functor BUFZ 32, v0x55aabce460a0_293, C4<00000000000000000000000000000000>, C4<00000000000000000000000000000000>, C4<00000000000000000000000000000000>;
v0x55aabce460a0_294 .array/port v0x55aabce460a0, 294;
L_0x55aabcfc8680 .functor BUFZ 32, v0x55aabce460a0_294, C4<00000000000000000000000000000000>, C4<00000000000000000000000000000000>, C4<00000000000000000000000000000000>;
v0x55aabce460a0_295 .array/port v0x55aabce460a0, 295;
L_0x55aabcfc8750 .functor BUFZ 32, v0x55aabce460a0_295, C4<00000000000000000000000000000000>, C4<00000000000000000000000000000000>, C4<00000000000000000000000000000000>;
v0x55aabce460a0_296 .array/port v0x55aabce460a0, 296;
L_0x55aabcfc8820 .functor BUFZ 32, v0x55aabce460a0_296, C4<00000000000000000000000000000000>, C4<00000000000000000000000000000000>, C4<00000000000000000000000000000000>;
v0x55aabce460a0_297 .array/port v0x55aabce460a0, 297;
L_0x55aabcfc88f0 .functor BUFZ 32, v0x55aabce460a0_297, C4<00000000000000000000000000000000>, C4<00000000000000000000000000000000>, C4<00000000000000000000000000000000>;
v0x55aabce460a0_298 .array/port v0x55aabce460a0, 298;
L_0x55aabcfc89c0 .functor BUFZ 32, v0x55aabce460a0_298, C4<00000000000000000000000000000000>, C4<00000000000000000000000000000000>, C4<00000000000000000000000000000000>;
v0x55aabce460a0_299 .array/port v0x55aabce460a0, 299;
L_0x55aabcfc8a90 .functor BUFZ 32, v0x55aabce460a0_299, C4<00000000000000000000000000000000>, C4<00000000000000000000000000000000>, C4<00000000000000000000000000000000>;
v0x55aabce460a0_300 .array/port v0x55aabce460a0, 300;
L_0x55aabcfc8b60 .functor BUFZ 32, v0x55aabce460a0_300, C4<00000000000000000000000000000000>, C4<00000000000000000000000000000000>, C4<00000000000000000000000000000000>;
v0x55aabce460a0_301 .array/port v0x55aabce460a0, 301;
L_0x55aabcfc8c30 .functor BUFZ 32, v0x55aabce460a0_301, C4<00000000000000000000000000000000>, C4<00000000000000000000000000000000>, C4<00000000000000000000000000000000>;
v0x55aabce460a0_302 .array/port v0x55aabce460a0, 302;
L_0x55aabcfc8d00 .functor BUFZ 32, v0x55aabce460a0_302, C4<00000000000000000000000000000000>, C4<00000000000000000000000000000000>, C4<00000000000000000000000000000000>;
v0x55aabce460a0_303 .array/port v0x55aabce460a0, 303;
L_0x55aabcfc8dd0 .functor BUFZ 32, v0x55aabce460a0_303, C4<00000000000000000000000000000000>, C4<00000000000000000000000000000000>, C4<00000000000000000000000000000000>;
v0x55aabce460a0_304 .array/port v0x55aabce460a0, 304;
L_0x55aabcfc8ea0 .functor BUFZ 32, v0x55aabce460a0_304, C4<00000000000000000000000000000000>, C4<00000000000000000000000000000000>, C4<00000000000000000000000000000000>;
v0x55aabce460a0_305 .array/port v0x55aabce460a0, 305;
L_0x55aabcfc8f70 .functor BUFZ 32, v0x55aabce460a0_305, C4<00000000000000000000000000000000>, C4<00000000000000000000000000000000>, C4<00000000000000000000000000000000>;
v0x55aabce460a0_306 .array/port v0x55aabce460a0, 306;
L_0x55aabcfc9040 .functor BUFZ 32, v0x55aabce460a0_306, C4<00000000000000000000000000000000>, C4<00000000000000000000000000000000>, C4<00000000000000000000000000000000>;
v0x55aabce460a0_307 .array/port v0x55aabce460a0, 307;
L_0x55aabcfc9110 .functor BUFZ 32, v0x55aabce460a0_307, C4<00000000000000000000000000000000>, C4<00000000000000000000000000000000>, C4<00000000000000000000000000000000>;
v0x55aabce460a0_308 .array/port v0x55aabce460a0, 308;
L_0x55aabcfc91e0 .functor BUFZ 32, v0x55aabce460a0_308, C4<00000000000000000000000000000000>, C4<00000000000000000000000000000000>, C4<00000000000000000000000000000000>;
v0x55aabce460a0_309 .array/port v0x55aabce460a0, 309;
L_0x55aabce9baf0 .functor BUFZ 32, v0x55aabce460a0_309, C4<00000000000000000000000000000000>, C4<00000000000000000000000000000000>, C4<00000000000000000000000000000000>;
v0x55aabce460a0_310 .array/port v0x55aabce460a0, 310;
L_0x55aabce9bbc0 .functor BUFZ 32, v0x55aabce460a0_310, C4<00000000000000000000000000000000>, C4<00000000000000000000000000000000>, C4<00000000000000000000000000000000>;
v0x55aabce460a0_311 .array/port v0x55aabce460a0, 311;
L_0x55aabce9bc90 .functor BUFZ 32, v0x55aabce460a0_311, C4<00000000000000000000000000000000>, C4<00000000000000000000000000000000>, C4<00000000000000000000000000000000>;
v0x55aabce460a0_312 .array/port v0x55aabce460a0, 312;
L_0x55aabce9bd60 .functor BUFZ 32, v0x55aabce460a0_312, C4<00000000000000000000000000000000>, C4<00000000000000000000000000000000>, C4<00000000000000000000000000000000>;
v0x55aabce460a0_313 .array/port v0x55aabce460a0, 313;
L_0x55aabce9be30 .functor BUFZ 32, v0x55aabce460a0_313, C4<00000000000000000000000000000000>, C4<00000000000000000000000000000000>, C4<00000000000000000000000000000000>;
v0x55aabce460a0_314 .array/port v0x55aabce460a0, 314;
L_0x55aabce9bf00 .functor BUFZ 32, v0x55aabce460a0_314, C4<00000000000000000000000000000000>, C4<00000000000000000000000000000000>, C4<00000000000000000000000000000000>;
v0x55aabce460a0_315 .array/port v0x55aabce460a0, 315;
L_0x55aabce9bfd0 .functor BUFZ 32, v0x55aabce460a0_315, C4<00000000000000000000000000000000>, C4<00000000000000000000000000000000>, C4<00000000000000000000000000000000>;
v0x55aabce460a0_316 .array/port v0x55aabce460a0, 316;
L_0x55aabce9c0a0 .functor BUFZ 32, v0x55aabce460a0_316, C4<00000000000000000000000000000000>, C4<00000000000000000000000000000000>, C4<00000000000000000000000000000000>;
v0x55aabce460a0_317 .array/port v0x55aabce460a0, 317;
L_0x55aabce9c170 .functor BUFZ 32, v0x55aabce460a0_317, C4<00000000000000000000000000000000>, C4<00000000000000000000000000000000>, C4<00000000000000000000000000000000>;
v0x55aabce460a0_318 .array/port v0x55aabce460a0, 318;
L_0x55aabcfc9360 .functor BUFZ 32, v0x55aabce460a0_318, C4<00000000000000000000000000000000>, C4<00000000000000000000000000000000>, C4<00000000000000000000000000000000>;
v0x55aabce460a0_319 .array/port v0x55aabce460a0, 319;
L_0x55aabcfc9430 .functor BUFZ 32, v0x55aabce460a0_319, C4<00000000000000000000000000000000>, C4<00000000000000000000000000000000>, C4<00000000000000000000000000000000>;
v0x55aabce460a0_320 .array/port v0x55aabce460a0, 320;
L_0x55aabcfc9500 .functor BUFZ 32, v0x55aabce460a0_320, C4<00000000000000000000000000000000>, C4<00000000000000000000000000000000>, C4<00000000000000000000000000000000>;
v0x55aabce460a0_321 .array/port v0x55aabce460a0, 321;
L_0x55aabcfc95d0 .functor BUFZ 32, v0x55aabce460a0_321, C4<00000000000000000000000000000000>, C4<00000000000000000000000000000000>, C4<00000000000000000000000000000000>;
v0x55aabce460a0_322 .array/port v0x55aabce460a0, 322;
L_0x55aabcfc96a0 .functor BUFZ 32, v0x55aabce460a0_322, C4<00000000000000000000000000000000>, C4<00000000000000000000000000000000>, C4<00000000000000000000000000000000>;
v0x55aabce460a0_323 .array/port v0x55aabce460a0, 323;
L_0x55aabcfc9770 .functor BUFZ 32, v0x55aabce460a0_323, C4<00000000000000000000000000000000>, C4<00000000000000000000000000000000>, C4<00000000000000000000000000000000>;
v0x55aabce460a0_324 .array/port v0x55aabce460a0, 324;
L_0x55aabcfc9840 .functor BUFZ 32, v0x55aabce460a0_324, C4<00000000000000000000000000000000>, C4<00000000000000000000000000000000>, C4<00000000000000000000000000000000>;
v0x55aabce460a0_325 .array/port v0x55aabce460a0, 325;
L_0x55aabcfc9910 .functor BUFZ 32, v0x55aabce460a0_325, C4<00000000000000000000000000000000>, C4<00000000000000000000000000000000>, C4<00000000000000000000000000000000>;
v0x55aabce460a0_326 .array/port v0x55aabce460a0, 326;
L_0x55aabcfc99e0 .functor BUFZ 32, v0x55aabce460a0_326, C4<00000000000000000000000000000000>, C4<00000000000000000000000000000000>, C4<00000000000000000000000000000000>;
v0x55aabce460a0_327 .array/port v0x55aabce460a0, 327;
L_0x55aabcfc9ab0 .functor BUFZ 32, v0x55aabce460a0_327, C4<00000000000000000000000000000000>, C4<00000000000000000000000000000000>, C4<00000000000000000000000000000000>;
v0x55aabce460a0_328 .array/port v0x55aabce460a0, 328;
L_0x55aabcfc9b80 .functor BUFZ 32, v0x55aabce460a0_328, C4<00000000000000000000000000000000>, C4<00000000000000000000000000000000>, C4<00000000000000000000000000000000>;
v0x55aabce460a0_329 .array/port v0x55aabce460a0, 329;
L_0x55aabcfc9c50 .functor BUFZ 32, v0x55aabce460a0_329, C4<00000000000000000000000000000000>, C4<00000000000000000000000000000000>, C4<00000000000000000000000000000000>;
v0x55aabce460a0_330 .array/port v0x55aabce460a0, 330;
L_0x55aabcfc9d20 .functor BUFZ 32, v0x55aabce460a0_330, C4<00000000000000000000000000000000>, C4<00000000000000000000000000000000>, C4<00000000000000000000000000000000>;
v0x55aabce460a0_331 .array/port v0x55aabce460a0, 331;
L_0x55aabcfc9df0 .functor BUFZ 32, v0x55aabce460a0_331, C4<00000000000000000000000000000000>, C4<00000000000000000000000000000000>, C4<00000000000000000000000000000000>;
v0x55aabce460a0_332 .array/port v0x55aabce460a0, 332;
L_0x55aabcfc9ec0 .functor BUFZ 32, v0x55aabce460a0_332, C4<00000000000000000000000000000000>, C4<00000000000000000000000000000000>, C4<00000000000000000000000000000000>;
v0x55aabce460a0_333 .array/port v0x55aabce460a0, 333;
L_0x55aabcfc9f90 .functor BUFZ 32, v0x55aabce460a0_333, C4<00000000000000000000000000000000>, C4<00000000000000000000000000000000>, C4<00000000000000000000000000000000>;
v0x55aabce460a0_334 .array/port v0x55aabce460a0, 334;
L_0x55aabcfca060 .functor BUFZ 32, v0x55aabce460a0_334, C4<00000000000000000000000000000000>, C4<00000000000000000000000000000000>, C4<00000000000000000000000000000000>;
v0x55aabce460a0_335 .array/port v0x55aabce460a0, 335;
L_0x55aabcfca130 .functor BUFZ 32, v0x55aabce460a0_335, C4<00000000000000000000000000000000>, C4<00000000000000000000000000000000>, C4<00000000000000000000000000000000>;
v0x55aabce460a0_336 .array/port v0x55aabce460a0, 336;
L_0x55aabcfca200 .functor BUFZ 32, v0x55aabce460a0_336, C4<00000000000000000000000000000000>, C4<00000000000000000000000000000000>, C4<00000000000000000000000000000000>;
v0x55aabce460a0_337 .array/port v0x55aabce460a0, 337;
L_0x55aabcfca2d0 .functor BUFZ 32, v0x55aabce460a0_337, C4<00000000000000000000000000000000>, C4<00000000000000000000000000000000>, C4<00000000000000000000000000000000>;
v0x55aabce460a0_338 .array/port v0x55aabce460a0, 338;
L_0x55aabcfca3a0 .functor BUFZ 32, v0x55aabce460a0_338, C4<00000000000000000000000000000000>, C4<00000000000000000000000000000000>, C4<00000000000000000000000000000000>;
v0x55aabce460a0_339 .array/port v0x55aabce460a0, 339;
L_0x55aabcfca470 .functor BUFZ 32, v0x55aabce460a0_339, C4<00000000000000000000000000000000>, C4<00000000000000000000000000000000>, C4<00000000000000000000000000000000>;
v0x55aabce460a0_340 .array/port v0x55aabce460a0, 340;
L_0x55aabcfca540 .functor BUFZ 32, v0x55aabce460a0_340, C4<00000000000000000000000000000000>, C4<00000000000000000000000000000000>, C4<00000000000000000000000000000000>;
v0x55aabce460a0_341 .array/port v0x55aabce460a0, 341;
L_0x55aabcfca610 .functor BUFZ 32, v0x55aabce460a0_341, C4<00000000000000000000000000000000>, C4<00000000000000000000000000000000>, C4<00000000000000000000000000000000>;
v0x55aabce460a0_342 .array/port v0x55aabce460a0, 342;
L_0x55aabcfca6e0 .functor BUFZ 32, v0x55aabce460a0_342, C4<00000000000000000000000000000000>, C4<00000000000000000000000000000000>, C4<00000000000000000000000000000000>;
v0x55aabce460a0_343 .array/port v0x55aabce460a0, 343;
L_0x55aabcfca7b0 .functor BUFZ 32, v0x55aabce460a0_343, C4<00000000000000000000000000000000>, C4<00000000000000000000000000000000>, C4<00000000000000000000000000000000>;
v0x55aabce460a0_344 .array/port v0x55aabce460a0, 344;
L_0x55aabcfca880 .functor BUFZ 32, v0x55aabce460a0_344, C4<00000000000000000000000000000000>, C4<00000000000000000000000000000000>, C4<00000000000000000000000000000000>;
v0x55aabce460a0_345 .array/port v0x55aabce460a0, 345;
L_0x55aabcfca950 .functor BUFZ 32, v0x55aabce460a0_345, C4<00000000000000000000000000000000>, C4<00000000000000000000000000000000>, C4<00000000000000000000000000000000>;
v0x55aabce460a0_346 .array/port v0x55aabce460a0, 346;
L_0x55aabcfcaa20 .functor BUFZ 32, v0x55aabce460a0_346, C4<00000000000000000000000000000000>, C4<00000000000000000000000000000000>, C4<00000000000000000000000000000000>;
v0x55aabce460a0_347 .array/port v0x55aabce460a0, 347;
L_0x55aabcfcaaf0 .functor BUFZ 32, v0x55aabce460a0_347, C4<00000000000000000000000000000000>, C4<00000000000000000000000000000000>, C4<00000000000000000000000000000000>;
v0x55aabce460a0_348 .array/port v0x55aabce460a0, 348;
L_0x55aabcfcabc0 .functor BUFZ 32, v0x55aabce460a0_348, C4<00000000000000000000000000000000>, C4<00000000000000000000000000000000>, C4<00000000000000000000000000000000>;
v0x55aabce460a0_349 .array/port v0x55aabce460a0, 349;
L_0x55aabcfcac90 .functor BUFZ 32, v0x55aabce460a0_349, C4<00000000000000000000000000000000>, C4<00000000000000000000000000000000>, C4<00000000000000000000000000000000>;
v0x55aabce460a0_350 .array/port v0x55aabce460a0, 350;
L_0x55aabcfcad60 .functor BUFZ 32, v0x55aabce460a0_350, C4<00000000000000000000000000000000>, C4<00000000000000000000000000000000>, C4<00000000000000000000000000000000>;
v0x55aabce460a0_351 .array/port v0x55aabce460a0, 351;
L_0x55aabcfcae30 .functor BUFZ 32, v0x55aabce460a0_351, C4<00000000000000000000000000000000>, C4<00000000000000000000000000000000>, C4<00000000000000000000000000000000>;
v0x55aabce460a0_352 .array/port v0x55aabce460a0, 352;
L_0x55aabcfcaf00 .functor BUFZ 32, v0x55aabce460a0_352, C4<00000000000000000000000000000000>, C4<00000000000000000000000000000000>, C4<00000000000000000000000000000000>;
v0x55aabce460a0_353 .array/port v0x55aabce460a0, 353;
L_0x55aabcfcafd0 .functor BUFZ 32, v0x55aabce460a0_353, C4<00000000000000000000000000000000>, C4<00000000000000000000000000000000>, C4<00000000000000000000000000000000>;
v0x55aabce460a0_354 .array/port v0x55aabce460a0, 354;
L_0x55aabcfcb0a0 .functor BUFZ 32, v0x55aabce460a0_354, C4<00000000000000000000000000000000>, C4<00000000000000000000000000000000>, C4<00000000000000000000000000000000>;
v0x55aabce460a0_355 .array/port v0x55aabce460a0, 355;
L_0x55aabcfcb170 .functor BUFZ 32, v0x55aabce460a0_355, C4<00000000000000000000000000000000>, C4<00000000000000000000000000000000>, C4<00000000000000000000000000000000>;
v0x55aabce460a0_356 .array/port v0x55aabce460a0, 356;
L_0x55aabcfcb240 .functor BUFZ 32, v0x55aabce460a0_356, C4<00000000000000000000000000000000>, C4<00000000000000000000000000000000>, C4<00000000000000000000000000000000>;
v0x55aabce460a0_357 .array/port v0x55aabce460a0, 357;
L_0x55aabcfcb310 .functor BUFZ 32, v0x55aabce460a0_357, C4<00000000000000000000000000000000>, C4<00000000000000000000000000000000>, C4<00000000000000000000000000000000>;
v0x55aabce460a0_358 .array/port v0x55aabce460a0, 358;
L_0x55aabcfcb3e0 .functor BUFZ 32, v0x55aabce460a0_358, C4<00000000000000000000000000000000>, C4<00000000000000000000000000000000>, C4<00000000000000000000000000000000>;
v0x55aabce460a0_359 .array/port v0x55aabce460a0, 359;
L_0x55aabcfcb4b0 .functor BUFZ 32, v0x55aabce460a0_359, C4<00000000000000000000000000000000>, C4<00000000000000000000000000000000>, C4<00000000000000000000000000000000>;
v0x55aabce460a0_360 .array/port v0x55aabce460a0, 360;
L_0x55aabcfcb580 .functor BUFZ 32, v0x55aabce460a0_360, C4<00000000000000000000000000000000>, C4<00000000000000000000000000000000>, C4<00000000000000000000000000000000>;
v0x55aabce460a0_361 .array/port v0x55aabce460a0, 361;
L_0x55aabcfcb650 .functor BUFZ 32, v0x55aabce460a0_361, C4<00000000000000000000000000000000>, C4<00000000000000000000000000000000>, C4<00000000000000000000000000000000>;
v0x55aabce460a0_362 .array/port v0x55aabce460a0, 362;
L_0x55aabcfcb720 .functor BUFZ 32, v0x55aabce460a0_362, C4<00000000000000000000000000000000>, C4<00000000000000000000000000000000>, C4<00000000000000000000000000000000>;
v0x55aabce460a0_363 .array/port v0x55aabce460a0, 363;
L_0x55aabcfcb7f0 .functor BUFZ 32, v0x55aabce460a0_363, C4<00000000000000000000000000000000>, C4<00000000000000000000000000000000>, C4<00000000000000000000000000000000>;
v0x55aabce460a0_364 .array/port v0x55aabce460a0, 364;
L_0x55aabcfcb8c0 .functor BUFZ 32, v0x55aabce460a0_364, C4<00000000000000000000000000000000>, C4<00000000000000000000000000000000>, C4<00000000000000000000000000000000>;
v0x55aabce460a0_365 .array/port v0x55aabce460a0, 365;
L_0x55aabcfcb990 .functor BUFZ 32, v0x55aabce460a0_365, C4<00000000000000000000000000000000>, C4<00000000000000000000000000000000>, C4<00000000000000000000000000000000>;
v0x55aabce460a0_366 .array/port v0x55aabce460a0, 366;
L_0x55aabcfcba60 .functor BUFZ 32, v0x55aabce460a0_366, C4<00000000000000000000000000000000>, C4<00000000000000000000000000000000>, C4<00000000000000000000000000000000>;
v0x55aabce460a0_367 .array/port v0x55aabce460a0, 367;
L_0x55aabcfcbb30 .functor BUFZ 32, v0x55aabce460a0_367, C4<00000000000000000000000000000000>, C4<00000000000000000000000000000000>, C4<00000000000000000000000000000000>;
v0x55aabce460a0_368 .array/port v0x55aabce460a0, 368;
L_0x55aabcfcbc00 .functor BUFZ 32, v0x55aabce460a0_368, C4<00000000000000000000000000000000>, C4<00000000000000000000000000000000>, C4<00000000000000000000000000000000>;
v0x55aabce460a0_369 .array/port v0x55aabce460a0, 369;
L_0x55aabcfce8e0 .functor BUFZ 32, v0x55aabce460a0_369, C4<00000000000000000000000000000000>, C4<00000000000000000000000000000000>, C4<00000000000000000000000000000000>;
v0x55aabce460a0_370 .array/port v0x55aabce460a0, 370;
L_0x55aabcfce9b0 .functor BUFZ 32, v0x55aabce460a0_370, C4<00000000000000000000000000000000>, C4<00000000000000000000000000000000>, C4<00000000000000000000000000000000>;
v0x55aabce460a0_371 .array/port v0x55aabce460a0, 371;
L_0x55aabce9c210 .functor BUFZ 32, v0x55aabce460a0_371, C4<00000000000000000000000000000000>, C4<00000000000000000000000000000000>, C4<00000000000000000000000000000000>;
v0x55aabce460a0_372 .array/port v0x55aabce460a0, 372;
L_0x55aabce9c2e0 .functor BUFZ 32, v0x55aabce460a0_372, C4<00000000000000000000000000000000>, C4<00000000000000000000000000000000>, C4<00000000000000000000000000000000>;
v0x55aabce460a0_373 .array/port v0x55aabce460a0, 373;
L_0x55aabce9c3b0 .functor BUFZ 32, v0x55aabce460a0_373, C4<00000000000000000000000000000000>, C4<00000000000000000000000000000000>, C4<00000000000000000000000000000000>;
v0x55aabce460a0_374 .array/port v0x55aabce460a0, 374;
L_0x55aabce9c480 .functor BUFZ 32, v0x55aabce460a0_374, C4<00000000000000000000000000000000>, C4<00000000000000000000000000000000>, C4<00000000000000000000000000000000>;
v0x55aabce460a0_375 .array/port v0x55aabce460a0, 375;
L_0x55aabce9c550 .functor BUFZ 32, v0x55aabce460a0_375, C4<00000000000000000000000000000000>, C4<00000000000000000000000000000000>, C4<00000000000000000000000000000000>;
v0x55aabce460a0_376 .array/port v0x55aabce460a0, 376;
L_0x55aabce9c620 .functor BUFZ 32, v0x55aabce460a0_376, C4<00000000000000000000000000000000>, C4<00000000000000000000000000000000>, C4<00000000000000000000000000000000>;
v0x55aabce460a0_377 .array/port v0x55aabce460a0, 377;
L_0x55aabce9c6f0 .functor BUFZ 32, v0x55aabce460a0_377, C4<00000000000000000000000000000000>, C4<00000000000000000000000000000000>, C4<00000000000000000000000000000000>;
v0x55aabce460a0_378 .array/port v0x55aabce460a0, 378;
L_0x55aabce9c7c0 .functor BUFZ 32, v0x55aabce460a0_378, C4<00000000000000000000000000000000>, C4<00000000000000000000000000000000>, C4<00000000000000000000000000000000>;
v0x55aabce460a0_379 .array/port v0x55aabce460a0, 379;
L_0x55aabce9c890 .functor BUFZ 32, v0x55aabce460a0_379, C4<00000000000000000000000000000000>, C4<00000000000000000000000000000000>, C4<00000000000000000000000000000000>;
v0x55aabce460a0_380 .array/port v0x55aabce460a0, 380;
L_0x55aabce9c960 .functor BUFZ 32, v0x55aabce460a0_380, C4<00000000000000000000000000000000>, C4<00000000000000000000000000000000>, C4<00000000000000000000000000000000>;
v0x55aabce460a0_381 .array/port v0x55aabce460a0, 381;
L_0x55aabcfcbda0 .functor BUFZ 32, v0x55aabce460a0_381, C4<00000000000000000000000000000000>, C4<00000000000000000000000000000000>, C4<00000000000000000000000000000000>;
v0x55aabce460a0_382 .array/port v0x55aabce460a0, 382;
L_0x55aabcfcbe70 .functor BUFZ 32, v0x55aabce460a0_382, C4<00000000000000000000000000000000>, C4<00000000000000000000000000000000>, C4<00000000000000000000000000000000>;
v0x55aabce460a0_383 .array/port v0x55aabce460a0, 383;
L_0x55aabcfcbf40 .functor BUFZ 32, v0x55aabce460a0_383, C4<00000000000000000000000000000000>, C4<00000000000000000000000000000000>, C4<00000000000000000000000000000000>;
v0x55aabce460a0_384 .array/port v0x55aabce460a0, 384;
L_0x55aabcfcc010 .functor BUFZ 32, v0x55aabce460a0_384, C4<00000000000000000000000000000000>, C4<00000000000000000000000000000000>, C4<00000000000000000000000000000000>;
v0x55aabce460a0_385 .array/port v0x55aabce460a0, 385;
L_0x55aabcfcc0e0 .functor BUFZ 32, v0x55aabce460a0_385, C4<00000000000000000000000000000000>, C4<00000000000000000000000000000000>, C4<00000000000000000000000000000000>;
v0x55aabce460a0_386 .array/port v0x55aabce460a0, 386;
L_0x55aabcfcc1b0 .functor BUFZ 32, v0x55aabce460a0_386, C4<00000000000000000000000000000000>, C4<00000000000000000000000000000000>, C4<00000000000000000000000000000000>;
v0x55aabce460a0_387 .array/port v0x55aabce460a0, 387;
L_0x55aabcfcc280 .functor BUFZ 32, v0x55aabce460a0_387, C4<00000000000000000000000000000000>, C4<00000000000000000000000000000000>, C4<00000000000000000000000000000000>;
v0x55aabce460a0_388 .array/port v0x55aabce460a0, 388;
L_0x55aabcfcc350 .functor BUFZ 32, v0x55aabce460a0_388, C4<00000000000000000000000000000000>, C4<00000000000000000000000000000000>, C4<00000000000000000000000000000000>;
v0x55aabce460a0_389 .array/port v0x55aabce460a0, 389;
L_0x55aabcfcc420 .functor BUFZ 32, v0x55aabce460a0_389, C4<00000000000000000000000000000000>, C4<00000000000000000000000000000000>, C4<00000000000000000000000000000000>;
v0x55aabce460a0_390 .array/port v0x55aabce460a0, 390;
L_0x55aabcfcc4f0 .functor BUFZ 32, v0x55aabce460a0_390, C4<00000000000000000000000000000000>, C4<00000000000000000000000000000000>, C4<00000000000000000000000000000000>;
v0x55aabce460a0_391 .array/port v0x55aabce460a0, 391;
L_0x55aabcfcc5c0 .functor BUFZ 32, v0x55aabce460a0_391, C4<00000000000000000000000000000000>, C4<00000000000000000000000000000000>, C4<00000000000000000000000000000000>;
v0x55aabce460a0_392 .array/port v0x55aabce460a0, 392;
L_0x55aabcfcc690 .functor BUFZ 32, v0x55aabce460a0_392, C4<00000000000000000000000000000000>, C4<00000000000000000000000000000000>, C4<00000000000000000000000000000000>;
v0x55aabce460a0_393 .array/port v0x55aabce460a0, 393;
L_0x55aabcfcc760 .functor BUFZ 32, v0x55aabce460a0_393, C4<00000000000000000000000000000000>, C4<00000000000000000000000000000000>, C4<00000000000000000000000000000000>;
v0x55aabce460a0_394 .array/port v0x55aabce460a0, 394;
L_0x55aabcfcc830 .functor BUFZ 32, v0x55aabce460a0_394, C4<00000000000000000000000000000000>, C4<00000000000000000000000000000000>, C4<00000000000000000000000000000000>;
v0x55aabce460a0_395 .array/port v0x55aabce460a0, 395;
L_0x55aabcfcc900 .functor BUFZ 32, v0x55aabce460a0_395, C4<00000000000000000000000000000000>, C4<00000000000000000000000000000000>, C4<00000000000000000000000000000000>;
v0x55aabce460a0_396 .array/port v0x55aabce460a0, 396;
L_0x55aabcfcc9d0 .functor BUFZ 32, v0x55aabce460a0_396, C4<00000000000000000000000000000000>, C4<00000000000000000000000000000000>, C4<00000000000000000000000000000000>;
v0x55aabce460a0_397 .array/port v0x55aabce460a0, 397;
L_0x55aabcfccaa0 .functor BUFZ 32, v0x55aabce460a0_397, C4<00000000000000000000000000000000>, C4<00000000000000000000000000000000>, C4<00000000000000000000000000000000>;
v0x55aabce460a0_398 .array/port v0x55aabce460a0, 398;
L_0x55aabcfccb70 .functor BUFZ 32, v0x55aabce460a0_398, C4<00000000000000000000000000000000>, C4<00000000000000000000000000000000>, C4<00000000000000000000000000000000>;
v0x55aabce460a0_399 .array/port v0x55aabce460a0, 399;
L_0x55aabcfccc40 .functor BUFZ 32, v0x55aabce460a0_399, C4<00000000000000000000000000000000>, C4<00000000000000000000000000000000>, C4<00000000000000000000000000000000>;
v0x55aabce460a0_400 .array/port v0x55aabce460a0, 400;
L_0x55aabcfccd10 .functor BUFZ 32, v0x55aabce460a0_400, C4<00000000000000000000000000000000>, C4<00000000000000000000000000000000>, C4<00000000000000000000000000000000>;
v0x55aabce460a0_401 .array/port v0x55aabce460a0, 401;
L_0x55aabcfccde0 .functor BUFZ 32, v0x55aabce460a0_401, C4<00000000000000000000000000000000>, C4<00000000000000000000000000000000>, C4<00000000000000000000000000000000>;
v0x55aabce460a0_402 .array/port v0x55aabce460a0, 402;
L_0x55aabcfcceb0 .functor BUFZ 32, v0x55aabce460a0_402, C4<00000000000000000000000000000000>, C4<00000000000000000000000000000000>, C4<00000000000000000000000000000000>;
v0x55aabce460a0_403 .array/port v0x55aabce460a0, 403;
L_0x55aabcfccf80 .functor BUFZ 32, v0x55aabce460a0_403, C4<00000000000000000000000000000000>, C4<00000000000000000000000000000000>, C4<00000000000000000000000000000000>;
v0x55aabce460a0_404 .array/port v0x55aabce460a0, 404;
L_0x55aabcfcd050 .functor BUFZ 32, v0x55aabce460a0_404, C4<00000000000000000000000000000000>, C4<00000000000000000000000000000000>, C4<00000000000000000000000000000000>;
v0x55aabce460a0_405 .array/port v0x55aabce460a0, 405;
L_0x55aabcfcd120 .functor BUFZ 32, v0x55aabce460a0_405, C4<00000000000000000000000000000000>, C4<00000000000000000000000000000000>, C4<00000000000000000000000000000000>;
v0x55aabce460a0_406 .array/port v0x55aabce460a0, 406;
L_0x55aabcfcd1f0 .functor BUFZ 32, v0x55aabce460a0_406, C4<00000000000000000000000000000000>, C4<00000000000000000000000000000000>, C4<00000000000000000000000000000000>;
v0x55aabce460a0_407 .array/port v0x55aabce460a0, 407;
L_0x55aabcfcd2c0 .functor BUFZ 32, v0x55aabce460a0_407, C4<00000000000000000000000000000000>, C4<00000000000000000000000000000000>, C4<00000000000000000000000000000000>;
v0x55aabce460a0_408 .array/port v0x55aabce460a0, 408;
L_0x55aabcfcd390 .functor BUFZ 32, v0x55aabce460a0_408, C4<00000000000000000000000000000000>, C4<00000000000000000000000000000000>, C4<00000000000000000000000000000000>;
v0x55aabce460a0_409 .array/port v0x55aabce460a0, 409;
L_0x55aabcfcd460 .functor BUFZ 32, v0x55aabce460a0_409, C4<00000000000000000000000000000000>, C4<00000000000000000000000000000000>, C4<00000000000000000000000000000000>;
v0x55aabce460a0_410 .array/port v0x55aabce460a0, 410;
L_0x55aabcfcd530 .functor BUFZ 32, v0x55aabce460a0_410, C4<00000000000000000000000000000000>, C4<00000000000000000000000000000000>, C4<00000000000000000000000000000000>;
v0x55aabce460a0_411 .array/port v0x55aabce460a0, 411;
L_0x55aabcfcd600 .functor BUFZ 32, v0x55aabce460a0_411, C4<00000000000000000000000000000000>, C4<00000000000000000000000000000000>, C4<00000000000000000000000000000000>;
v0x55aabce460a0_412 .array/port v0x55aabce460a0, 412;
L_0x55aabcfcd6d0 .functor BUFZ 32, v0x55aabce460a0_412, C4<00000000000000000000000000000000>, C4<00000000000000000000000000000000>, C4<00000000000000000000000000000000>;
v0x55aabce460a0_413 .array/port v0x55aabce460a0, 413;
L_0x55aabcfcd7a0 .functor BUFZ 32, v0x55aabce460a0_413, C4<00000000000000000000000000000000>, C4<00000000000000000000000000000000>, C4<00000000000000000000000000000000>;
v0x55aabce460a0_414 .array/port v0x55aabce460a0, 414;
L_0x55aabcfcd870 .functor BUFZ 32, v0x55aabce460a0_414, C4<00000000000000000000000000000000>, C4<00000000000000000000000000000000>, C4<00000000000000000000000000000000>;
v0x55aabce460a0_415 .array/port v0x55aabce460a0, 415;
L_0x55aabcfcd940 .functor BUFZ 32, v0x55aabce460a0_415, C4<00000000000000000000000000000000>, C4<00000000000000000000000000000000>, C4<00000000000000000000000000000000>;
v0x55aabce460a0_416 .array/port v0x55aabce460a0, 416;
L_0x55aabcfcda10 .functor BUFZ 32, v0x55aabce460a0_416, C4<00000000000000000000000000000000>, C4<00000000000000000000000000000000>, C4<00000000000000000000000000000000>;
v0x55aabce460a0_417 .array/port v0x55aabce460a0, 417;
L_0x55aabcfcdae0 .functor BUFZ 32, v0x55aabce460a0_417, C4<00000000000000000000000000000000>, C4<00000000000000000000000000000000>, C4<00000000000000000000000000000000>;
v0x55aabce460a0_418 .array/port v0x55aabce460a0, 418;
L_0x55aabcfcdbb0 .functor BUFZ 32, v0x55aabce460a0_418, C4<00000000000000000000000000000000>, C4<00000000000000000000000000000000>, C4<00000000000000000000000000000000>;
v0x55aabce460a0_419 .array/port v0x55aabce460a0, 419;
L_0x55aabcfcdc80 .functor BUFZ 32, v0x55aabce460a0_419, C4<00000000000000000000000000000000>, C4<00000000000000000000000000000000>, C4<00000000000000000000000000000000>;
v0x55aabce460a0_420 .array/port v0x55aabce460a0, 420;
L_0x55aabcfcdd50 .functor BUFZ 32, v0x55aabce460a0_420, C4<00000000000000000000000000000000>, C4<00000000000000000000000000000000>, C4<00000000000000000000000000000000>;
v0x55aabce460a0_421 .array/port v0x55aabce460a0, 421;
L_0x55aabcfcde20 .functor BUFZ 32, v0x55aabce460a0_421, C4<00000000000000000000000000000000>, C4<00000000000000000000000000000000>, C4<00000000000000000000000000000000>;
v0x55aabce460a0_422 .array/port v0x55aabce460a0, 422;
L_0x55aabcfcdef0 .functor BUFZ 32, v0x55aabce460a0_422, C4<00000000000000000000000000000000>, C4<00000000000000000000000000000000>, C4<00000000000000000000000000000000>;
v0x55aabce460a0_423 .array/port v0x55aabce460a0, 423;
L_0x55aabcfcdfc0 .functor BUFZ 32, v0x55aabce460a0_423, C4<00000000000000000000000000000000>, C4<00000000000000000000000000000000>, C4<00000000000000000000000000000000>;
v0x55aabce460a0_424 .array/port v0x55aabce460a0, 424;
L_0x55aabcfce090 .functor BUFZ 32, v0x55aabce460a0_424, C4<00000000000000000000000000000000>, C4<00000000000000000000000000000000>, C4<00000000000000000000000000000000>;
v0x55aabce460a0_425 .array/port v0x55aabce460a0, 425;
L_0x55aabcfce160 .functor BUFZ 32, v0x55aabce460a0_425, C4<00000000000000000000000000000000>, C4<00000000000000000000000000000000>, C4<00000000000000000000000000000000>;
v0x55aabce460a0_426 .array/port v0x55aabce460a0, 426;
L_0x55aabcfce230 .functor BUFZ 32, v0x55aabce460a0_426, C4<00000000000000000000000000000000>, C4<00000000000000000000000000000000>, C4<00000000000000000000000000000000>;
v0x55aabce460a0_427 .array/port v0x55aabce460a0, 427;
L_0x55aabcfce300 .functor BUFZ 32, v0x55aabce460a0_427, C4<00000000000000000000000000000000>, C4<00000000000000000000000000000000>, C4<00000000000000000000000000000000>;
v0x55aabce460a0_428 .array/port v0x55aabce460a0, 428;
L_0x55aabcfce3d0 .functor BUFZ 32, v0x55aabce460a0_428, C4<00000000000000000000000000000000>, C4<00000000000000000000000000000000>, C4<00000000000000000000000000000000>;
v0x55aabce460a0_429 .array/port v0x55aabce460a0, 429;
L_0x55aabcfce4a0 .functor BUFZ 32, v0x55aabce460a0_429, C4<00000000000000000000000000000000>, C4<00000000000000000000000000000000>, C4<00000000000000000000000000000000>;
v0x55aabce460a0_430 .array/port v0x55aabce460a0, 430;
L_0x55aabcfce570 .functor BUFZ 32, v0x55aabce460a0_430, C4<00000000000000000000000000000000>, C4<00000000000000000000000000000000>, C4<00000000000000000000000000000000>;
v0x55aabce460a0_431 .array/port v0x55aabce460a0, 431;
L_0x55aabcfce640 .functor BUFZ 32, v0x55aabce460a0_431, C4<00000000000000000000000000000000>, C4<00000000000000000000000000000000>, C4<00000000000000000000000000000000>;
v0x55aabce460a0_432 .array/port v0x55aabce460a0, 432;
L_0x55aabcfce710 .functor BUFZ 32, v0x55aabce460a0_432, C4<00000000000000000000000000000000>, C4<00000000000000000000000000000000>, C4<00000000000000000000000000000000>;
v0x55aabce460a0_433 .array/port v0x55aabce460a0, 433;
L_0x55aabcfce7e0 .functor BUFZ 32, v0x55aabce460a0_433, C4<00000000000000000000000000000000>, C4<00000000000000000000000000000000>, C4<00000000000000000000000000000000>;
v0x55aabce460a0_434 .array/port v0x55aabce460a0, 434;
L_0x55aabcfd1820 .functor BUFZ 32, v0x55aabce460a0_434, C4<00000000000000000000000000000000>, C4<00000000000000000000000000000000>, C4<00000000000000000000000000000000>;
v0x55aabce460a0_435 .array/port v0x55aabce460a0, 435;
L_0x55aabce9c9d0 .functor BUFZ 32, v0x55aabce460a0_435, C4<00000000000000000000000000000000>, C4<00000000000000000000000000000000>, C4<00000000000000000000000000000000>;
v0x55aabce460a0_436 .array/port v0x55aabce460a0, 436;
L_0x55aabce9caa0 .functor BUFZ 32, v0x55aabce460a0_436, C4<00000000000000000000000000000000>, C4<00000000000000000000000000000000>, C4<00000000000000000000000000000000>;
v0x55aabce460a0_437 .array/port v0x55aabce460a0, 437;
L_0x55aabce9cb70 .functor BUFZ 32, v0x55aabce460a0_437, C4<00000000000000000000000000000000>, C4<00000000000000000000000000000000>, C4<00000000000000000000000000000000>;
v0x55aabce460a0_438 .array/port v0x55aabce460a0, 438;
L_0x55aabce9cc40 .functor BUFZ 32, v0x55aabce460a0_438, C4<00000000000000000000000000000000>, C4<00000000000000000000000000000000>, C4<00000000000000000000000000000000>;
v0x55aabce460a0_439 .array/port v0x55aabce460a0, 439;
L_0x55aabce9cd10 .functor BUFZ 32, v0x55aabce460a0_439, C4<00000000000000000000000000000000>, C4<00000000000000000000000000000000>, C4<00000000000000000000000000000000>;
v0x55aabce460a0_440 .array/port v0x55aabce460a0, 440;
L_0x55aabce9cde0 .functor BUFZ 32, v0x55aabce460a0_440, C4<00000000000000000000000000000000>, C4<00000000000000000000000000000000>, C4<00000000000000000000000000000000>;
v0x55aabce460a0_441 .array/port v0x55aabce460a0, 441;
L_0x55aabce9ceb0 .functor BUFZ 32, v0x55aabce460a0_441, C4<00000000000000000000000000000000>, C4<00000000000000000000000000000000>, C4<00000000000000000000000000000000>;
v0x55aabce460a0_442 .array/port v0x55aabce460a0, 442;
L_0x55aabce9cf80 .functor BUFZ 32, v0x55aabce460a0_442, C4<00000000000000000000000000000000>, C4<00000000000000000000000000000000>, C4<00000000000000000000000000000000>;
v0x55aabce460a0_443 .array/port v0x55aabce460a0, 443;
L_0x55aabce9d050 .functor BUFZ 32, v0x55aabce460a0_443, C4<00000000000000000000000000000000>, C4<00000000000000000000000000000000>, C4<00000000000000000000000000000000>;
v0x55aabce460a0_444 .array/port v0x55aabce460a0, 444;
L_0x55aabce9d120 .functor BUFZ 32, v0x55aabce460a0_444, C4<00000000000000000000000000000000>, C4<00000000000000000000000000000000>, C4<00000000000000000000000000000000>;
v0x55aabce460a0_445 .array/port v0x55aabce460a0, 445;
L_0x55aabcfcea80 .functor BUFZ 32, v0x55aabce460a0_445, C4<00000000000000000000000000000000>, C4<00000000000000000000000000000000>, C4<00000000000000000000000000000000>;
v0x55aabce460a0_446 .array/port v0x55aabce460a0, 446;
L_0x55aabcfceb50 .functor BUFZ 32, v0x55aabce460a0_446, C4<00000000000000000000000000000000>, C4<00000000000000000000000000000000>, C4<00000000000000000000000000000000>;
v0x55aabce460a0_447 .array/port v0x55aabce460a0, 447;
L_0x55aabcfcec20 .functor BUFZ 32, v0x55aabce460a0_447, C4<00000000000000000000000000000000>, C4<00000000000000000000000000000000>, C4<00000000000000000000000000000000>;
v0x55aabce460a0_448 .array/port v0x55aabce460a0, 448;
L_0x55aabcfcecf0 .functor BUFZ 32, v0x55aabce460a0_448, C4<00000000000000000000000000000000>, C4<00000000000000000000000000000000>, C4<00000000000000000000000000000000>;
v0x55aabce460a0_449 .array/port v0x55aabce460a0, 449;
L_0x55aabcfcedc0 .functor BUFZ 32, v0x55aabce460a0_449, C4<00000000000000000000000000000000>, C4<00000000000000000000000000000000>, C4<00000000000000000000000000000000>;
v0x55aabce460a0_450 .array/port v0x55aabce460a0, 450;
L_0x55aabcfcee90 .functor BUFZ 32, v0x55aabce460a0_450, C4<00000000000000000000000000000000>, C4<00000000000000000000000000000000>, C4<00000000000000000000000000000000>;
v0x55aabce460a0_451 .array/port v0x55aabce460a0, 451;
L_0x55aabcfcef60 .functor BUFZ 32, v0x55aabce460a0_451, C4<00000000000000000000000000000000>, C4<00000000000000000000000000000000>, C4<00000000000000000000000000000000>;
v0x55aabce460a0_452 .array/port v0x55aabce460a0, 452;
L_0x55aabcfcf030 .functor BUFZ 32, v0x55aabce460a0_452, C4<00000000000000000000000000000000>, C4<00000000000000000000000000000000>, C4<00000000000000000000000000000000>;
v0x55aabce460a0_453 .array/port v0x55aabce460a0, 453;
L_0x55aabcfcf100 .functor BUFZ 32, v0x55aabce460a0_453, C4<00000000000000000000000000000000>, C4<00000000000000000000000000000000>, C4<00000000000000000000000000000000>;
v0x55aabce460a0_454 .array/port v0x55aabce460a0, 454;
L_0x55aabcfcf1d0 .functor BUFZ 32, v0x55aabce460a0_454, C4<00000000000000000000000000000000>, C4<00000000000000000000000000000000>, C4<00000000000000000000000000000000>;
v0x55aabce460a0_455 .array/port v0x55aabce460a0, 455;
L_0x55aabcfcf2a0 .functor BUFZ 32, v0x55aabce460a0_455, C4<00000000000000000000000000000000>, C4<00000000000000000000000000000000>, C4<00000000000000000000000000000000>;
v0x55aabce460a0_456 .array/port v0x55aabce460a0, 456;
L_0x55aabcfcf370 .functor BUFZ 32, v0x55aabce460a0_456, C4<00000000000000000000000000000000>, C4<00000000000000000000000000000000>, C4<00000000000000000000000000000000>;
v0x55aabce460a0_457 .array/port v0x55aabce460a0, 457;
L_0x55aabcfcf440 .functor BUFZ 32, v0x55aabce460a0_457, C4<00000000000000000000000000000000>, C4<00000000000000000000000000000000>, C4<00000000000000000000000000000000>;
v0x55aabce460a0_458 .array/port v0x55aabce460a0, 458;
L_0x55aabcfcf510 .functor BUFZ 32, v0x55aabce460a0_458, C4<00000000000000000000000000000000>, C4<00000000000000000000000000000000>, C4<00000000000000000000000000000000>;
v0x55aabce460a0_459 .array/port v0x55aabce460a0, 459;
L_0x55aabcfcf5e0 .functor BUFZ 32, v0x55aabce460a0_459, C4<00000000000000000000000000000000>, C4<00000000000000000000000000000000>, C4<00000000000000000000000000000000>;
v0x55aabce460a0_460 .array/port v0x55aabce460a0, 460;
L_0x55aabcfcf6b0 .functor BUFZ 32, v0x55aabce460a0_460, C4<00000000000000000000000000000000>, C4<00000000000000000000000000000000>, C4<00000000000000000000000000000000>;
v0x55aabce460a0_461 .array/port v0x55aabce460a0, 461;
L_0x55aabcfcf780 .functor BUFZ 32, v0x55aabce460a0_461, C4<00000000000000000000000000000000>, C4<00000000000000000000000000000000>, C4<00000000000000000000000000000000>;
v0x55aabce460a0_462 .array/port v0x55aabce460a0, 462;
L_0x55aabcfcf850 .functor BUFZ 32, v0x55aabce460a0_462, C4<00000000000000000000000000000000>, C4<00000000000000000000000000000000>, C4<00000000000000000000000000000000>;
v0x55aabce460a0_463 .array/port v0x55aabce460a0, 463;
L_0x55aabcfcf920 .functor BUFZ 32, v0x55aabce460a0_463, C4<00000000000000000000000000000000>, C4<00000000000000000000000000000000>, C4<00000000000000000000000000000000>;
v0x55aabce460a0_464 .array/port v0x55aabce460a0, 464;
L_0x55aabcfcf9f0 .functor BUFZ 32, v0x55aabce460a0_464, C4<00000000000000000000000000000000>, C4<00000000000000000000000000000000>, C4<00000000000000000000000000000000>;
v0x55aabce460a0_465 .array/port v0x55aabce460a0, 465;
L_0x55aabcfcfac0 .functor BUFZ 32, v0x55aabce460a0_465, C4<00000000000000000000000000000000>, C4<00000000000000000000000000000000>, C4<00000000000000000000000000000000>;
v0x55aabce460a0_466 .array/port v0x55aabce460a0, 466;
L_0x55aabcfcfb90 .functor BUFZ 32, v0x55aabce460a0_466, C4<00000000000000000000000000000000>, C4<00000000000000000000000000000000>, C4<00000000000000000000000000000000>;
v0x55aabce460a0_467 .array/port v0x55aabce460a0, 467;
L_0x55aabcfcfc60 .functor BUFZ 32, v0x55aabce460a0_467, C4<00000000000000000000000000000000>, C4<00000000000000000000000000000000>, C4<00000000000000000000000000000000>;
v0x55aabce460a0_468 .array/port v0x55aabce460a0, 468;
L_0x55aabcfcfd30 .functor BUFZ 32, v0x55aabce460a0_468, C4<00000000000000000000000000000000>, C4<00000000000000000000000000000000>, C4<00000000000000000000000000000000>;
v0x55aabce460a0_469 .array/port v0x55aabce460a0, 469;
L_0x55aabcfcfe00 .functor BUFZ 32, v0x55aabce460a0_469, C4<00000000000000000000000000000000>, C4<00000000000000000000000000000000>, C4<00000000000000000000000000000000>;
v0x55aabce460a0_470 .array/port v0x55aabce460a0, 470;
L_0x55aabcfcfed0 .functor BUFZ 32, v0x55aabce460a0_470, C4<00000000000000000000000000000000>, C4<00000000000000000000000000000000>, C4<00000000000000000000000000000000>;
v0x55aabce460a0_471 .array/port v0x55aabce460a0, 471;
L_0x55aabcfcffa0 .functor BUFZ 32, v0x55aabce460a0_471, C4<00000000000000000000000000000000>, C4<00000000000000000000000000000000>, C4<00000000000000000000000000000000>;
v0x55aabce460a0_472 .array/port v0x55aabce460a0, 472;
L_0x55aabcfd0070 .functor BUFZ 32, v0x55aabce460a0_472, C4<00000000000000000000000000000000>, C4<00000000000000000000000000000000>, C4<00000000000000000000000000000000>;
v0x55aabce460a0_473 .array/port v0x55aabce460a0, 473;
L_0x55aabcfd0140 .functor BUFZ 32, v0x55aabce460a0_473, C4<00000000000000000000000000000000>, C4<00000000000000000000000000000000>, C4<00000000000000000000000000000000>;
v0x55aabce460a0_474 .array/port v0x55aabce460a0, 474;
L_0x55aabcfd0210 .functor BUFZ 32, v0x55aabce460a0_474, C4<00000000000000000000000000000000>, C4<00000000000000000000000000000000>, C4<00000000000000000000000000000000>;
v0x55aabce460a0_475 .array/port v0x55aabce460a0, 475;
L_0x55aabcfd02e0 .functor BUFZ 32, v0x55aabce460a0_475, C4<00000000000000000000000000000000>, C4<00000000000000000000000000000000>, C4<00000000000000000000000000000000>;
v0x55aabce460a0_476 .array/port v0x55aabce460a0, 476;
L_0x55aabcfd03b0 .functor BUFZ 32, v0x55aabce460a0_476, C4<00000000000000000000000000000000>, C4<00000000000000000000000000000000>, C4<00000000000000000000000000000000>;
v0x55aabce460a0_477 .array/port v0x55aabce460a0, 477;
L_0x55aabcfd0480 .functor BUFZ 32, v0x55aabce460a0_477, C4<00000000000000000000000000000000>, C4<00000000000000000000000000000000>, C4<00000000000000000000000000000000>;
v0x55aabce460a0_478 .array/port v0x55aabce460a0, 478;
L_0x55aabcfd0550 .functor BUFZ 32, v0x55aabce460a0_478, C4<00000000000000000000000000000000>, C4<00000000000000000000000000000000>, C4<00000000000000000000000000000000>;
v0x55aabce460a0_479 .array/port v0x55aabce460a0, 479;
L_0x55aabcfd0620 .functor BUFZ 32, v0x55aabce460a0_479, C4<00000000000000000000000000000000>, C4<00000000000000000000000000000000>, C4<00000000000000000000000000000000>;
v0x55aabce460a0_480 .array/port v0x55aabce460a0, 480;
L_0x55aabcfd06f0 .functor BUFZ 32, v0x55aabce460a0_480, C4<00000000000000000000000000000000>, C4<00000000000000000000000000000000>, C4<00000000000000000000000000000000>;
v0x55aabce460a0_481 .array/port v0x55aabce460a0, 481;
L_0x55aabcfd07c0 .functor BUFZ 32, v0x55aabce460a0_481, C4<00000000000000000000000000000000>, C4<00000000000000000000000000000000>, C4<00000000000000000000000000000000>;
v0x55aabce460a0_482 .array/port v0x55aabce460a0, 482;
L_0x55aabcfd0890 .functor BUFZ 32, v0x55aabce460a0_482, C4<00000000000000000000000000000000>, C4<00000000000000000000000000000000>, C4<00000000000000000000000000000000>;
v0x55aabce460a0_483 .array/port v0x55aabce460a0, 483;
L_0x55aabcfd0960 .functor BUFZ 32, v0x55aabce460a0_483, C4<00000000000000000000000000000000>, C4<00000000000000000000000000000000>, C4<00000000000000000000000000000000>;
v0x55aabce460a0_484 .array/port v0x55aabce460a0, 484;
L_0x55aabcfd0a30 .functor BUFZ 32, v0x55aabce460a0_484, C4<00000000000000000000000000000000>, C4<00000000000000000000000000000000>, C4<00000000000000000000000000000000>;
v0x55aabce460a0_485 .array/port v0x55aabce460a0, 485;
L_0x55aabcfd0b00 .functor BUFZ 32, v0x55aabce460a0_485, C4<00000000000000000000000000000000>, C4<00000000000000000000000000000000>, C4<00000000000000000000000000000000>;
v0x55aabce460a0_486 .array/port v0x55aabce460a0, 486;
L_0x55aabcfd0bd0 .functor BUFZ 32, v0x55aabce460a0_486, C4<00000000000000000000000000000000>, C4<00000000000000000000000000000000>, C4<00000000000000000000000000000000>;
v0x55aabce460a0_487 .array/port v0x55aabce460a0, 487;
L_0x55aabcfd0ca0 .functor BUFZ 32, v0x55aabce460a0_487, C4<00000000000000000000000000000000>, C4<00000000000000000000000000000000>, C4<00000000000000000000000000000000>;
v0x55aabce460a0_488 .array/port v0x55aabce460a0, 488;
L_0x55aabcfd0d70 .functor BUFZ 32, v0x55aabce460a0_488, C4<00000000000000000000000000000000>, C4<00000000000000000000000000000000>, C4<00000000000000000000000000000000>;
v0x55aabce460a0_489 .array/port v0x55aabce460a0, 489;
L_0x55aabcfd0e40 .functor BUFZ 32, v0x55aabce460a0_489, C4<00000000000000000000000000000000>, C4<00000000000000000000000000000000>, C4<00000000000000000000000000000000>;
v0x55aabce460a0_490 .array/port v0x55aabce460a0, 490;
L_0x55aabcfd0f10 .functor BUFZ 32, v0x55aabce460a0_490, C4<00000000000000000000000000000000>, C4<00000000000000000000000000000000>, C4<00000000000000000000000000000000>;
v0x55aabce460a0_491 .array/port v0x55aabce460a0, 491;
L_0x55aabcfd0fe0 .functor BUFZ 32, v0x55aabce460a0_491, C4<00000000000000000000000000000000>, C4<00000000000000000000000000000000>, C4<00000000000000000000000000000000>;
v0x55aabce460a0_492 .array/port v0x55aabce460a0, 492;
L_0x55aabcfd10b0 .functor BUFZ 32, v0x55aabce460a0_492, C4<00000000000000000000000000000000>, C4<00000000000000000000000000000000>, C4<00000000000000000000000000000000>;
v0x55aabce460a0_493 .array/port v0x55aabce460a0, 493;
L_0x55aabcfd1180 .functor BUFZ 32, v0x55aabce460a0_493, C4<00000000000000000000000000000000>, C4<00000000000000000000000000000000>, C4<00000000000000000000000000000000>;
v0x55aabce460a0_494 .array/port v0x55aabce460a0, 494;
L_0x55aabcfd1250 .functor BUFZ 32, v0x55aabce460a0_494, C4<00000000000000000000000000000000>, C4<00000000000000000000000000000000>, C4<00000000000000000000000000000000>;
v0x55aabce460a0_495 .array/port v0x55aabce460a0, 495;
L_0x55aabcfd1320 .functor BUFZ 32, v0x55aabce460a0_495, C4<00000000000000000000000000000000>, C4<00000000000000000000000000000000>, C4<00000000000000000000000000000000>;
v0x55aabce460a0_496 .array/port v0x55aabce460a0, 496;
L_0x55aabcfd13f0 .functor BUFZ 32, v0x55aabce460a0_496, C4<00000000000000000000000000000000>, C4<00000000000000000000000000000000>, C4<00000000000000000000000000000000>;
v0x55aabce460a0_497 .array/port v0x55aabce460a0, 497;
L_0x55aabcfd14c0 .functor BUFZ 32, v0x55aabce460a0_497, C4<00000000000000000000000000000000>, C4<00000000000000000000000000000000>, C4<00000000000000000000000000000000>;
v0x55aabce460a0_498 .array/port v0x55aabce460a0, 498;
L_0x55aabcfd1590 .functor BUFZ 32, v0x55aabce460a0_498, C4<00000000000000000000000000000000>, C4<00000000000000000000000000000000>, C4<00000000000000000000000000000000>;
v0x55aabce460a0_499 .array/port v0x55aabce460a0, 499;
L_0x55aabcfd1660 .functor BUFZ 32, v0x55aabce460a0_499, C4<00000000000000000000000000000000>, C4<00000000000000000000000000000000>, C4<00000000000000000000000000000000>;
v0x55aabce460a0_500 .array/port v0x55aabce460a0, 500;
L_0x55aabcfd1730 .functor BUFZ 32, v0x55aabce460a0_500, C4<00000000000000000000000000000000>, C4<00000000000000000000000000000000>, C4<00000000000000000000000000000000>;
v0x55aabce460a0_501 .array/port v0x55aabce460a0, 501;
L_0x55aabcfd4880 .functor BUFZ 32, v0x55aabce460a0_501, C4<00000000000000000000000000000000>, C4<00000000000000000000000000000000>, C4<00000000000000000000000000000000>;
v0x55aabce460a0_502 .array/port v0x55aabce460a0, 502;
L_0x55aabcfd4950 .functor BUFZ 32, v0x55aabce460a0_502, C4<00000000000000000000000000000000>, C4<00000000000000000000000000000000>, C4<00000000000000000000000000000000>;
v0x55aabce460a0_503 .array/port v0x55aabce460a0, 503;
L_0x55aabce9d1f0 .functor BUFZ 32, v0x55aabce460a0_503, C4<00000000000000000000000000000000>, C4<00000000000000000000000000000000>, C4<00000000000000000000000000000000>;
v0x55aabce460a0_504 .array/port v0x55aabce460a0, 504;
L_0x55aabce9d2c0 .functor BUFZ 32, v0x55aabce460a0_504, C4<00000000000000000000000000000000>, C4<00000000000000000000000000000000>, C4<00000000000000000000000000000000>;
v0x55aabce460a0_505 .array/port v0x55aabce460a0, 505;
L_0x55aabce9d390 .functor BUFZ 32, v0x55aabce460a0_505, C4<00000000000000000000000000000000>, C4<00000000000000000000000000000000>, C4<00000000000000000000000000000000>;
v0x55aabce460a0_506 .array/port v0x55aabce460a0, 506;
L_0x55aabce9d460 .functor BUFZ 32, v0x55aabce460a0_506, C4<00000000000000000000000000000000>, C4<00000000000000000000000000000000>, C4<00000000000000000000000000000000>;
v0x55aabce460a0_507 .array/port v0x55aabce460a0, 507;
L_0x55aabce9d530 .functor BUFZ 32, v0x55aabce460a0_507, C4<00000000000000000000000000000000>, C4<00000000000000000000000000000000>, C4<00000000000000000000000000000000>;
v0x55aabce460a0_508 .array/port v0x55aabce460a0, 508;
L_0x55aabce9d600 .functor BUFZ 32, v0x55aabce460a0_508, C4<00000000000000000000000000000000>, C4<00000000000000000000000000000000>, C4<00000000000000000000000000000000>;
v0x55aabce460a0_509 .array/port v0x55aabce460a0, 509;
L_0x55aabce9d6d0 .functor BUFZ 32, v0x55aabce460a0_509, C4<00000000000000000000000000000000>, C4<00000000000000000000000000000000>, C4<00000000000000000000000000000000>;
v0x55aabce460a0_510 .array/port v0x55aabce460a0, 510;
L_0x55aabce9d7a0 .functor BUFZ 32, v0x55aabce460a0_510, C4<00000000000000000000000000000000>, C4<00000000000000000000000000000000>, C4<00000000000000000000000000000000>;
v0x55aabce460a0_511 .array/port v0x55aabce460a0, 511;
L_0x55aabce9d870 .functor BUFZ 32, v0x55aabce460a0_511, C4<00000000000000000000000000000000>, C4<00000000000000000000000000000000>, C4<00000000000000000000000000000000>;
v0x55aabce460a0_512 .array/port v0x55aabce460a0, 512;
L_0x55aabce9d940 .functor BUFZ 32, v0x55aabce460a0_512, C4<00000000000000000000000000000000>, C4<00000000000000000000000000000000>, C4<00000000000000000000000000000000>;
v0x55aabce460a0_513 .array/port v0x55aabce460a0, 513;
L_0x55aabcfd18c0 .functor BUFZ 32, v0x55aabce460a0_513, C4<00000000000000000000000000000000>, C4<00000000000000000000000000000000>, C4<00000000000000000000000000000000>;
v0x55aabce460a0_514 .array/port v0x55aabce460a0, 514;
L_0x55aabcfd1990 .functor BUFZ 32, v0x55aabce460a0_514, C4<00000000000000000000000000000000>, C4<00000000000000000000000000000000>, C4<00000000000000000000000000000000>;
v0x55aabce460a0_515 .array/port v0x55aabce460a0, 515;
L_0x55aabcfd1a60 .functor BUFZ 32, v0x55aabce460a0_515, C4<00000000000000000000000000000000>, C4<00000000000000000000000000000000>, C4<00000000000000000000000000000000>;
v0x55aabce460a0_516 .array/port v0x55aabce460a0, 516;
L_0x55aabcfd1b30 .functor BUFZ 32, v0x55aabce460a0_516, C4<00000000000000000000000000000000>, C4<00000000000000000000000000000000>, C4<00000000000000000000000000000000>;
v0x55aabce460a0_517 .array/port v0x55aabce460a0, 517;
L_0x55aabcfd1c00 .functor BUFZ 32, v0x55aabce460a0_517, C4<00000000000000000000000000000000>, C4<00000000000000000000000000000000>, C4<00000000000000000000000000000000>;
v0x55aabce460a0_518 .array/port v0x55aabce460a0, 518;
L_0x55aabcfd1cd0 .functor BUFZ 32, v0x55aabce460a0_518, C4<00000000000000000000000000000000>, C4<00000000000000000000000000000000>, C4<00000000000000000000000000000000>;
v0x55aabce460a0_519 .array/port v0x55aabce460a0, 519;
L_0x55aabcfd1da0 .functor BUFZ 32, v0x55aabce460a0_519, C4<00000000000000000000000000000000>, C4<00000000000000000000000000000000>, C4<00000000000000000000000000000000>;
v0x55aabce460a0_520 .array/port v0x55aabce460a0, 520;
L_0x55aabcfd1e70 .functor BUFZ 32, v0x55aabce460a0_520, C4<00000000000000000000000000000000>, C4<00000000000000000000000000000000>, C4<00000000000000000000000000000000>;
v0x55aabce460a0_521 .array/port v0x55aabce460a0, 521;
L_0x55aabcfd1f40 .functor BUFZ 32, v0x55aabce460a0_521, C4<00000000000000000000000000000000>, C4<00000000000000000000000000000000>, C4<00000000000000000000000000000000>;
v0x55aabce460a0_522 .array/port v0x55aabce460a0, 522;
L_0x55aabcfd2010 .functor BUFZ 32, v0x55aabce460a0_522, C4<00000000000000000000000000000000>, C4<00000000000000000000000000000000>, C4<00000000000000000000000000000000>;
v0x55aabce460a0_523 .array/port v0x55aabce460a0, 523;
L_0x55aabcfd20e0 .functor BUFZ 32, v0x55aabce460a0_523, C4<00000000000000000000000000000000>, C4<00000000000000000000000000000000>, C4<00000000000000000000000000000000>;
v0x55aabce460a0_524 .array/port v0x55aabce460a0, 524;
L_0x55aabcfd21b0 .functor BUFZ 32, v0x55aabce460a0_524, C4<00000000000000000000000000000000>, C4<00000000000000000000000000000000>, C4<00000000000000000000000000000000>;
v0x55aabce460a0_525 .array/port v0x55aabce460a0, 525;
L_0x55aabcfd2280 .functor BUFZ 32, v0x55aabce460a0_525, C4<00000000000000000000000000000000>, C4<00000000000000000000000000000000>, C4<00000000000000000000000000000000>;
v0x55aabce460a0_526 .array/port v0x55aabce460a0, 526;
L_0x55aabcfd2350 .functor BUFZ 32, v0x55aabce460a0_526, C4<00000000000000000000000000000000>, C4<00000000000000000000000000000000>, C4<00000000000000000000000000000000>;
v0x55aabce460a0_527 .array/port v0x55aabce460a0, 527;
L_0x55aabcfd2420 .functor BUFZ 32, v0x55aabce460a0_527, C4<00000000000000000000000000000000>, C4<00000000000000000000000000000000>, C4<00000000000000000000000000000000>;
v0x55aabce460a0_528 .array/port v0x55aabce460a0, 528;
L_0x55aabcfd24f0 .functor BUFZ 32, v0x55aabce460a0_528, C4<00000000000000000000000000000000>, C4<00000000000000000000000000000000>, C4<00000000000000000000000000000000>;
v0x55aabce460a0_529 .array/port v0x55aabce460a0, 529;
L_0x55aabcfd25c0 .functor BUFZ 32, v0x55aabce460a0_529, C4<00000000000000000000000000000000>, C4<00000000000000000000000000000000>, C4<00000000000000000000000000000000>;
v0x55aabce460a0_530 .array/port v0x55aabce460a0, 530;
L_0x55aabcfd2690 .functor BUFZ 32, v0x55aabce460a0_530, C4<00000000000000000000000000000000>, C4<00000000000000000000000000000000>, C4<00000000000000000000000000000000>;
v0x55aabce460a0_531 .array/port v0x55aabce460a0, 531;
L_0x55aabcfd2760 .functor BUFZ 32, v0x55aabce460a0_531, C4<00000000000000000000000000000000>, C4<00000000000000000000000000000000>, C4<00000000000000000000000000000000>;
v0x55aabce460a0_532 .array/port v0x55aabce460a0, 532;
L_0x55aabcfd2830 .functor BUFZ 32, v0x55aabce460a0_532, C4<00000000000000000000000000000000>, C4<00000000000000000000000000000000>, C4<00000000000000000000000000000000>;
v0x55aabce460a0_533 .array/port v0x55aabce460a0, 533;
L_0x55aabcfd2900 .functor BUFZ 32, v0x55aabce460a0_533, C4<00000000000000000000000000000000>, C4<00000000000000000000000000000000>, C4<00000000000000000000000000000000>;
v0x55aabce460a0_534 .array/port v0x55aabce460a0, 534;
L_0x55aabcfd29d0 .functor BUFZ 32, v0x55aabce460a0_534, C4<00000000000000000000000000000000>, C4<00000000000000000000000000000000>, C4<00000000000000000000000000000000>;
v0x55aabce460a0_535 .array/port v0x55aabce460a0, 535;
L_0x55aabcfd2aa0 .functor BUFZ 32, v0x55aabce460a0_535, C4<00000000000000000000000000000000>, C4<00000000000000000000000000000000>, C4<00000000000000000000000000000000>;
v0x55aabce460a0_536 .array/port v0x55aabce460a0, 536;
L_0x55aabcfd2b70 .functor BUFZ 32, v0x55aabce460a0_536, C4<00000000000000000000000000000000>, C4<00000000000000000000000000000000>, C4<00000000000000000000000000000000>;
v0x55aabce460a0_537 .array/port v0x55aabce460a0, 537;
L_0x55aabcfd2c40 .functor BUFZ 32, v0x55aabce460a0_537, C4<00000000000000000000000000000000>, C4<00000000000000000000000000000000>, C4<00000000000000000000000000000000>;
v0x55aabce460a0_538 .array/port v0x55aabce460a0, 538;
L_0x55aabcfd2d10 .functor BUFZ 32, v0x55aabce460a0_538, C4<00000000000000000000000000000000>, C4<00000000000000000000000000000000>, C4<00000000000000000000000000000000>;
v0x55aabce460a0_539 .array/port v0x55aabce460a0, 539;
L_0x55aabcfd2de0 .functor BUFZ 32, v0x55aabce460a0_539, C4<00000000000000000000000000000000>, C4<00000000000000000000000000000000>, C4<00000000000000000000000000000000>;
v0x55aabce460a0_540 .array/port v0x55aabce460a0, 540;
L_0x55aabcfd2eb0 .functor BUFZ 32, v0x55aabce460a0_540, C4<00000000000000000000000000000000>, C4<00000000000000000000000000000000>, C4<00000000000000000000000000000000>;
v0x55aabce460a0_541 .array/port v0x55aabce460a0, 541;
L_0x55aabcfd2f80 .functor BUFZ 32, v0x55aabce460a0_541, C4<00000000000000000000000000000000>, C4<00000000000000000000000000000000>, C4<00000000000000000000000000000000>;
v0x55aabce460a0_542 .array/port v0x55aabce460a0, 542;
L_0x55aabcfd3050 .functor BUFZ 32, v0x55aabce460a0_542, C4<00000000000000000000000000000000>, C4<00000000000000000000000000000000>, C4<00000000000000000000000000000000>;
v0x55aabce460a0_543 .array/port v0x55aabce460a0, 543;
L_0x55aabcfd3120 .functor BUFZ 32, v0x55aabce460a0_543, C4<00000000000000000000000000000000>, C4<00000000000000000000000000000000>, C4<00000000000000000000000000000000>;
v0x55aabce460a0_544 .array/port v0x55aabce460a0, 544;
L_0x55aabcfd31f0 .functor BUFZ 32, v0x55aabce460a0_544, C4<00000000000000000000000000000000>, C4<00000000000000000000000000000000>, C4<00000000000000000000000000000000>;
v0x55aabce460a0_545 .array/port v0x55aabce460a0, 545;
L_0x55aabcfd32c0 .functor BUFZ 32, v0x55aabce460a0_545, C4<00000000000000000000000000000000>, C4<00000000000000000000000000000000>, C4<00000000000000000000000000000000>;
v0x55aabce460a0_546 .array/port v0x55aabce460a0, 546;
L_0x55aabcfd3390 .functor BUFZ 32, v0x55aabce460a0_546, C4<00000000000000000000000000000000>, C4<00000000000000000000000000000000>, C4<00000000000000000000000000000000>;
v0x55aabce460a0_547 .array/port v0x55aabce460a0, 547;
L_0x55aabcfd3460 .functor BUFZ 32, v0x55aabce460a0_547, C4<00000000000000000000000000000000>, C4<00000000000000000000000000000000>, C4<00000000000000000000000000000000>;
v0x55aabce460a0_548 .array/port v0x55aabce460a0, 548;
L_0x55aabcfd3530 .functor BUFZ 32, v0x55aabce460a0_548, C4<00000000000000000000000000000000>, C4<00000000000000000000000000000000>, C4<00000000000000000000000000000000>;
v0x55aabce460a0_549 .array/port v0x55aabce460a0, 549;
L_0x55aabcfd3600 .functor BUFZ 32, v0x55aabce460a0_549, C4<00000000000000000000000000000000>, C4<00000000000000000000000000000000>, C4<00000000000000000000000000000000>;
v0x55aabce460a0_550 .array/port v0x55aabce460a0, 550;
L_0x55aabcfd36d0 .functor BUFZ 32, v0x55aabce460a0_550, C4<00000000000000000000000000000000>, C4<00000000000000000000000000000000>, C4<00000000000000000000000000000000>;
v0x55aabce460a0_551 .array/port v0x55aabce460a0, 551;
L_0x55aabcfd37a0 .functor BUFZ 32, v0x55aabce460a0_551, C4<00000000000000000000000000000000>, C4<00000000000000000000000000000000>, C4<00000000000000000000000000000000>;
v0x55aabce460a0_552 .array/port v0x55aabce460a0, 552;
L_0x55aabcfd3870 .functor BUFZ 32, v0x55aabce460a0_552, C4<00000000000000000000000000000000>, C4<00000000000000000000000000000000>, C4<00000000000000000000000000000000>;
v0x55aabce460a0_553 .array/port v0x55aabce460a0, 553;
L_0x55aabcfd3940 .functor BUFZ 32, v0x55aabce460a0_553, C4<00000000000000000000000000000000>, C4<00000000000000000000000000000000>, C4<00000000000000000000000000000000>;
v0x55aabce460a0_554 .array/port v0x55aabce460a0, 554;
L_0x55aabcfd3a10 .functor BUFZ 32, v0x55aabce460a0_554, C4<00000000000000000000000000000000>, C4<00000000000000000000000000000000>, C4<00000000000000000000000000000000>;
v0x55aabce460a0_555 .array/port v0x55aabce460a0, 555;
L_0x55aabcfd3ae0 .functor BUFZ 32, v0x55aabce460a0_555, C4<00000000000000000000000000000000>, C4<00000000000000000000000000000000>, C4<00000000000000000000000000000000>;
v0x55aabce460a0_556 .array/port v0x55aabce460a0, 556;
L_0x55aabcfd3bb0 .functor BUFZ 32, v0x55aabce460a0_556, C4<00000000000000000000000000000000>, C4<00000000000000000000000000000000>, C4<00000000000000000000000000000000>;
v0x55aabce460a0_557 .array/port v0x55aabce460a0, 557;
L_0x55aabcfd3c80 .functor BUFZ 32, v0x55aabce460a0_557, C4<00000000000000000000000000000000>, C4<00000000000000000000000000000000>, C4<00000000000000000000000000000000>;
v0x55aabce460a0_558 .array/port v0x55aabce460a0, 558;
L_0x55aabcfd3d50 .functor BUFZ 32, v0x55aabce460a0_558, C4<00000000000000000000000000000000>, C4<00000000000000000000000000000000>, C4<00000000000000000000000000000000>;
v0x55aabce460a0_559 .array/port v0x55aabce460a0, 559;
L_0x55aabcfd3e20 .functor BUFZ 32, v0x55aabce460a0_559, C4<00000000000000000000000000000000>, C4<00000000000000000000000000000000>, C4<00000000000000000000000000000000>;
v0x55aabce460a0_560 .array/port v0x55aabce460a0, 560;
L_0x55aabcfd3ef0 .functor BUFZ 32, v0x55aabce460a0_560, C4<00000000000000000000000000000000>, C4<00000000000000000000000000000000>, C4<00000000000000000000000000000000>;
v0x55aabce460a0_561 .array/port v0x55aabce460a0, 561;
L_0x55aabcfd3fc0 .functor BUFZ 32, v0x55aabce460a0_561, C4<00000000000000000000000000000000>, C4<00000000000000000000000000000000>, C4<00000000000000000000000000000000>;
v0x55aabce460a0_562 .array/port v0x55aabce460a0, 562;
L_0x55aabcfd4090 .functor BUFZ 32, v0x55aabce460a0_562, C4<00000000000000000000000000000000>, C4<00000000000000000000000000000000>, C4<00000000000000000000000000000000>;
v0x55aabce460a0_563 .array/port v0x55aabce460a0, 563;
L_0x55aabcfd4160 .functor BUFZ 32, v0x55aabce460a0_563, C4<00000000000000000000000000000000>, C4<00000000000000000000000000000000>, C4<00000000000000000000000000000000>;
v0x55aabce460a0_564 .array/port v0x55aabce460a0, 564;
L_0x55aabcfd4230 .functor BUFZ 32, v0x55aabce460a0_564, C4<00000000000000000000000000000000>, C4<00000000000000000000000000000000>, C4<00000000000000000000000000000000>;
v0x55aabce460a0_565 .array/port v0x55aabce460a0, 565;
L_0x55aabcfd4300 .functor BUFZ 32, v0x55aabce460a0_565, C4<00000000000000000000000000000000>, C4<00000000000000000000000000000000>, C4<00000000000000000000000000000000>;
v0x55aabce460a0_566 .array/port v0x55aabce460a0, 566;
L_0x55aabcfd43d0 .functor BUFZ 32, v0x55aabce460a0_566, C4<00000000000000000000000000000000>, C4<00000000000000000000000000000000>, C4<00000000000000000000000000000000>;
v0x55aabce460a0_567 .array/port v0x55aabce460a0, 567;
L_0x55aabcfd44a0 .functor BUFZ 32, v0x55aabce460a0_567, C4<00000000000000000000000000000000>, C4<00000000000000000000000000000000>, C4<00000000000000000000000000000000>;
v0x55aabce460a0_568 .array/port v0x55aabce460a0, 568;
L_0x55aabcfd4570 .functor BUFZ 32, v0x55aabce460a0_568, C4<00000000000000000000000000000000>, C4<00000000000000000000000000000000>, C4<00000000000000000000000000000000>;
v0x55aabce460a0_569 .array/port v0x55aabce460a0, 569;
L_0x55aabcfd4640 .functor BUFZ 32, v0x55aabce460a0_569, C4<00000000000000000000000000000000>, C4<00000000000000000000000000000000>, C4<00000000000000000000000000000000>;
v0x55aabce460a0_570 .array/port v0x55aabce460a0, 570;
L_0x55aabcfd4710 .functor BUFZ 32, v0x55aabce460a0_570, C4<00000000000000000000000000000000>, C4<00000000000000000000000000000000>, C4<00000000000000000000000000000000>;
v0x55aabce460a0_571 .array/port v0x55aabce460a0, 571;
L_0x55aabcfd47e0 .functor BUFZ 32, v0x55aabce460a0_571, C4<00000000000000000000000000000000>, C4<00000000000000000000000000000000>, C4<00000000000000000000000000000000>;
v0x55aabce460a0_572 .array/port v0x55aabce460a0, 572;
L_0x55aabcfd7c10 .functor BUFZ 32, v0x55aabce460a0_572, C4<00000000000000000000000000000000>, C4<00000000000000000000000000000000>, C4<00000000000000000000000000000000>;
v0x55aabce460a0_573 .array/port v0x55aabce460a0, 573;
L_0x55aabce9da70 .functor BUFZ 32, v0x55aabce460a0_573, C4<00000000000000000000000000000000>, C4<00000000000000000000000000000000>, C4<00000000000000000000000000000000>;
v0x55aabce460a0_574 .array/port v0x55aabce460a0, 574;
L_0x55aabce9db40 .functor BUFZ 32, v0x55aabce460a0_574, C4<00000000000000000000000000000000>, C4<00000000000000000000000000000000>, C4<00000000000000000000000000000000>;
v0x55aabce460a0_575 .array/port v0x55aabce460a0, 575;
L_0x55aabce9dc10 .functor BUFZ 32, v0x55aabce460a0_575, C4<00000000000000000000000000000000>, C4<00000000000000000000000000000000>, C4<00000000000000000000000000000000>;
v0x55aabce460a0_576 .array/port v0x55aabce460a0, 576;
L_0x55aabce9dce0 .functor BUFZ 32, v0x55aabce460a0_576, C4<00000000000000000000000000000000>, C4<00000000000000000000000000000000>, C4<00000000000000000000000000000000>;
v0x55aabce460a0_577 .array/port v0x55aabce460a0, 577;
L_0x55aabce9ddb0 .functor BUFZ 32, v0x55aabce460a0_577, C4<00000000000000000000000000000000>, C4<00000000000000000000000000000000>, C4<00000000000000000000000000000000>;
v0x55aabce460a0_578 .array/port v0x55aabce460a0, 578;
L_0x55aabce9de80 .functor BUFZ 32, v0x55aabce460a0_578, C4<00000000000000000000000000000000>, C4<00000000000000000000000000000000>, C4<00000000000000000000000000000000>;
v0x55aabce460a0_579 .array/port v0x55aabce460a0, 579;
L_0x55aabce9df50 .functor BUFZ 32, v0x55aabce460a0_579, C4<00000000000000000000000000000000>, C4<00000000000000000000000000000000>, C4<00000000000000000000000000000000>;
v0x55aabce460a0_580 .array/port v0x55aabce460a0, 580;
L_0x55aabce9e020 .functor BUFZ 32, v0x55aabce460a0_580, C4<00000000000000000000000000000000>, C4<00000000000000000000000000000000>, C4<00000000000000000000000000000000>;
v0x55aabce460a0_581 .array/port v0x55aabce460a0, 581;
L_0x55aabce9e0f0 .functor BUFZ 32, v0x55aabce460a0_581, C4<00000000000000000000000000000000>, C4<00000000000000000000000000000000>, C4<00000000000000000000000000000000>;
v0x55aabce460a0_582 .array/port v0x55aabce460a0, 582;
L_0x55aabce9e1c0 .functor BUFZ 32, v0x55aabce460a0_582, C4<00000000000000000000000000000000>, C4<00000000000000000000000000000000>, C4<00000000000000000000000000000000>;
v0x55aabce460a0_583 .array/port v0x55aabce460a0, 583;
L_0x55aabce9e290 .functor BUFZ 32, v0x55aabce460a0_583, C4<00000000000000000000000000000000>, C4<00000000000000000000000000000000>, C4<00000000000000000000000000000000>;
v0x55aabce460a0_584 .array/port v0x55aabce460a0, 584;
L_0x55aabcfd4a50 .functor BUFZ 32, v0x55aabce460a0_584, C4<00000000000000000000000000000000>, C4<00000000000000000000000000000000>, C4<00000000000000000000000000000000>;
v0x55aabce460a0_585 .array/port v0x55aabce460a0, 585;
L_0x55aabcfd4b20 .functor BUFZ 32, v0x55aabce460a0_585, C4<00000000000000000000000000000000>, C4<00000000000000000000000000000000>, C4<00000000000000000000000000000000>;
v0x55aabce460a0_586 .array/port v0x55aabce460a0, 586;
L_0x55aabcfd4bf0 .functor BUFZ 32, v0x55aabce460a0_586, C4<00000000000000000000000000000000>, C4<00000000000000000000000000000000>, C4<00000000000000000000000000000000>;
v0x55aabce460a0_587 .array/port v0x55aabce460a0, 587;
L_0x55aabcfd4cc0 .functor BUFZ 32, v0x55aabce460a0_587, C4<00000000000000000000000000000000>, C4<00000000000000000000000000000000>, C4<00000000000000000000000000000000>;
v0x55aabce460a0_588 .array/port v0x55aabce460a0, 588;
L_0x55aabcfd4d90 .functor BUFZ 32, v0x55aabce460a0_588, C4<00000000000000000000000000000000>, C4<00000000000000000000000000000000>, C4<00000000000000000000000000000000>;
v0x55aabce460a0_589 .array/port v0x55aabce460a0, 589;
L_0x55aabcfd4e60 .functor BUFZ 32, v0x55aabce460a0_589, C4<00000000000000000000000000000000>, C4<00000000000000000000000000000000>, C4<00000000000000000000000000000000>;
v0x55aabce460a0_590 .array/port v0x55aabce460a0, 590;
L_0x55aabcfd4f30 .functor BUFZ 32, v0x55aabce460a0_590, C4<00000000000000000000000000000000>, C4<00000000000000000000000000000000>, C4<00000000000000000000000000000000>;
v0x55aabce460a0_591 .array/port v0x55aabce460a0, 591;
L_0x55aabcfd5000 .functor BUFZ 32, v0x55aabce460a0_591, C4<00000000000000000000000000000000>, C4<00000000000000000000000000000000>, C4<00000000000000000000000000000000>;
v0x55aabce460a0_592 .array/port v0x55aabce460a0, 592;
L_0x55aabcfd50d0 .functor BUFZ 32, v0x55aabce460a0_592, C4<00000000000000000000000000000000>, C4<00000000000000000000000000000000>, C4<00000000000000000000000000000000>;
v0x55aabce460a0_593 .array/port v0x55aabce460a0, 593;
L_0x55aabcfd51a0 .functor BUFZ 32, v0x55aabce460a0_593, C4<00000000000000000000000000000000>, C4<00000000000000000000000000000000>, C4<00000000000000000000000000000000>;
v0x55aabce460a0_594 .array/port v0x55aabce460a0, 594;
L_0x55aabcfd5270 .functor BUFZ 32, v0x55aabce460a0_594, C4<00000000000000000000000000000000>, C4<00000000000000000000000000000000>, C4<00000000000000000000000000000000>;
v0x55aabce460a0_595 .array/port v0x55aabce460a0, 595;
L_0x55aabcfd5340 .functor BUFZ 32, v0x55aabce460a0_595, C4<00000000000000000000000000000000>, C4<00000000000000000000000000000000>, C4<00000000000000000000000000000000>;
v0x55aabce460a0_596 .array/port v0x55aabce460a0, 596;
L_0x55aabcfd5410 .functor BUFZ 32, v0x55aabce460a0_596, C4<00000000000000000000000000000000>, C4<00000000000000000000000000000000>, C4<00000000000000000000000000000000>;
v0x55aabce460a0_597 .array/port v0x55aabce460a0, 597;
L_0x55aabcfd54e0 .functor BUFZ 32, v0x55aabce460a0_597, C4<00000000000000000000000000000000>, C4<00000000000000000000000000000000>, C4<00000000000000000000000000000000>;
v0x55aabce460a0_598 .array/port v0x55aabce460a0, 598;
L_0x55aabcfd55b0 .functor BUFZ 32, v0x55aabce460a0_598, C4<00000000000000000000000000000000>, C4<00000000000000000000000000000000>, C4<00000000000000000000000000000000>;
v0x55aabce460a0_599 .array/port v0x55aabce460a0, 599;
L_0x55aabcfd5680 .functor BUFZ 32, v0x55aabce460a0_599, C4<00000000000000000000000000000000>, C4<00000000000000000000000000000000>, C4<00000000000000000000000000000000>;
v0x55aabce460a0_600 .array/port v0x55aabce460a0, 600;
L_0x55aabcfd5750 .functor BUFZ 32, v0x55aabce460a0_600, C4<00000000000000000000000000000000>, C4<00000000000000000000000000000000>, C4<00000000000000000000000000000000>;
v0x55aabce460a0_601 .array/port v0x55aabce460a0, 601;
L_0x55aabcfd5820 .functor BUFZ 32, v0x55aabce460a0_601, C4<00000000000000000000000000000000>, C4<00000000000000000000000000000000>, C4<00000000000000000000000000000000>;
v0x55aabce460a0_602 .array/port v0x55aabce460a0, 602;
L_0x55aabcfd58f0 .functor BUFZ 32, v0x55aabce460a0_602, C4<00000000000000000000000000000000>, C4<00000000000000000000000000000000>, C4<00000000000000000000000000000000>;
v0x55aabce460a0_603 .array/port v0x55aabce460a0, 603;
L_0x55aabcfd59c0 .functor BUFZ 32, v0x55aabce460a0_603, C4<00000000000000000000000000000000>, C4<00000000000000000000000000000000>, C4<00000000000000000000000000000000>;
v0x55aabce460a0_604 .array/port v0x55aabce460a0, 604;
L_0x55aabcfd5a90 .functor BUFZ 32, v0x55aabce460a0_604, C4<00000000000000000000000000000000>, C4<00000000000000000000000000000000>, C4<00000000000000000000000000000000>;
v0x55aabce460a0_605 .array/port v0x55aabce460a0, 605;
L_0x55aabcfd5b60 .functor BUFZ 32, v0x55aabce460a0_605, C4<00000000000000000000000000000000>, C4<00000000000000000000000000000000>, C4<00000000000000000000000000000000>;
v0x55aabce460a0_606 .array/port v0x55aabce460a0, 606;
L_0x55aabcfd5c30 .functor BUFZ 32, v0x55aabce460a0_606, C4<00000000000000000000000000000000>, C4<00000000000000000000000000000000>, C4<00000000000000000000000000000000>;
v0x55aabce460a0_607 .array/port v0x55aabce460a0, 607;
L_0x55aabcfd5d00 .functor BUFZ 32, v0x55aabce460a0_607, C4<00000000000000000000000000000000>, C4<00000000000000000000000000000000>, C4<00000000000000000000000000000000>;
v0x55aabce460a0_608 .array/port v0x55aabce460a0, 608;
L_0x55aabcfd5dd0 .functor BUFZ 32, v0x55aabce460a0_608, C4<00000000000000000000000000000000>, C4<00000000000000000000000000000000>, C4<00000000000000000000000000000000>;
v0x55aabce460a0_609 .array/port v0x55aabce460a0, 609;
L_0x55aabcfd5ea0 .functor BUFZ 32, v0x55aabce460a0_609, C4<00000000000000000000000000000000>, C4<00000000000000000000000000000000>, C4<00000000000000000000000000000000>;
v0x55aabce460a0_610 .array/port v0x55aabce460a0, 610;
L_0x55aabcfd5f70 .functor BUFZ 32, v0x55aabce460a0_610, C4<00000000000000000000000000000000>, C4<00000000000000000000000000000000>, C4<00000000000000000000000000000000>;
v0x55aabce460a0_611 .array/port v0x55aabce460a0, 611;
L_0x55aabcfd6040 .functor BUFZ 32, v0x55aabce460a0_611, C4<00000000000000000000000000000000>, C4<00000000000000000000000000000000>, C4<00000000000000000000000000000000>;
v0x55aabce460a0_612 .array/port v0x55aabce460a0, 612;
L_0x55aabcfd6110 .functor BUFZ 32, v0x55aabce460a0_612, C4<00000000000000000000000000000000>, C4<00000000000000000000000000000000>, C4<00000000000000000000000000000000>;
v0x55aabce460a0_613 .array/port v0x55aabce460a0, 613;
L_0x55aabcfd61e0 .functor BUFZ 32, v0x55aabce460a0_613, C4<00000000000000000000000000000000>, C4<00000000000000000000000000000000>, C4<00000000000000000000000000000000>;
v0x55aabce460a0_614 .array/port v0x55aabce460a0, 614;
L_0x55aabcfd62b0 .functor BUFZ 32, v0x55aabce460a0_614, C4<00000000000000000000000000000000>, C4<00000000000000000000000000000000>, C4<00000000000000000000000000000000>;
v0x55aabce460a0_615 .array/port v0x55aabce460a0, 615;
L_0x55aabcfd6380 .functor BUFZ 32, v0x55aabce460a0_615, C4<00000000000000000000000000000000>, C4<00000000000000000000000000000000>, C4<00000000000000000000000000000000>;
v0x55aabce460a0_616 .array/port v0x55aabce460a0, 616;
L_0x55aabcfd6450 .functor BUFZ 32, v0x55aabce460a0_616, C4<00000000000000000000000000000000>, C4<00000000000000000000000000000000>, C4<00000000000000000000000000000000>;
v0x55aabce460a0_617 .array/port v0x55aabce460a0, 617;
L_0x55aabcfd6520 .functor BUFZ 32, v0x55aabce460a0_617, C4<00000000000000000000000000000000>, C4<00000000000000000000000000000000>, C4<00000000000000000000000000000000>;
v0x55aabce460a0_618 .array/port v0x55aabce460a0, 618;
L_0x55aabcfd65f0 .functor BUFZ 32, v0x55aabce460a0_618, C4<00000000000000000000000000000000>, C4<00000000000000000000000000000000>, C4<00000000000000000000000000000000>;
v0x55aabce460a0_619 .array/port v0x55aabce460a0, 619;
L_0x55aabcfd66c0 .functor BUFZ 32, v0x55aabce460a0_619, C4<00000000000000000000000000000000>, C4<00000000000000000000000000000000>, C4<00000000000000000000000000000000>;
v0x55aabce460a0_620 .array/port v0x55aabce460a0, 620;
L_0x55aabcfd6790 .functor BUFZ 32, v0x55aabce460a0_620, C4<00000000000000000000000000000000>, C4<00000000000000000000000000000000>, C4<00000000000000000000000000000000>;
v0x55aabce460a0_621 .array/port v0x55aabce460a0, 621;
L_0x55aabcfd6860 .functor BUFZ 32, v0x55aabce460a0_621, C4<00000000000000000000000000000000>, C4<00000000000000000000000000000000>, C4<00000000000000000000000000000000>;
v0x55aabce460a0_622 .array/port v0x55aabce460a0, 622;
L_0x55aabcfd6930 .functor BUFZ 32, v0x55aabce460a0_622, C4<00000000000000000000000000000000>, C4<00000000000000000000000000000000>, C4<00000000000000000000000000000000>;
v0x55aabce460a0_623 .array/port v0x55aabce460a0, 623;
L_0x55aabcfd6a00 .functor BUFZ 32, v0x55aabce460a0_623, C4<00000000000000000000000000000000>, C4<00000000000000000000000000000000>, C4<00000000000000000000000000000000>;
v0x55aabce460a0_624 .array/port v0x55aabce460a0, 624;
L_0x55aabcfd6ad0 .functor BUFZ 32, v0x55aabce460a0_624, C4<00000000000000000000000000000000>, C4<00000000000000000000000000000000>, C4<00000000000000000000000000000000>;
v0x55aabce460a0_625 .array/port v0x55aabce460a0, 625;
L_0x55aabcfd6ba0 .functor BUFZ 32, v0x55aabce460a0_625, C4<00000000000000000000000000000000>, C4<00000000000000000000000000000000>, C4<00000000000000000000000000000000>;
v0x55aabce460a0_626 .array/port v0x55aabce460a0, 626;
L_0x55aabcfd6c70 .functor BUFZ 32, v0x55aabce460a0_626, C4<00000000000000000000000000000000>, C4<00000000000000000000000000000000>, C4<00000000000000000000000000000000>;
v0x55aabce460a0_627 .array/port v0x55aabce460a0, 627;
L_0x55aabcfd6d40 .functor BUFZ 32, v0x55aabce460a0_627, C4<00000000000000000000000000000000>, C4<00000000000000000000000000000000>, C4<00000000000000000000000000000000>;
v0x55aabce460a0_628 .array/port v0x55aabce460a0, 628;
L_0x55aabcfd6e10 .functor BUFZ 32, v0x55aabce460a0_628, C4<00000000000000000000000000000000>, C4<00000000000000000000000000000000>, C4<00000000000000000000000000000000>;
v0x55aabce460a0_629 .array/port v0x55aabce460a0, 629;
L_0x55aabcfd6ee0 .functor BUFZ 32, v0x55aabce460a0_629, C4<00000000000000000000000000000000>, C4<00000000000000000000000000000000>, C4<00000000000000000000000000000000>;
v0x55aabce460a0_630 .array/port v0x55aabce460a0, 630;
L_0x55aabcfd6fb0 .functor BUFZ 32, v0x55aabce460a0_630, C4<00000000000000000000000000000000>, C4<00000000000000000000000000000000>, C4<00000000000000000000000000000000>;
v0x55aabce460a0_631 .array/port v0x55aabce460a0, 631;
L_0x55aabcfd7080 .functor BUFZ 32, v0x55aabce460a0_631, C4<00000000000000000000000000000000>, C4<00000000000000000000000000000000>, C4<00000000000000000000000000000000>;
v0x55aabce460a0_632 .array/port v0x55aabce460a0, 632;
L_0x55aabcfd7150 .functor BUFZ 32, v0x55aabce460a0_632, C4<00000000000000000000000000000000>, C4<00000000000000000000000000000000>, C4<00000000000000000000000000000000>;
v0x55aabce460a0_633 .array/port v0x55aabce460a0, 633;
L_0x55aabcfd7220 .functor BUFZ 32, v0x55aabce460a0_633, C4<00000000000000000000000000000000>, C4<00000000000000000000000000000000>, C4<00000000000000000000000000000000>;
v0x55aabce460a0_634 .array/port v0x55aabce460a0, 634;
L_0x55aabcfd72f0 .functor BUFZ 32, v0x55aabce460a0_634, C4<00000000000000000000000000000000>, C4<00000000000000000000000000000000>, C4<00000000000000000000000000000000>;
v0x55aabce460a0_635 .array/port v0x55aabce460a0, 635;
L_0x55aabcfd73c0 .functor BUFZ 32, v0x55aabce460a0_635, C4<00000000000000000000000000000000>, C4<00000000000000000000000000000000>, C4<00000000000000000000000000000000>;
v0x55aabce460a0_636 .array/port v0x55aabce460a0, 636;
L_0x55aabcfd7490 .functor BUFZ 32, v0x55aabce460a0_636, C4<00000000000000000000000000000000>, C4<00000000000000000000000000000000>, C4<00000000000000000000000000000000>;
v0x55aabce460a0_637 .array/port v0x55aabce460a0, 637;
L_0x55aabcfd7560 .functor BUFZ 32, v0x55aabce460a0_637, C4<00000000000000000000000000000000>, C4<00000000000000000000000000000000>, C4<00000000000000000000000000000000>;
v0x55aabce460a0_638 .array/port v0x55aabce460a0, 638;
L_0x55aabcfd7630 .functor BUFZ 32, v0x55aabce460a0_638, C4<00000000000000000000000000000000>, C4<00000000000000000000000000000000>, C4<00000000000000000000000000000000>;
v0x55aabce460a0_639 .array/port v0x55aabce460a0, 639;
L_0x55aabcfd7700 .functor BUFZ 32, v0x55aabce460a0_639, C4<00000000000000000000000000000000>, C4<00000000000000000000000000000000>, C4<00000000000000000000000000000000>;
v0x55aabce460a0_640 .array/port v0x55aabce460a0, 640;
L_0x55aabcfd77d0 .functor BUFZ 32, v0x55aabce460a0_640, C4<00000000000000000000000000000000>, C4<00000000000000000000000000000000>, C4<00000000000000000000000000000000>;
v0x55aabce460a0_641 .array/port v0x55aabce460a0, 641;
L_0x55aabcfd78a0 .functor BUFZ 32, v0x55aabce460a0_641, C4<00000000000000000000000000000000>, C4<00000000000000000000000000000000>, C4<00000000000000000000000000000000>;
v0x55aabce460a0_642 .array/port v0x55aabce460a0, 642;
L_0x55aabcfd7970 .functor BUFZ 32, v0x55aabce460a0_642, C4<00000000000000000000000000000000>, C4<00000000000000000000000000000000>, C4<00000000000000000000000000000000>;
v0x55aabce460a0_643 .array/port v0x55aabce460a0, 643;
L_0x55aabcfd7a40 .functor BUFZ 32, v0x55aabce460a0_643, C4<00000000000000000000000000000000>, C4<00000000000000000000000000000000>, C4<00000000000000000000000000000000>;
v0x55aabce460a0_644 .array/port v0x55aabce460a0, 644;
L_0x55aabcfd7b10 .functor BUFZ 32, v0x55aabce460a0_644, C4<00000000000000000000000000000000>, C4<00000000000000000000000000000000>, C4<00000000000000000000000000000000>;
v0x55aabce460a0_645 .array/port v0x55aabce460a0, 645;
L_0x55aabcfdb0f0 .functor BUFZ 32, v0x55aabce460a0_645, C4<00000000000000000000000000000000>, C4<00000000000000000000000000000000>, C4<00000000000000000000000000000000>;
v0x55aabce460a0_646 .array/port v0x55aabce460a0, 646;
L_0x55aabcfdb190 .functor BUFZ 32, v0x55aabce460a0_646, C4<00000000000000000000000000000000>, C4<00000000000000000000000000000000>, C4<00000000000000000000000000000000>;
v0x55aabce460a0_647 .array/port v0x55aabce460a0, 647;
L_0x55aabce9e330 .functor BUFZ 32, v0x55aabce460a0_647, C4<00000000000000000000000000000000>, C4<00000000000000000000000000000000>, C4<00000000000000000000000000000000>;
v0x55aabce460a0_648 .array/port v0x55aabce460a0, 648;
L_0x55aabce9e400 .functor BUFZ 32, v0x55aabce460a0_648, C4<00000000000000000000000000000000>, C4<00000000000000000000000000000000>, C4<00000000000000000000000000000000>;
v0x55aabce460a0_649 .array/port v0x55aabce460a0, 649;
L_0x55aabce9e4d0 .functor BUFZ 32, v0x55aabce460a0_649, C4<00000000000000000000000000000000>, C4<00000000000000000000000000000000>, C4<00000000000000000000000000000000>;
v0x55aabce460a0_650 .array/port v0x55aabce460a0, 650;
L_0x55aabce9e5a0 .functor BUFZ 32, v0x55aabce460a0_650, C4<00000000000000000000000000000000>, C4<00000000000000000000000000000000>, C4<00000000000000000000000000000000>;
v0x55aabce460a0_651 .array/port v0x55aabce460a0, 651;
L_0x55aabce9e670 .functor BUFZ 32, v0x55aabce460a0_651, C4<00000000000000000000000000000000>, C4<00000000000000000000000000000000>, C4<00000000000000000000000000000000>;
v0x55aabce460a0_652 .array/port v0x55aabce460a0, 652;
L_0x55aabce9e740 .functor BUFZ 32, v0x55aabce460a0_652, C4<00000000000000000000000000000000>, C4<00000000000000000000000000000000>, C4<00000000000000000000000000000000>;
v0x55aabce460a0_653 .array/port v0x55aabce460a0, 653;
L_0x55aabce9e810 .functor BUFZ 32, v0x55aabce460a0_653, C4<00000000000000000000000000000000>, C4<00000000000000000000000000000000>, C4<00000000000000000000000000000000>;
v0x55aabce460a0_654 .array/port v0x55aabce460a0, 654;
L_0x55aabce9e8e0 .functor BUFZ 32, v0x55aabce460a0_654, C4<00000000000000000000000000000000>, C4<00000000000000000000000000000000>, C4<00000000000000000000000000000000>;
v0x55aabce460a0_655 .array/port v0x55aabce460a0, 655;
L_0x55aabce9e9b0 .functor BUFZ 32, v0x55aabce460a0_655, C4<00000000000000000000000000000000>, C4<00000000000000000000000000000000>, C4<00000000000000000000000000000000>;
v0x55aabce460a0_656 .array/port v0x55aabce460a0, 656;
L_0x55aabce9ea80 .functor BUFZ 32, v0x55aabce460a0_656, C4<00000000000000000000000000000000>, C4<00000000000000000000000000000000>, C4<00000000000000000000000000000000>;
v0x55aabce460a0_657 .array/port v0x55aabce460a0, 657;
L_0x55aabce9eb50 .functor BUFZ 32, v0x55aabce460a0_657, C4<00000000000000000000000000000000>, C4<00000000000000000000000000000000>, C4<00000000000000000000000000000000>;
v0x55aabce460a0_658 .array/port v0x55aabce460a0, 658;
L_0x55aabcfd7cb0 .functor BUFZ 32, v0x55aabce460a0_658, C4<00000000000000000000000000000000>, C4<00000000000000000000000000000000>, C4<00000000000000000000000000000000>;
v0x55aabce460a0_659 .array/port v0x55aabce460a0, 659;
L_0x55aabcfd7d80 .functor BUFZ 32, v0x55aabce460a0_659, C4<00000000000000000000000000000000>, C4<00000000000000000000000000000000>, C4<00000000000000000000000000000000>;
v0x55aabce460a0_660 .array/port v0x55aabce460a0, 660;
L_0x55aabcfd7e50 .functor BUFZ 32, v0x55aabce460a0_660, C4<00000000000000000000000000000000>, C4<00000000000000000000000000000000>, C4<00000000000000000000000000000000>;
v0x55aabce460a0_661 .array/port v0x55aabce460a0, 661;
L_0x55aabcfd7f20 .functor BUFZ 32, v0x55aabce460a0_661, C4<00000000000000000000000000000000>, C4<00000000000000000000000000000000>, C4<00000000000000000000000000000000>;
v0x55aabce460a0_662 .array/port v0x55aabce460a0, 662;
L_0x55aabcfd7ff0 .functor BUFZ 32, v0x55aabce460a0_662, C4<00000000000000000000000000000000>, C4<00000000000000000000000000000000>, C4<00000000000000000000000000000000>;
v0x55aabce460a0_663 .array/port v0x55aabce460a0, 663;
L_0x55aabcfd80c0 .functor BUFZ 32, v0x55aabce460a0_663, C4<00000000000000000000000000000000>, C4<00000000000000000000000000000000>, C4<00000000000000000000000000000000>;
v0x55aabce460a0_664 .array/port v0x55aabce460a0, 664;
L_0x55aabcfd8190 .functor BUFZ 32, v0x55aabce460a0_664, C4<00000000000000000000000000000000>, C4<00000000000000000000000000000000>, C4<00000000000000000000000000000000>;
v0x55aabce460a0_665 .array/port v0x55aabce460a0, 665;
L_0x55aabcfd8260 .functor BUFZ 32, v0x55aabce460a0_665, C4<00000000000000000000000000000000>, C4<00000000000000000000000000000000>, C4<00000000000000000000000000000000>;
v0x55aabce460a0_666 .array/port v0x55aabce460a0, 666;
L_0x55aabcfd8330 .functor BUFZ 32, v0x55aabce460a0_666, C4<00000000000000000000000000000000>, C4<00000000000000000000000000000000>, C4<00000000000000000000000000000000>;
v0x55aabce460a0_667 .array/port v0x55aabce460a0, 667;
L_0x55aabcfd8400 .functor BUFZ 32, v0x55aabce460a0_667, C4<00000000000000000000000000000000>, C4<00000000000000000000000000000000>, C4<00000000000000000000000000000000>;
v0x55aabce460a0_668 .array/port v0x55aabce460a0, 668;
L_0x55aabcfd84d0 .functor BUFZ 32, v0x55aabce460a0_668, C4<00000000000000000000000000000000>, C4<00000000000000000000000000000000>, C4<00000000000000000000000000000000>;
v0x55aabce460a0_669 .array/port v0x55aabce460a0, 669;
L_0x55aabcfd85a0 .functor BUFZ 32, v0x55aabce460a0_669, C4<00000000000000000000000000000000>, C4<00000000000000000000000000000000>, C4<00000000000000000000000000000000>;
v0x55aabce460a0_670 .array/port v0x55aabce460a0, 670;
L_0x55aabcfd8670 .functor BUFZ 32, v0x55aabce460a0_670, C4<00000000000000000000000000000000>, C4<00000000000000000000000000000000>, C4<00000000000000000000000000000000>;
v0x55aabce460a0_671 .array/port v0x55aabce460a0, 671;
L_0x55aabcfd8740 .functor BUFZ 32, v0x55aabce460a0_671, C4<00000000000000000000000000000000>, C4<00000000000000000000000000000000>, C4<00000000000000000000000000000000>;
v0x55aabce460a0_672 .array/port v0x55aabce460a0, 672;
L_0x55aabcfd8810 .functor BUFZ 32, v0x55aabce460a0_672, C4<00000000000000000000000000000000>, C4<00000000000000000000000000000000>, C4<00000000000000000000000000000000>;
v0x55aabce460a0_673 .array/port v0x55aabce460a0, 673;
L_0x55aabcfd88e0 .functor BUFZ 32, v0x55aabce460a0_673, C4<00000000000000000000000000000000>, C4<00000000000000000000000000000000>, C4<00000000000000000000000000000000>;
v0x55aabce460a0_674 .array/port v0x55aabce460a0, 674;
L_0x55aabcfd89b0 .functor BUFZ 32, v0x55aabce460a0_674, C4<00000000000000000000000000000000>, C4<00000000000000000000000000000000>, C4<00000000000000000000000000000000>;
v0x55aabce460a0_675 .array/port v0x55aabce460a0, 675;
L_0x55aabcfd8a80 .functor BUFZ 32, v0x55aabce460a0_675, C4<00000000000000000000000000000000>, C4<00000000000000000000000000000000>, C4<00000000000000000000000000000000>;
v0x55aabce460a0_676 .array/port v0x55aabce460a0, 676;
L_0x55aabcfd8b50 .functor BUFZ 32, v0x55aabce460a0_676, C4<00000000000000000000000000000000>, C4<00000000000000000000000000000000>, C4<00000000000000000000000000000000>;
v0x55aabce460a0_677 .array/port v0x55aabce460a0, 677;
L_0x55aabcfd8c20 .functor BUFZ 32, v0x55aabce460a0_677, C4<00000000000000000000000000000000>, C4<00000000000000000000000000000000>, C4<00000000000000000000000000000000>;
v0x55aabce460a0_678 .array/port v0x55aabce460a0, 678;
L_0x55aabcfd8cf0 .functor BUFZ 32, v0x55aabce460a0_678, C4<00000000000000000000000000000000>, C4<00000000000000000000000000000000>, C4<00000000000000000000000000000000>;
v0x55aabce460a0_679 .array/port v0x55aabce460a0, 679;
L_0x55aabcfd8dc0 .functor BUFZ 32, v0x55aabce460a0_679, C4<00000000000000000000000000000000>, C4<00000000000000000000000000000000>, C4<00000000000000000000000000000000>;
v0x55aabce460a0_680 .array/port v0x55aabce460a0, 680;
L_0x55aabcfd8e90 .functor BUFZ 32, v0x55aabce460a0_680, C4<00000000000000000000000000000000>, C4<00000000000000000000000000000000>, C4<00000000000000000000000000000000>;
v0x55aabce460a0_681 .array/port v0x55aabce460a0, 681;
L_0x55aabcfd8f60 .functor BUFZ 32, v0x55aabce460a0_681, C4<00000000000000000000000000000000>, C4<00000000000000000000000000000000>, C4<00000000000000000000000000000000>;
v0x55aabce460a0_682 .array/port v0x55aabce460a0, 682;
L_0x55aabcfd9030 .functor BUFZ 32, v0x55aabce460a0_682, C4<00000000000000000000000000000000>, C4<00000000000000000000000000000000>, C4<00000000000000000000000000000000>;
v0x55aabce460a0_683 .array/port v0x55aabce460a0, 683;
L_0x55aabcfd9100 .functor BUFZ 32, v0x55aabce460a0_683, C4<00000000000000000000000000000000>, C4<00000000000000000000000000000000>, C4<00000000000000000000000000000000>;
v0x55aabce460a0_684 .array/port v0x55aabce460a0, 684;
L_0x55aabcfd91d0 .functor BUFZ 32, v0x55aabce460a0_684, C4<00000000000000000000000000000000>, C4<00000000000000000000000000000000>, C4<00000000000000000000000000000000>;
v0x55aabce460a0_685 .array/port v0x55aabce460a0, 685;
L_0x55aabcfd92a0 .functor BUFZ 32, v0x55aabce460a0_685, C4<00000000000000000000000000000000>, C4<00000000000000000000000000000000>, C4<00000000000000000000000000000000>;
v0x55aabce460a0_686 .array/port v0x55aabce460a0, 686;
L_0x55aabcfd9370 .functor BUFZ 32, v0x55aabce460a0_686, C4<00000000000000000000000000000000>, C4<00000000000000000000000000000000>, C4<00000000000000000000000000000000>;
v0x55aabce460a0_687 .array/port v0x55aabce460a0, 687;
L_0x55aabcfd9440 .functor BUFZ 32, v0x55aabce460a0_687, C4<00000000000000000000000000000000>, C4<00000000000000000000000000000000>, C4<00000000000000000000000000000000>;
v0x55aabce460a0_688 .array/port v0x55aabce460a0, 688;
L_0x55aabcfd9510 .functor BUFZ 32, v0x55aabce460a0_688, C4<00000000000000000000000000000000>, C4<00000000000000000000000000000000>, C4<00000000000000000000000000000000>;
v0x55aabce460a0_689 .array/port v0x55aabce460a0, 689;
L_0x55aabcfd95e0 .functor BUFZ 32, v0x55aabce460a0_689, C4<00000000000000000000000000000000>, C4<00000000000000000000000000000000>, C4<00000000000000000000000000000000>;
v0x55aabce460a0_690 .array/port v0x55aabce460a0, 690;
L_0x55aabcfd96b0 .functor BUFZ 32, v0x55aabce460a0_690, C4<00000000000000000000000000000000>, C4<00000000000000000000000000000000>, C4<00000000000000000000000000000000>;
v0x55aabce460a0_691 .array/port v0x55aabce460a0, 691;
L_0x55aabcfd9780 .functor BUFZ 32, v0x55aabce460a0_691, C4<00000000000000000000000000000000>, C4<00000000000000000000000000000000>, C4<00000000000000000000000000000000>;
v0x55aabce460a0_692 .array/port v0x55aabce460a0, 692;
L_0x55aabcfd9850 .functor BUFZ 32, v0x55aabce460a0_692, C4<00000000000000000000000000000000>, C4<00000000000000000000000000000000>, C4<00000000000000000000000000000000>;
v0x55aabce460a0_693 .array/port v0x55aabce460a0, 693;
L_0x55aabcfd9920 .functor BUFZ 32, v0x55aabce460a0_693, C4<00000000000000000000000000000000>, C4<00000000000000000000000000000000>, C4<00000000000000000000000000000000>;
v0x55aabce460a0_694 .array/port v0x55aabce460a0, 694;
L_0x55aabcfd99f0 .functor BUFZ 32, v0x55aabce460a0_694, C4<00000000000000000000000000000000>, C4<00000000000000000000000000000000>, C4<00000000000000000000000000000000>;
v0x55aabce460a0_695 .array/port v0x55aabce460a0, 695;
L_0x55aabcfd9ac0 .functor BUFZ 32, v0x55aabce460a0_695, C4<00000000000000000000000000000000>, C4<00000000000000000000000000000000>, C4<00000000000000000000000000000000>;
v0x55aabce460a0_696 .array/port v0x55aabce460a0, 696;
L_0x55aabcfd9b90 .functor BUFZ 32, v0x55aabce460a0_696, C4<00000000000000000000000000000000>, C4<00000000000000000000000000000000>, C4<00000000000000000000000000000000>;
v0x55aabce460a0_697 .array/port v0x55aabce460a0, 697;
L_0x55aabcfd9c60 .functor BUFZ 32, v0x55aabce460a0_697, C4<00000000000000000000000000000000>, C4<00000000000000000000000000000000>, C4<00000000000000000000000000000000>;
v0x55aabce460a0_698 .array/port v0x55aabce460a0, 698;
L_0x55aabcfd9d30 .functor BUFZ 32, v0x55aabce460a0_698, C4<00000000000000000000000000000000>, C4<00000000000000000000000000000000>, C4<00000000000000000000000000000000>;
v0x55aabce460a0_699 .array/port v0x55aabce460a0, 699;
L_0x55aabcfd9e00 .functor BUFZ 32, v0x55aabce460a0_699, C4<00000000000000000000000000000000>, C4<00000000000000000000000000000000>, C4<00000000000000000000000000000000>;
v0x55aabce460a0_700 .array/port v0x55aabce460a0, 700;
L_0x55aabcfd9ed0 .functor BUFZ 32, v0x55aabce460a0_700, C4<00000000000000000000000000000000>, C4<00000000000000000000000000000000>, C4<00000000000000000000000000000000>;
v0x55aabce460a0_701 .array/port v0x55aabce460a0, 701;
L_0x55aabcfd9fa0 .functor BUFZ 32, v0x55aabce460a0_701, C4<00000000000000000000000000000000>, C4<00000000000000000000000000000000>, C4<00000000000000000000000000000000>;
v0x55aabce460a0_702 .array/port v0x55aabce460a0, 702;
L_0x55aabcfda070 .functor BUFZ 32, v0x55aabce460a0_702, C4<00000000000000000000000000000000>, C4<00000000000000000000000000000000>, C4<00000000000000000000000000000000>;
v0x55aabce460a0_703 .array/port v0x55aabce460a0, 703;
L_0x55aabcfda140 .functor BUFZ 32, v0x55aabce460a0_703, C4<00000000000000000000000000000000>, C4<00000000000000000000000000000000>, C4<00000000000000000000000000000000>;
v0x55aabce460a0_704 .array/port v0x55aabce460a0, 704;
L_0x55aabcfda210 .functor BUFZ 32, v0x55aabce460a0_704, C4<00000000000000000000000000000000>, C4<00000000000000000000000000000000>, C4<00000000000000000000000000000000>;
v0x55aabce460a0_705 .array/port v0x55aabce460a0, 705;
L_0x55aabcfda2e0 .functor BUFZ 32, v0x55aabce460a0_705, C4<00000000000000000000000000000000>, C4<00000000000000000000000000000000>, C4<00000000000000000000000000000000>;
v0x55aabce460a0_706 .array/port v0x55aabce460a0, 706;
L_0x55aabcfda3b0 .functor BUFZ 32, v0x55aabce460a0_706, C4<00000000000000000000000000000000>, C4<00000000000000000000000000000000>, C4<00000000000000000000000000000000>;
v0x55aabce460a0_707 .array/port v0x55aabce460a0, 707;
L_0x55aabcfda480 .functor BUFZ 32, v0x55aabce460a0_707, C4<00000000000000000000000000000000>, C4<00000000000000000000000000000000>, C4<00000000000000000000000000000000>;
v0x55aabce460a0_708 .array/port v0x55aabce460a0, 708;
L_0x55aabcfda550 .functor BUFZ 32, v0x55aabce460a0_708, C4<00000000000000000000000000000000>, C4<00000000000000000000000000000000>, C4<00000000000000000000000000000000>;
v0x55aabce460a0_709 .array/port v0x55aabce460a0, 709;
L_0x55aabcfda620 .functor BUFZ 32, v0x55aabce460a0_709, C4<00000000000000000000000000000000>, C4<00000000000000000000000000000000>, C4<00000000000000000000000000000000>;
v0x55aabce460a0_710 .array/port v0x55aabce460a0, 710;
L_0x55aabcfda6f0 .functor BUFZ 32, v0x55aabce460a0_710, C4<00000000000000000000000000000000>, C4<00000000000000000000000000000000>, C4<00000000000000000000000000000000>;
v0x55aabce460a0_711 .array/port v0x55aabce460a0, 711;
L_0x55aabcfda7c0 .functor BUFZ 32, v0x55aabce460a0_711, C4<00000000000000000000000000000000>, C4<00000000000000000000000000000000>, C4<00000000000000000000000000000000>;
v0x55aabce460a0_712 .array/port v0x55aabce460a0, 712;
L_0x55aabcfda890 .functor BUFZ 32, v0x55aabce460a0_712, C4<00000000000000000000000000000000>, C4<00000000000000000000000000000000>, C4<00000000000000000000000000000000>;
v0x55aabce460a0_713 .array/port v0x55aabce460a0, 713;
L_0x55aabcfda960 .functor BUFZ 32, v0x55aabce460a0_713, C4<00000000000000000000000000000000>, C4<00000000000000000000000000000000>, C4<00000000000000000000000000000000>;
v0x55aabce460a0_714 .array/port v0x55aabce460a0, 714;
L_0x55aabcfdaa30 .functor BUFZ 32, v0x55aabce460a0_714, C4<00000000000000000000000000000000>, C4<00000000000000000000000000000000>, C4<00000000000000000000000000000000>;
v0x55aabce460a0_715 .array/port v0x55aabce460a0, 715;
L_0x55aabcfdab00 .functor BUFZ 32, v0x55aabce460a0_715, C4<00000000000000000000000000000000>, C4<00000000000000000000000000000000>, C4<00000000000000000000000000000000>;
v0x55aabce460a0_716 .array/port v0x55aabce460a0, 716;
L_0x55aabcfdabd0 .functor BUFZ 32, v0x55aabce460a0_716, C4<00000000000000000000000000000000>, C4<00000000000000000000000000000000>, C4<00000000000000000000000000000000>;
v0x55aabce460a0_717 .array/port v0x55aabce460a0, 717;
L_0x55aabcfdaca0 .functor BUFZ 32, v0x55aabce460a0_717, C4<00000000000000000000000000000000>, C4<00000000000000000000000000000000>, C4<00000000000000000000000000000000>;
v0x55aabce460a0_718 .array/port v0x55aabce460a0, 718;
L_0x55aabcfdad70 .functor BUFZ 32, v0x55aabce460a0_718, C4<00000000000000000000000000000000>, C4<00000000000000000000000000000000>, C4<00000000000000000000000000000000>;
v0x55aabce460a0_719 .array/port v0x55aabce460a0, 719;
L_0x55aabcfdae40 .functor BUFZ 32, v0x55aabce460a0_719, C4<00000000000000000000000000000000>, C4<00000000000000000000000000000000>, C4<00000000000000000000000000000000>;
v0x55aabce460a0_720 .array/port v0x55aabce460a0, 720;
L_0x55aabcfdaf10 .functor BUFZ 32, v0x55aabce460a0_720, C4<00000000000000000000000000000000>, C4<00000000000000000000000000000000>, C4<00000000000000000000000000000000>;
v0x55aabce460a0_721 .array/port v0x55aabce460a0, 721;
L_0x55aabcfdafe0 .functor BUFZ 32, v0x55aabce460a0_721, C4<00000000000000000000000000000000>, C4<00000000000000000000000000000000>, C4<00000000000000000000000000000000>;
v0x55aabce460a0_722 .array/port v0x55aabce460a0, 722;
L_0x55aabcfde900 .functor BUFZ 32, v0x55aabce460a0_722, C4<00000000000000000000000000000000>, C4<00000000000000000000000000000000>, C4<00000000000000000000000000000000>;
v0x55aabce460a0_723 .array/port v0x55aabce460a0, 723;
L_0x55aabce9ec50 .functor BUFZ 32, v0x55aabce460a0_723, C4<00000000000000000000000000000000>, C4<00000000000000000000000000000000>, C4<00000000000000000000000000000000>;
v0x55aabce460a0_724 .array/port v0x55aabce460a0, 724;
L_0x55aabce9ed20 .functor BUFZ 32, v0x55aabce460a0_724, C4<00000000000000000000000000000000>, C4<00000000000000000000000000000000>, C4<00000000000000000000000000000000>;
v0x55aabce460a0_725 .array/port v0x55aabce460a0, 725;
L_0x55aabce9edf0 .functor BUFZ 32, v0x55aabce460a0_725, C4<00000000000000000000000000000000>, C4<00000000000000000000000000000000>, C4<00000000000000000000000000000000>;
v0x55aabce460a0_726 .array/port v0x55aabce460a0, 726;
L_0x55aabce9eec0 .functor BUFZ 32, v0x55aabce460a0_726, C4<00000000000000000000000000000000>, C4<00000000000000000000000000000000>, C4<00000000000000000000000000000000>;
v0x55aabce460a0_727 .array/port v0x55aabce460a0, 727;
L_0x55aabce9ef90 .functor BUFZ 32, v0x55aabce460a0_727, C4<00000000000000000000000000000000>, C4<00000000000000000000000000000000>, C4<00000000000000000000000000000000>;
v0x55aabce460a0_728 .array/port v0x55aabce460a0, 728;
L_0x55aabce9f060 .functor BUFZ 32, v0x55aabce460a0_728, C4<00000000000000000000000000000000>, C4<00000000000000000000000000000000>, C4<00000000000000000000000000000000>;
v0x55aabce460a0_729 .array/port v0x55aabce460a0, 729;
L_0x55aabce9f130 .functor BUFZ 32, v0x55aabce460a0_729, C4<00000000000000000000000000000000>, C4<00000000000000000000000000000000>, C4<00000000000000000000000000000000>;
v0x55aabce460a0_730 .array/port v0x55aabce460a0, 730;
L_0x55aabce9f200 .functor BUFZ 32, v0x55aabce460a0_730, C4<00000000000000000000000000000000>, C4<00000000000000000000000000000000>, C4<00000000000000000000000000000000>;
v0x55aabce460a0_731 .array/port v0x55aabce460a0, 731;
L_0x55aabce9f2d0 .functor BUFZ 32, v0x55aabce460a0_731, C4<00000000000000000000000000000000>, C4<00000000000000000000000000000000>, C4<00000000000000000000000000000000>;
v0x55aabce460a0_732 .array/port v0x55aabce460a0, 732;
L_0x55aabce9f3a0 .functor BUFZ 32, v0x55aabce460a0_732, C4<00000000000000000000000000000000>, C4<00000000000000000000000000000000>, C4<00000000000000000000000000000000>;
v0x55aabce460a0_733 .array/port v0x55aabce460a0, 733;
L_0x55aabce9f470 .functor BUFZ 32, v0x55aabce460a0_733, C4<00000000000000000000000000000000>, C4<00000000000000000000000000000000>, C4<00000000000000000000000000000000>;
v0x55aabce460a0_734 .array/port v0x55aabce460a0, 734;
L_0x55aabce9f540 .functor BUFZ 32, v0x55aabce460a0_734, C4<00000000000000000000000000000000>, C4<00000000000000000000000000000000>, C4<00000000000000000000000000000000>;
v0x55aabce460a0_735 .array/port v0x55aabce460a0, 735;
L_0x55aabcfdb290 .functor BUFZ 32, v0x55aabce460a0_735, C4<00000000000000000000000000000000>, C4<00000000000000000000000000000000>, C4<00000000000000000000000000000000>;
v0x55aabce460a0_736 .array/port v0x55aabce460a0, 736;
L_0x55aabcfdb360 .functor BUFZ 32, v0x55aabce460a0_736, C4<00000000000000000000000000000000>, C4<00000000000000000000000000000000>, C4<00000000000000000000000000000000>;
v0x55aabce460a0_737 .array/port v0x55aabce460a0, 737;
L_0x55aabcfdb430 .functor BUFZ 32, v0x55aabce460a0_737, C4<00000000000000000000000000000000>, C4<00000000000000000000000000000000>, C4<00000000000000000000000000000000>;
v0x55aabce460a0_738 .array/port v0x55aabce460a0, 738;
L_0x55aabcfdb500 .functor BUFZ 32, v0x55aabce460a0_738, C4<00000000000000000000000000000000>, C4<00000000000000000000000000000000>, C4<00000000000000000000000000000000>;
v0x55aabce460a0_739 .array/port v0x55aabce460a0, 739;
L_0x55aabcfdb5d0 .functor BUFZ 32, v0x55aabce460a0_739, C4<00000000000000000000000000000000>, C4<00000000000000000000000000000000>, C4<00000000000000000000000000000000>;
v0x55aabce460a0_740 .array/port v0x55aabce460a0, 740;
L_0x55aabcfdb6a0 .functor BUFZ 32, v0x55aabce460a0_740, C4<00000000000000000000000000000000>, C4<00000000000000000000000000000000>, C4<00000000000000000000000000000000>;
v0x55aabce460a0_741 .array/port v0x55aabce460a0, 741;
L_0x55aabcfdb770 .functor BUFZ 32, v0x55aabce460a0_741, C4<00000000000000000000000000000000>, C4<00000000000000000000000000000000>, C4<00000000000000000000000000000000>;
v0x55aabce460a0_742 .array/port v0x55aabce460a0, 742;
L_0x55aabcfdb840 .functor BUFZ 32, v0x55aabce460a0_742, C4<00000000000000000000000000000000>, C4<00000000000000000000000000000000>, C4<00000000000000000000000000000000>;
v0x55aabce460a0_743 .array/port v0x55aabce460a0, 743;
L_0x55aabcfdb910 .functor BUFZ 32, v0x55aabce460a0_743, C4<00000000000000000000000000000000>, C4<00000000000000000000000000000000>, C4<00000000000000000000000000000000>;
v0x55aabce460a0_744 .array/port v0x55aabce460a0, 744;
L_0x55aabcfdb9e0 .functor BUFZ 32, v0x55aabce460a0_744, C4<00000000000000000000000000000000>, C4<00000000000000000000000000000000>, C4<00000000000000000000000000000000>;
v0x55aabce460a0_745 .array/port v0x55aabce460a0, 745;
L_0x55aabcfdbab0 .functor BUFZ 32, v0x55aabce460a0_745, C4<00000000000000000000000000000000>, C4<00000000000000000000000000000000>, C4<00000000000000000000000000000000>;
v0x55aabce460a0_746 .array/port v0x55aabce460a0, 746;
L_0x55aabcfdbb80 .functor BUFZ 32, v0x55aabce460a0_746, C4<00000000000000000000000000000000>, C4<00000000000000000000000000000000>, C4<00000000000000000000000000000000>;
v0x55aabce460a0_747 .array/port v0x55aabce460a0, 747;
L_0x55aabcfdbc50 .functor BUFZ 32, v0x55aabce460a0_747, C4<00000000000000000000000000000000>, C4<00000000000000000000000000000000>, C4<00000000000000000000000000000000>;
v0x55aabce460a0_748 .array/port v0x55aabce460a0, 748;
L_0x55aabcfdbd20 .functor BUFZ 32, v0x55aabce460a0_748, C4<00000000000000000000000000000000>, C4<00000000000000000000000000000000>, C4<00000000000000000000000000000000>;
v0x55aabce460a0_749 .array/port v0x55aabce460a0, 749;
L_0x55aabcfdbdf0 .functor BUFZ 32, v0x55aabce460a0_749, C4<00000000000000000000000000000000>, C4<00000000000000000000000000000000>, C4<00000000000000000000000000000000>;
v0x55aabce460a0_750 .array/port v0x55aabce460a0, 750;
L_0x55aabcfdbec0 .functor BUFZ 32, v0x55aabce460a0_750, C4<00000000000000000000000000000000>, C4<00000000000000000000000000000000>, C4<00000000000000000000000000000000>;
v0x55aabce460a0_751 .array/port v0x55aabce460a0, 751;
L_0x55aabcfdbf90 .functor BUFZ 32, v0x55aabce460a0_751, C4<00000000000000000000000000000000>, C4<00000000000000000000000000000000>, C4<00000000000000000000000000000000>;
v0x55aabce460a0_752 .array/port v0x55aabce460a0, 752;
L_0x55aabcfdc060 .functor BUFZ 32, v0x55aabce460a0_752, C4<00000000000000000000000000000000>, C4<00000000000000000000000000000000>, C4<00000000000000000000000000000000>;
v0x55aabce460a0_753 .array/port v0x55aabce460a0, 753;
L_0x55aabcfdc130 .functor BUFZ 32, v0x55aabce460a0_753, C4<00000000000000000000000000000000>, C4<00000000000000000000000000000000>, C4<00000000000000000000000000000000>;
v0x55aabce460a0_754 .array/port v0x55aabce460a0, 754;
L_0x55aabcfdc200 .functor BUFZ 32, v0x55aabce460a0_754, C4<00000000000000000000000000000000>, C4<00000000000000000000000000000000>, C4<00000000000000000000000000000000>;
v0x55aabce460a0_755 .array/port v0x55aabce460a0, 755;
L_0x55aabcfdc2d0 .functor BUFZ 32, v0x55aabce460a0_755, C4<00000000000000000000000000000000>, C4<00000000000000000000000000000000>, C4<00000000000000000000000000000000>;
v0x55aabce460a0_756 .array/port v0x55aabce460a0, 756;
L_0x55aabcfdc3a0 .functor BUFZ 32, v0x55aabce460a0_756, C4<00000000000000000000000000000000>, C4<00000000000000000000000000000000>, C4<00000000000000000000000000000000>;
v0x55aabce460a0_757 .array/port v0x55aabce460a0, 757;
L_0x55aabcfdc470 .functor BUFZ 32, v0x55aabce460a0_757, C4<00000000000000000000000000000000>, C4<00000000000000000000000000000000>, C4<00000000000000000000000000000000>;
v0x55aabce460a0_758 .array/port v0x55aabce460a0, 758;
L_0x55aabcfdc540 .functor BUFZ 32, v0x55aabce460a0_758, C4<00000000000000000000000000000000>, C4<00000000000000000000000000000000>, C4<00000000000000000000000000000000>;
v0x55aabce460a0_759 .array/port v0x55aabce460a0, 759;
L_0x55aabcfdc610 .functor BUFZ 32, v0x55aabce460a0_759, C4<00000000000000000000000000000000>, C4<00000000000000000000000000000000>, C4<00000000000000000000000000000000>;
v0x55aabce460a0_760 .array/port v0x55aabce460a0, 760;
L_0x55aabcfdc6e0 .functor BUFZ 32, v0x55aabce460a0_760, C4<00000000000000000000000000000000>, C4<00000000000000000000000000000000>, C4<00000000000000000000000000000000>;
v0x55aabce460a0_761 .array/port v0x55aabce460a0, 761;
L_0x55aabcfdc7b0 .functor BUFZ 32, v0x55aabce460a0_761, C4<00000000000000000000000000000000>, C4<00000000000000000000000000000000>, C4<00000000000000000000000000000000>;
v0x55aabce460a0_762 .array/port v0x55aabce460a0, 762;
L_0x55aabcfdc880 .functor BUFZ 32, v0x55aabce460a0_762, C4<00000000000000000000000000000000>, C4<00000000000000000000000000000000>, C4<00000000000000000000000000000000>;
v0x55aabce460a0_763 .array/port v0x55aabce460a0, 763;
L_0x55aabcfdc950 .functor BUFZ 32, v0x55aabce460a0_763, C4<00000000000000000000000000000000>, C4<00000000000000000000000000000000>, C4<00000000000000000000000000000000>;
v0x55aabce460a0_764 .array/port v0x55aabce460a0, 764;
L_0x55aabcfdca20 .functor BUFZ 32, v0x55aabce460a0_764, C4<00000000000000000000000000000000>, C4<00000000000000000000000000000000>, C4<00000000000000000000000000000000>;
v0x55aabce460a0_765 .array/port v0x55aabce460a0, 765;
L_0x55aabcfdcaf0 .functor BUFZ 32, v0x55aabce460a0_765, C4<00000000000000000000000000000000>, C4<00000000000000000000000000000000>, C4<00000000000000000000000000000000>;
v0x55aabce460a0_766 .array/port v0x55aabce460a0, 766;
L_0x55aabcfdcbc0 .functor BUFZ 32, v0x55aabce460a0_766, C4<00000000000000000000000000000000>, C4<00000000000000000000000000000000>, C4<00000000000000000000000000000000>;
v0x55aabce460a0_767 .array/port v0x55aabce460a0, 767;
L_0x55aabcfdcc90 .functor BUFZ 32, v0x55aabce460a0_767, C4<00000000000000000000000000000000>, C4<00000000000000000000000000000000>, C4<00000000000000000000000000000000>;
v0x55aabce460a0_768 .array/port v0x55aabce460a0, 768;
L_0x55aabcfdcd60 .functor BUFZ 32, v0x55aabce460a0_768, C4<00000000000000000000000000000000>, C4<00000000000000000000000000000000>, C4<00000000000000000000000000000000>;
v0x55aabce460a0_769 .array/port v0x55aabce460a0, 769;
L_0x55aabcfdce30 .functor BUFZ 32, v0x55aabce460a0_769, C4<00000000000000000000000000000000>, C4<00000000000000000000000000000000>, C4<00000000000000000000000000000000>;
v0x55aabce460a0_770 .array/port v0x55aabce460a0, 770;
L_0x55aabcfdcf00 .functor BUFZ 32, v0x55aabce460a0_770, C4<00000000000000000000000000000000>, C4<00000000000000000000000000000000>, C4<00000000000000000000000000000000>;
v0x55aabce460a0_771 .array/port v0x55aabce460a0, 771;
L_0x55aabcfdcfd0 .functor BUFZ 32, v0x55aabce460a0_771, C4<00000000000000000000000000000000>, C4<00000000000000000000000000000000>, C4<00000000000000000000000000000000>;
v0x55aabce460a0_772 .array/port v0x55aabce460a0, 772;
L_0x55aabcfdd0a0 .functor BUFZ 32, v0x55aabce460a0_772, C4<00000000000000000000000000000000>, C4<00000000000000000000000000000000>, C4<00000000000000000000000000000000>;
v0x55aabce460a0_773 .array/port v0x55aabce460a0, 773;
L_0x55aabcfdd170 .functor BUFZ 32, v0x55aabce460a0_773, C4<00000000000000000000000000000000>, C4<00000000000000000000000000000000>, C4<00000000000000000000000000000000>;
v0x55aabce460a0_774 .array/port v0x55aabce460a0, 774;
L_0x55aabcfdd240 .functor BUFZ 32, v0x55aabce460a0_774, C4<00000000000000000000000000000000>, C4<00000000000000000000000000000000>, C4<00000000000000000000000000000000>;
v0x55aabce460a0_775 .array/port v0x55aabce460a0, 775;
L_0x55aabcfdd310 .functor BUFZ 32, v0x55aabce460a0_775, C4<00000000000000000000000000000000>, C4<00000000000000000000000000000000>, C4<00000000000000000000000000000000>;
v0x55aabce460a0_776 .array/port v0x55aabce460a0, 776;
L_0x55aabcfdd3e0 .functor BUFZ 32, v0x55aabce460a0_776, C4<00000000000000000000000000000000>, C4<00000000000000000000000000000000>, C4<00000000000000000000000000000000>;
v0x55aabce460a0_777 .array/port v0x55aabce460a0, 777;
L_0x55aabcfdd4b0 .functor BUFZ 32, v0x55aabce460a0_777, C4<00000000000000000000000000000000>, C4<00000000000000000000000000000000>, C4<00000000000000000000000000000000>;
v0x55aabce460a0_778 .array/port v0x55aabce460a0, 778;
L_0x55aabcfdd580 .functor BUFZ 32, v0x55aabce460a0_778, C4<00000000000000000000000000000000>, C4<00000000000000000000000000000000>, C4<00000000000000000000000000000000>;
v0x55aabce460a0_779 .array/port v0x55aabce460a0, 779;
L_0x55aabcfdd650 .functor BUFZ 32, v0x55aabce460a0_779, C4<00000000000000000000000000000000>, C4<00000000000000000000000000000000>, C4<00000000000000000000000000000000>;
v0x55aabce460a0_780 .array/port v0x55aabce460a0, 780;
L_0x55aabcfdd720 .functor BUFZ 32, v0x55aabce460a0_780, C4<00000000000000000000000000000000>, C4<00000000000000000000000000000000>, C4<00000000000000000000000000000000>;
v0x55aabce460a0_781 .array/port v0x55aabce460a0, 781;
L_0x55aabcfdd7f0 .functor BUFZ 32, v0x55aabce460a0_781, C4<00000000000000000000000000000000>, C4<00000000000000000000000000000000>, C4<00000000000000000000000000000000>;
v0x55aabce460a0_782 .array/port v0x55aabce460a0, 782;
L_0x55aabcfdd8c0 .functor BUFZ 32, v0x55aabce460a0_782, C4<00000000000000000000000000000000>, C4<00000000000000000000000000000000>, C4<00000000000000000000000000000000>;
v0x55aabce460a0_783 .array/port v0x55aabce460a0, 783;
L_0x55aabcfdd990 .functor BUFZ 32, v0x55aabce460a0_783, C4<00000000000000000000000000000000>, C4<00000000000000000000000000000000>, C4<00000000000000000000000000000000>;
v0x55aabce460a0_784 .array/port v0x55aabce460a0, 784;
L_0x55aabcfdda60 .functor BUFZ 32, v0x55aabce460a0_784, C4<00000000000000000000000000000000>, C4<00000000000000000000000000000000>, C4<00000000000000000000000000000000>;
v0x55aabce460a0_785 .array/port v0x55aabce460a0, 785;
L_0x55aabcfddb30 .functor BUFZ 32, v0x55aabce460a0_785, C4<00000000000000000000000000000000>, C4<00000000000000000000000000000000>, C4<00000000000000000000000000000000>;
v0x55aabce460a0_786 .array/port v0x55aabce460a0, 786;
L_0x55aabcfddc00 .functor BUFZ 32, v0x55aabce460a0_786, C4<00000000000000000000000000000000>, C4<00000000000000000000000000000000>, C4<00000000000000000000000000000000>;
v0x55aabce460a0_787 .array/port v0x55aabce460a0, 787;
L_0x55aabcfddcd0 .functor BUFZ 32, v0x55aabce460a0_787, C4<00000000000000000000000000000000>, C4<00000000000000000000000000000000>, C4<00000000000000000000000000000000>;
v0x55aabce460a0_788 .array/port v0x55aabce460a0, 788;
L_0x55aabcfddda0 .functor BUFZ 32, v0x55aabce460a0_788, C4<00000000000000000000000000000000>, C4<00000000000000000000000000000000>, C4<00000000000000000000000000000000>;
v0x55aabce460a0_789 .array/port v0x55aabce460a0, 789;
L_0x55aabcfdde70 .functor BUFZ 32, v0x55aabce460a0_789, C4<00000000000000000000000000000000>, C4<00000000000000000000000000000000>, C4<00000000000000000000000000000000>;
v0x55aabce460a0_790 .array/port v0x55aabce460a0, 790;
L_0x55aabcfddf40 .functor BUFZ 32, v0x55aabce460a0_790, C4<00000000000000000000000000000000>, C4<00000000000000000000000000000000>, C4<00000000000000000000000000000000>;
v0x55aabce460a0_791 .array/port v0x55aabce460a0, 791;
L_0x55aabcfde010 .functor BUFZ 32, v0x55aabce460a0_791, C4<00000000000000000000000000000000>, C4<00000000000000000000000000000000>, C4<00000000000000000000000000000000>;
v0x55aabce460a0_792 .array/port v0x55aabce460a0, 792;
L_0x55aabcfde0e0 .functor BUFZ 32, v0x55aabce460a0_792, C4<00000000000000000000000000000000>, C4<00000000000000000000000000000000>, C4<00000000000000000000000000000000>;
v0x55aabce460a0_793 .array/port v0x55aabce460a0, 793;
L_0x55aabcfde1b0 .functor BUFZ 32, v0x55aabce460a0_793, C4<00000000000000000000000000000000>, C4<00000000000000000000000000000000>, C4<00000000000000000000000000000000>;
v0x55aabce460a0_794 .array/port v0x55aabce460a0, 794;
L_0x55aabcfde280 .functor BUFZ 32, v0x55aabce460a0_794, C4<00000000000000000000000000000000>, C4<00000000000000000000000000000000>, C4<00000000000000000000000000000000>;
v0x55aabce460a0_795 .array/port v0x55aabce460a0, 795;
L_0x55aabcfde350 .functor BUFZ 32, v0x55aabce460a0_795, C4<00000000000000000000000000000000>, C4<00000000000000000000000000000000>, C4<00000000000000000000000000000000>;
v0x55aabce460a0_796 .array/port v0x55aabce460a0, 796;
L_0x55aabcfde420 .functor BUFZ 32, v0x55aabce460a0_796, C4<00000000000000000000000000000000>, C4<00000000000000000000000000000000>, C4<00000000000000000000000000000000>;
v0x55aabce460a0_797 .array/port v0x55aabce460a0, 797;
L_0x55aabcfde4f0 .functor BUFZ 32, v0x55aabce460a0_797, C4<00000000000000000000000000000000>, C4<00000000000000000000000000000000>, C4<00000000000000000000000000000000>;
v0x55aabce460a0_798 .array/port v0x55aabce460a0, 798;
L_0x55aabcfde5c0 .functor BUFZ 32, v0x55aabce460a0_798, C4<00000000000000000000000000000000>, C4<00000000000000000000000000000000>, C4<00000000000000000000000000000000>;
v0x55aabce460a0_799 .array/port v0x55aabce460a0, 799;
L_0x55aabcfde690 .functor BUFZ 32, v0x55aabce460a0_799, C4<00000000000000000000000000000000>, C4<00000000000000000000000000000000>, C4<00000000000000000000000000000000>;
v0x55aabce460a0_800 .array/port v0x55aabce460a0, 800;
L_0x55aabcfde760 .functor BUFZ 32, v0x55aabce460a0_800, C4<00000000000000000000000000000000>, C4<00000000000000000000000000000000>, C4<00000000000000000000000000000000>;
v0x55aabce460a0_801 .array/port v0x55aabce460a0, 801;
L_0x55aabcfde830 .functor BUFZ 32, v0x55aabce460a0_801, C4<00000000000000000000000000000000>, C4<00000000000000000000000000000000>, C4<00000000000000000000000000000000>;
v0x55aabce460a0_802 .array/port v0x55aabce460a0, 802;
L_0x55aabcfe2290 .functor BUFZ 32, v0x55aabce460a0_802, C4<00000000000000000000000000000000>, C4<00000000000000000000000000000000>, C4<00000000000000000000000000000000>;
v0x55aabce460a0_803 .array/port v0x55aabce460a0, 803;
L_0x55aabce9f5f0 .functor BUFZ 32, v0x55aabce460a0_803, C4<00000000000000000000000000000000>, C4<00000000000000000000000000000000>, C4<00000000000000000000000000000000>;
v0x55aabce460a0_804 .array/port v0x55aabce460a0, 804;
L_0x55aabce9f6c0 .functor BUFZ 32, v0x55aabce460a0_804, C4<00000000000000000000000000000000>, C4<00000000000000000000000000000000>, C4<00000000000000000000000000000000>;
v0x55aabce460a0_805 .array/port v0x55aabce460a0, 805;
L_0x55aabce9f790 .functor BUFZ 32, v0x55aabce460a0_805, C4<00000000000000000000000000000000>, C4<00000000000000000000000000000000>, C4<00000000000000000000000000000000>;
v0x55aabce460a0_806 .array/port v0x55aabce460a0, 806;
L_0x55aabce9f860 .functor BUFZ 32, v0x55aabce460a0_806, C4<00000000000000000000000000000000>, C4<00000000000000000000000000000000>, C4<00000000000000000000000000000000>;
v0x55aabce460a0_807 .array/port v0x55aabce460a0, 807;
L_0x55aabce9f930 .functor BUFZ 32, v0x55aabce460a0_807, C4<00000000000000000000000000000000>, C4<00000000000000000000000000000000>, C4<00000000000000000000000000000000>;
v0x55aabce460a0_808 .array/port v0x55aabce460a0, 808;
L_0x55aabce9fa00 .functor BUFZ 32, v0x55aabce460a0_808, C4<00000000000000000000000000000000>, C4<00000000000000000000000000000000>, C4<00000000000000000000000000000000>;
v0x55aabce460a0_809 .array/port v0x55aabce460a0, 809;
L_0x55aabce9fad0 .functor BUFZ 32, v0x55aabce460a0_809, C4<00000000000000000000000000000000>, C4<00000000000000000000000000000000>, C4<00000000000000000000000000000000>;
v0x55aabce460a0_810 .array/port v0x55aabce460a0, 810;
L_0x55aabce9fba0 .functor BUFZ 32, v0x55aabce460a0_810, C4<00000000000000000000000000000000>, C4<00000000000000000000000000000000>, C4<00000000000000000000000000000000>;
v0x55aabce460a0_811 .array/port v0x55aabce460a0, 811;
L_0x55aabce9fc70 .functor BUFZ 32, v0x55aabce460a0_811, C4<00000000000000000000000000000000>, C4<00000000000000000000000000000000>, C4<00000000000000000000000000000000>;
v0x55aabce460a0_812 .array/port v0x55aabce460a0, 812;
L_0x55aabce9fd40 .functor BUFZ 32, v0x55aabce460a0_812, C4<00000000000000000000000000000000>, C4<00000000000000000000000000000000>, C4<00000000000000000000000000000000>;
v0x55aabce460a0_813 .array/port v0x55aabce460a0, 813;
L_0x55aabce9fe10 .functor BUFZ 32, v0x55aabce460a0_813, C4<00000000000000000000000000000000>, C4<00000000000000000000000000000000>, C4<00000000000000000000000000000000>;
v0x55aabce460a0_814 .array/port v0x55aabce460a0, 814;
L_0x55aabce9fee0 .functor BUFZ 32, v0x55aabce460a0_814, C4<00000000000000000000000000000000>, C4<00000000000000000000000000000000>, C4<00000000000000000000000000000000>;
v0x55aabce460a0_815 .array/port v0x55aabce460a0, 815;
L_0x55aabcfde970 .functor BUFZ 32, v0x55aabce460a0_815, C4<00000000000000000000000000000000>, C4<00000000000000000000000000000000>, C4<00000000000000000000000000000000>;
v0x55aabce460a0_816 .array/port v0x55aabce460a0, 816;
L_0x55aabcfdea40 .functor BUFZ 32, v0x55aabce460a0_816, C4<00000000000000000000000000000000>, C4<00000000000000000000000000000000>, C4<00000000000000000000000000000000>;
v0x55aabce460a0_817 .array/port v0x55aabce460a0, 817;
L_0x55aabcfdeb10 .functor BUFZ 32, v0x55aabce460a0_817, C4<00000000000000000000000000000000>, C4<00000000000000000000000000000000>, C4<00000000000000000000000000000000>;
v0x55aabce460a0_818 .array/port v0x55aabce460a0, 818;
L_0x55aabcfdebe0 .functor BUFZ 32, v0x55aabce460a0_818, C4<00000000000000000000000000000000>, C4<00000000000000000000000000000000>, C4<00000000000000000000000000000000>;
v0x55aabce460a0_819 .array/port v0x55aabce460a0, 819;
L_0x55aabcfdecb0 .functor BUFZ 32, v0x55aabce460a0_819, C4<00000000000000000000000000000000>, C4<00000000000000000000000000000000>, C4<00000000000000000000000000000000>;
v0x55aabce460a0_820 .array/port v0x55aabce460a0, 820;
L_0x55aabcfded80 .functor BUFZ 32, v0x55aabce460a0_820, C4<00000000000000000000000000000000>, C4<00000000000000000000000000000000>, C4<00000000000000000000000000000000>;
v0x55aabce460a0_821 .array/port v0x55aabce460a0, 821;
L_0x55aabcfdee50 .functor BUFZ 32, v0x55aabce460a0_821, C4<00000000000000000000000000000000>, C4<00000000000000000000000000000000>, C4<00000000000000000000000000000000>;
v0x55aabce460a0_822 .array/port v0x55aabce460a0, 822;
L_0x55aabcfdef20 .functor BUFZ 32, v0x55aabce460a0_822, C4<00000000000000000000000000000000>, C4<00000000000000000000000000000000>, C4<00000000000000000000000000000000>;
v0x55aabce460a0_823 .array/port v0x55aabce460a0, 823;
L_0x55aabcfdeff0 .functor BUFZ 32, v0x55aabce460a0_823, C4<00000000000000000000000000000000>, C4<00000000000000000000000000000000>, C4<00000000000000000000000000000000>;
v0x55aabce460a0_824 .array/port v0x55aabce460a0, 824;
L_0x55aabcfdf0c0 .functor BUFZ 32, v0x55aabce460a0_824, C4<00000000000000000000000000000000>, C4<00000000000000000000000000000000>, C4<00000000000000000000000000000000>;
v0x55aabce460a0_825 .array/port v0x55aabce460a0, 825;
L_0x55aabcfdf190 .functor BUFZ 32, v0x55aabce460a0_825, C4<00000000000000000000000000000000>, C4<00000000000000000000000000000000>, C4<00000000000000000000000000000000>;
v0x55aabce460a0_826 .array/port v0x55aabce460a0, 826;
L_0x55aabcfdf260 .functor BUFZ 32, v0x55aabce460a0_826, C4<00000000000000000000000000000000>, C4<00000000000000000000000000000000>, C4<00000000000000000000000000000000>;
v0x55aabce460a0_827 .array/port v0x55aabce460a0, 827;
L_0x55aabcfdf330 .functor BUFZ 32, v0x55aabce460a0_827, C4<00000000000000000000000000000000>, C4<00000000000000000000000000000000>, C4<00000000000000000000000000000000>;
v0x55aabce460a0_828 .array/port v0x55aabce460a0, 828;
L_0x55aabcfdf400 .functor BUFZ 32, v0x55aabce460a0_828, C4<00000000000000000000000000000000>, C4<00000000000000000000000000000000>, C4<00000000000000000000000000000000>;
v0x55aabce460a0_829 .array/port v0x55aabce460a0, 829;
L_0x55aabcfdf4d0 .functor BUFZ 32, v0x55aabce460a0_829, C4<00000000000000000000000000000000>, C4<00000000000000000000000000000000>, C4<00000000000000000000000000000000>;
v0x55aabce460a0_830 .array/port v0x55aabce460a0, 830;
L_0x55aabcfdf5a0 .functor BUFZ 32, v0x55aabce460a0_830, C4<00000000000000000000000000000000>, C4<00000000000000000000000000000000>, C4<00000000000000000000000000000000>;
v0x55aabce460a0_831 .array/port v0x55aabce460a0, 831;
L_0x55aabcfdf670 .functor BUFZ 32, v0x55aabce460a0_831, C4<00000000000000000000000000000000>, C4<00000000000000000000000000000000>, C4<00000000000000000000000000000000>;
v0x55aabce460a0_832 .array/port v0x55aabce460a0, 832;
L_0x55aabcfdf740 .functor BUFZ 32, v0x55aabce460a0_832, C4<00000000000000000000000000000000>, C4<00000000000000000000000000000000>, C4<00000000000000000000000000000000>;
v0x55aabce460a0_833 .array/port v0x55aabce460a0, 833;
L_0x55aabcfdf810 .functor BUFZ 32, v0x55aabce460a0_833, C4<00000000000000000000000000000000>, C4<00000000000000000000000000000000>, C4<00000000000000000000000000000000>;
v0x55aabce460a0_834 .array/port v0x55aabce460a0, 834;
L_0x55aabcfdf8e0 .functor BUFZ 32, v0x55aabce460a0_834, C4<00000000000000000000000000000000>, C4<00000000000000000000000000000000>, C4<00000000000000000000000000000000>;
v0x55aabce460a0_835 .array/port v0x55aabce460a0, 835;
L_0x55aabcfdf9b0 .functor BUFZ 32, v0x55aabce460a0_835, C4<00000000000000000000000000000000>, C4<00000000000000000000000000000000>, C4<00000000000000000000000000000000>;
v0x55aabce460a0_836 .array/port v0x55aabce460a0, 836;
L_0x55aabcfdfa80 .functor BUFZ 32, v0x55aabce460a0_836, C4<00000000000000000000000000000000>, C4<00000000000000000000000000000000>, C4<00000000000000000000000000000000>;
v0x55aabce460a0_837 .array/port v0x55aabce460a0, 837;
L_0x55aabcfdfb50 .functor BUFZ 32, v0x55aabce460a0_837, C4<00000000000000000000000000000000>, C4<00000000000000000000000000000000>, C4<00000000000000000000000000000000>;
v0x55aabce460a0_838 .array/port v0x55aabce460a0, 838;
L_0x55aabcfdfc20 .functor BUFZ 32, v0x55aabce460a0_838, C4<00000000000000000000000000000000>, C4<00000000000000000000000000000000>, C4<00000000000000000000000000000000>;
v0x55aabce460a0_839 .array/port v0x55aabce460a0, 839;
L_0x55aabcfdfcf0 .functor BUFZ 32, v0x55aabce460a0_839, C4<00000000000000000000000000000000>, C4<00000000000000000000000000000000>, C4<00000000000000000000000000000000>;
v0x55aabce460a0_840 .array/port v0x55aabce460a0, 840;
L_0x55aabcfdfdc0 .functor BUFZ 32, v0x55aabce460a0_840, C4<00000000000000000000000000000000>, C4<00000000000000000000000000000000>, C4<00000000000000000000000000000000>;
v0x55aabce460a0_841 .array/port v0x55aabce460a0, 841;
L_0x55aabcfdfe90 .functor BUFZ 32, v0x55aabce460a0_841, C4<00000000000000000000000000000000>, C4<00000000000000000000000000000000>, C4<00000000000000000000000000000000>;
v0x55aabce460a0_842 .array/port v0x55aabce460a0, 842;
L_0x55aabcfdff60 .functor BUFZ 32, v0x55aabce460a0_842, C4<00000000000000000000000000000000>, C4<00000000000000000000000000000000>, C4<00000000000000000000000000000000>;
v0x55aabce460a0_843 .array/port v0x55aabce460a0, 843;
L_0x55aabcfe0030 .functor BUFZ 32, v0x55aabce460a0_843, C4<00000000000000000000000000000000>, C4<00000000000000000000000000000000>, C4<00000000000000000000000000000000>;
v0x55aabce460a0_844 .array/port v0x55aabce460a0, 844;
L_0x55aabcfe0100 .functor BUFZ 32, v0x55aabce460a0_844, C4<00000000000000000000000000000000>, C4<00000000000000000000000000000000>, C4<00000000000000000000000000000000>;
v0x55aabce460a0_845 .array/port v0x55aabce460a0, 845;
L_0x55aabcfe01d0 .functor BUFZ 32, v0x55aabce460a0_845, C4<00000000000000000000000000000000>, C4<00000000000000000000000000000000>, C4<00000000000000000000000000000000>;
v0x55aabce460a0_846 .array/port v0x55aabce460a0, 846;
L_0x55aabcfe02a0 .functor BUFZ 32, v0x55aabce460a0_846, C4<00000000000000000000000000000000>, C4<00000000000000000000000000000000>, C4<00000000000000000000000000000000>;
v0x55aabce460a0_847 .array/port v0x55aabce460a0, 847;
L_0x55aabcfe0370 .functor BUFZ 32, v0x55aabce460a0_847, C4<00000000000000000000000000000000>, C4<00000000000000000000000000000000>, C4<00000000000000000000000000000000>;
v0x55aabce460a0_848 .array/port v0x55aabce460a0, 848;
L_0x55aabcfe0440 .functor BUFZ 32, v0x55aabce460a0_848, C4<00000000000000000000000000000000>, C4<00000000000000000000000000000000>, C4<00000000000000000000000000000000>;
v0x55aabce460a0_849 .array/port v0x55aabce460a0, 849;
L_0x55aabcfe0510 .functor BUFZ 32, v0x55aabce460a0_849, C4<00000000000000000000000000000000>, C4<00000000000000000000000000000000>, C4<00000000000000000000000000000000>;
v0x55aabce460a0_850 .array/port v0x55aabce460a0, 850;
L_0x55aabcfe05e0 .functor BUFZ 32, v0x55aabce460a0_850, C4<00000000000000000000000000000000>, C4<00000000000000000000000000000000>, C4<00000000000000000000000000000000>;
v0x55aabce460a0_851 .array/port v0x55aabce460a0, 851;
L_0x55aabcfe06b0 .functor BUFZ 32, v0x55aabce460a0_851, C4<00000000000000000000000000000000>, C4<00000000000000000000000000000000>, C4<00000000000000000000000000000000>;
v0x55aabce460a0_852 .array/port v0x55aabce460a0, 852;
L_0x55aabcfe0780 .functor BUFZ 32, v0x55aabce460a0_852, C4<00000000000000000000000000000000>, C4<00000000000000000000000000000000>, C4<00000000000000000000000000000000>;
v0x55aabce460a0_853 .array/port v0x55aabce460a0, 853;
L_0x55aabcfe0850 .functor BUFZ 32, v0x55aabce460a0_853, C4<00000000000000000000000000000000>, C4<00000000000000000000000000000000>, C4<00000000000000000000000000000000>;
v0x55aabce460a0_854 .array/port v0x55aabce460a0, 854;
L_0x55aabcfe0920 .functor BUFZ 32, v0x55aabce460a0_854, C4<00000000000000000000000000000000>, C4<00000000000000000000000000000000>, C4<00000000000000000000000000000000>;
v0x55aabce460a0_855 .array/port v0x55aabce460a0, 855;
L_0x55aabcfe09f0 .functor BUFZ 32, v0x55aabce460a0_855, C4<00000000000000000000000000000000>, C4<00000000000000000000000000000000>, C4<00000000000000000000000000000000>;
v0x55aabce460a0_856 .array/port v0x55aabce460a0, 856;
L_0x55aabcfe0ac0 .functor BUFZ 32, v0x55aabce460a0_856, C4<00000000000000000000000000000000>, C4<00000000000000000000000000000000>, C4<00000000000000000000000000000000>;
v0x55aabce460a0_857 .array/port v0x55aabce460a0, 857;
L_0x55aabcfe0b90 .functor BUFZ 32, v0x55aabce460a0_857, C4<00000000000000000000000000000000>, C4<00000000000000000000000000000000>, C4<00000000000000000000000000000000>;
v0x55aabce460a0_858 .array/port v0x55aabce460a0, 858;
L_0x55aabcfe0c60 .functor BUFZ 32, v0x55aabce460a0_858, C4<00000000000000000000000000000000>, C4<00000000000000000000000000000000>, C4<00000000000000000000000000000000>;
v0x55aabce460a0_859 .array/port v0x55aabce460a0, 859;
L_0x55aabcfe0d30 .functor BUFZ 32, v0x55aabce460a0_859, C4<00000000000000000000000000000000>, C4<00000000000000000000000000000000>, C4<00000000000000000000000000000000>;
v0x55aabce460a0_860 .array/port v0x55aabce460a0, 860;
L_0x55aabcfe0e00 .functor BUFZ 32, v0x55aabce460a0_860, C4<00000000000000000000000000000000>, C4<00000000000000000000000000000000>, C4<00000000000000000000000000000000>;
v0x55aabce460a0_861 .array/port v0x55aabce460a0, 861;
L_0x55aabcfe0ed0 .functor BUFZ 32, v0x55aabce460a0_861, C4<00000000000000000000000000000000>, C4<00000000000000000000000000000000>, C4<00000000000000000000000000000000>;
v0x55aabce460a0_862 .array/port v0x55aabce460a0, 862;
L_0x55aabcfe0fa0 .functor BUFZ 32, v0x55aabce460a0_862, C4<00000000000000000000000000000000>, C4<00000000000000000000000000000000>, C4<00000000000000000000000000000000>;
v0x55aabce460a0_863 .array/port v0x55aabce460a0, 863;
L_0x55aabcfe1070 .functor BUFZ 32, v0x55aabce460a0_863, C4<00000000000000000000000000000000>, C4<00000000000000000000000000000000>, C4<00000000000000000000000000000000>;
v0x55aabce460a0_864 .array/port v0x55aabce460a0, 864;
L_0x55aabcfe1140 .functor BUFZ 32, v0x55aabce460a0_864, C4<00000000000000000000000000000000>, C4<00000000000000000000000000000000>, C4<00000000000000000000000000000000>;
v0x55aabce460a0_865 .array/port v0x55aabce460a0, 865;
L_0x55aabcfe1210 .functor BUFZ 32, v0x55aabce460a0_865, C4<00000000000000000000000000000000>, C4<00000000000000000000000000000000>, C4<00000000000000000000000000000000>;
v0x55aabce460a0_866 .array/port v0x55aabce460a0, 866;
L_0x55aabcfe12e0 .functor BUFZ 32, v0x55aabce460a0_866, C4<00000000000000000000000000000000>, C4<00000000000000000000000000000000>, C4<00000000000000000000000000000000>;
v0x55aabce460a0_867 .array/port v0x55aabce460a0, 867;
L_0x55aabcfe13b0 .functor BUFZ 32, v0x55aabce460a0_867, C4<00000000000000000000000000000000>, C4<00000000000000000000000000000000>, C4<00000000000000000000000000000000>;
v0x55aabce460a0_868 .array/port v0x55aabce460a0, 868;
L_0x55aabcfe1480 .functor BUFZ 32, v0x55aabce460a0_868, C4<00000000000000000000000000000000>, C4<00000000000000000000000000000000>, C4<00000000000000000000000000000000>;
v0x55aabce460a0_869 .array/port v0x55aabce460a0, 869;
L_0x55aabcfe1550 .functor BUFZ 32, v0x55aabce460a0_869, C4<00000000000000000000000000000000>, C4<00000000000000000000000000000000>, C4<00000000000000000000000000000000>;
v0x55aabce460a0_870 .array/port v0x55aabce460a0, 870;
L_0x55aabcfe1620 .functor BUFZ 32, v0x55aabce460a0_870, C4<00000000000000000000000000000000>, C4<00000000000000000000000000000000>, C4<00000000000000000000000000000000>;
v0x55aabce460a0_871 .array/port v0x55aabce460a0, 871;
L_0x55aabcfe16f0 .functor BUFZ 32, v0x55aabce460a0_871, C4<00000000000000000000000000000000>, C4<00000000000000000000000000000000>, C4<00000000000000000000000000000000>;
v0x55aabce460a0_872 .array/port v0x55aabce460a0, 872;
L_0x55aabcfe17c0 .functor BUFZ 32, v0x55aabce460a0_872, C4<00000000000000000000000000000000>, C4<00000000000000000000000000000000>, C4<00000000000000000000000000000000>;
v0x55aabce460a0_873 .array/port v0x55aabce460a0, 873;
L_0x55aabcfe1890 .functor BUFZ 32, v0x55aabce460a0_873, C4<00000000000000000000000000000000>, C4<00000000000000000000000000000000>, C4<00000000000000000000000000000000>;
v0x55aabce460a0_874 .array/port v0x55aabce460a0, 874;
L_0x55aabcfe1960 .functor BUFZ 32, v0x55aabce460a0_874, C4<00000000000000000000000000000000>, C4<00000000000000000000000000000000>, C4<00000000000000000000000000000000>;
v0x55aabce460a0_875 .array/port v0x55aabce460a0, 875;
L_0x55aabcfe1a30 .functor BUFZ 32, v0x55aabce460a0_875, C4<00000000000000000000000000000000>, C4<00000000000000000000000000000000>, C4<00000000000000000000000000000000>;
v0x55aabce460a0_876 .array/port v0x55aabce460a0, 876;
L_0x55aabcfe1b00 .functor BUFZ 32, v0x55aabce460a0_876, C4<00000000000000000000000000000000>, C4<00000000000000000000000000000000>, C4<00000000000000000000000000000000>;
v0x55aabce460a0_877 .array/port v0x55aabce460a0, 877;
L_0x55aabcfe1bd0 .functor BUFZ 32, v0x55aabce460a0_877, C4<00000000000000000000000000000000>, C4<00000000000000000000000000000000>, C4<00000000000000000000000000000000>;
v0x55aabce460a0_878 .array/port v0x55aabce460a0, 878;
L_0x55aabcfe1ca0 .functor BUFZ 32, v0x55aabce460a0_878, C4<00000000000000000000000000000000>, C4<00000000000000000000000000000000>, C4<00000000000000000000000000000000>;
v0x55aabce460a0_879 .array/port v0x55aabce460a0, 879;
L_0x55aabcfe1d70 .functor BUFZ 32, v0x55aabce460a0_879, C4<00000000000000000000000000000000>, C4<00000000000000000000000000000000>, C4<00000000000000000000000000000000>;
v0x55aabce460a0_880 .array/port v0x55aabce460a0, 880;
L_0x55aabcfe1e40 .functor BUFZ 32, v0x55aabce460a0_880, C4<00000000000000000000000000000000>, C4<00000000000000000000000000000000>, C4<00000000000000000000000000000000>;
v0x55aabce460a0_881 .array/port v0x55aabce460a0, 881;
L_0x55aabcfe1f10 .functor BUFZ 32, v0x55aabce460a0_881, C4<00000000000000000000000000000000>, C4<00000000000000000000000000000000>, C4<00000000000000000000000000000000>;
v0x55aabce460a0_882 .array/port v0x55aabce460a0, 882;
L_0x55aabcfe1fe0 .functor BUFZ 32, v0x55aabce460a0_882, C4<00000000000000000000000000000000>, C4<00000000000000000000000000000000>, C4<00000000000000000000000000000000>;
v0x55aabce460a0_883 .array/port v0x55aabce460a0, 883;
L_0x55aabcfe20b0 .functor BUFZ 32, v0x55aabce460a0_883, C4<00000000000000000000000000000000>, C4<00000000000000000000000000000000>, C4<00000000000000000000000000000000>;
v0x55aabce460a0_884 .array/port v0x55aabce460a0, 884;
L_0x55aabcfe2180 .functor BUFZ 32, v0x55aabce460a0_884, C4<00000000000000000000000000000000>, C4<00000000000000000000000000000000>, C4<00000000000000000000000000000000>;
v0x55aabce460a0_885 .array/port v0x55aabce460a0, 885;
L_0x55aabcfe5f20 .functor BUFZ 32, v0x55aabce460a0_885, C4<00000000000000000000000000000000>, C4<00000000000000000000000000000000>, C4<00000000000000000000000000000000>;
v0x55aabce460a0_886 .array/port v0x55aabce460a0, 886;
L_0x55aabcfe5f90 .functor BUFZ 32, v0x55aabce460a0_886, C4<00000000000000000000000000000000>, C4<00000000000000000000000000000000>, C4<00000000000000000000000000000000>;
v0x55aabce460a0_887 .array/port v0x55aabce460a0, 887;
L_0x55aabce9fff0 .functor BUFZ 32, v0x55aabce460a0_887, C4<00000000000000000000000000000000>, C4<00000000000000000000000000000000>, C4<00000000000000000000000000000000>;
v0x55aabce460a0_888 .array/port v0x55aabce460a0, 888;
L_0x55aabcea00c0 .functor BUFZ 32, v0x55aabce460a0_888, C4<00000000000000000000000000000000>, C4<00000000000000000000000000000000>, C4<00000000000000000000000000000000>;
v0x55aabce460a0_889 .array/port v0x55aabce460a0, 889;
L_0x55aabcea0190 .functor BUFZ 32, v0x55aabce460a0_889, C4<00000000000000000000000000000000>, C4<00000000000000000000000000000000>, C4<00000000000000000000000000000000>;
v0x55aabce460a0_890 .array/port v0x55aabce460a0, 890;
L_0x55aabcea0260 .functor BUFZ 32, v0x55aabce460a0_890, C4<00000000000000000000000000000000>, C4<00000000000000000000000000000000>, C4<00000000000000000000000000000000>;
v0x55aabce460a0_891 .array/port v0x55aabce460a0, 891;
L_0x55aabcea0330 .functor BUFZ 32, v0x55aabce460a0_891, C4<00000000000000000000000000000000>, C4<00000000000000000000000000000000>, C4<00000000000000000000000000000000>;
v0x55aabce460a0_892 .array/port v0x55aabce460a0, 892;
L_0x55aabcea0400 .functor BUFZ 32, v0x55aabce460a0_892, C4<00000000000000000000000000000000>, C4<00000000000000000000000000000000>, C4<00000000000000000000000000000000>;
v0x55aabce460a0_893 .array/port v0x55aabce460a0, 893;
L_0x55aabcea04d0 .functor BUFZ 32, v0x55aabce460a0_893, C4<00000000000000000000000000000000>, C4<00000000000000000000000000000000>, C4<00000000000000000000000000000000>;
v0x55aabce460a0_894 .array/port v0x55aabce460a0, 894;
L_0x55aabcea05a0 .functor BUFZ 32, v0x55aabce460a0_894, C4<00000000000000000000000000000000>, C4<00000000000000000000000000000000>, C4<00000000000000000000000000000000>;
v0x55aabce460a0_895 .array/port v0x55aabce460a0, 895;
L_0x55aabcea0670 .functor BUFZ 32, v0x55aabce460a0_895, C4<00000000000000000000000000000000>, C4<00000000000000000000000000000000>, C4<00000000000000000000000000000000>;
v0x55aabce460a0_896 .array/port v0x55aabce460a0, 896;
L_0x55aabcea0740 .functor BUFZ 32, v0x55aabce460a0_896, C4<00000000000000000000000000000000>, C4<00000000000000000000000000000000>, C4<00000000000000000000000000000000>;
v0x55aabce460a0_897 .array/port v0x55aabce460a0, 897;
L_0x55aabcea0810 .functor BUFZ 32, v0x55aabce460a0_897, C4<00000000000000000000000000000000>, C4<00000000000000000000000000000000>, C4<00000000000000000000000000000000>;
v0x55aabce460a0_898 .array/port v0x55aabce460a0, 898;
L_0x55aabcea08e0 .functor BUFZ 32, v0x55aabce460a0_898, C4<00000000000000000000000000000000>, C4<00000000000000000000000000000000>, C4<00000000000000000000000000000000>;
v0x55aabce460a0_899 .array/port v0x55aabce460a0, 899;
L_0x55aabcea09b0 .functor BUFZ 32, v0x55aabce460a0_899, C4<00000000000000000000000000000000>, C4<00000000000000000000000000000000>, C4<00000000000000000000000000000000>;
v0x55aabce460a0_900 .array/port v0x55aabce460a0, 900;
L_0x55aabcfe2390 .functor BUFZ 32, v0x55aabce460a0_900, C4<00000000000000000000000000000000>, C4<00000000000000000000000000000000>, C4<00000000000000000000000000000000>;
v0x55aabce460a0_901 .array/port v0x55aabce460a0, 901;
L_0x55aabcfe2460 .functor BUFZ 32, v0x55aabce460a0_901, C4<00000000000000000000000000000000>, C4<00000000000000000000000000000000>, C4<00000000000000000000000000000000>;
v0x55aabce460a0_902 .array/port v0x55aabce460a0, 902;
L_0x55aabcfe2530 .functor BUFZ 32, v0x55aabce460a0_902, C4<00000000000000000000000000000000>, C4<00000000000000000000000000000000>, C4<00000000000000000000000000000000>;
v0x55aabce460a0_903 .array/port v0x55aabce460a0, 903;
L_0x55aabcfe2600 .functor BUFZ 32, v0x55aabce460a0_903, C4<00000000000000000000000000000000>, C4<00000000000000000000000000000000>, C4<00000000000000000000000000000000>;
v0x55aabce460a0_904 .array/port v0x55aabce460a0, 904;
L_0x55aabcfe26d0 .functor BUFZ 32, v0x55aabce460a0_904, C4<00000000000000000000000000000000>, C4<00000000000000000000000000000000>, C4<00000000000000000000000000000000>;
v0x55aabce460a0_905 .array/port v0x55aabce460a0, 905;
L_0x55aabcfe27a0 .functor BUFZ 32, v0x55aabce460a0_905, C4<00000000000000000000000000000000>, C4<00000000000000000000000000000000>, C4<00000000000000000000000000000000>;
v0x55aabce460a0_906 .array/port v0x55aabce460a0, 906;
L_0x55aabcfe2870 .functor BUFZ 32, v0x55aabce460a0_906, C4<00000000000000000000000000000000>, C4<00000000000000000000000000000000>, C4<00000000000000000000000000000000>;
v0x55aabce460a0_907 .array/port v0x55aabce460a0, 907;
L_0x55aabcfe2940 .functor BUFZ 32, v0x55aabce460a0_907, C4<00000000000000000000000000000000>, C4<00000000000000000000000000000000>, C4<00000000000000000000000000000000>;
v0x55aabce460a0_908 .array/port v0x55aabce460a0, 908;
L_0x55aabcfe2a10 .functor BUFZ 32, v0x55aabce460a0_908, C4<00000000000000000000000000000000>, C4<00000000000000000000000000000000>, C4<00000000000000000000000000000000>;
v0x55aabce460a0_909 .array/port v0x55aabce460a0, 909;
L_0x55aabcfe2ae0 .functor BUFZ 32, v0x55aabce460a0_909, C4<00000000000000000000000000000000>, C4<00000000000000000000000000000000>, C4<00000000000000000000000000000000>;
v0x55aabce460a0_910 .array/port v0x55aabce460a0, 910;
L_0x55aabcfe2bb0 .functor BUFZ 32, v0x55aabce460a0_910, C4<00000000000000000000000000000000>, C4<00000000000000000000000000000000>, C4<00000000000000000000000000000000>;
v0x55aabce460a0_911 .array/port v0x55aabce460a0, 911;
L_0x55aabcfe2c80 .functor BUFZ 32, v0x55aabce460a0_911, C4<00000000000000000000000000000000>, C4<00000000000000000000000000000000>, C4<00000000000000000000000000000000>;
v0x55aabce460a0_912 .array/port v0x55aabce460a0, 912;
L_0x55aabcfe2d50 .functor BUFZ 32, v0x55aabce460a0_912, C4<00000000000000000000000000000000>, C4<00000000000000000000000000000000>, C4<00000000000000000000000000000000>;
v0x55aabce460a0_913 .array/port v0x55aabce460a0, 913;
L_0x55aabcfe2e20 .functor BUFZ 32, v0x55aabce460a0_913, C4<00000000000000000000000000000000>, C4<00000000000000000000000000000000>, C4<00000000000000000000000000000000>;
v0x55aabce460a0_914 .array/port v0x55aabce460a0, 914;
L_0x55aabcfe2ef0 .functor BUFZ 32, v0x55aabce460a0_914, C4<00000000000000000000000000000000>, C4<00000000000000000000000000000000>, C4<00000000000000000000000000000000>;
v0x55aabce460a0_915 .array/port v0x55aabce460a0, 915;
L_0x55aabcfe2fc0 .functor BUFZ 32, v0x55aabce460a0_915, C4<00000000000000000000000000000000>, C4<00000000000000000000000000000000>, C4<00000000000000000000000000000000>;
v0x55aabce460a0_916 .array/port v0x55aabce460a0, 916;
L_0x55aabcfe3090 .functor BUFZ 32, v0x55aabce460a0_916, C4<00000000000000000000000000000000>, C4<00000000000000000000000000000000>, C4<00000000000000000000000000000000>;
v0x55aabce460a0_917 .array/port v0x55aabce460a0, 917;
L_0x55aabcfe3160 .functor BUFZ 32, v0x55aabce460a0_917, C4<00000000000000000000000000000000>, C4<00000000000000000000000000000000>, C4<00000000000000000000000000000000>;
v0x55aabce460a0_918 .array/port v0x55aabce460a0, 918;
L_0x55aabcfe3230 .functor BUFZ 32, v0x55aabce460a0_918, C4<00000000000000000000000000000000>, C4<00000000000000000000000000000000>, C4<00000000000000000000000000000000>;
v0x55aabce460a0_919 .array/port v0x55aabce460a0, 919;
L_0x55aabcfe3300 .functor BUFZ 32, v0x55aabce460a0_919, C4<00000000000000000000000000000000>, C4<00000000000000000000000000000000>, C4<00000000000000000000000000000000>;
v0x55aabce460a0_920 .array/port v0x55aabce460a0, 920;
L_0x55aabcfe33d0 .functor BUFZ 32, v0x55aabce460a0_920, C4<00000000000000000000000000000000>, C4<00000000000000000000000000000000>, C4<00000000000000000000000000000000>;
v0x55aabce460a0_921 .array/port v0x55aabce460a0, 921;
L_0x55aabcfe34a0 .functor BUFZ 32, v0x55aabce460a0_921, C4<00000000000000000000000000000000>, C4<00000000000000000000000000000000>, C4<00000000000000000000000000000000>;
v0x55aabce460a0_922 .array/port v0x55aabce460a0, 922;
L_0x55aabcfe3570 .functor BUFZ 32, v0x55aabce460a0_922, C4<00000000000000000000000000000000>, C4<00000000000000000000000000000000>, C4<00000000000000000000000000000000>;
v0x55aabce460a0_923 .array/port v0x55aabce460a0, 923;
L_0x55aabcfe3640 .functor BUFZ 32, v0x55aabce460a0_923, C4<00000000000000000000000000000000>, C4<00000000000000000000000000000000>, C4<00000000000000000000000000000000>;
v0x55aabce460a0_924 .array/port v0x55aabce460a0, 924;
L_0x55aabcfe3710 .functor BUFZ 32, v0x55aabce460a0_924, C4<00000000000000000000000000000000>, C4<00000000000000000000000000000000>, C4<00000000000000000000000000000000>;
v0x55aabce460a0_925 .array/port v0x55aabce460a0, 925;
L_0x55aabcfe37e0 .functor BUFZ 32, v0x55aabce460a0_925, C4<00000000000000000000000000000000>, C4<00000000000000000000000000000000>, C4<00000000000000000000000000000000>;
v0x55aabce460a0_926 .array/port v0x55aabce460a0, 926;
L_0x55aabcfe38b0 .functor BUFZ 32, v0x55aabce460a0_926, C4<00000000000000000000000000000000>, C4<00000000000000000000000000000000>, C4<00000000000000000000000000000000>;
v0x55aabce460a0_927 .array/port v0x55aabce460a0, 927;
L_0x55aabcfe3980 .functor BUFZ 32, v0x55aabce460a0_927, C4<00000000000000000000000000000000>, C4<00000000000000000000000000000000>, C4<00000000000000000000000000000000>;
v0x55aabce460a0_928 .array/port v0x55aabce460a0, 928;
L_0x55aabcfe3a50 .functor BUFZ 32, v0x55aabce460a0_928, C4<00000000000000000000000000000000>, C4<00000000000000000000000000000000>, C4<00000000000000000000000000000000>;
v0x55aabce460a0_929 .array/port v0x55aabce460a0, 929;
L_0x55aabcfe3b20 .functor BUFZ 32, v0x55aabce460a0_929, C4<00000000000000000000000000000000>, C4<00000000000000000000000000000000>, C4<00000000000000000000000000000000>;
v0x55aabce460a0_930 .array/port v0x55aabce460a0, 930;
L_0x55aabcfe3bf0 .functor BUFZ 32, v0x55aabce460a0_930, C4<00000000000000000000000000000000>, C4<00000000000000000000000000000000>, C4<00000000000000000000000000000000>;
v0x55aabce460a0_931 .array/port v0x55aabce460a0, 931;
L_0x55aabcfe3cc0 .functor BUFZ 32, v0x55aabce460a0_931, C4<00000000000000000000000000000000>, C4<00000000000000000000000000000000>, C4<00000000000000000000000000000000>;
v0x55aabce460a0_932 .array/port v0x55aabce460a0, 932;
L_0x55aabcfe3d90 .functor BUFZ 32, v0x55aabce460a0_932, C4<00000000000000000000000000000000>, C4<00000000000000000000000000000000>, C4<00000000000000000000000000000000>;
v0x55aabce460a0_933 .array/port v0x55aabce460a0, 933;
L_0x55aabcfe3e60 .functor BUFZ 32, v0x55aabce460a0_933, C4<00000000000000000000000000000000>, C4<00000000000000000000000000000000>, C4<00000000000000000000000000000000>;
v0x55aabce460a0_934 .array/port v0x55aabce460a0, 934;
L_0x55aabcfe3f30 .functor BUFZ 32, v0x55aabce460a0_934, C4<00000000000000000000000000000000>, C4<00000000000000000000000000000000>, C4<00000000000000000000000000000000>;
v0x55aabce460a0_935 .array/port v0x55aabce460a0, 935;
L_0x55aabcfe4000 .functor BUFZ 32, v0x55aabce460a0_935, C4<00000000000000000000000000000000>, C4<00000000000000000000000000000000>, C4<00000000000000000000000000000000>;
v0x55aabce460a0_936 .array/port v0x55aabce460a0, 936;
L_0x55aabcfe40d0 .functor BUFZ 32, v0x55aabce460a0_936, C4<00000000000000000000000000000000>, C4<00000000000000000000000000000000>, C4<00000000000000000000000000000000>;
v0x55aabce460a0_937 .array/port v0x55aabce460a0, 937;
L_0x55aabcfe41a0 .functor BUFZ 32, v0x55aabce460a0_937, C4<00000000000000000000000000000000>, C4<00000000000000000000000000000000>, C4<00000000000000000000000000000000>;
v0x55aabce460a0_938 .array/port v0x55aabce460a0, 938;
L_0x55aabcfe4270 .functor BUFZ 32, v0x55aabce460a0_938, C4<00000000000000000000000000000000>, C4<00000000000000000000000000000000>, C4<00000000000000000000000000000000>;
v0x55aabce460a0_939 .array/port v0x55aabce460a0, 939;
L_0x55aabcfe4340 .functor BUFZ 32, v0x55aabce460a0_939, C4<00000000000000000000000000000000>, C4<00000000000000000000000000000000>, C4<00000000000000000000000000000000>;
v0x55aabce460a0_940 .array/port v0x55aabce460a0, 940;
L_0x55aabcfe4410 .functor BUFZ 32, v0x55aabce460a0_940, C4<00000000000000000000000000000000>, C4<00000000000000000000000000000000>, C4<00000000000000000000000000000000>;
v0x55aabce460a0_941 .array/port v0x55aabce460a0, 941;
L_0x55aabcfe44e0 .functor BUFZ 32, v0x55aabce460a0_941, C4<00000000000000000000000000000000>, C4<00000000000000000000000000000000>, C4<00000000000000000000000000000000>;
v0x55aabce460a0_942 .array/port v0x55aabce460a0, 942;
L_0x55aabcfe45b0 .functor BUFZ 32, v0x55aabce460a0_942, C4<00000000000000000000000000000000>, C4<00000000000000000000000000000000>, C4<00000000000000000000000000000000>;
v0x55aabce460a0_943 .array/port v0x55aabce460a0, 943;
L_0x55aabcfe4680 .functor BUFZ 32, v0x55aabce460a0_943, C4<00000000000000000000000000000000>, C4<00000000000000000000000000000000>, C4<00000000000000000000000000000000>;
v0x55aabce460a0_944 .array/port v0x55aabce460a0, 944;
L_0x55aabcfe4750 .functor BUFZ 32, v0x55aabce460a0_944, C4<00000000000000000000000000000000>, C4<00000000000000000000000000000000>, C4<00000000000000000000000000000000>;
v0x55aabce460a0_945 .array/port v0x55aabce460a0, 945;
L_0x55aabcfe4820 .functor BUFZ 32, v0x55aabce460a0_945, C4<00000000000000000000000000000000>, C4<00000000000000000000000000000000>, C4<00000000000000000000000000000000>;
v0x55aabce460a0_946 .array/port v0x55aabce460a0, 946;
L_0x55aabcfe48f0 .functor BUFZ 32, v0x55aabce460a0_946, C4<00000000000000000000000000000000>, C4<00000000000000000000000000000000>, C4<00000000000000000000000000000000>;
v0x55aabce460a0_947 .array/port v0x55aabce460a0, 947;
L_0x55aabcfe49c0 .functor BUFZ 32, v0x55aabce460a0_947, C4<00000000000000000000000000000000>, C4<00000000000000000000000000000000>, C4<00000000000000000000000000000000>;
v0x55aabce460a0_948 .array/port v0x55aabce460a0, 948;
L_0x55aabcfe4a90 .functor BUFZ 32, v0x55aabce460a0_948, C4<00000000000000000000000000000000>, C4<00000000000000000000000000000000>, C4<00000000000000000000000000000000>;
v0x55aabce460a0_949 .array/port v0x55aabce460a0, 949;
L_0x55aabcfe4b60 .functor BUFZ 32, v0x55aabce460a0_949, C4<00000000000000000000000000000000>, C4<00000000000000000000000000000000>, C4<00000000000000000000000000000000>;
v0x55aabce460a0_950 .array/port v0x55aabce460a0, 950;
L_0x55aabcfe4c30 .functor BUFZ 32, v0x55aabce460a0_950, C4<00000000000000000000000000000000>, C4<00000000000000000000000000000000>, C4<00000000000000000000000000000000>;
v0x55aabce460a0_951 .array/port v0x55aabce460a0, 951;
L_0x55aabcfe4d00 .functor BUFZ 32, v0x55aabce460a0_951, C4<00000000000000000000000000000000>, C4<00000000000000000000000000000000>, C4<00000000000000000000000000000000>;
v0x55aabce460a0_952 .array/port v0x55aabce460a0, 952;
L_0x55aabcfe4dd0 .functor BUFZ 32, v0x55aabce460a0_952, C4<00000000000000000000000000000000>, C4<00000000000000000000000000000000>, C4<00000000000000000000000000000000>;
v0x55aabce460a0_953 .array/port v0x55aabce460a0, 953;
L_0x55aabcfe4ea0 .functor BUFZ 32, v0x55aabce460a0_953, C4<00000000000000000000000000000000>, C4<00000000000000000000000000000000>, C4<00000000000000000000000000000000>;
v0x55aabce460a0_954 .array/port v0x55aabce460a0, 954;
L_0x55aabcfe4f70 .functor BUFZ 32, v0x55aabce460a0_954, C4<00000000000000000000000000000000>, C4<00000000000000000000000000000000>, C4<00000000000000000000000000000000>;
v0x55aabce460a0_955 .array/port v0x55aabce460a0, 955;
L_0x55aabcfe5040 .functor BUFZ 32, v0x55aabce460a0_955, C4<00000000000000000000000000000000>, C4<00000000000000000000000000000000>, C4<00000000000000000000000000000000>;
v0x55aabce460a0_956 .array/port v0x55aabce460a0, 956;
L_0x55aabcfe5110 .functor BUFZ 32, v0x55aabce460a0_956, C4<00000000000000000000000000000000>, C4<00000000000000000000000000000000>, C4<00000000000000000000000000000000>;
v0x55aabce460a0_957 .array/port v0x55aabce460a0, 957;
L_0x55aabcfe51e0 .functor BUFZ 32, v0x55aabce460a0_957, C4<00000000000000000000000000000000>, C4<00000000000000000000000000000000>, C4<00000000000000000000000000000000>;
v0x55aabce460a0_958 .array/port v0x55aabce460a0, 958;
L_0x55aabcfe52b0 .functor BUFZ 32, v0x55aabce460a0_958, C4<00000000000000000000000000000000>, C4<00000000000000000000000000000000>, C4<00000000000000000000000000000000>;
v0x55aabce460a0_959 .array/port v0x55aabce460a0, 959;
L_0x55aabcfe5380 .functor BUFZ 32, v0x55aabce460a0_959, C4<00000000000000000000000000000000>, C4<00000000000000000000000000000000>, C4<00000000000000000000000000000000>;
v0x55aabce460a0_960 .array/port v0x55aabce460a0, 960;
L_0x55aabcfe5450 .functor BUFZ 32, v0x55aabce460a0_960, C4<00000000000000000000000000000000>, C4<00000000000000000000000000000000>, C4<00000000000000000000000000000000>;
v0x55aabce460a0_961 .array/port v0x55aabce460a0, 961;
L_0x55aabcfe5520 .functor BUFZ 32, v0x55aabce460a0_961, C4<00000000000000000000000000000000>, C4<00000000000000000000000000000000>, C4<00000000000000000000000000000000>;
v0x55aabce460a0_962 .array/port v0x55aabce460a0, 962;
L_0x55aabcfe55f0 .functor BUFZ 32, v0x55aabce460a0_962, C4<00000000000000000000000000000000>, C4<00000000000000000000000000000000>, C4<00000000000000000000000000000000>;
v0x55aabce460a0_963 .array/port v0x55aabce460a0, 963;
L_0x55aabcfe56c0 .functor BUFZ 32, v0x55aabce460a0_963, C4<00000000000000000000000000000000>, C4<00000000000000000000000000000000>, C4<00000000000000000000000000000000>;
v0x55aabce460a0_964 .array/port v0x55aabce460a0, 964;
L_0x55aabcfe5790 .functor BUFZ 32, v0x55aabce460a0_964, C4<00000000000000000000000000000000>, C4<00000000000000000000000000000000>, C4<00000000000000000000000000000000>;
v0x55aabce460a0_965 .array/port v0x55aabce460a0, 965;
L_0x55aabcfe5860 .functor BUFZ 32, v0x55aabce460a0_965, C4<00000000000000000000000000000000>, C4<00000000000000000000000000000000>, C4<00000000000000000000000000000000>;
v0x55aabce460a0_966 .array/port v0x55aabce460a0, 966;
L_0x55aabcfe5930 .functor BUFZ 32, v0x55aabce460a0_966, C4<00000000000000000000000000000000>, C4<00000000000000000000000000000000>, C4<00000000000000000000000000000000>;
v0x55aabce460a0_967 .array/port v0x55aabce460a0, 967;
L_0x55aabcfe5a00 .functor BUFZ 32, v0x55aabce460a0_967, C4<00000000000000000000000000000000>, C4<00000000000000000000000000000000>, C4<00000000000000000000000000000000>;
v0x55aabce460a0_968 .array/port v0x55aabce460a0, 968;
L_0x55aabcfe5ad0 .functor BUFZ 32, v0x55aabce460a0_968, C4<00000000000000000000000000000000>, C4<00000000000000000000000000000000>, C4<00000000000000000000000000000000>;
v0x55aabce460a0_969 .array/port v0x55aabce460a0, 969;
L_0x55aabcfe5ba0 .functor BUFZ 32, v0x55aabce460a0_969, C4<00000000000000000000000000000000>, C4<00000000000000000000000000000000>, C4<00000000000000000000000000000000>;
v0x55aabce460a0_970 .array/port v0x55aabce460a0, 970;
L_0x55aabcfe5c70 .functor BUFZ 32, v0x55aabce460a0_970, C4<00000000000000000000000000000000>, C4<00000000000000000000000000000000>, C4<00000000000000000000000000000000>;
v0x55aabce460a0_971 .array/port v0x55aabce460a0, 971;
L_0x55aabcfe5d40 .functor BUFZ 32, v0x55aabce460a0_971, C4<00000000000000000000000000000000>, C4<00000000000000000000000000000000>, C4<00000000000000000000000000000000>;
v0x55aabce460a0_972 .array/port v0x55aabce460a0, 972;
L_0x55aabcfe5e10 .functor BUFZ 32, v0x55aabce460a0_972, C4<00000000000000000000000000000000>, C4<00000000000000000000000000000000>, C4<00000000000000000000000000000000>;
v0x55aabce460a0_973 .array/port v0x55aabce460a0, 973;
L_0x55aabcfe9ee0 .functor BUFZ 32, v0x55aabce460a0_973, C4<00000000000000000000000000000000>, C4<00000000000000000000000000000000>, C4<00000000000000000000000000000000>;
v0x55aabce460a0_974 .array/port v0x55aabce460a0, 974;
L_0x55aabcfe9f80 .functor BUFZ 32, v0x55aabce460a0_974, C4<00000000000000000000000000000000>, C4<00000000000000000000000000000000>, C4<00000000000000000000000000000000>;
v0x55aabce460a0_975 .array/port v0x55aabce460a0, 975;
L_0x55aabcea0a50 .functor BUFZ 32, v0x55aabce460a0_975, C4<00000000000000000000000000000000>, C4<00000000000000000000000000000000>, C4<00000000000000000000000000000000>;
v0x55aabce460a0_976 .array/port v0x55aabce460a0, 976;
L_0x55aabcea0b20 .functor BUFZ 32, v0x55aabce460a0_976, C4<00000000000000000000000000000000>, C4<00000000000000000000000000000000>, C4<00000000000000000000000000000000>;
v0x55aabce460a0_977 .array/port v0x55aabce460a0, 977;
L_0x55aabcea0bf0 .functor BUFZ 32, v0x55aabce460a0_977, C4<00000000000000000000000000000000>, C4<00000000000000000000000000000000>, C4<00000000000000000000000000000000>;
v0x55aabce460a0_978 .array/port v0x55aabce460a0, 978;
L_0x55aabcea0cc0 .functor BUFZ 32, v0x55aabce460a0_978, C4<00000000000000000000000000000000>, C4<00000000000000000000000000000000>, C4<00000000000000000000000000000000>;
v0x55aabce460a0_979 .array/port v0x55aabce460a0, 979;
L_0x55aabcea0d90 .functor BUFZ 32, v0x55aabce460a0_979, C4<00000000000000000000000000000000>, C4<00000000000000000000000000000000>, C4<00000000000000000000000000000000>;
v0x55aabce460a0_980 .array/port v0x55aabce460a0, 980;
L_0x55aabcea0e60 .functor BUFZ 32, v0x55aabce460a0_980, C4<00000000000000000000000000000000>, C4<00000000000000000000000000000000>, C4<00000000000000000000000000000000>;
v0x55aabce460a0_981 .array/port v0x55aabce460a0, 981;
L_0x55aabcea0f30 .functor BUFZ 32, v0x55aabce460a0_981, C4<00000000000000000000000000000000>, C4<00000000000000000000000000000000>, C4<00000000000000000000000000000000>;
v0x55aabce460a0_982 .array/port v0x55aabce460a0, 982;
L_0x55aabcea1000 .functor BUFZ 32, v0x55aabce460a0_982, C4<00000000000000000000000000000000>, C4<00000000000000000000000000000000>, C4<00000000000000000000000000000000>;
v0x55aabce460a0_983 .array/port v0x55aabce460a0, 983;
L_0x55aabcea10d0 .functor BUFZ 32, v0x55aabce460a0_983, C4<00000000000000000000000000000000>, C4<00000000000000000000000000000000>, C4<00000000000000000000000000000000>;
v0x55aabce460a0_984 .array/port v0x55aabce460a0, 984;
L_0x55aabcea11a0 .functor BUFZ 32, v0x55aabce460a0_984, C4<00000000000000000000000000000000>, C4<00000000000000000000000000000000>, C4<00000000000000000000000000000000>;
v0x55aabce460a0_985 .array/port v0x55aabce460a0, 985;
L_0x55aabcea1270 .functor BUFZ 32, v0x55aabce460a0_985, C4<00000000000000000000000000000000>, C4<00000000000000000000000000000000>, C4<00000000000000000000000000000000>;
v0x55aabce460a0_986 .array/port v0x55aabce460a0, 986;
L_0x55aabcea1340 .functor BUFZ 32, v0x55aabce460a0_986, C4<00000000000000000000000000000000>, C4<00000000000000000000000000000000>, C4<00000000000000000000000000000000>;
v0x55aabce460a0_987 .array/port v0x55aabce460a0, 987;
L_0x55aabcea1410 .functor BUFZ 32, v0x55aabce460a0_987, C4<00000000000000000000000000000000>, C4<00000000000000000000000000000000>, C4<00000000000000000000000000000000>;
v0x55aabce460a0_988 .array/port v0x55aabce460a0, 988;
L_0x55aabcea14e0 .functor BUFZ 32, v0x55aabce460a0_988, C4<00000000000000000000000000000000>, C4<00000000000000000000000000000000>, C4<00000000000000000000000000000000>;
v0x55aabce460a0_989 .array/port v0x55aabce460a0, 989;
L_0x55aabcfe60c0 .functor BUFZ 32, v0x55aabce460a0_989, C4<00000000000000000000000000000000>, C4<00000000000000000000000000000000>, C4<00000000000000000000000000000000>;
v0x55aabce460a0_990 .array/port v0x55aabce460a0, 990;
L_0x55aabcfe6190 .functor BUFZ 32, v0x55aabce460a0_990, C4<00000000000000000000000000000000>, C4<00000000000000000000000000000000>, C4<00000000000000000000000000000000>;
v0x55aabce460a0_991 .array/port v0x55aabce460a0, 991;
L_0x55aabcfe6260 .functor BUFZ 32, v0x55aabce460a0_991, C4<00000000000000000000000000000000>, C4<00000000000000000000000000000000>, C4<00000000000000000000000000000000>;
v0x55aabce460a0_992 .array/port v0x55aabce460a0, 992;
L_0x55aabcfe6330 .functor BUFZ 32, v0x55aabce460a0_992, C4<00000000000000000000000000000000>, C4<00000000000000000000000000000000>, C4<00000000000000000000000000000000>;
v0x55aabce460a0_993 .array/port v0x55aabce460a0, 993;
L_0x55aabcfe6400 .functor BUFZ 32, v0x55aabce460a0_993, C4<00000000000000000000000000000000>, C4<00000000000000000000000000000000>, C4<00000000000000000000000000000000>;
v0x55aabce460a0_994 .array/port v0x55aabce460a0, 994;
L_0x55aabcfe64d0 .functor BUFZ 32, v0x55aabce460a0_994, C4<00000000000000000000000000000000>, C4<00000000000000000000000000000000>, C4<00000000000000000000000000000000>;
v0x55aabce460a0_995 .array/port v0x55aabce460a0, 995;
L_0x55aabcfe65a0 .functor BUFZ 32, v0x55aabce460a0_995, C4<00000000000000000000000000000000>, C4<00000000000000000000000000000000>, C4<00000000000000000000000000000000>;
v0x55aabce460a0_996 .array/port v0x55aabce460a0, 996;
L_0x55aabcfe6670 .functor BUFZ 32, v0x55aabce460a0_996, C4<00000000000000000000000000000000>, C4<00000000000000000000000000000000>, C4<00000000000000000000000000000000>;
v0x55aabce460a0_997 .array/port v0x55aabce460a0, 997;
L_0x55aabcfe6740 .functor BUFZ 32, v0x55aabce460a0_997, C4<00000000000000000000000000000000>, C4<00000000000000000000000000000000>, C4<00000000000000000000000000000000>;
v0x55aabce460a0_998 .array/port v0x55aabce460a0, 998;
L_0x55aabcfe6810 .functor BUFZ 32, v0x55aabce460a0_998, C4<00000000000000000000000000000000>, C4<00000000000000000000000000000000>, C4<00000000000000000000000000000000>;
v0x55aabce460a0_999 .array/port v0x55aabce460a0, 999;
L_0x55aabcfe68e0 .functor BUFZ 32, v0x55aabce460a0_999, C4<00000000000000000000000000000000>, C4<00000000000000000000000000000000>, C4<00000000000000000000000000000000>;
v0x55aabce460a0_1000 .array/port v0x55aabce460a0, 1000;
L_0x55aabcfe69b0 .functor BUFZ 32, v0x55aabce460a0_1000, C4<00000000000000000000000000000000>, C4<00000000000000000000000000000000>, C4<00000000000000000000000000000000>;
v0x55aabce460a0_1001 .array/port v0x55aabce460a0, 1001;
L_0x55aabcfe6a80 .functor BUFZ 32, v0x55aabce460a0_1001, C4<00000000000000000000000000000000>, C4<00000000000000000000000000000000>, C4<00000000000000000000000000000000>;
v0x55aabce460a0_1002 .array/port v0x55aabce460a0, 1002;
L_0x55aabcfe6b50 .functor BUFZ 32, v0x55aabce460a0_1002, C4<00000000000000000000000000000000>, C4<00000000000000000000000000000000>, C4<00000000000000000000000000000000>;
v0x55aabce460a0_1003 .array/port v0x55aabce460a0, 1003;
L_0x55aabcfe6c20 .functor BUFZ 32, v0x55aabce460a0_1003, C4<00000000000000000000000000000000>, C4<00000000000000000000000000000000>, C4<00000000000000000000000000000000>;
v0x55aabce460a0_1004 .array/port v0x55aabce460a0, 1004;
L_0x55aabcfe6cf0 .functor BUFZ 32, v0x55aabce460a0_1004, C4<00000000000000000000000000000000>, C4<00000000000000000000000000000000>, C4<00000000000000000000000000000000>;
v0x55aabce460a0_1005 .array/port v0x55aabce460a0, 1005;
L_0x55aabcfe6dc0 .functor BUFZ 32, v0x55aabce460a0_1005, C4<00000000000000000000000000000000>, C4<00000000000000000000000000000000>, C4<00000000000000000000000000000000>;
v0x55aabce460a0_1006 .array/port v0x55aabce460a0, 1006;
L_0x55aabcfe6e90 .functor BUFZ 32, v0x55aabce460a0_1006, C4<00000000000000000000000000000000>, C4<00000000000000000000000000000000>, C4<00000000000000000000000000000000>;
v0x55aabce460a0_1007 .array/port v0x55aabce460a0, 1007;
L_0x55aabcfe6f60 .functor BUFZ 32, v0x55aabce460a0_1007, C4<00000000000000000000000000000000>, C4<00000000000000000000000000000000>, C4<00000000000000000000000000000000>;
v0x55aabce460a0_1008 .array/port v0x55aabce460a0, 1008;
L_0x55aabcfe7030 .functor BUFZ 32, v0x55aabce460a0_1008, C4<00000000000000000000000000000000>, C4<00000000000000000000000000000000>, C4<00000000000000000000000000000000>;
v0x55aabce460a0_1009 .array/port v0x55aabce460a0, 1009;
L_0x55aabcfe7100 .functor BUFZ 32, v0x55aabce460a0_1009, C4<00000000000000000000000000000000>, C4<00000000000000000000000000000000>, C4<00000000000000000000000000000000>;
v0x55aabce460a0_1010 .array/port v0x55aabce460a0, 1010;
L_0x55aabcfe71d0 .functor BUFZ 32, v0x55aabce460a0_1010, C4<00000000000000000000000000000000>, C4<00000000000000000000000000000000>, C4<00000000000000000000000000000000>;
v0x55aabce460a0_1011 .array/port v0x55aabce460a0, 1011;
L_0x55aabcfe72a0 .functor BUFZ 32, v0x55aabce460a0_1011, C4<00000000000000000000000000000000>, C4<00000000000000000000000000000000>, C4<00000000000000000000000000000000>;
v0x55aabce460a0_1012 .array/port v0x55aabce460a0, 1012;
L_0x55aabcfe7370 .functor BUFZ 32, v0x55aabce460a0_1012, C4<00000000000000000000000000000000>, C4<00000000000000000000000000000000>, C4<00000000000000000000000000000000>;
v0x55aabce460a0_1013 .array/port v0x55aabce460a0, 1013;
L_0x55aabcfe7440 .functor BUFZ 32, v0x55aabce460a0_1013, C4<00000000000000000000000000000000>, C4<00000000000000000000000000000000>, C4<00000000000000000000000000000000>;
v0x55aabce460a0_1014 .array/port v0x55aabce460a0, 1014;
L_0x55aabcfe7510 .functor BUFZ 32, v0x55aabce460a0_1014, C4<00000000000000000000000000000000>, C4<00000000000000000000000000000000>, C4<00000000000000000000000000000000>;
v0x55aabce460a0_1015 .array/port v0x55aabce460a0, 1015;
L_0x55aabcfe75e0 .functor BUFZ 32, v0x55aabce460a0_1015, C4<00000000000000000000000000000000>, C4<00000000000000000000000000000000>, C4<00000000000000000000000000000000>;
v0x55aabce460a0_1016 .array/port v0x55aabce460a0, 1016;
L_0x55aabcfe76b0 .functor BUFZ 32, v0x55aabce460a0_1016, C4<00000000000000000000000000000000>, C4<00000000000000000000000000000000>, C4<00000000000000000000000000000000>;
v0x55aabce460a0_1017 .array/port v0x55aabce460a0, 1017;
L_0x55aabcfe7780 .functor BUFZ 32, v0x55aabce460a0_1017, C4<00000000000000000000000000000000>, C4<00000000000000000000000000000000>, C4<00000000000000000000000000000000>;
v0x55aabce460a0_1018 .array/port v0x55aabce460a0, 1018;
L_0x55aabcfe7850 .functor BUFZ 32, v0x55aabce460a0_1018, C4<00000000000000000000000000000000>, C4<00000000000000000000000000000000>, C4<00000000000000000000000000000000>;
v0x55aabce460a0_1019 .array/port v0x55aabce460a0, 1019;
L_0x55aabcfe7920 .functor BUFZ 32, v0x55aabce460a0_1019, C4<00000000000000000000000000000000>, C4<00000000000000000000000000000000>, C4<00000000000000000000000000000000>;
v0x55aabce460a0_1020 .array/port v0x55aabce460a0, 1020;
L_0x55aabcfe79f0 .functor BUFZ 32, v0x55aabce460a0_1020, C4<00000000000000000000000000000000>, C4<00000000000000000000000000000000>, C4<00000000000000000000000000000000>;
v0x55aabce460a0_1021 .array/port v0x55aabce460a0, 1021;
L_0x55aabcfe7ac0 .functor BUFZ 32, v0x55aabce460a0_1021, C4<00000000000000000000000000000000>, C4<00000000000000000000000000000000>, C4<00000000000000000000000000000000>;
v0x55aabce460a0_1022 .array/port v0x55aabce460a0, 1022;
L_0x55aabcfe7b90 .functor BUFZ 32, v0x55aabce460a0_1022, C4<00000000000000000000000000000000>, C4<00000000000000000000000000000000>, C4<00000000000000000000000000000000>;
v0x55aabce460a0_1023 .array/port v0x55aabce460a0, 1023;
L_0x55aabcfe7c60 .functor BUFZ 32, v0x55aabce460a0_1023, C4<00000000000000000000000000000000>, C4<00000000000000000000000000000000>, C4<00000000000000000000000000000000>;
L_0x55aabcff2d30 .functor BUFZ 1, v0x55aabceb6000_0, C4<0>, C4<0>, C4<0>;
L_0x55aabcea1550 .functor BUFZ 2, v0x55aabceb61a0_0, C4<00>, C4<00>, C4<00>;
L_0x55aabcea15c0 .functor BUFZ 32, v0x55aabceb59f0_0, C4<00000000000000000000000000000000>, C4<00000000000000000000000000000000>, C4<00000000000000000000000000000000>;
L_0x55aabcea1710 .functor BUFZ 5, v0x55aabceb6580_0, C4<00000>, C4<00000>, C4<00000>;
L_0x55aabcea1780 .functor BUFZ 32, v0x55aabceb5e60_0, C4<00000000000000000000000000000000>, C4<00000000000000000000000000000000>, C4<00000000000000000000000000000000>;
L_0x55aabcfead20 .functor BUFZ 32, L_0x55aabcfe7d60, C4<00000000000000000000000000000000>, C4<00000000000000000000000000000000>, C4<00000000000000000000000000000000>;
L_0x55aabcfead90 .functor BUFZ 32, L_0x55aabce1fd10, C4<00000000000000000000000000000000>, C4<00000000000000000000000000000000>, C4<00000000000000000000000000000000>;
L_0x55aabcfeae00 .functor BUFZ 32, v0x55aabce460a0_0, C4<00000000000000000000000000000000>, C4<00000000000000000000000000000000>, C4<00000000000000000000000000000000>;
L_0x55aabcfeaec0 .functor BUFZ 32, v0x55aabce460a0_1, C4<00000000000000000000000000000000>, C4<00000000000000000000000000000000>, C4<00000000000000000000000000000000>;
L_0x55aabcfeaf80 .functor BUFZ 32, v0x55aabce460a0_2, C4<00000000000000000000000000000000>, C4<00000000000000000000000000000000>, C4<00000000000000000000000000000000>;
v0x55aabcead8c0_0 .array/port v0x55aabcead8c0, 0;
L_0x55aabcfeb040 .functor BUFZ 32, v0x55aabcead8c0_0, C4<00000000000000000000000000000000>, C4<00000000000000000000000000000000>, C4<00000000000000000000000000000000>;
v0x55aabcead8c0_1 .array/port v0x55aabcead8c0, 1;
L_0x55aabcfeb0b0 .functor BUFZ 32, v0x55aabcead8c0_1, C4<00000000000000000000000000000000>, C4<00000000000000000000000000000000>, C4<00000000000000000000000000000000>;
v0x55aabcead8c0_2 .array/port v0x55aabcead8c0, 2;
L_0x55aabcfeb120 .functor BUFZ 32, v0x55aabcead8c0_2, C4<00000000000000000000000000000000>, C4<00000000000000000000000000000000>, C4<00000000000000000000000000000000>;
v0x55aabcead8c0_3 .array/port v0x55aabcead8c0, 3;
L_0x55aabcfeb190 .functor BUFZ 32, v0x55aabcead8c0_3, C4<00000000000000000000000000000000>, C4<00000000000000000000000000000000>, C4<00000000000000000000000000000000>;
v0x55aabcead8c0_4 .array/port v0x55aabcead8c0, 4;
L_0x55aabcfeb200 .functor BUFZ 32, v0x55aabcead8c0_4, C4<00000000000000000000000000000000>, C4<00000000000000000000000000000000>, C4<00000000000000000000000000000000>;
v0x55aabcead8c0_5 .array/port v0x55aabcead8c0, 5;
L_0x55aabcfeb270 .functor BUFZ 32, v0x55aabcead8c0_5, C4<00000000000000000000000000000000>, C4<00000000000000000000000000000000>, C4<00000000000000000000000000000000>;
v0x55aabcead8c0_6 .array/port v0x55aabcead8c0, 6;
L_0x55aabcfeb2e0 .functor BUFZ 32, v0x55aabcead8c0_6, C4<00000000000000000000000000000000>, C4<00000000000000000000000000000000>, C4<00000000000000000000000000000000>;
v0x55aabcead8c0_7 .array/port v0x55aabcead8c0, 7;
L_0x55aabcfeb350 .functor BUFZ 32, v0x55aabcead8c0_7, C4<00000000000000000000000000000000>, C4<00000000000000000000000000000000>, C4<00000000000000000000000000000000>;
v0x55aabcead8c0_8 .array/port v0x55aabcead8c0, 8;
L_0x55aabcfeb3c0 .functor BUFZ 32, v0x55aabcead8c0_8, C4<00000000000000000000000000000000>, C4<00000000000000000000000000000000>, C4<00000000000000000000000000000000>;
v0x55aabcead8c0_9 .array/port v0x55aabcead8c0, 9;
L_0x55aabcfeb490 .functor BUFZ 32, v0x55aabcead8c0_9, C4<00000000000000000000000000000000>, C4<00000000000000000000000000000000>, C4<00000000000000000000000000000000>;
v0x55aabcead8c0_10 .array/port v0x55aabcead8c0, 10;
L_0x55aabcfeb560 .functor BUFZ 32, v0x55aabcead8c0_10, C4<00000000000000000000000000000000>, C4<00000000000000000000000000000000>, C4<00000000000000000000000000000000>;
v0x55aabcead8c0_11 .array/port v0x55aabcead8c0, 11;
L_0x55aabcfeb630 .functor BUFZ 32, v0x55aabcead8c0_11, C4<00000000000000000000000000000000>, C4<00000000000000000000000000000000>, C4<00000000000000000000000000000000>;
v0x55aabcead8c0_12 .array/port v0x55aabcead8c0, 12;
L_0x55aabcfeb700 .functor BUFZ 32, v0x55aabcead8c0_12, C4<00000000000000000000000000000000>, C4<00000000000000000000000000000000>, C4<00000000000000000000000000000000>;
v0x55aabcead8c0_13 .array/port v0x55aabcead8c0, 13;
L_0x55aabcfeb7d0 .functor BUFZ 32, v0x55aabcead8c0_13, C4<00000000000000000000000000000000>, C4<00000000000000000000000000000000>, C4<00000000000000000000000000000000>;
v0x55aabcead8c0_14 .array/port v0x55aabcead8c0, 14;
L_0x55aabcfeb8a0 .functor BUFZ 32, v0x55aabcead8c0_14, C4<00000000000000000000000000000000>, C4<00000000000000000000000000000000>, C4<00000000000000000000000000000000>;
v0x55aabcead8c0_15 .array/port v0x55aabcead8c0, 15;
L_0x55aabcfeb970 .functor BUFZ 32, v0x55aabcead8c0_15, C4<00000000000000000000000000000000>, C4<00000000000000000000000000000000>, C4<00000000000000000000000000000000>;
v0x55aabcead8c0_16 .array/port v0x55aabcead8c0, 16;
L_0x55aabcfeba40 .functor BUFZ 32, v0x55aabcead8c0_16, C4<00000000000000000000000000000000>, C4<00000000000000000000000000000000>, C4<00000000000000000000000000000000>;
v0x55aabcead8c0_17 .array/port v0x55aabcead8c0, 17;
L_0x55aabcfebb10 .functor BUFZ 32, v0x55aabcead8c0_17, C4<00000000000000000000000000000000>, C4<00000000000000000000000000000000>, C4<00000000000000000000000000000000>;
v0x55aabcead8c0_18 .array/port v0x55aabcead8c0, 18;
L_0x55aabcfebbe0 .functor BUFZ 32, v0x55aabcead8c0_18, C4<00000000000000000000000000000000>, C4<00000000000000000000000000000000>, C4<00000000000000000000000000000000>;
v0x55aabcead8c0_19 .array/port v0x55aabcead8c0, 19;
L_0x55aabcfebcb0 .functor BUFZ 32, v0x55aabcead8c0_19, C4<00000000000000000000000000000000>, C4<00000000000000000000000000000000>, C4<00000000000000000000000000000000>;
v0x55aabcead8c0_20 .array/port v0x55aabcead8c0, 20;
L_0x55aabcfebd80 .functor BUFZ 32, v0x55aabcead8c0_20, C4<00000000000000000000000000000000>, C4<00000000000000000000000000000000>, C4<00000000000000000000000000000000>;
v0x55aabcead8c0_21 .array/port v0x55aabcead8c0, 21;
L_0x55aabcfebe50 .functor BUFZ 32, v0x55aabcead8c0_21, C4<00000000000000000000000000000000>, C4<00000000000000000000000000000000>, C4<00000000000000000000000000000000>;
v0x55aabcead8c0_22 .array/port v0x55aabcead8c0, 22;
L_0x55aabcfebf20 .functor BUFZ 32, v0x55aabcead8c0_22, C4<00000000000000000000000000000000>, C4<00000000000000000000000000000000>, C4<00000000000000000000000000000000>;
v0x55aabcead8c0_23 .array/port v0x55aabcead8c0, 23;
L_0x55aabcfebff0 .functor BUFZ 32, v0x55aabcead8c0_23, C4<00000000000000000000000000000000>, C4<00000000000000000000000000000000>, C4<00000000000000000000000000000000>;
v0x55aabcead8c0_24 .array/port v0x55aabcead8c0, 24;
L_0x55aabcfec0c0 .functor BUFZ 32, v0x55aabcead8c0_24, C4<00000000000000000000000000000000>, C4<00000000000000000000000000000000>, C4<00000000000000000000000000000000>;
v0x55aabcead8c0_25 .array/port v0x55aabcead8c0, 25;
L_0x55aabcfec190 .functor BUFZ 32, v0x55aabcead8c0_25, C4<00000000000000000000000000000000>, C4<00000000000000000000000000000000>, C4<00000000000000000000000000000000>;
v0x55aabcead8c0_26 .array/port v0x55aabcead8c0, 26;
L_0x55aabcfec260 .functor BUFZ 32, v0x55aabcead8c0_26, C4<00000000000000000000000000000000>, C4<00000000000000000000000000000000>, C4<00000000000000000000000000000000>;
v0x55aabcead8c0_27 .array/port v0x55aabcead8c0, 27;
L_0x55aabcfec330 .functor BUFZ 32, v0x55aabcead8c0_27, C4<00000000000000000000000000000000>, C4<00000000000000000000000000000000>, C4<00000000000000000000000000000000>;
v0x55aabcead8c0_28 .array/port v0x55aabcead8c0, 28;
L_0x55aabcfec400 .functor BUFZ 32, v0x55aabcead8c0_28, C4<00000000000000000000000000000000>, C4<00000000000000000000000000000000>, C4<00000000000000000000000000000000>;
v0x55aabcead8c0_29 .array/port v0x55aabcead8c0, 29;
L_0x55aabcfec4d0 .functor BUFZ 32, v0x55aabcead8c0_29, C4<00000000000000000000000000000000>, C4<00000000000000000000000000000000>, C4<00000000000000000000000000000000>;
v0x55aabcead8c0_30 .array/port v0x55aabcead8c0, 30;
L_0x55aabcfec5a0 .functor BUFZ 32, v0x55aabcead8c0_30, C4<00000000000000000000000000000000>, C4<00000000000000000000000000000000>, C4<00000000000000000000000000000000>;
v0x55aabcead8c0_31 .array/port v0x55aabcead8c0, 31;
L_0x55aabcfec670 .functor BUFZ 32, v0x55aabcead8c0_31, C4<00000000000000000000000000000000>, C4<00000000000000000000000000000000>, C4<00000000000000000000000000000000>;
v0x55aabcec3690 .array "DMEM_inst_memory", 1023 0;
v0x55aabcec3690_0 .net v0x55aabcec3690 0, 31 0, L_0x55aabcfbb670; 1 drivers
v0x55aabcec3690_1 .net v0x55aabcec3690 1, 31 0, L_0x55aabcfbb740; 1 drivers
v0x55aabcec3690_2 .net v0x55aabcec3690 2, 31 0, L_0x55aabcfbb810; 1 drivers
v0x55aabcec3690_3 .net v0x55aabcec3690 3, 31 0, L_0x55aabcfbb8e0; 1 drivers
v0x55aabcec3690_4 .net v0x55aabcec3690 4, 31 0, L_0x55aabcfbb9b0; 1 drivers
v0x55aabcec3690_5 .net v0x55aabcec3690 5, 31 0, L_0x55aabcfbba80; 1 drivers
v0x55aabcec3690_6 .net v0x55aabcec3690 6, 31 0, L_0x55aabcfbbb50; 1 drivers
v0x55aabcec3690_7 .net v0x55aabcec3690 7, 31 0, L_0x55aabcfbbc20; 1 drivers
v0x55aabcec3690_8 .net v0x55aabcec3690 8, 31 0, L_0x55aabcfbbcf0; 1 drivers
v0x55aabcec3690_9 .net v0x55aabcec3690 9, 31 0, L_0x55aabcfbbdc0; 1 drivers
v0x55aabcec3690_10 .net v0x55aabcec3690 10, 31 0, L_0x55aabcfbbe90; 1 drivers
v0x55aabcec3690_11 .net v0x55aabcec3690 11, 31 0, L_0x55aabcfbbf60; 1 drivers
v0x55aabcec3690_12 .net v0x55aabcec3690 12, 31 0, L_0x55aabcfbc030; 1 drivers
v0x55aabcec3690_13 .net v0x55aabcec3690 13, 31 0, L_0x55aabcfbc100; 1 drivers
v0x55aabcec3690_14 .net v0x55aabcec3690 14, 31 0, L_0x55aabcfbc1d0; 1 drivers
v0x55aabcec3690_15 .net v0x55aabcec3690 15, 31 0, L_0x55aabcfbc2a0; 1 drivers
v0x55aabcec3690_16 .net v0x55aabcec3690 16, 31 0, L_0x55aabcfbc370; 1 drivers
v0x55aabcec3690_17 .net v0x55aabcec3690 17, 31 0, L_0x55aabcfbc440; 1 drivers
v0x55aabcec3690_18 .net v0x55aabcec3690 18, 31 0, L_0x55aabcfbc510; 1 drivers
v0x55aabcec3690_19 .net v0x55aabcec3690 19, 31 0, L_0x55aabcfbc5e0; 1 drivers
v0x55aabcec3690_20 .net v0x55aabcec3690 20, 31 0, L_0x55aabcfbc6b0; 1 drivers
v0x55aabcec3690_21 .net v0x55aabcec3690 21, 31 0, L_0x55aabcfbc780; 1 drivers
v0x55aabcec3690_22 .net v0x55aabcec3690 22, 31 0, L_0x55aabcfbc850; 1 drivers
v0x55aabcec3690_23 .net v0x55aabcec3690 23, 31 0, L_0x55aabcfbc920; 1 drivers
v0x55aabcec3690_24 .net v0x55aabcec3690 24, 31 0, L_0x55aabcfbc9f0; 1 drivers
v0x55aabcec3690_25 .net v0x55aabcec3690 25, 31 0, L_0x55aabcfbcac0; 1 drivers
v0x55aabcec3690_26 .net v0x55aabcec3690 26, 31 0, L_0x55aabcfbcb90; 1 drivers
v0x55aabcec3690_27 .net v0x55aabcec3690 27, 31 0, L_0x55aabcfbcc60; 1 drivers
v0x55aabcec3690_28 .net v0x55aabcec3690 28, 31 0, L_0x55aabcfbcd30; 1 drivers
v0x55aabcec3690_29 .net v0x55aabcec3690 29, 31 0, L_0x55aabcfbce00; 1 drivers
v0x55aabcec3690_30 .net v0x55aabcec3690 30, 31 0, L_0x55aabcfbced0; 1 drivers
v0x55aabcec3690_31 .net v0x55aabcec3690 31, 31 0, L_0x55aabcfbcfa0; 1 drivers
v0x55aabcec3690_32 .net v0x55aabcec3690 32, 31 0, L_0x55aabcfbd070; 1 drivers
v0x55aabcec3690_33 .net v0x55aabcec3690 33, 31 0, L_0x55aabcfbd140; 1 drivers
v0x55aabcec3690_34 .net v0x55aabcec3690 34, 31 0, L_0x55aabcfbd210; 1 drivers
v0x55aabcec3690_35 .net v0x55aabcec3690 35, 31 0, L_0x55aabcfbd2e0; 1 drivers
v0x55aabcec3690_36 .net v0x55aabcec3690 36, 31 0, L_0x55aabcfbd3b0; 1 drivers
v0x55aabcec3690_37 .net v0x55aabcec3690 37, 31 0, L_0x55aabcfbf770; 1 drivers
v0x55aabcec3690_38 .net v0x55aabcec3690 38, 31 0, L_0x55aabcfbf840; 1 drivers
v0x55aabcec3690_39 .net v0x55aabcec3690 39, 31 0, L_0x55aabceac260; 1 drivers
v0x55aabcec3690_40 .net v0x55aabcec3690 40, 31 0, L_0x55aabce46160; 1 drivers
v0x55aabcec3690_41 .net v0x55aabcec3690 41, 31 0, L_0x55aabce46230; 1 drivers
v0x55aabcec3690_42 .net v0x55aabcec3690 42, 31 0, L_0x55aabce46300; 1 drivers
v0x55aabcec3690_43 .net v0x55aabcec3690 43, 31 0, L_0x55aabce463d0; 1 drivers
v0x55aabcec3690_44 .net v0x55aabcec3690 44, 31 0, L_0x55aabce464a0; 1 drivers
v0x55aabcec3690_45 .net v0x55aabcec3690 45, 31 0, L_0x55aabce46570; 1 drivers
v0x55aabcec3690_46 .net v0x55aabcec3690 46, 31 0, L_0x55aabcfbd630; 1 drivers
v0x55aabcec3690_47 .net v0x55aabcec3690 47, 31 0, L_0x55aabcfbd700; 1 drivers
v0x55aabcec3690_48 .net v0x55aabcec3690 48, 31 0, L_0x55aabcfbd7d0; 1 drivers
v0x55aabcec3690_49 .net v0x55aabcec3690 49, 31 0, L_0x55aabcfbd8a0; 1 drivers
v0x55aabcec3690_50 .net v0x55aabcec3690 50, 31 0, L_0x55aabcfbd970; 1 drivers
v0x55aabcec3690_51 .net v0x55aabcec3690 51, 31 0, L_0x55aabcfbda40; 1 drivers
v0x55aabcec3690_52 .net v0x55aabcec3690 52, 31 0, L_0x55aabcfbdb10; 1 drivers
v0x55aabcec3690_53 .net v0x55aabcec3690 53, 31 0, L_0x55aabcfbdbe0; 1 drivers
v0x55aabcec3690_54 .net v0x55aabcec3690 54, 31 0, L_0x55aabcfbdcb0; 1 drivers
v0x55aabcec3690_55 .net v0x55aabcec3690 55, 31 0, L_0x55aabcfbdd80; 1 drivers
v0x55aabcec3690_56 .net v0x55aabcec3690 56, 31 0, L_0x55aabcfbde50; 1 drivers
v0x55aabcec3690_57 .net v0x55aabcec3690 57, 31 0, L_0x55aabcfbdf20; 1 drivers
v0x55aabcec3690_58 .net v0x55aabcec3690 58, 31 0, L_0x55aabcfbdff0; 1 drivers
v0x55aabcec3690_59 .net v0x55aabcec3690 59, 31 0, L_0x55aabcfbe0c0; 1 drivers
v0x55aabcec3690_60 .net v0x55aabcec3690 60, 31 0, L_0x55aabcfbe190; 1 drivers
v0x55aabcec3690_61 .net v0x55aabcec3690 61, 31 0, L_0x55aabcfbe260; 1 drivers
v0x55aabcec3690_62 .net v0x55aabcec3690 62, 31 0, L_0x55aabcfbe330; 1 drivers
v0x55aabcec3690_63 .net v0x55aabcec3690 63, 31 0, L_0x55aabcfbe400; 1 drivers
v0x55aabcec3690_64 .net v0x55aabcec3690 64, 31 0, L_0x55aabcfbe4d0; 1 drivers
v0x55aabcec3690_65 .net v0x55aabcec3690 65, 31 0, L_0x55aabcfbe5a0; 1 drivers
v0x55aabcec3690_66 .net v0x55aabcec3690 66, 31 0, L_0x55aabcfbe670; 1 drivers
v0x55aabcec3690_67 .net v0x55aabcec3690 67, 31 0, L_0x55aabcfbe740; 1 drivers
v0x55aabcec3690_68 .net v0x55aabcec3690 68, 31 0, L_0x55aabcfbe810; 1 drivers
v0x55aabcec3690_69 .net v0x55aabcec3690 69, 31 0, L_0x55aabcfbe8e0; 1 drivers
v0x55aabcec3690_70 .net v0x55aabcec3690 70, 31 0, L_0x55aabcfbe9b0; 1 drivers
v0x55aabcec3690_71 .net v0x55aabcec3690 71, 31 0, L_0x55aabcfbea80; 1 drivers
v0x55aabcec3690_72 .net v0x55aabcec3690 72, 31 0, L_0x55aabcfbeb50; 1 drivers
v0x55aabcec3690_73 .net v0x55aabcec3690 73, 31 0, L_0x55aabcfbec20; 1 drivers
v0x55aabcec3690_74 .net v0x55aabcec3690 74, 31 0, L_0x55aabcfbecf0; 1 drivers
v0x55aabcec3690_75 .net v0x55aabcec3690 75, 31 0, L_0x55aabcfbedc0; 1 drivers
v0x55aabcec3690_76 .net v0x55aabcec3690 76, 31 0, L_0x55aabcfbee90; 1 drivers
v0x55aabcec3690_77 .net v0x55aabcec3690 77, 31 0, L_0x55aabcfbef60; 1 drivers
v0x55aabcec3690_78 .net v0x55aabcec3690 78, 31 0, L_0x55aabcfbf030; 1 drivers
v0x55aabcec3690_79 .net v0x55aabcec3690 79, 31 0, L_0x55aabcfbf100; 1 drivers
v0x55aabcec3690_80 .net v0x55aabcec3690 80, 31 0, L_0x55aabcfbf1d0; 1 drivers
v0x55aabcec3690_81 .net v0x55aabcec3690 81, 31 0, L_0x55aabcfbf2a0; 1 drivers
v0x55aabcec3690_82 .net v0x55aabcec3690 82, 31 0, L_0x55aabcfbf370; 1 drivers
v0x55aabcec3690_83 .net v0x55aabcec3690 83, 31 0, L_0x55aabcfbf440; 1 drivers
v0x55aabcec3690_84 .net v0x55aabcec3690 84, 31 0, L_0x55aabcfbf510; 1 drivers
v0x55aabcec3690_85 .net v0x55aabcec3690 85, 31 0, L_0x55aabcfbf5e0; 1 drivers
v0x55aabcec3690_86 .net v0x55aabcec3690 86, 31 0, L_0x55aabcfbf6b0; 1 drivers
v0x55aabcec3690_87 .net v0x55aabcec3690 87, 31 0, L_0x55aabcfc1be0; 1 drivers
v0x55aabcec3690_88 .net v0x55aabcec3690 88, 31 0, L_0x55aabcfc1cb0; 1 drivers
v0x55aabcec3690_89 .net v0x55aabcec3690 89, 31 0, L_0x55aabce46640; 1 drivers
v0x55aabcec3690_90 .net v0x55aabcec3690 90, 31 0, L_0x55aabce46710; 1 drivers
v0x55aabcec3690_91 .net v0x55aabcec3690 91, 31 0, L_0x55aabce467e0; 1 drivers
v0x55aabcec3690_92 .net v0x55aabcec3690 92, 31 0, L_0x55aabce468b0; 1 drivers
v0x55aabcec3690_93 .net v0x55aabcec3690 93, 31 0, L_0x55aabce46980; 1 drivers
v0x55aabcec3690_94 .net v0x55aabcec3690 94, 31 0, L_0x55aabce46a50; 1 drivers
v0x55aabcec3690_95 .net v0x55aabcec3690 95, 31 0, L_0x55aabce46b20; 1 drivers
v0x55aabcec3690_96 .net v0x55aabcec3690 96, 31 0, L_0x55aabcfbf910; 1 drivers
v0x55aabcec3690_97 .net v0x55aabcec3690 97, 31 0, L_0x55aabcfbf9e0; 1 drivers
v0x55aabcec3690_98 .net v0x55aabcec3690 98, 31 0, L_0x55aabcfbfab0; 1 drivers
v0x55aabcec3690_99 .net v0x55aabcec3690 99, 31 0, L_0x55aabcfbfb80; 1 drivers
v0x55aabcec3690_100 .net v0x55aabcec3690 100, 31 0, L_0x55aabcfbfc50; 1 drivers
v0x55aabcec3690_101 .net v0x55aabcec3690 101, 31 0, L_0x55aabcfbfd20; 1 drivers
v0x55aabcec3690_102 .net v0x55aabcec3690 102, 31 0, L_0x55aabcfbfdf0; 1 drivers
v0x55aabcec3690_103 .net v0x55aabcec3690 103, 31 0, L_0x55aabcfbfec0; 1 drivers
v0x55aabcec3690_104 .net v0x55aabcec3690 104, 31 0, L_0x55aabcfbff90; 1 drivers
v0x55aabcec3690_105 .net v0x55aabcec3690 105, 31 0, L_0x55aabcfc0060; 1 drivers
v0x55aabcec3690_106 .net v0x55aabcec3690 106, 31 0, L_0x55aabcfc0130; 1 drivers
v0x55aabcec3690_107 .net v0x55aabcec3690 107, 31 0, L_0x55aabcfc0200; 1 drivers
v0x55aabcec3690_108 .net v0x55aabcec3690 108, 31 0, L_0x55aabcfc02d0; 1 drivers
v0x55aabcec3690_109 .net v0x55aabcec3690 109, 31 0, L_0x55aabcfc03a0; 1 drivers
v0x55aabcec3690_110 .net v0x55aabcec3690 110, 31 0, L_0x55aabcfc0470; 1 drivers
v0x55aabcec3690_111 .net v0x55aabcec3690 111, 31 0, L_0x55aabcfc0540; 1 drivers
v0x55aabcec3690_112 .net v0x55aabcec3690 112, 31 0, L_0x55aabcfc0610; 1 drivers
v0x55aabcec3690_113 .net v0x55aabcec3690 113, 31 0, L_0x55aabcfc06e0; 1 drivers
v0x55aabcec3690_114 .net v0x55aabcec3690 114, 31 0, L_0x55aabcfc07b0; 1 drivers
v0x55aabcec3690_115 .net v0x55aabcec3690 115, 31 0, L_0x55aabcfc0880; 1 drivers
v0x55aabcec3690_116 .net v0x55aabcec3690 116, 31 0, L_0x55aabcfc0950; 1 drivers
v0x55aabcec3690_117 .net v0x55aabcec3690 117, 31 0, L_0x55aabcfc0a20; 1 drivers
v0x55aabcec3690_118 .net v0x55aabcec3690 118, 31 0, L_0x55aabcfc0af0; 1 drivers
v0x55aabcec3690_119 .net v0x55aabcec3690 119, 31 0, L_0x55aabcfc0bc0; 1 drivers
v0x55aabcec3690_120 .net v0x55aabcec3690 120, 31 0, L_0x55aabcfc0c90; 1 drivers
v0x55aabcec3690_121 .net v0x55aabcec3690 121, 31 0, L_0x55aabcfc0d60; 1 drivers
v0x55aabcec3690_122 .net v0x55aabcec3690 122, 31 0, L_0x55aabcfc0e30; 1 drivers
v0x55aabcec3690_123 .net v0x55aabcec3690 123, 31 0, L_0x55aabcfc0f00; 1 drivers
v0x55aabcec3690_124 .net v0x55aabcec3690 124, 31 0, L_0x55aabcfc0fd0; 1 drivers
v0x55aabcec3690_125 .net v0x55aabcec3690 125, 31 0, L_0x55aabcfc10a0; 1 drivers
v0x55aabcec3690_126 .net v0x55aabcec3690 126, 31 0, L_0x55aabcfc1170; 1 drivers
v0x55aabcec3690_127 .net v0x55aabcec3690 127, 31 0, L_0x55aabcfc1240; 1 drivers
v0x55aabcec3690_128 .net v0x55aabcec3690 128, 31 0, L_0x55aabcfc1310; 1 drivers
v0x55aabcec3690_129 .net v0x55aabcec3690 129, 31 0, L_0x55aabcfc13e0; 1 drivers
v0x55aabcec3690_130 .net v0x55aabcec3690 130, 31 0, L_0x55aabcfc14b0; 1 drivers
v0x55aabcec3690_131 .net v0x55aabcec3690 131, 31 0, L_0x55aabcfc1580; 1 drivers
v0x55aabcec3690_132 .net v0x55aabcec3690 132, 31 0, L_0x55aabcfc1650; 1 drivers
v0x55aabcec3690_133 .net v0x55aabcec3690 133, 31 0, L_0x55aabcfc1720; 1 drivers
v0x55aabcec3690_134 .net v0x55aabcec3690 134, 31 0, L_0x55aabcfc17f0; 1 drivers
v0x55aabcec3690_135 .net v0x55aabcec3690 135, 31 0, L_0x55aabcfc18c0; 1 drivers
v0x55aabcec3690_136 .net v0x55aabcec3690 136, 31 0, L_0x55aabcfc1990; 1 drivers
v0x55aabcec3690_137 .net v0x55aabcec3690 137, 31 0, L_0x55aabcfc1a60; 1 drivers
v0x55aabcec3690_138 .net v0x55aabcec3690 138, 31 0, L_0x55aabcfc1b30; 1 drivers
v0x55aabcec3690_139 .net v0x55aabcec3690 139, 31 0, L_0x55aabcfc41f0; 1 drivers
v0x55aabcec3690_140 .net v0x55aabcec3690 140, 31 0, L_0x55aabcfc4290; 1 drivers
v0x55aabcec3690_141 .net v0x55aabcec3690 141, 31 0, L_0x55aabce9a6b0; 1 drivers
v0x55aabcec3690_142 .net v0x55aabcec3690 142, 31 0, L_0x55aabce9a780; 1 drivers
v0x55aabcec3690_143 .net v0x55aabcec3690 143, 31 0, L_0x55aabce9a850; 1 drivers
v0x55aabcec3690_144 .net v0x55aabcec3690 144, 31 0, L_0x55aabce9a920; 1 drivers
v0x55aabcec3690_145 .net v0x55aabcec3690 145, 31 0, L_0x55aabce9a9f0; 1 drivers
v0x55aabcec3690_146 .net v0x55aabcec3690 146, 31 0, L_0x55aabce9aac0; 1 drivers
v0x55aabcec3690_147 .net v0x55aabcec3690 147, 31 0, L_0x55aabce9ab90; 1 drivers
v0x55aabcec3690_148 .net v0x55aabcec3690 148, 31 0, L_0x55aabce9ac60; 1 drivers
v0x55aabcec3690_149 .net v0x55aabcec3690 149, 31 0, L_0x55aabcfc1d80; 1 drivers
v0x55aabcec3690_150 .net v0x55aabcec3690 150, 31 0, L_0x55aabcfc1e50; 1 drivers
v0x55aabcec3690_151 .net v0x55aabcec3690 151, 31 0, L_0x55aabcfc1f20; 1 drivers
v0x55aabcec3690_152 .net v0x55aabcec3690 152, 31 0, L_0x55aabcfc1ff0; 1 drivers
v0x55aabcec3690_153 .net v0x55aabcec3690 153, 31 0, L_0x55aabcfc20c0; 1 drivers
v0x55aabcec3690_154 .net v0x55aabcec3690 154, 31 0, L_0x55aabcfc2190; 1 drivers
v0x55aabcec3690_155 .net v0x55aabcec3690 155, 31 0, L_0x55aabcfc2260; 1 drivers
v0x55aabcec3690_156 .net v0x55aabcec3690 156, 31 0, L_0x55aabcfc2330; 1 drivers
v0x55aabcec3690_157 .net v0x55aabcec3690 157, 31 0, L_0x55aabcfc2400; 1 drivers
v0x55aabcec3690_158 .net v0x55aabcec3690 158, 31 0, L_0x55aabcfc24d0; 1 drivers
v0x55aabcec3690_159 .net v0x55aabcec3690 159, 31 0, L_0x55aabcfc25a0; 1 drivers
v0x55aabcec3690_160 .net v0x55aabcec3690 160, 31 0, L_0x55aabcfc2670; 1 drivers
v0x55aabcec3690_161 .net v0x55aabcec3690 161, 31 0, L_0x55aabcfc2740; 1 drivers
v0x55aabcec3690_162 .net v0x55aabcec3690 162, 31 0, L_0x55aabcfc2810; 1 drivers
v0x55aabcec3690_163 .net v0x55aabcec3690 163, 31 0, L_0x55aabcfc28e0; 1 drivers
v0x55aabcec3690_164 .net v0x55aabcec3690 164, 31 0, L_0x55aabcfc29b0; 1 drivers
v0x55aabcec3690_165 .net v0x55aabcec3690 165, 31 0, L_0x55aabcfc2a80; 1 drivers
v0x55aabcec3690_166 .net v0x55aabcec3690 166, 31 0, L_0x55aabcfc2b50; 1 drivers
v0x55aabcec3690_167 .net v0x55aabcec3690 167, 31 0, L_0x55aabcfc2c20; 1 drivers
v0x55aabcec3690_168 .net v0x55aabcec3690 168, 31 0, L_0x55aabcfc2cf0; 1 drivers
v0x55aabcec3690_169 .net v0x55aabcec3690 169, 31 0, L_0x55aabcfc2dc0; 1 drivers
v0x55aabcec3690_170 .net v0x55aabcec3690 170, 31 0, L_0x55aabcfc2e90; 1 drivers
v0x55aabcec3690_171 .net v0x55aabcec3690 171, 31 0, L_0x55aabcfc2f60; 1 drivers
v0x55aabcec3690_172 .net v0x55aabcec3690 172, 31 0, L_0x55aabcfc3030; 1 drivers
v0x55aabcec3690_173 .net v0x55aabcec3690 173, 31 0, L_0x55aabcfc3100; 1 drivers
v0x55aabcec3690_174 .net v0x55aabcec3690 174, 31 0, L_0x55aabcfc31d0; 1 drivers
v0x55aabcec3690_175 .net v0x55aabcec3690 175, 31 0, L_0x55aabcfc32a0; 1 drivers
v0x55aabcec3690_176 .net v0x55aabcec3690 176, 31 0, L_0x55aabcfc3370; 1 drivers
v0x55aabcec3690_177 .net v0x55aabcec3690 177, 31 0, L_0x55aabcfc3440; 1 drivers
v0x55aabcec3690_178 .net v0x55aabcec3690 178, 31 0, L_0x55aabcfc3510; 1 drivers
v0x55aabcec3690_179 .net v0x55aabcec3690 179, 31 0, L_0x55aabcfc35e0; 1 drivers
v0x55aabcec3690_180 .net v0x55aabcec3690 180, 31 0, L_0x55aabcfc36b0; 1 drivers
v0x55aabcec3690_181 .net v0x55aabcec3690 181, 31 0, L_0x55aabcfc3780; 1 drivers
v0x55aabcec3690_182 .net v0x55aabcec3690 182, 31 0, L_0x55aabcfc3850; 1 drivers
v0x55aabcec3690_183 .net v0x55aabcec3690 183, 31 0, L_0x55aabcfc3920; 1 drivers
v0x55aabcec3690_184 .net v0x55aabcec3690 184, 31 0, L_0x55aabcfc39f0; 1 drivers
v0x55aabcec3690_185 .net v0x55aabcec3690 185, 31 0, L_0x55aabcfc3ac0; 1 drivers
v0x55aabcec3690_186 .net v0x55aabcec3690 186, 31 0, L_0x55aabcfc3b90; 1 drivers
v0x55aabcec3690_187 .net v0x55aabcec3690 187, 31 0, L_0x55aabcfc3c60; 1 drivers
v0x55aabcec3690_188 .net v0x55aabcec3690 188, 31 0, L_0x55aabcfc3d30; 1 drivers
v0x55aabcec3690_189 .net v0x55aabcec3690 189, 31 0, L_0x55aabcfc3e00; 1 drivers
v0x55aabcec3690_190 .net v0x55aabcec3690 190, 31 0, L_0x55aabcfc3ed0; 1 drivers
v0x55aabcec3690_191 .net v0x55aabcec3690 191, 31 0, L_0x55aabcfc3fa0; 1 drivers
v0x55aabcec3690_192 .net v0x55aabcec3690 192, 31 0, L_0x55aabcfc4070; 1 drivers
v0x55aabcec3690_193 .net v0x55aabcec3690 193, 31 0, L_0x55aabcfc4140; 1 drivers
v0x55aabcec3690_194 .net v0x55aabcec3690 194, 31 0, L_0x55aabcfc69b0; 1 drivers
v0x55aabcec3690_195 .net v0x55aabcec3690 195, 31 0, L_0x55aabce9ad30; 1 drivers
v0x55aabcec3690_196 .net v0x55aabcec3690 196, 31 0, L_0x55aabce9ae00; 1 drivers
v0x55aabcec3690_197 .net v0x55aabcec3690 197, 31 0, L_0x55aabce9aed0; 1 drivers
v0x55aabcec3690_198 .net v0x55aabcec3690 198, 31 0, L_0x55aabce9afa0; 1 drivers
v0x55aabcec3690_199 .net v0x55aabcec3690 199, 31 0, L_0x55aabce9b070; 1 drivers
v0x55aabcec3690_200 .net v0x55aabcec3690 200, 31 0, L_0x55aabce9b140; 1 drivers
v0x55aabcec3690_201 .net v0x55aabcec3690 201, 31 0, L_0x55aabce9b210; 1 drivers
v0x55aabcec3690_202 .net v0x55aabcec3690 202, 31 0, L_0x55aabce9b2e0; 1 drivers
v0x55aabcec3690_203 .net v0x55aabcec3690 203, 31 0, L_0x55aabcfc4360; 1 drivers
v0x55aabcec3690_204 .net v0x55aabcec3690 204, 31 0, L_0x55aabcfc4430; 1 drivers
v0x55aabcec3690_205 .net v0x55aabcec3690 205, 31 0, L_0x55aabcfc4500; 1 drivers
v0x55aabcec3690_206 .net v0x55aabcec3690 206, 31 0, L_0x55aabcfc45d0; 1 drivers
v0x55aabcec3690_207 .net v0x55aabcec3690 207, 31 0, L_0x55aabcfc46a0; 1 drivers
v0x55aabcec3690_208 .net v0x55aabcec3690 208, 31 0, L_0x55aabcfc4770; 1 drivers
v0x55aabcec3690_209 .net v0x55aabcec3690 209, 31 0, L_0x55aabcfc4840; 1 drivers
v0x55aabcec3690_210 .net v0x55aabcec3690 210, 31 0, L_0x55aabcfc4910; 1 drivers
v0x55aabcec3690_211 .net v0x55aabcec3690 211, 31 0, L_0x55aabcfc49e0; 1 drivers
v0x55aabcec3690_212 .net v0x55aabcec3690 212, 31 0, L_0x55aabcfc4ab0; 1 drivers
v0x55aabcec3690_213 .net v0x55aabcec3690 213, 31 0, L_0x55aabcfc4b80; 1 drivers
v0x55aabcec3690_214 .net v0x55aabcec3690 214, 31 0, L_0x55aabcfc4c50; 1 drivers
v0x55aabcec3690_215 .net v0x55aabcec3690 215, 31 0, L_0x55aabcfc4d20; 1 drivers
v0x55aabcec3690_216 .net v0x55aabcec3690 216, 31 0, L_0x55aabcfc4df0; 1 drivers
v0x55aabcec3690_217 .net v0x55aabcec3690 217, 31 0, L_0x55aabcfc4ec0; 1 drivers
v0x55aabcec3690_218 .net v0x55aabcec3690 218, 31 0, L_0x55aabcfc4f90; 1 drivers
v0x55aabcec3690_219 .net v0x55aabcec3690 219, 31 0, L_0x55aabcfc5060; 1 drivers
v0x55aabcec3690_220 .net v0x55aabcec3690 220, 31 0, L_0x55aabcfc5130; 1 drivers
v0x55aabcec3690_221 .net v0x55aabcec3690 221, 31 0, L_0x55aabcfc5200; 1 drivers
v0x55aabcec3690_222 .net v0x55aabcec3690 222, 31 0, L_0x55aabcfc52d0; 1 drivers
v0x55aabcec3690_223 .net v0x55aabcec3690 223, 31 0, L_0x55aabcfc53a0; 1 drivers
v0x55aabcec3690_224 .net v0x55aabcec3690 224, 31 0, L_0x55aabcfc5470; 1 drivers
v0x55aabcec3690_225 .net v0x55aabcec3690 225, 31 0, L_0x55aabcfc5540; 1 drivers
v0x55aabcec3690_226 .net v0x55aabcec3690 226, 31 0, L_0x55aabcfc5610; 1 drivers
v0x55aabcec3690_227 .net v0x55aabcec3690 227, 31 0, L_0x55aabcfc56e0; 1 drivers
v0x55aabcec3690_228 .net v0x55aabcec3690 228, 31 0, L_0x55aabcfc57b0; 1 drivers
v0x55aabcec3690_229 .net v0x55aabcec3690 229, 31 0, L_0x55aabcfc5880; 1 drivers
v0x55aabcec3690_230 .net v0x55aabcec3690 230, 31 0, L_0x55aabcfc5950; 1 drivers
v0x55aabcec3690_231 .net v0x55aabcec3690 231, 31 0, L_0x55aabcfc5a20; 1 drivers
v0x55aabcec3690_232 .net v0x55aabcec3690 232, 31 0, L_0x55aabcfc5af0; 1 drivers
v0x55aabcec3690_233 .net v0x55aabcec3690 233, 31 0, L_0x55aabcfc5bc0; 1 drivers
v0x55aabcec3690_234 .net v0x55aabcec3690 234, 31 0, L_0x55aabcfc5c90; 1 drivers
v0x55aabcec3690_235 .net v0x55aabcec3690 235, 31 0, L_0x55aabcfc5d60; 1 drivers
v0x55aabcec3690_236 .net v0x55aabcec3690 236, 31 0, L_0x55aabcfc5e30; 1 drivers
v0x55aabcec3690_237 .net v0x55aabcec3690 237, 31 0, L_0x55aabcfc5f00; 1 drivers
v0x55aabcec3690_238 .net v0x55aabcec3690 238, 31 0, L_0x55aabcfc5fd0; 1 drivers
v0x55aabcec3690_239 .net v0x55aabcec3690 239, 31 0, L_0x55aabcfc60a0; 1 drivers
v0x55aabcec3690_240 .net v0x55aabcec3690 240, 31 0, L_0x55aabcfc6170; 1 drivers
v0x55aabcec3690_241 .net v0x55aabcec3690 241, 31 0, L_0x55aabcfc6240; 1 drivers
v0x55aabcec3690_242 .net v0x55aabcec3690 242, 31 0, L_0x55aabcfc6310; 1 drivers
v0x55aabcec3690_243 .net v0x55aabcec3690 243, 31 0, L_0x55aabcfc63e0; 1 drivers
v0x55aabcec3690_244 .net v0x55aabcec3690 244, 31 0, L_0x55aabcfc64b0; 1 drivers
v0x55aabcec3690_245 .net v0x55aabcec3690 245, 31 0, L_0x55aabcfc6580; 1 drivers
v0x55aabcec3690_246 .net v0x55aabcec3690 246, 31 0, L_0x55aabcfc6650; 1 drivers
v0x55aabcec3690_247 .net v0x55aabcec3690 247, 31 0, L_0x55aabcfc6720; 1 drivers
v0x55aabcec3690_248 .net v0x55aabcec3690 248, 31 0, L_0x55aabcfc67f0; 1 drivers
v0x55aabcec3690_249 .net v0x55aabcec3690 249, 31 0, L_0x55aabcfc68c0; 1 drivers
v0x55aabcec3690_250 .net v0x55aabcec3690 250, 31 0, L_0x55aabcfc9260; 1 drivers
v0x55aabcec3690_251 .net v0x55aabcec3690 251, 31 0, L_0x55aabce9b3f0; 1 drivers
v0x55aabcec3690_252 .net v0x55aabcec3690 252, 31 0, L_0x55aabce9b4c0; 1 drivers
v0x55aabcec3690_253 .net v0x55aabcec3690 253, 31 0, L_0x55aabce9b590; 1 drivers
v0x55aabcec3690_254 .net v0x55aabcec3690 254, 31 0, L_0x55aabce9b660; 1 drivers
v0x55aabcec3690_255 .net v0x55aabcec3690 255, 31 0, L_0x55aabce9b730; 1 drivers
v0x55aabcec3690_256 .net v0x55aabcec3690 256, 31 0, L_0x55aabce9b800; 1 drivers
v0x55aabcec3690_257 .net v0x55aabcec3690 257, 31 0, L_0x55aabce9b8d0; 1 drivers
v0x55aabcec3690_258 .net v0x55aabcec3690 258, 31 0, L_0x55aabce9b9a0; 1 drivers
v0x55aabcec3690_259 .net v0x55aabcec3690 259, 31 0, L_0x55aabce9ba70; 1 drivers
v0x55aabcec3690_260 .net v0x55aabcec3690 260, 31 0, L_0x55aabcfc6ae0; 1 drivers
v0x55aabcec3690_261 .net v0x55aabcec3690 261, 31 0, L_0x55aabcfc6bb0; 1 drivers
v0x55aabcec3690_262 .net v0x55aabcec3690 262, 31 0, L_0x55aabcfc6c80; 1 drivers
v0x55aabcec3690_263 .net v0x55aabcec3690 263, 31 0, L_0x55aabcfc6d50; 1 drivers
v0x55aabcec3690_264 .net v0x55aabcec3690 264, 31 0, L_0x55aabcfc6e20; 1 drivers
v0x55aabcec3690_265 .net v0x55aabcec3690 265, 31 0, L_0x55aabcfc6ef0; 1 drivers
v0x55aabcec3690_266 .net v0x55aabcec3690 266, 31 0, L_0x55aabcfc6fc0; 1 drivers
v0x55aabcec3690_267 .net v0x55aabcec3690 267, 31 0, L_0x55aabcfc7090; 1 drivers
v0x55aabcec3690_268 .net v0x55aabcec3690 268, 31 0, L_0x55aabcfc7160; 1 drivers
v0x55aabcec3690_269 .net v0x55aabcec3690 269, 31 0, L_0x55aabcfc7230; 1 drivers
v0x55aabcec3690_270 .net v0x55aabcec3690 270, 31 0, L_0x55aabcfc7300; 1 drivers
v0x55aabcec3690_271 .net v0x55aabcec3690 271, 31 0, L_0x55aabcfc73d0; 1 drivers
v0x55aabcec3690_272 .net v0x55aabcec3690 272, 31 0, L_0x55aabcfc74a0; 1 drivers
v0x55aabcec3690_273 .net v0x55aabcec3690 273, 31 0, L_0x55aabcfc7570; 1 drivers
v0x55aabcec3690_274 .net v0x55aabcec3690 274, 31 0, L_0x55aabcfc7640; 1 drivers
v0x55aabcec3690_275 .net v0x55aabcec3690 275, 31 0, L_0x55aabcfc7710; 1 drivers
v0x55aabcec3690_276 .net v0x55aabcec3690 276, 31 0, L_0x55aabcfc77e0; 1 drivers
v0x55aabcec3690_277 .net v0x55aabcec3690 277, 31 0, L_0x55aabcfc78b0; 1 drivers
v0x55aabcec3690_278 .net v0x55aabcec3690 278, 31 0, L_0x55aabcfc7980; 1 drivers
v0x55aabcec3690_279 .net v0x55aabcec3690 279, 31 0, L_0x55aabcfc7a50; 1 drivers
v0x55aabcec3690_280 .net v0x55aabcec3690 280, 31 0, L_0x55aabcfc7b20; 1 drivers
v0x55aabcec3690_281 .net v0x55aabcec3690 281, 31 0, L_0x55aabcfc7bf0; 1 drivers
v0x55aabcec3690_282 .net v0x55aabcec3690 282, 31 0, L_0x55aabcfc7cc0; 1 drivers
v0x55aabcec3690_283 .net v0x55aabcec3690 283, 31 0, L_0x55aabcfc7d90; 1 drivers
v0x55aabcec3690_284 .net v0x55aabcec3690 284, 31 0, L_0x55aabcfc7e60; 1 drivers
v0x55aabcec3690_285 .net v0x55aabcec3690 285, 31 0, L_0x55aabcfc7f30; 1 drivers
v0x55aabcec3690_286 .net v0x55aabcec3690 286, 31 0, L_0x55aabcfc8000; 1 drivers
v0x55aabcec3690_287 .net v0x55aabcec3690 287, 31 0, L_0x55aabcfc80d0; 1 drivers
v0x55aabcec3690_288 .net v0x55aabcec3690 288, 31 0, L_0x55aabcfc81a0; 1 drivers
v0x55aabcec3690_289 .net v0x55aabcec3690 289, 31 0, L_0x55aabcfc8270; 1 drivers
v0x55aabcec3690_290 .net v0x55aabcec3690 290, 31 0, L_0x55aabcfc8340; 1 drivers
v0x55aabcec3690_291 .net v0x55aabcec3690 291, 31 0, L_0x55aabcfc8410; 1 drivers
v0x55aabcec3690_292 .net v0x55aabcec3690 292, 31 0, L_0x55aabcfc84e0; 1 drivers
v0x55aabcec3690_293 .net v0x55aabcec3690 293, 31 0, L_0x55aabcfc85b0; 1 drivers
v0x55aabcec3690_294 .net v0x55aabcec3690 294, 31 0, L_0x55aabcfc8680; 1 drivers
v0x55aabcec3690_295 .net v0x55aabcec3690 295, 31 0, L_0x55aabcfc8750; 1 drivers
v0x55aabcec3690_296 .net v0x55aabcec3690 296, 31 0, L_0x55aabcfc8820; 1 drivers
v0x55aabcec3690_297 .net v0x55aabcec3690 297, 31 0, L_0x55aabcfc88f0; 1 drivers
v0x55aabcec3690_298 .net v0x55aabcec3690 298, 31 0, L_0x55aabcfc89c0; 1 drivers
v0x55aabcec3690_299 .net v0x55aabcec3690 299, 31 0, L_0x55aabcfc8a90; 1 drivers
v0x55aabcec3690_300 .net v0x55aabcec3690 300, 31 0, L_0x55aabcfc8b60; 1 drivers
v0x55aabcec3690_301 .net v0x55aabcec3690 301, 31 0, L_0x55aabcfc8c30; 1 drivers
v0x55aabcec3690_302 .net v0x55aabcec3690 302, 31 0, L_0x55aabcfc8d00; 1 drivers
v0x55aabcec3690_303 .net v0x55aabcec3690 303, 31 0, L_0x55aabcfc8dd0; 1 drivers
v0x55aabcec3690_304 .net v0x55aabcec3690 304, 31 0, L_0x55aabcfc8ea0; 1 drivers
v0x55aabcec3690_305 .net v0x55aabcec3690 305, 31 0, L_0x55aabcfc8f70; 1 drivers
v0x55aabcec3690_306 .net v0x55aabcec3690 306, 31 0, L_0x55aabcfc9040; 1 drivers
v0x55aabcec3690_307 .net v0x55aabcec3690 307, 31 0, L_0x55aabcfc9110; 1 drivers
v0x55aabcec3690_308 .net v0x55aabcec3690 308, 31 0, L_0x55aabcfc91e0; 1 drivers
v0x55aabcec3690_309 .net v0x55aabcec3690 309, 31 0, L_0x55aabce9baf0; 1 drivers
v0x55aabcec3690_310 .net v0x55aabcec3690 310, 31 0, L_0x55aabce9bbc0; 1 drivers
v0x55aabcec3690_311 .net v0x55aabcec3690 311, 31 0, L_0x55aabce9bc90; 1 drivers
v0x55aabcec3690_312 .net v0x55aabcec3690 312, 31 0, L_0x55aabce9bd60; 1 drivers
v0x55aabcec3690_313 .net v0x55aabcec3690 313, 31 0, L_0x55aabce9be30; 1 drivers
v0x55aabcec3690_314 .net v0x55aabcec3690 314, 31 0, L_0x55aabce9bf00; 1 drivers
v0x55aabcec3690_315 .net v0x55aabcec3690 315, 31 0, L_0x55aabce9bfd0; 1 drivers
v0x55aabcec3690_316 .net v0x55aabcec3690 316, 31 0, L_0x55aabce9c0a0; 1 drivers
v0x55aabcec3690_317 .net v0x55aabcec3690 317, 31 0, L_0x55aabce9c170; 1 drivers
v0x55aabcec3690_318 .net v0x55aabcec3690 318, 31 0, L_0x55aabcfc9360; 1 drivers
v0x55aabcec3690_319 .net v0x55aabcec3690 319, 31 0, L_0x55aabcfc9430; 1 drivers
v0x55aabcec3690_320 .net v0x55aabcec3690 320, 31 0, L_0x55aabcfc9500; 1 drivers
v0x55aabcec3690_321 .net v0x55aabcec3690 321, 31 0, L_0x55aabcfc95d0; 1 drivers
v0x55aabcec3690_322 .net v0x55aabcec3690 322, 31 0, L_0x55aabcfc96a0; 1 drivers
v0x55aabcec3690_323 .net v0x55aabcec3690 323, 31 0, L_0x55aabcfc9770; 1 drivers
v0x55aabcec3690_324 .net v0x55aabcec3690 324, 31 0, L_0x55aabcfc9840; 1 drivers
v0x55aabcec3690_325 .net v0x55aabcec3690 325, 31 0, L_0x55aabcfc9910; 1 drivers
v0x55aabcec3690_326 .net v0x55aabcec3690 326, 31 0, L_0x55aabcfc99e0; 1 drivers
v0x55aabcec3690_327 .net v0x55aabcec3690 327, 31 0, L_0x55aabcfc9ab0; 1 drivers
v0x55aabcec3690_328 .net v0x55aabcec3690 328, 31 0, L_0x55aabcfc9b80; 1 drivers
v0x55aabcec3690_329 .net v0x55aabcec3690 329, 31 0, L_0x55aabcfc9c50; 1 drivers
v0x55aabcec3690_330 .net v0x55aabcec3690 330, 31 0, L_0x55aabcfc9d20; 1 drivers
v0x55aabcec3690_331 .net v0x55aabcec3690 331, 31 0, L_0x55aabcfc9df0; 1 drivers
v0x55aabcec3690_332 .net v0x55aabcec3690 332, 31 0, L_0x55aabcfc9ec0; 1 drivers
v0x55aabcec3690_333 .net v0x55aabcec3690 333, 31 0, L_0x55aabcfc9f90; 1 drivers
v0x55aabcec3690_334 .net v0x55aabcec3690 334, 31 0, L_0x55aabcfca060; 1 drivers
v0x55aabcec3690_335 .net v0x55aabcec3690 335, 31 0, L_0x55aabcfca130; 1 drivers
v0x55aabcec3690_336 .net v0x55aabcec3690 336, 31 0, L_0x55aabcfca200; 1 drivers
v0x55aabcec3690_337 .net v0x55aabcec3690 337, 31 0, L_0x55aabcfca2d0; 1 drivers
v0x55aabcec3690_338 .net v0x55aabcec3690 338, 31 0, L_0x55aabcfca3a0; 1 drivers
v0x55aabcec3690_339 .net v0x55aabcec3690 339, 31 0, L_0x55aabcfca470; 1 drivers
v0x55aabcec3690_340 .net v0x55aabcec3690 340, 31 0, L_0x55aabcfca540; 1 drivers
v0x55aabcec3690_341 .net v0x55aabcec3690 341, 31 0, L_0x55aabcfca610; 1 drivers
v0x55aabcec3690_342 .net v0x55aabcec3690 342, 31 0, L_0x55aabcfca6e0; 1 drivers
v0x55aabcec3690_343 .net v0x55aabcec3690 343, 31 0, L_0x55aabcfca7b0; 1 drivers
v0x55aabcec3690_344 .net v0x55aabcec3690 344, 31 0, L_0x55aabcfca880; 1 drivers
v0x55aabcec3690_345 .net v0x55aabcec3690 345, 31 0, L_0x55aabcfca950; 1 drivers
v0x55aabcec3690_346 .net v0x55aabcec3690 346, 31 0, L_0x55aabcfcaa20; 1 drivers
v0x55aabcec3690_347 .net v0x55aabcec3690 347, 31 0, L_0x55aabcfcaaf0; 1 drivers
v0x55aabcec3690_348 .net v0x55aabcec3690 348, 31 0, L_0x55aabcfcabc0; 1 drivers
v0x55aabcec3690_349 .net v0x55aabcec3690 349, 31 0, L_0x55aabcfcac90; 1 drivers
v0x55aabcec3690_350 .net v0x55aabcec3690 350, 31 0, L_0x55aabcfcad60; 1 drivers
v0x55aabcec3690_351 .net v0x55aabcec3690 351, 31 0, L_0x55aabcfcae30; 1 drivers
v0x55aabcec3690_352 .net v0x55aabcec3690 352, 31 0, L_0x55aabcfcaf00; 1 drivers
v0x55aabcec3690_353 .net v0x55aabcec3690 353, 31 0, L_0x55aabcfcafd0; 1 drivers
v0x55aabcec3690_354 .net v0x55aabcec3690 354, 31 0, L_0x55aabcfcb0a0; 1 drivers
v0x55aabcec3690_355 .net v0x55aabcec3690 355, 31 0, L_0x55aabcfcb170; 1 drivers
v0x55aabcec3690_356 .net v0x55aabcec3690 356, 31 0, L_0x55aabcfcb240; 1 drivers
v0x55aabcec3690_357 .net v0x55aabcec3690 357, 31 0, L_0x55aabcfcb310; 1 drivers
v0x55aabcec3690_358 .net v0x55aabcec3690 358, 31 0, L_0x55aabcfcb3e0; 1 drivers
v0x55aabcec3690_359 .net v0x55aabcec3690 359, 31 0, L_0x55aabcfcb4b0; 1 drivers
v0x55aabcec3690_360 .net v0x55aabcec3690 360, 31 0, L_0x55aabcfcb580; 1 drivers
v0x55aabcec3690_361 .net v0x55aabcec3690 361, 31 0, L_0x55aabcfcb650; 1 drivers
v0x55aabcec3690_362 .net v0x55aabcec3690 362, 31 0, L_0x55aabcfcb720; 1 drivers
v0x55aabcec3690_363 .net v0x55aabcec3690 363, 31 0, L_0x55aabcfcb7f0; 1 drivers
v0x55aabcec3690_364 .net v0x55aabcec3690 364, 31 0, L_0x55aabcfcb8c0; 1 drivers
v0x55aabcec3690_365 .net v0x55aabcec3690 365, 31 0, L_0x55aabcfcb990; 1 drivers
v0x55aabcec3690_366 .net v0x55aabcec3690 366, 31 0, L_0x55aabcfcba60; 1 drivers
v0x55aabcec3690_367 .net v0x55aabcec3690 367, 31 0, L_0x55aabcfcbb30; 1 drivers
v0x55aabcec3690_368 .net v0x55aabcec3690 368, 31 0, L_0x55aabcfcbc00; 1 drivers
v0x55aabcec3690_369 .net v0x55aabcec3690 369, 31 0, L_0x55aabcfce8e0; 1 drivers
v0x55aabcec3690_370 .net v0x55aabcec3690 370, 31 0, L_0x55aabcfce9b0; 1 drivers
v0x55aabcec3690_371 .net v0x55aabcec3690 371, 31 0, L_0x55aabce9c210; 1 drivers
v0x55aabcec3690_372 .net v0x55aabcec3690 372, 31 0, L_0x55aabce9c2e0; 1 drivers
v0x55aabcec3690_373 .net v0x55aabcec3690 373, 31 0, L_0x55aabce9c3b0; 1 drivers
v0x55aabcec3690_374 .net v0x55aabcec3690 374, 31 0, L_0x55aabce9c480; 1 drivers
v0x55aabcec3690_375 .net v0x55aabcec3690 375, 31 0, L_0x55aabce9c550; 1 drivers
v0x55aabcec3690_376 .net v0x55aabcec3690 376, 31 0, L_0x55aabce9c620; 1 drivers
v0x55aabcec3690_377 .net v0x55aabcec3690 377, 31 0, L_0x55aabce9c6f0; 1 drivers
v0x55aabcec3690_378 .net v0x55aabcec3690 378, 31 0, L_0x55aabce9c7c0; 1 drivers
v0x55aabcec3690_379 .net v0x55aabcec3690 379, 31 0, L_0x55aabce9c890; 1 drivers
v0x55aabcec3690_380 .net v0x55aabcec3690 380, 31 0, L_0x55aabce9c960; 1 drivers
v0x55aabcec3690_381 .net v0x55aabcec3690 381, 31 0, L_0x55aabcfcbda0; 1 drivers
v0x55aabcec3690_382 .net v0x55aabcec3690 382, 31 0, L_0x55aabcfcbe70; 1 drivers
v0x55aabcec3690_383 .net v0x55aabcec3690 383, 31 0, L_0x55aabcfcbf40; 1 drivers
v0x55aabcec3690_384 .net v0x55aabcec3690 384, 31 0, L_0x55aabcfcc010; 1 drivers
v0x55aabcec3690_385 .net v0x55aabcec3690 385, 31 0, L_0x55aabcfcc0e0; 1 drivers
v0x55aabcec3690_386 .net v0x55aabcec3690 386, 31 0, L_0x55aabcfcc1b0; 1 drivers
v0x55aabcec3690_387 .net v0x55aabcec3690 387, 31 0, L_0x55aabcfcc280; 1 drivers
v0x55aabcec3690_388 .net v0x55aabcec3690 388, 31 0, L_0x55aabcfcc350; 1 drivers
v0x55aabcec3690_389 .net v0x55aabcec3690 389, 31 0, L_0x55aabcfcc420; 1 drivers
v0x55aabcec3690_390 .net v0x55aabcec3690 390, 31 0, L_0x55aabcfcc4f0; 1 drivers
v0x55aabcec3690_391 .net v0x55aabcec3690 391, 31 0, L_0x55aabcfcc5c0; 1 drivers
v0x55aabcec3690_392 .net v0x55aabcec3690 392, 31 0, L_0x55aabcfcc690; 1 drivers
v0x55aabcec3690_393 .net v0x55aabcec3690 393, 31 0, L_0x55aabcfcc760; 1 drivers
v0x55aabcec3690_394 .net v0x55aabcec3690 394, 31 0, L_0x55aabcfcc830; 1 drivers
v0x55aabcec3690_395 .net v0x55aabcec3690 395, 31 0, L_0x55aabcfcc900; 1 drivers
v0x55aabcec3690_396 .net v0x55aabcec3690 396, 31 0, L_0x55aabcfcc9d0; 1 drivers
v0x55aabcec3690_397 .net v0x55aabcec3690 397, 31 0, L_0x55aabcfccaa0; 1 drivers
v0x55aabcec3690_398 .net v0x55aabcec3690 398, 31 0, L_0x55aabcfccb70; 1 drivers
v0x55aabcec3690_399 .net v0x55aabcec3690 399, 31 0, L_0x55aabcfccc40; 1 drivers
v0x55aabcec3690_400 .net v0x55aabcec3690 400, 31 0, L_0x55aabcfccd10; 1 drivers
v0x55aabcec3690_401 .net v0x55aabcec3690 401, 31 0, L_0x55aabcfccde0; 1 drivers
v0x55aabcec3690_402 .net v0x55aabcec3690 402, 31 0, L_0x55aabcfcceb0; 1 drivers
v0x55aabcec3690_403 .net v0x55aabcec3690 403, 31 0, L_0x55aabcfccf80; 1 drivers
v0x55aabcec3690_404 .net v0x55aabcec3690 404, 31 0, L_0x55aabcfcd050; 1 drivers
v0x55aabcec3690_405 .net v0x55aabcec3690 405, 31 0, L_0x55aabcfcd120; 1 drivers
v0x55aabcec3690_406 .net v0x55aabcec3690 406, 31 0, L_0x55aabcfcd1f0; 1 drivers
v0x55aabcec3690_407 .net v0x55aabcec3690 407, 31 0, L_0x55aabcfcd2c0; 1 drivers
v0x55aabcec3690_408 .net v0x55aabcec3690 408, 31 0, L_0x55aabcfcd390; 1 drivers
v0x55aabcec3690_409 .net v0x55aabcec3690 409, 31 0, L_0x55aabcfcd460; 1 drivers
v0x55aabcec3690_410 .net v0x55aabcec3690 410, 31 0, L_0x55aabcfcd530; 1 drivers
v0x55aabcec3690_411 .net v0x55aabcec3690 411, 31 0, L_0x55aabcfcd600; 1 drivers
v0x55aabcec3690_412 .net v0x55aabcec3690 412, 31 0, L_0x55aabcfcd6d0; 1 drivers
v0x55aabcec3690_413 .net v0x55aabcec3690 413, 31 0, L_0x55aabcfcd7a0; 1 drivers
v0x55aabcec3690_414 .net v0x55aabcec3690 414, 31 0, L_0x55aabcfcd870; 1 drivers
v0x55aabcec3690_415 .net v0x55aabcec3690 415, 31 0, L_0x55aabcfcd940; 1 drivers
v0x55aabcec3690_416 .net v0x55aabcec3690 416, 31 0, L_0x55aabcfcda10; 1 drivers
v0x55aabcec3690_417 .net v0x55aabcec3690 417, 31 0, L_0x55aabcfcdae0; 1 drivers
v0x55aabcec3690_418 .net v0x55aabcec3690 418, 31 0, L_0x55aabcfcdbb0; 1 drivers
v0x55aabcec3690_419 .net v0x55aabcec3690 419, 31 0, L_0x55aabcfcdc80; 1 drivers
v0x55aabcec3690_420 .net v0x55aabcec3690 420, 31 0, L_0x55aabcfcdd50; 1 drivers
v0x55aabcec3690_421 .net v0x55aabcec3690 421, 31 0, L_0x55aabcfcde20; 1 drivers
v0x55aabcec3690_422 .net v0x55aabcec3690 422, 31 0, L_0x55aabcfcdef0; 1 drivers
v0x55aabcec3690_423 .net v0x55aabcec3690 423, 31 0, L_0x55aabcfcdfc0; 1 drivers
v0x55aabcec3690_424 .net v0x55aabcec3690 424, 31 0, L_0x55aabcfce090; 1 drivers
v0x55aabcec3690_425 .net v0x55aabcec3690 425, 31 0, L_0x55aabcfce160; 1 drivers
v0x55aabcec3690_426 .net v0x55aabcec3690 426, 31 0, L_0x55aabcfce230; 1 drivers
v0x55aabcec3690_427 .net v0x55aabcec3690 427, 31 0, L_0x55aabcfce300; 1 drivers
v0x55aabcec3690_428 .net v0x55aabcec3690 428, 31 0, L_0x55aabcfce3d0; 1 drivers
v0x55aabcec3690_429 .net v0x55aabcec3690 429, 31 0, L_0x55aabcfce4a0; 1 drivers
v0x55aabcec3690_430 .net v0x55aabcec3690 430, 31 0, L_0x55aabcfce570; 1 drivers
v0x55aabcec3690_431 .net v0x55aabcec3690 431, 31 0, L_0x55aabcfce640; 1 drivers
v0x55aabcec3690_432 .net v0x55aabcec3690 432, 31 0, L_0x55aabcfce710; 1 drivers
v0x55aabcec3690_433 .net v0x55aabcec3690 433, 31 0, L_0x55aabcfce7e0; 1 drivers
v0x55aabcec3690_434 .net v0x55aabcec3690 434, 31 0, L_0x55aabcfd1820; 1 drivers
v0x55aabcec3690_435 .net v0x55aabcec3690 435, 31 0, L_0x55aabce9c9d0; 1 drivers
v0x55aabcec3690_436 .net v0x55aabcec3690 436, 31 0, L_0x55aabce9caa0; 1 drivers
v0x55aabcec3690_437 .net v0x55aabcec3690 437, 31 0, L_0x55aabce9cb70; 1 drivers
v0x55aabcec3690_438 .net v0x55aabcec3690 438, 31 0, L_0x55aabce9cc40; 1 drivers
v0x55aabcec3690_439 .net v0x55aabcec3690 439, 31 0, L_0x55aabce9cd10; 1 drivers
v0x55aabcec3690_440 .net v0x55aabcec3690 440, 31 0, L_0x55aabce9cde0; 1 drivers
v0x55aabcec3690_441 .net v0x55aabcec3690 441, 31 0, L_0x55aabce9ceb0; 1 drivers
v0x55aabcec3690_442 .net v0x55aabcec3690 442, 31 0, L_0x55aabce9cf80; 1 drivers
v0x55aabcec3690_443 .net v0x55aabcec3690 443, 31 0, L_0x55aabce9d050; 1 drivers
v0x55aabcec3690_444 .net v0x55aabcec3690 444, 31 0, L_0x55aabce9d120; 1 drivers
v0x55aabcec3690_445 .net v0x55aabcec3690 445, 31 0, L_0x55aabcfcea80; 1 drivers
v0x55aabcec3690_446 .net v0x55aabcec3690 446, 31 0, L_0x55aabcfceb50; 1 drivers
v0x55aabcec3690_447 .net v0x55aabcec3690 447, 31 0, L_0x55aabcfcec20; 1 drivers
v0x55aabcec3690_448 .net v0x55aabcec3690 448, 31 0, L_0x55aabcfcecf0; 1 drivers
v0x55aabcec3690_449 .net v0x55aabcec3690 449, 31 0, L_0x55aabcfcedc0; 1 drivers
v0x55aabcec3690_450 .net v0x55aabcec3690 450, 31 0, L_0x55aabcfcee90; 1 drivers
v0x55aabcec3690_451 .net v0x55aabcec3690 451, 31 0, L_0x55aabcfcef60; 1 drivers
v0x55aabcec3690_452 .net v0x55aabcec3690 452, 31 0, L_0x55aabcfcf030; 1 drivers
v0x55aabcec3690_453 .net v0x55aabcec3690 453, 31 0, L_0x55aabcfcf100; 1 drivers
v0x55aabcec3690_454 .net v0x55aabcec3690 454, 31 0, L_0x55aabcfcf1d0; 1 drivers
v0x55aabcec3690_455 .net v0x55aabcec3690 455, 31 0, L_0x55aabcfcf2a0; 1 drivers
v0x55aabcec3690_456 .net v0x55aabcec3690 456, 31 0, L_0x55aabcfcf370; 1 drivers
v0x55aabcec3690_457 .net v0x55aabcec3690 457, 31 0, L_0x55aabcfcf440; 1 drivers
v0x55aabcec3690_458 .net v0x55aabcec3690 458, 31 0, L_0x55aabcfcf510; 1 drivers
v0x55aabcec3690_459 .net v0x55aabcec3690 459, 31 0, L_0x55aabcfcf5e0; 1 drivers
v0x55aabcec3690_460 .net v0x55aabcec3690 460, 31 0, L_0x55aabcfcf6b0; 1 drivers
v0x55aabcec3690_461 .net v0x55aabcec3690 461, 31 0, L_0x55aabcfcf780; 1 drivers
v0x55aabcec3690_462 .net v0x55aabcec3690 462, 31 0, L_0x55aabcfcf850; 1 drivers
v0x55aabcec3690_463 .net v0x55aabcec3690 463, 31 0, L_0x55aabcfcf920; 1 drivers
v0x55aabcec3690_464 .net v0x55aabcec3690 464, 31 0, L_0x55aabcfcf9f0; 1 drivers
v0x55aabcec3690_465 .net v0x55aabcec3690 465, 31 0, L_0x55aabcfcfac0; 1 drivers
v0x55aabcec3690_466 .net v0x55aabcec3690 466, 31 0, L_0x55aabcfcfb90; 1 drivers
v0x55aabcec3690_467 .net v0x55aabcec3690 467, 31 0, L_0x55aabcfcfc60; 1 drivers
v0x55aabcec3690_468 .net v0x55aabcec3690 468, 31 0, L_0x55aabcfcfd30; 1 drivers
v0x55aabcec3690_469 .net v0x55aabcec3690 469, 31 0, L_0x55aabcfcfe00; 1 drivers
v0x55aabcec3690_470 .net v0x55aabcec3690 470, 31 0, L_0x55aabcfcfed0; 1 drivers
v0x55aabcec3690_471 .net v0x55aabcec3690 471, 31 0, L_0x55aabcfcffa0; 1 drivers
v0x55aabcec3690_472 .net v0x55aabcec3690 472, 31 0, L_0x55aabcfd0070; 1 drivers
v0x55aabcec3690_473 .net v0x55aabcec3690 473, 31 0, L_0x55aabcfd0140; 1 drivers
v0x55aabcec3690_474 .net v0x55aabcec3690 474, 31 0, L_0x55aabcfd0210; 1 drivers
v0x55aabcec3690_475 .net v0x55aabcec3690 475, 31 0, L_0x55aabcfd02e0; 1 drivers
v0x55aabcec3690_476 .net v0x55aabcec3690 476, 31 0, L_0x55aabcfd03b0; 1 drivers
v0x55aabcec3690_477 .net v0x55aabcec3690 477, 31 0, L_0x55aabcfd0480; 1 drivers
v0x55aabcec3690_478 .net v0x55aabcec3690 478, 31 0, L_0x55aabcfd0550; 1 drivers
v0x55aabcec3690_479 .net v0x55aabcec3690 479, 31 0, L_0x55aabcfd0620; 1 drivers
v0x55aabcec3690_480 .net v0x55aabcec3690 480, 31 0, L_0x55aabcfd06f0; 1 drivers
v0x55aabcec3690_481 .net v0x55aabcec3690 481, 31 0, L_0x55aabcfd07c0; 1 drivers
v0x55aabcec3690_482 .net v0x55aabcec3690 482, 31 0, L_0x55aabcfd0890; 1 drivers
v0x55aabcec3690_483 .net v0x55aabcec3690 483, 31 0, L_0x55aabcfd0960; 1 drivers
v0x55aabcec3690_484 .net v0x55aabcec3690 484, 31 0, L_0x55aabcfd0a30; 1 drivers
v0x55aabcec3690_485 .net v0x55aabcec3690 485, 31 0, L_0x55aabcfd0b00; 1 drivers
v0x55aabcec3690_486 .net v0x55aabcec3690 486, 31 0, L_0x55aabcfd0bd0; 1 drivers
v0x55aabcec3690_487 .net v0x55aabcec3690 487, 31 0, L_0x55aabcfd0ca0; 1 drivers
v0x55aabcec3690_488 .net v0x55aabcec3690 488, 31 0, L_0x55aabcfd0d70; 1 drivers
v0x55aabcec3690_489 .net v0x55aabcec3690 489, 31 0, L_0x55aabcfd0e40; 1 drivers
v0x55aabcec3690_490 .net v0x55aabcec3690 490, 31 0, L_0x55aabcfd0f10; 1 drivers
v0x55aabcec3690_491 .net v0x55aabcec3690 491, 31 0, L_0x55aabcfd0fe0; 1 drivers
v0x55aabcec3690_492 .net v0x55aabcec3690 492, 31 0, L_0x55aabcfd10b0; 1 drivers
v0x55aabcec3690_493 .net v0x55aabcec3690 493, 31 0, L_0x55aabcfd1180; 1 drivers
v0x55aabcec3690_494 .net v0x55aabcec3690 494, 31 0, L_0x55aabcfd1250; 1 drivers
v0x55aabcec3690_495 .net v0x55aabcec3690 495, 31 0, L_0x55aabcfd1320; 1 drivers
v0x55aabcec3690_496 .net v0x55aabcec3690 496, 31 0, L_0x55aabcfd13f0; 1 drivers
v0x55aabcec3690_497 .net v0x55aabcec3690 497, 31 0, L_0x55aabcfd14c0; 1 drivers
v0x55aabcec3690_498 .net v0x55aabcec3690 498, 31 0, L_0x55aabcfd1590; 1 drivers
v0x55aabcec3690_499 .net v0x55aabcec3690 499, 31 0, L_0x55aabcfd1660; 1 drivers
v0x55aabcec3690_500 .net v0x55aabcec3690 500, 31 0, L_0x55aabcfd1730; 1 drivers
v0x55aabcec3690_501 .net v0x55aabcec3690 501, 31 0, L_0x55aabcfd4880; 1 drivers
v0x55aabcec3690_502 .net v0x55aabcec3690 502, 31 0, L_0x55aabcfd4950; 1 drivers
v0x55aabcec3690_503 .net v0x55aabcec3690 503, 31 0, L_0x55aabce9d1f0; 1 drivers
v0x55aabcec3690_504 .net v0x55aabcec3690 504, 31 0, L_0x55aabce9d2c0; 1 drivers
v0x55aabcec3690_505 .net v0x55aabcec3690 505, 31 0, L_0x55aabce9d390; 1 drivers
v0x55aabcec3690_506 .net v0x55aabcec3690 506, 31 0, L_0x55aabce9d460; 1 drivers
v0x55aabcec3690_507 .net v0x55aabcec3690 507, 31 0, L_0x55aabce9d530; 1 drivers
v0x55aabcec3690_508 .net v0x55aabcec3690 508, 31 0, L_0x55aabce9d600; 1 drivers
v0x55aabcec3690_509 .net v0x55aabcec3690 509, 31 0, L_0x55aabce9d6d0; 1 drivers
v0x55aabcec3690_510 .net v0x55aabcec3690 510, 31 0, L_0x55aabce9d7a0; 1 drivers
v0x55aabcec3690_511 .net v0x55aabcec3690 511, 31 0, L_0x55aabce9d870; 1 drivers
v0x55aabcec3690_512 .net v0x55aabcec3690 512, 31 0, L_0x55aabce9d940; 1 drivers
v0x55aabcec3690_513 .net v0x55aabcec3690 513, 31 0, L_0x55aabcfd18c0; 1 drivers
v0x55aabcec3690_514 .net v0x55aabcec3690 514, 31 0, L_0x55aabcfd1990; 1 drivers
v0x55aabcec3690_515 .net v0x55aabcec3690 515, 31 0, L_0x55aabcfd1a60; 1 drivers
v0x55aabcec3690_516 .net v0x55aabcec3690 516, 31 0, L_0x55aabcfd1b30; 1 drivers
v0x55aabcec3690_517 .net v0x55aabcec3690 517, 31 0, L_0x55aabcfd1c00; 1 drivers
v0x55aabcec3690_518 .net v0x55aabcec3690 518, 31 0, L_0x55aabcfd1cd0; 1 drivers
v0x55aabcec3690_519 .net v0x55aabcec3690 519, 31 0, L_0x55aabcfd1da0; 1 drivers
v0x55aabcec3690_520 .net v0x55aabcec3690 520, 31 0, L_0x55aabcfd1e70; 1 drivers
v0x55aabcec3690_521 .net v0x55aabcec3690 521, 31 0, L_0x55aabcfd1f40; 1 drivers
v0x55aabcec3690_522 .net v0x55aabcec3690 522, 31 0, L_0x55aabcfd2010; 1 drivers
v0x55aabcec3690_523 .net v0x55aabcec3690 523, 31 0, L_0x55aabcfd20e0; 1 drivers
v0x55aabcec3690_524 .net v0x55aabcec3690 524, 31 0, L_0x55aabcfd21b0; 1 drivers
v0x55aabcec3690_525 .net v0x55aabcec3690 525, 31 0, L_0x55aabcfd2280; 1 drivers
v0x55aabcec3690_526 .net v0x55aabcec3690 526, 31 0, L_0x55aabcfd2350; 1 drivers
v0x55aabcec3690_527 .net v0x55aabcec3690 527, 31 0, L_0x55aabcfd2420; 1 drivers
v0x55aabcec3690_528 .net v0x55aabcec3690 528, 31 0, L_0x55aabcfd24f0; 1 drivers
v0x55aabcec3690_529 .net v0x55aabcec3690 529, 31 0, L_0x55aabcfd25c0; 1 drivers
v0x55aabcec3690_530 .net v0x55aabcec3690 530, 31 0, L_0x55aabcfd2690; 1 drivers
v0x55aabcec3690_531 .net v0x55aabcec3690 531, 31 0, L_0x55aabcfd2760; 1 drivers
v0x55aabcec3690_532 .net v0x55aabcec3690 532, 31 0, L_0x55aabcfd2830; 1 drivers
v0x55aabcec3690_533 .net v0x55aabcec3690 533, 31 0, L_0x55aabcfd2900; 1 drivers
v0x55aabcec3690_534 .net v0x55aabcec3690 534, 31 0, L_0x55aabcfd29d0; 1 drivers
v0x55aabcec3690_535 .net v0x55aabcec3690 535, 31 0, L_0x55aabcfd2aa0; 1 drivers
v0x55aabcec3690_536 .net v0x55aabcec3690 536, 31 0, L_0x55aabcfd2b70; 1 drivers
v0x55aabcec3690_537 .net v0x55aabcec3690 537, 31 0, L_0x55aabcfd2c40; 1 drivers
v0x55aabcec3690_538 .net v0x55aabcec3690 538, 31 0, L_0x55aabcfd2d10; 1 drivers
v0x55aabcec3690_539 .net v0x55aabcec3690 539, 31 0, L_0x55aabcfd2de0; 1 drivers
v0x55aabcec3690_540 .net v0x55aabcec3690 540, 31 0, L_0x55aabcfd2eb0; 1 drivers
v0x55aabcec3690_541 .net v0x55aabcec3690 541, 31 0, L_0x55aabcfd2f80; 1 drivers
v0x55aabcec3690_542 .net v0x55aabcec3690 542, 31 0, L_0x55aabcfd3050; 1 drivers
v0x55aabcec3690_543 .net v0x55aabcec3690 543, 31 0, L_0x55aabcfd3120; 1 drivers
v0x55aabcec3690_544 .net v0x55aabcec3690 544, 31 0, L_0x55aabcfd31f0; 1 drivers
v0x55aabcec3690_545 .net v0x55aabcec3690 545, 31 0, L_0x55aabcfd32c0; 1 drivers
v0x55aabcec3690_546 .net v0x55aabcec3690 546, 31 0, L_0x55aabcfd3390; 1 drivers
v0x55aabcec3690_547 .net v0x55aabcec3690 547, 31 0, L_0x55aabcfd3460; 1 drivers
v0x55aabcec3690_548 .net v0x55aabcec3690 548, 31 0, L_0x55aabcfd3530; 1 drivers
v0x55aabcec3690_549 .net v0x55aabcec3690 549, 31 0, L_0x55aabcfd3600; 1 drivers
v0x55aabcec3690_550 .net v0x55aabcec3690 550, 31 0, L_0x55aabcfd36d0; 1 drivers
v0x55aabcec3690_551 .net v0x55aabcec3690 551, 31 0, L_0x55aabcfd37a0; 1 drivers
v0x55aabcec3690_552 .net v0x55aabcec3690 552, 31 0, L_0x55aabcfd3870; 1 drivers
v0x55aabcec3690_553 .net v0x55aabcec3690 553, 31 0, L_0x55aabcfd3940; 1 drivers
v0x55aabcec3690_554 .net v0x55aabcec3690 554, 31 0, L_0x55aabcfd3a10; 1 drivers
v0x55aabcec3690_555 .net v0x55aabcec3690 555, 31 0, L_0x55aabcfd3ae0; 1 drivers
v0x55aabcec3690_556 .net v0x55aabcec3690 556, 31 0, L_0x55aabcfd3bb0; 1 drivers
v0x55aabcec3690_557 .net v0x55aabcec3690 557, 31 0, L_0x55aabcfd3c80; 1 drivers
v0x55aabcec3690_558 .net v0x55aabcec3690 558, 31 0, L_0x55aabcfd3d50; 1 drivers
v0x55aabcec3690_559 .net v0x55aabcec3690 559, 31 0, L_0x55aabcfd3e20; 1 drivers
v0x55aabcec3690_560 .net v0x55aabcec3690 560, 31 0, L_0x55aabcfd3ef0; 1 drivers
v0x55aabcec3690_561 .net v0x55aabcec3690 561, 31 0, L_0x55aabcfd3fc0; 1 drivers
v0x55aabcec3690_562 .net v0x55aabcec3690 562, 31 0, L_0x55aabcfd4090; 1 drivers
v0x55aabcec3690_563 .net v0x55aabcec3690 563, 31 0, L_0x55aabcfd4160; 1 drivers
v0x55aabcec3690_564 .net v0x55aabcec3690 564, 31 0, L_0x55aabcfd4230; 1 drivers
v0x55aabcec3690_565 .net v0x55aabcec3690 565, 31 0, L_0x55aabcfd4300; 1 drivers
v0x55aabcec3690_566 .net v0x55aabcec3690 566, 31 0, L_0x55aabcfd43d0; 1 drivers
v0x55aabcec3690_567 .net v0x55aabcec3690 567, 31 0, L_0x55aabcfd44a0; 1 drivers
v0x55aabcec3690_568 .net v0x55aabcec3690 568, 31 0, L_0x55aabcfd4570; 1 drivers
v0x55aabcec3690_569 .net v0x55aabcec3690 569, 31 0, L_0x55aabcfd4640; 1 drivers
v0x55aabcec3690_570 .net v0x55aabcec3690 570, 31 0, L_0x55aabcfd4710; 1 drivers
v0x55aabcec3690_571 .net v0x55aabcec3690 571, 31 0, L_0x55aabcfd47e0; 1 drivers
v0x55aabcec3690_572 .net v0x55aabcec3690 572, 31 0, L_0x55aabcfd7c10; 1 drivers
v0x55aabcec3690_573 .net v0x55aabcec3690 573, 31 0, L_0x55aabce9da70; 1 drivers
v0x55aabcec3690_574 .net v0x55aabcec3690 574, 31 0, L_0x55aabce9db40; 1 drivers
v0x55aabcec3690_575 .net v0x55aabcec3690 575, 31 0, L_0x55aabce9dc10; 1 drivers
v0x55aabcec3690_576 .net v0x55aabcec3690 576, 31 0, L_0x55aabce9dce0; 1 drivers
v0x55aabcec3690_577 .net v0x55aabcec3690 577, 31 0, L_0x55aabce9ddb0; 1 drivers
v0x55aabcec3690_578 .net v0x55aabcec3690 578, 31 0, L_0x55aabce9de80; 1 drivers
v0x55aabcec3690_579 .net v0x55aabcec3690 579, 31 0, L_0x55aabce9df50; 1 drivers
v0x55aabcec3690_580 .net v0x55aabcec3690 580, 31 0, L_0x55aabce9e020; 1 drivers
v0x55aabcec3690_581 .net v0x55aabcec3690 581, 31 0, L_0x55aabce9e0f0; 1 drivers
v0x55aabcec3690_582 .net v0x55aabcec3690 582, 31 0, L_0x55aabce9e1c0; 1 drivers
v0x55aabcec3690_583 .net v0x55aabcec3690 583, 31 0, L_0x55aabce9e290; 1 drivers
v0x55aabcec3690_584 .net v0x55aabcec3690 584, 31 0, L_0x55aabcfd4a50; 1 drivers
v0x55aabcec3690_585 .net v0x55aabcec3690 585, 31 0, L_0x55aabcfd4b20; 1 drivers
v0x55aabcec3690_586 .net v0x55aabcec3690 586, 31 0, L_0x55aabcfd4bf0; 1 drivers
v0x55aabcec3690_587 .net v0x55aabcec3690 587, 31 0, L_0x55aabcfd4cc0; 1 drivers
v0x55aabcec3690_588 .net v0x55aabcec3690 588, 31 0, L_0x55aabcfd4d90; 1 drivers
v0x55aabcec3690_589 .net v0x55aabcec3690 589, 31 0, L_0x55aabcfd4e60; 1 drivers
v0x55aabcec3690_590 .net v0x55aabcec3690 590, 31 0, L_0x55aabcfd4f30; 1 drivers
v0x55aabcec3690_591 .net v0x55aabcec3690 591, 31 0, L_0x55aabcfd5000; 1 drivers
v0x55aabcec3690_592 .net v0x55aabcec3690 592, 31 0, L_0x55aabcfd50d0; 1 drivers
v0x55aabcec3690_593 .net v0x55aabcec3690 593, 31 0, L_0x55aabcfd51a0; 1 drivers
v0x55aabcec3690_594 .net v0x55aabcec3690 594, 31 0, L_0x55aabcfd5270; 1 drivers
v0x55aabcec3690_595 .net v0x55aabcec3690 595, 31 0, L_0x55aabcfd5340; 1 drivers
v0x55aabcec3690_596 .net v0x55aabcec3690 596, 31 0, L_0x55aabcfd5410; 1 drivers
v0x55aabcec3690_597 .net v0x55aabcec3690 597, 31 0, L_0x55aabcfd54e0; 1 drivers
v0x55aabcec3690_598 .net v0x55aabcec3690 598, 31 0, L_0x55aabcfd55b0; 1 drivers
v0x55aabcec3690_599 .net v0x55aabcec3690 599, 31 0, L_0x55aabcfd5680; 1 drivers
v0x55aabcec3690_600 .net v0x55aabcec3690 600, 31 0, L_0x55aabcfd5750; 1 drivers
v0x55aabcec3690_601 .net v0x55aabcec3690 601, 31 0, L_0x55aabcfd5820; 1 drivers
v0x55aabcec3690_602 .net v0x55aabcec3690 602, 31 0, L_0x55aabcfd58f0; 1 drivers
v0x55aabcec3690_603 .net v0x55aabcec3690 603, 31 0, L_0x55aabcfd59c0; 1 drivers
v0x55aabcec3690_604 .net v0x55aabcec3690 604, 31 0, L_0x55aabcfd5a90; 1 drivers
v0x55aabcec3690_605 .net v0x55aabcec3690 605, 31 0, L_0x55aabcfd5b60; 1 drivers
v0x55aabcec3690_606 .net v0x55aabcec3690 606, 31 0, L_0x55aabcfd5c30; 1 drivers
v0x55aabcec3690_607 .net v0x55aabcec3690 607, 31 0, L_0x55aabcfd5d00; 1 drivers
v0x55aabcec3690_608 .net v0x55aabcec3690 608, 31 0, L_0x55aabcfd5dd0; 1 drivers
v0x55aabcec3690_609 .net v0x55aabcec3690 609, 31 0, L_0x55aabcfd5ea0; 1 drivers
v0x55aabcec3690_610 .net v0x55aabcec3690 610, 31 0, L_0x55aabcfd5f70; 1 drivers
v0x55aabcec3690_611 .net v0x55aabcec3690 611, 31 0, L_0x55aabcfd6040; 1 drivers
v0x55aabcec3690_612 .net v0x55aabcec3690 612, 31 0, L_0x55aabcfd6110; 1 drivers
v0x55aabcec3690_613 .net v0x55aabcec3690 613, 31 0, L_0x55aabcfd61e0; 1 drivers
v0x55aabcec3690_614 .net v0x55aabcec3690 614, 31 0, L_0x55aabcfd62b0; 1 drivers
v0x55aabcec3690_615 .net v0x55aabcec3690 615, 31 0, L_0x55aabcfd6380; 1 drivers
v0x55aabcec3690_616 .net v0x55aabcec3690 616, 31 0, L_0x55aabcfd6450; 1 drivers
v0x55aabcec3690_617 .net v0x55aabcec3690 617, 31 0, L_0x55aabcfd6520; 1 drivers
v0x55aabcec3690_618 .net v0x55aabcec3690 618, 31 0, L_0x55aabcfd65f0; 1 drivers
v0x55aabcec3690_619 .net v0x55aabcec3690 619, 31 0, L_0x55aabcfd66c0; 1 drivers
v0x55aabcec3690_620 .net v0x55aabcec3690 620, 31 0, L_0x55aabcfd6790; 1 drivers
v0x55aabcec3690_621 .net v0x55aabcec3690 621, 31 0, L_0x55aabcfd6860; 1 drivers
v0x55aabcec3690_622 .net v0x55aabcec3690 622, 31 0, L_0x55aabcfd6930; 1 drivers
v0x55aabcec3690_623 .net v0x55aabcec3690 623, 31 0, L_0x55aabcfd6a00; 1 drivers
v0x55aabcec3690_624 .net v0x55aabcec3690 624, 31 0, L_0x55aabcfd6ad0; 1 drivers
v0x55aabcec3690_625 .net v0x55aabcec3690 625, 31 0, L_0x55aabcfd6ba0; 1 drivers
v0x55aabcec3690_626 .net v0x55aabcec3690 626, 31 0, L_0x55aabcfd6c70; 1 drivers
v0x55aabcec3690_627 .net v0x55aabcec3690 627, 31 0, L_0x55aabcfd6d40; 1 drivers
v0x55aabcec3690_628 .net v0x55aabcec3690 628, 31 0, L_0x55aabcfd6e10; 1 drivers
v0x55aabcec3690_629 .net v0x55aabcec3690 629, 31 0, L_0x55aabcfd6ee0; 1 drivers
v0x55aabcec3690_630 .net v0x55aabcec3690 630, 31 0, L_0x55aabcfd6fb0; 1 drivers
v0x55aabcec3690_631 .net v0x55aabcec3690 631, 31 0, L_0x55aabcfd7080; 1 drivers
v0x55aabcec3690_632 .net v0x55aabcec3690 632, 31 0, L_0x55aabcfd7150; 1 drivers
v0x55aabcec3690_633 .net v0x55aabcec3690 633, 31 0, L_0x55aabcfd7220; 1 drivers
v0x55aabcec3690_634 .net v0x55aabcec3690 634, 31 0, L_0x55aabcfd72f0; 1 drivers
v0x55aabcec3690_635 .net v0x55aabcec3690 635, 31 0, L_0x55aabcfd73c0; 1 drivers
v0x55aabcec3690_636 .net v0x55aabcec3690 636, 31 0, L_0x55aabcfd7490; 1 drivers
v0x55aabcec3690_637 .net v0x55aabcec3690 637, 31 0, L_0x55aabcfd7560; 1 drivers
v0x55aabcec3690_638 .net v0x55aabcec3690 638, 31 0, L_0x55aabcfd7630; 1 drivers
v0x55aabcec3690_639 .net v0x55aabcec3690 639, 31 0, L_0x55aabcfd7700; 1 drivers
v0x55aabcec3690_640 .net v0x55aabcec3690 640, 31 0, L_0x55aabcfd77d0; 1 drivers
v0x55aabcec3690_641 .net v0x55aabcec3690 641, 31 0, L_0x55aabcfd78a0; 1 drivers
v0x55aabcec3690_642 .net v0x55aabcec3690 642, 31 0, L_0x55aabcfd7970; 1 drivers
v0x55aabcec3690_643 .net v0x55aabcec3690 643, 31 0, L_0x55aabcfd7a40; 1 drivers
v0x55aabcec3690_644 .net v0x55aabcec3690 644, 31 0, L_0x55aabcfd7b10; 1 drivers
v0x55aabcec3690_645 .net v0x55aabcec3690 645, 31 0, L_0x55aabcfdb0f0; 1 drivers
v0x55aabcec3690_646 .net v0x55aabcec3690 646, 31 0, L_0x55aabcfdb190; 1 drivers
v0x55aabcec3690_647 .net v0x55aabcec3690 647, 31 0, L_0x55aabce9e330; 1 drivers
v0x55aabcec3690_648 .net v0x55aabcec3690 648, 31 0, L_0x55aabce9e400; 1 drivers
v0x55aabcec3690_649 .net v0x55aabcec3690 649, 31 0, L_0x55aabce9e4d0; 1 drivers
v0x55aabcec3690_650 .net v0x55aabcec3690 650, 31 0, L_0x55aabce9e5a0; 1 drivers
v0x55aabcec3690_651 .net v0x55aabcec3690 651, 31 0, L_0x55aabce9e670; 1 drivers
v0x55aabcec3690_652 .net v0x55aabcec3690 652, 31 0, L_0x55aabce9e740; 1 drivers
v0x55aabcec3690_653 .net v0x55aabcec3690 653, 31 0, L_0x55aabce9e810; 1 drivers
v0x55aabcec3690_654 .net v0x55aabcec3690 654, 31 0, L_0x55aabce9e8e0; 1 drivers
v0x55aabcec3690_655 .net v0x55aabcec3690 655, 31 0, L_0x55aabce9e9b0; 1 drivers
v0x55aabcec3690_656 .net v0x55aabcec3690 656, 31 0, L_0x55aabce9ea80; 1 drivers
v0x55aabcec3690_657 .net v0x55aabcec3690 657, 31 0, L_0x55aabce9eb50; 1 drivers
v0x55aabcec3690_658 .net v0x55aabcec3690 658, 31 0, L_0x55aabcfd7cb0; 1 drivers
v0x55aabcec3690_659 .net v0x55aabcec3690 659, 31 0, L_0x55aabcfd7d80; 1 drivers
v0x55aabcec3690_660 .net v0x55aabcec3690 660, 31 0, L_0x55aabcfd7e50; 1 drivers
v0x55aabcec3690_661 .net v0x55aabcec3690 661, 31 0, L_0x55aabcfd7f20; 1 drivers
v0x55aabcec3690_662 .net v0x55aabcec3690 662, 31 0, L_0x55aabcfd7ff0; 1 drivers
v0x55aabcec3690_663 .net v0x55aabcec3690 663, 31 0, L_0x55aabcfd80c0; 1 drivers
v0x55aabcec3690_664 .net v0x55aabcec3690 664, 31 0, L_0x55aabcfd8190; 1 drivers
v0x55aabcec3690_665 .net v0x55aabcec3690 665, 31 0, L_0x55aabcfd8260; 1 drivers
v0x55aabcec3690_666 .net v0x55aabcec3690 666, 31 0, L_0x55aabcfd8330; 1 drivers
v0x55aabcec3690_667 .net v0x55aabcec3690 667, 31 0, L_0x55aabcfd8400; 1 drivers
v0x55aabcec3690_668 .net v0x55aabcec3690 668, 31 0, L_0x55aabcfd84d0; 1 drivers
v0x55aabcec3690_669 .net v0x55aabcec3690 669, 31 0, L_0x55aabcfd85a0; 1 drivers
v0x55aabcec3690_670 .net v0x55aabcec3690 670, 31 0, L_0x55aabcfd8670; 1 drivers
v0x55aabcec3690_671 .net v0x55aabcec3690 671, 31 0, L_0x55aabcfd8740; 1 drivers
v0x55aabcec3690_672 .net v0x55aabcec3690 672, 31 0, L_0x55aabcfd8810; 1 drivers
v0x55aabcec3690_673 .net v0x55aabcec3690 673, 31 0, L_0x55aabcfd88e0; 1 drivers
v0x55aabcec3690_674 .net v0x55aabcec3690 674, 31 0, L_0x55aabcfd89b0; 1 drivers
v0x55aabcec3690_675 .net v0x55aabcec3690 675, 31 0, L_0x55aabcfd8a80; 1 drivers
v0x55aabcec3690_676 .net v0x55aabcec3690 676, 31 0, L_0x55aabcfd8b50; 1 drivers
v0x55aabcec3690_677 .net v0x55aabcec3690 677, 31 0, L_0x55aabcfd8c20; 1 drivers
v0x55aabcec3690_678 .net v0x55aabcec3690 678, 31 0, L_0x55aabcfd8cf0; 1 drivers
v0x55aabcec3690_679 .net v0x55aabcec3690 679, 31 0, L_0x55aabcfd8dc0; 1 drivers
v0x55aabcec3690_680 .net v0x55aabcec3690 680, 31 0, L_0x55aabcfd8e90; 1 drivers
v0x55aabcec3690_681 .net v0x55aabcec3690 681, 31 0, L_0x55aabcfd8f60; 1 drivers
v0x55aabcec3690_682 .net v0x55aabcec3690 682, 31 0, L_0x55aabcfd9030; 1 drivers
v0x55aabcec3690_683 .net v0x55aabcec3690 683, 31 0, L_0x55aabcfd9100; 1 drivers
v0x55aabcec3690_684 .net v0x55aabcec3690 684, 31 0, L_0x55aabcfd91d0; 1 drivers
v0x55aabcec3690_685 .net v0x55aabcec3690 685, 31 0, L_0x55aabcfd92a0; 1 drivers
v0x55aabcec3690_686 .net v0x55aabcec3690 686, 31 0, L_0x55aabcfd9370; 1 drivers
v0x55aabcec3690_687 .net v0x55aabcec3690 687, 31 0, L_0x55aabcfd9440; 1 drivers
v0x55aabcec3690_688 .net v0x55aabcec3690 688, 31 0, L_0x55aabcfd9510; 1 drivers
v0x55aabcec3690_689 .net v0x55aabcec3690 689, 31 0, L_0x55aabcfd95e0; 1 drivers
v0x55aabcec3690_690 .net v0x55aabcec3690 690, 31 0, L_0x55aabcfd96b0; 1 drivers
v0x55aabcec3690_691 .net v0x55aabcec3690 691, 31 0, L_0x55aabcfd9780; 1 drivers
v0x55aabcec3690_692 .net v0x55aabcec3690 692, 31 0, L_0x55aabcfd9850; 1 drivers
v0x55aabcec3690_693 .net v0x55aabcec3690 693, 31 0, L_0x55aabcfd9920; 1 drivers
v0x55aabcec3690_694 .net v0x55aabcec3690 694, 31 0, L_0x55aabcfd99f0; 1 drivers
v0x55aabcec3690_695 .net v0x55aabcec3690 695, 31 0, L_0x55aabcfd9ac0; 1 drivers
v0x55aabcec3690_696 .net v0x55aabcec3690 696, 31 0, L_0x55aabcfd9b90; 1 drivers
v0x55aabcec3690_697 .net v0x55aabcec3690 697, 31 0, L_0x55aabcfd9c60; 1 drivers
v0x55aabcec3690_698 .net v0x55aabcec3690 698, 31 0, L_0x55aabcfd9d30; 1 drivers
v0x55aabcec3690_699 .net v0x55aabcec3690 699, 31 0, L_0x55aabcfd9e00; 1 drivers
v0x55aabcec3690_700 .net v0x55aabcec3690 700, 31 0, L_0x55aabcfd9ed0; 1 drivers
v0x55aabcec3690_701 .net v0x55aabcec3690 701, 31 0, L_0x55aabcfd9fa0; 1 drivers
v0x55aabcec3690_702 .net v0x55aabcec3690 702, 31 0, L_0x55aabcfda070; 1 drivers
v0x55aabcec3690_703 .net v0x55aabcec3690 703, 31 0, L_0x55aabcfda140; 1 drivers
v0x55aabcec3690_704 .net v0x55aabcec3690 704, 31 0, L_0x55aabcfda210; 1 drivers
v0x55aabcec3690_705 .net v0x55aabcec3690 705, 31 0, L_0x55aabcfda2e0; 1 drivers
v0x55aabcec3690_706 .net v0x55aabcec3690 706, 31 0, L_0x55aabcfda3b0; 1 drivers
v0x55aabcec3690_707 .net v0x55aabcec3690 707, 31 0, L_0x55aabcfda480; 1 drivers
v0x55aabcec3690_708 .net v0x55aabcec3690 708, 31 0, L_0x55aabcfda550; 1 drivers
v0x55aabcec3690_709 .net v0x55aabcec3690 709, 31 0, L_0x55aabcfda620; 1 drivers
v0x55aabcec3690_710 .net v0x55aabcec3690 710, 31 0, L_0x55aabcfda6f0; 1 drivers
v0x55aabcec3690_711 .net v0x55aabcec3690 711, 31 0, L_0x55aabcfda7c0; 1 drivers
v0x55aabcec3690_712 .net v0x55aabcec3690 712, 31 0, L_0x55aabcfda890; 1 drivers
v0x55aabcec3690_713 .net v0x55aabcec3690 713, 31 0, L_0x55aabcfda960; 1 drivers
v0x55aabcec3690_714 .net v0x55aabcec3690 714, 31 0, L_0x55aabcfdaa30; 1 drivers
v0x55aabcec3690_715 .net v0x55aabcec3690 715, 31 0, L_0x55aabcfdab00; 1 drivers
v0x55aabcec3690_716 .net v0x55aabcec3690 716, 31 0, L_0x55aabcfdabd0; 1 drivers
v0x55aabcec3690_717 .net v0x55aabcec3690 717, 31 0, L_0x55aabcfdaca0; 1 drivers
v0x55aabcec3690_718 .net v0x55aabcec3690 718, 31 0, L_0x55aabcfdad70; 1 drivers
v0x55aabcec3690_719 .net v0x55aabcec3690 719, 31 0, L_0x55aabcfdae40; 1 drivers
v0x55aabcec3690_720 .net v0x55aabcec3690 720, 31 0, L_0x55aabcfdaf10; 1 drivers
v0x55aabcec3690_721 .net v0x55aabcec3690 721, 31 0, L_0x55aabcfdafe0; 1 drivers
v0x55aabcec3690_722 .net v0x55aabcec3690 722, 31 0, L_0x55aabcfde900; 1 drivers
v0x55aabcec3690_723 .net v0x55aabcec3690 723, 31 0, L_0x55aabce9ec50; 1 drivers
v0x55aabcec3690_724 .net v0x55aabcec3690 724, 31 0, L_0x55aabce9ed20; 1 drivers
v0x55aabcec3690_725 .net v0x55aabcec3690 725, 31 0, L_0x55aabce9edf0; 1 drivers
v0x55aabcec3690_726 .net v0x55aabcec3690 726, 31 0, L_0x55aabce9eec0; 1 drivers
v0x55aabcec3690_727 .net v0x55aabcec3690 727, 31 0, L_0x55aabce9ef90; 1 drivers
v0x55aabcec3690_728 .net v0x55aabcec3690 728, 31 0, L_0x55aabce9f060; 1 drivers
v0x55aabcec3690_729 .net v0x55aabcec3690 729, 31 0, L_0x55aabce9f130; 1 drivers
v0x55aabcec3690_730 .net v0x55aabcec3690 730, 31 0, L_0x55aabce9f200; 1 drivers
v0x55aabcec3690_731 .net v0x55aabcec3690 731, 31 0, L_0x55aabce9f2d0; 1 drivers
v0x55aabcec3690_732 .net v0x55aabcec3690 732, 31 0, L_0x55aabce9f3a0; 1 drivers
v0x55aabcec3690_733 .net v0x55aabcec3690 733, 31 0, L_0x55aabce9f470; 1 drivers
v0x55aabcec3690_734 .net v0x55aabcec3690 734, 31 0, L_0x55aabce9f540; 1 drivers
v0x55aabcec3690_735 .net v0x55aabcec3690 735, 31 0, L_0x55aabcfdb290; 1 drivers
v0x55aabcec3690_736 .net v0x55aabcec3690 736, 31 0, L_0x55aabcfdb360; 1 drivers
v0x55aabcec3690_737 .net v0x55aabcec3690 737, 31 0, L_0x55aabcfdb430; 1 drivers
v0x55aabcec3690_738 .net v0x55aabcec3690 738, 31 0, L_0x55aabcfdb500; 1 drivers
v0x55aabcec3690_739 .net v0x55aabcec3690 739, 31 0, L_0x55aabcfdb5d0; 1 drivers
v0x55aabcec3690_740 .net v0x55aabcec3690 740, 31 0, L_0x55aabcfdb6a0; 1 drivers
v0x55aabcec3690_741 .net v0x55aabcec3690 741, 31 0, L_0x55aabcfdb770; 1 drivers
v0x55aabcec3690_742 .net v0x55aabcec3690 742, 31 0, L_0x55aabcfdb840; 1 drivers
v0x55aabcec3690_743 .net v0x55aabcec3690 743, 31 0, L_0x55aabcfdb910; 1 drivers
v0x55aabcec3690_744 .net v0x55aabcec3690 744, 31 0, L_0x55aabcfdb9e0; 1 drivers
v0x55aabcec3690_745 .net v0x55aabcec3690 745, 31 0, L_0x55aabcfdbab0; 1 drivers
v0x55aabcec3690_746 .net v0x55aabcec3690 746, 31 0, L_0x55aabcfdbb80; 1 drivers
v0x55aabcec3690_747 .net v0x55aabcec3690 747, 31 0, L_0x55aabcfdbc50; 1 drivers
v0x55aabcec3690_748 .net v0x55aabcec3690 748, 31 0, L_0x55aabcfdbd20; 1 drivers
v0x55aabcec3690_749 .net v0x55aabcec3690 749, 31 0, L_0x55aabcfdbdf0; 1 drivers
v0x55aabcec3690_750 .net v0x55aabcec3690 750, 31 0, L_0x55aabcfdbec0; 1 drivers
v0x55aabcec3690_751 .net v0x55aabcec3690 751, 31 0, L_0x55aabcfdbf90; 1 drivers
v0x55aabcec3690_752 .net v0x55aabcec3690 752, 31 0, L_0x55aabcfdc060; 1 drivers
v0x55aabcec3690_753 .net v0x55aabcec3690 753, 31 0, L_0x55aabcfdc130; 1 drivers
v0x55aabcec3690_754 .net v0x55aabcec3690 754, 31 0, L_0x55aabcfdc200; 1 drivers
v0x55aabcec3690_755 .net v0x55aabcec3690 755, 31 0, L_0x55aabcfdc2d0; 1 drivers
v0x55aabcec3690_756 .net v0x55aabcec3690 756, 31 0, L_0x55aabcfdc3a0; 1 drivers
v0x55aabcec3690_757 .net v0x55aabcec3690 757, 31 0, L_0x55aabcfdc470; 1 drivers
v0x55aabcec3690_758 .net v0x55aabcec3690 758, 31 0, L_0x55aabcfdc540; 1 drivers
v0x55aabcec3690_759 .net v0x55aabcec3690 759, 31 0, L_0x55aabcfdc610; 1 drivers
v0x55aabcec3690_760 .net v0x55aabcec3690 760, 31 0, L_0x55aabcfdc6e0; 1 drivers
v0x55aabcec3690_761 .net v0x55aabcec3690 761, 31 0, L_0x55aabcfdc7b0; 1 drivers
v0x55aabcec3690_762 .net v0x55aabcec3690 762, 31 0, L_0x55aabcfdc880; 1 drivers
v0x55aabcec3690_763 .net v0x55aabcec3690 763, 31 0, L_0x55aabcfdc950; 1 drivers
v0x55aabcec3690_764 .net v0x55aabcec3690 764, 31 0, L_0x55aabcfdca20; 1 drivers
v0x55aabcec3690_765 .net v0x55aabcec3690 765, 31 0, L_0x55aabcfdcaf0; 1 drivers
v0x55aabcec3690_766 .net v0x55aabcec3690 766, 31 0, L_0x55aabcfdcbc0; 1 drivers
v0x55aabcec3690_767 .net v0x55aabcec3690 767, 31 0, L_0x55aabcfdcc90; 1 drivers
v0x55aabcec3690_768 .net v0x55aabcec3690 768, 31 0, L_0x55aabcfdcd60; 1 drivers
v0x55aabcec3690_769 .net v0x55aabcec3690 769, 31 0, L_0x55aabcfdce30; 1 drivers
v0x55aabcec3690_770 .net v0x55aabcec3690 770, 31 0, L_0x55aabcfdcf00; 1 drivers
v0x55aabcec3690_771 .net v0x55aabcec3690 771, 31 0, L_0x55aabcfdcfd0; 1 drivers
v0x55aabcec3690_772 .net v0x55aabcec3690 772, 31 0, L_0x55aabcfdd0a0; 1 drivers
v0x55aabcec3690_773 .net v0x55aabcec3690 773, 31 0, L_0x55aabcfdd170; 1 drivers
v0x55aabcec3690_774 .net v0x55aabcec3690 774, 31 0, L_0x55aabcfdd240; 1 drivers
v0x55aabcec3690_775 .net v0x55aabcec3690 775, 31 0, L_0x55aabcfdd310; 1 drivers
v0x55aabcec3690_776 .net v0x55aabcec3690 776, 31 0, L_0x55aabcfdd3e0; 1 drivers
v0x55aabcec3690_777 .net v0x55aabcec3690 777, 31 0, L_0x55aabcfdd4b0; 1 drivers
v0x55aabcec3690_778 .net v0x55aabcec3690 778, 31 0, L_0x55aabcfdd580; 1 drivers
v0x55aabcec3690_779 .net v0x55aabcec3690 779, 31 0, L_0x55aabcfdd650; 1 drivers
v0x55aabcec3690_780 .net v0x55aabcec3690 780, 31 0, L_0x55aabcfdd720; 1 drivers
v0x55aabcec3690_781 .net v0x55aabcec3690 781, 31 0, L_0x55aabcfdd7f0; 1 drivers
v0x55aabcec3690_782 .net v0x55aabcec3690 782, 31 0, L_0x55aabcfdd8c0; 1 drivers
v0x55aabcec3690_783 .net v0x55aabcec3690 783, 31 0, L_0x55aabcfdd990; 1 drivers
v0x55aabcec3690_784 .net v0x55aabcec3690 784, 31 0, L_0x55aabcfdda60; 1 drivers
v0x55aabcec3690_785 .net v0x55aabcec3690 785, 31 0, L_0x55aabcfddb30; 1 drivers
v0x55aabcec3690_786 .net v0x55aabcec3690 786, 31 0, L_0x55aabcfddc00; 1 drivers
v0x55aabcec3690_787 .net v0x55aabcec3690 787, 31 0, L_0x55aabcfddcd0; 1 drivers
v0x55aabcec3690_788 .net v0x55aabcec3690 788, 31 0, L_0x55aabcfddda0; 1 drivers
v0x55aabcec3690_789 .net v0x55aabcec3690 789, 31 0, L_0x55aabcfdde70; 1 drivers
v0x55aabcec3690_790 .net v0x55aabcec3690 790, 31 0, L_0x55aabcfddf40; 1 drivers
v0x55aabcec3690_791 .net v0x55aabcec3690 791, 31 0, L_0x55aabcfde010; 1 drivers
v0x55aabcec3690_792 .net v0x55aabcec3690 792, 31 0, L_0x55aabcfde0e0; 1 drivers
v0x55aabcec3690_793 .net v0x55aabcec3690 793, 31 0, L_0x55aabcfde1b0; 1 drivers
v0x55aabcec3690_794 .net v0x55aabcec3690 794, 31 0, L_0x55aabcfde280; 1 drivers
v0x55aabcec3690_795 .net v0x55aabcec3690 795, 31 0, L_0x55aabcfde350; 1 drivers
v0x55aabcec3690_796 .net v0x55aabcec3690 796, 31 0, L_0x55aabcfde420; 1 drivers
v0x55aabcec3690_797 .net v0x55aabcec3690 797, 31 0, L_0x55aabcfde4f0; 1 drivers
v0x55aabcec3690_798 .net v0x55aabcec3690 798, 31 0, L_0x55aabcfde5c0; 1 drivers
v0x55aabcec3690_799 .net v0x55aabcec3690 799, 31 0, L_0x55aabcfde690; 1 drivers
v0x55aabcec3690_800 .net v0x55aabcec3690 800, 31 0, L_0x55aabcfde760; 1 drivers
v0x55aabcec3690_801 .net v0x55aabcec3690 801, 31 0, L_0x55aabcfde830; 1 drivers
v0x55aabcec3690_802 .net v0x55aabcec3690 802, 31 0, L_0x55aabcfe2290; 1 drivers
v0x55aabcec3690_803 .net v0x55aabcec3690 803, 31 0, L_0x55aabce9f5f0; 1 drivers
v0x55aabcec3690_804 .net v0x55aabcec3690 804, 31 0, L_0x55aabce9f6c0; 1 drivers
v0x55aabcec3690_805 .net v0x55aabcec3690 805, 31 0, L_0x55aabce9f790; 1 drivers
v0x55aabcec3690_806 .net v0x55aabcec3690 806, 31 0, L_0x55aabce9f860; 1 drivers
v0x55aabcec3690_807 .net v0x55aabcec3690 807, 31 0, L_0x55aabce9f930; 1 drivers
v0x55aabcec3690_808 .net v0x55aabcec3690 808, 31 0, L_0x55aabce9fa00; 1 drivers
v0x55aabcec3690_809 .net v0x55aabcec3690 809, 31 0, L_0x55aabce9fad0; 1 drivers
v0x55aabcec3690_810 .net v0x55aabcec3690 810, 31 0, L_0x55aabce9fba0; 1 drivers
v0x55aabcec3690_811 .net v0x55aabcec3690 811, 31 0, L_0x55aabce9fc70; 1 drivers
v0x55aabcec3690_812 .net v0x55aabcec3690 812, 31 0, L_0x55aabce9fd40; 1 drivers
v0x55aabcec3690_813 .net v0x55aabcec3690 813, 31 0, L_0x55aabce9fe10; 1 drivers
v0x55aabcec3690_814 .net v0x55aabcec3690 814, 31 0, L_0x55aabce9fee0; 1 drivers
v0x55aabcec3690_815 .net v0x55aabcec3690 815, 31 0, L_0x55aabcfde970; 1 drivers
v0x55aabcec3690_816 .net v0x55aabcec3690 816, 31 0, L_0x55aabcfdea40; 1 drivers
v0x55aabcec3690_817 .net v0x55aabcec3690 817, 31 0, L_0x55aabcfdeb10; 1 drivers
v0x55aabcec3690_818 .net v0x55aabcec3690 818, 31 0, L_0x55aabcfdebe0; 1 drivers
v0x55aabcec3690_819 .net v0x55aabcec3690 819, 31 0, L_0x55aabcfdecb0; 1 drivers
v0x55aabcec3690_820 .net v0x55aabcec3690 820, 31 0, L_0x55aabcfded80; 1 drivers
v0x55aabcec3690_821 .net v0x55aabcec3690 821, 31 0, L_0x55aabcfdee50; 1 drivers
v0x55aabcec3690_822 .net v0x55aabcec3690 822, 31 0, L_0x55aabcfdef20; 1 drivers
v0x55aabcec3690_823 .net v0x55aabcec3690 823, 31 0, L_0x55aabcfdeff0; 1 drivers
v0x55aabcec3690_824 .net v0x55aabcec3690 824, 31 0, L_0x55aabcfdf0c0; 1 drivers
v0x55aabcec3690_825 .net v0x55aabcec3690 825, 31 0, L_0x55aabcfdf190; 1 drivers
v0x55aabcec3690_826 .net v0x55aabcec3690 826, 31 0, L_0x55aabcfdf260; 1 drivers
v0x55aabcec3690_827 .net v0x55aabcec3690 827, 31 0, L_0x55aabcfdf330; 1 drivers
v0x55aabcec3690_828 .net v0x55aabcec3690 828, 31 0, L_0x55aabcfdf400; 1 drivers
v0x55aabcec3690_829 .net v0x55aabcec3690 829, 31 0, L_0x55aabcfdf4d0; 1 drivers
v0x55aabcec3690_830 .net v0x55aabcec3690 830, 31 0, L_0x55aabcfdf5a0; 1 drivers
v0x55aabcec3690_831 .net v0x55aabcec3690 831, 31 0, L_0x55aabcfdf670; 1 drivers
v0x55aabcec3690_832 .net v0x55aabcec3690 832, 31 0, L_0x55aabcfdf740; 1 drivers
v0x55aabcec3690_833 .net v0x55aabcec3690 833, 31 0, L_0x55aabcfdf810; 1 drivers
v0x55aabcec3690_834 .net v0x55aabcec3690 834, 31 0, L_0x55aabcfdf8e0; 1 drivers
v0x55aabcec3690_835 .net v0x55aabcec3690 835, 31 0, L_0x55aabcfdf9b0; 1 drivers
v0x55aabcec3690_836 .net v0x55aabcec3690 836, 31 0, L_0x55aabcfdfa80; 1 drivers
v0x55aabcec3690_837 .net v0x55aabcec3690 837, 31 0, L_0x55aabcfdfb50; 1 drivers
v0x55aabcec3690_838 .net v0x55aabcec3690 838, 31 0, L_0x55aabcfdfc20; 1 drivers
v0x55aabcec3690_839 .net v0x55aabcec3690 839, 31 0, L_0x55aabcfdfcf0; 1 drivers
v0x55aabcec3690_840 .net v0x55aabcec3690 840, 31 0, L_0x55aabcfdfdc0; 1 drivers
v0x55aabcec3690_841 .net v0x55aabcec3690 841, 31 0, L_0x55aabcfdfe90; 1 drivers
v0x55aabcec3690_842 .net v0x55aabcec3690 842, 31 0, L_0x55aabcfdff60; 1 drivers
v0x55aabcec3690_843 .net v0x55aabcec3690 843, 31 0, L_0x55aabcfe0030; 1 drivers
v0x55aabcec3690_844 .net v0x55aabcec3690 844, 31 0, L_0x55aabcfe0100; 1 drivers
v0x55aabcec3690_845 .net v0x55aabcec3690 845, 31 0, L_0x55aabcfe01d0; 1 drivers
v0x55aabcec3690_846 .net v0x55aabcec3690 846, 31 0, L_0x55aabcfe02a0; 1 drivers
v0x55aabcec3690_847 .net v0x55aabcec3690 847, 31 0, L_0x55aabcfe0370; 1 drivers
v0x55aabcec3690_848 .net v0x55aabcec3690 848, 31 0, L_0x55aabcfe0440; 1 drivers
v0x55aabcec3690_849 .net v0x55aabcec3690 849, 31 0, L_0x55aabcfe0510; 1 drivers
v0x55aabcec3690_850 .net v0x55aabcec3690 850, 31 0, L_0x55aabcfe05e0; 1 drivers
v0x55aabcec3690_851 .net v0x55aabcec3690 851, 31 0, L_0x55aabcfe06b0; 1 drivers
v0x55aabcec3690_852 .net v0x55aabcec3690 852, 31 0, L_0x55aabcfe0780; 1 drivers
v0x55aabcec3690_853 .net v0x55aabcec3690 853, 31 0, L_0x55aabcfe0850; 1 drivers
v0x55aabcec3690_854 .net v0x55aabcec3690 854, 31 0, L_0x55aabcfe0920; 1 drivers
v0x55aabcec3690_855 .net v0x55aabcec3690 855, 31 0, L_0x55aabcfe09f0; 1 drivers
v0x55aabcec3690_856 .net v0x55aabcec3690 856, 31 0, L_0x55aabcfe0ac0; 1 drivers
v0x55aabcec3690_857 .net v0x55aabcec3690 857, 31 0, L_0x55aabcfe0b90; 1 drivers
v0x55aabcec3690_858 .net v0x55aabcec3690 858, 31 0, L_0x55aabcfe0c60; 1 drivers
v0x55aabcec3690_859 .net v0x55aabcec3690 859, 31 0, L_0x55aabcfe0d30; 1 drivers
v0x55aabcec3690_860 .net v0x55aabcec3690 860, 31 0, L_0x55aabcfe0e00; 1 drivers
v0x55aabcec3690_861 .net v0x55aabcec3690 861, 31 0, L_0x55aabcfe0ed0; 1 drivers
v0x55aabcec3690_862 .net v0x55aabcec3690 862, 31 0, L_0x55aabcfe0fa0; 1 drivers
v0x55aabcec3690_863 .net v0x55aabcec3690 863, 31 0, L_0x55aabcfe1070; 1 drivers
v0x55aabcec3690_864 .net v0x55aabcec3690 864, 31 0, L_0x55aabcfe1140; 1 drivers
v0x55aabcec3690_865 .net v0x55aabcec3690 865, 31 0, L_0x55aabcfe1210; 1 drivers
v0x55aabcec3690_866 .net v0x55aabcec3690 866, 31 0, L_0x55aabcfe12e0; 1 drivers
v0x55aabcec3690_867 .net v0x55aabcec3690 867, 31 0, L_0x55aabcfe13b0; 1 drivers
v0x55aabcec3690_868 .net v0x55aabcec3690 868, 31 0, L_0x55aabcfe1480; 1 drivers
v0x55aabcec3690_869 .net v0x55aabcec3690 869, 31 0, L_0x55aabcfe1550; 1 drivers
v0x55aabcec3690_870 .net v0x55aabcec3690 870, 31 0, L_0x55aabcfe1620; 1 drivers
v0x55aabcec3690_871 .net v0x55aabcec3690 871, 31 0, L_0x55aabcfe16f0; 1 drivers
v0x55aabcec3690_872 .net v0x55aabcec3690 872, 31 0, L_0x55aabcfe17c0; 1 drivers
v0x55aabcec3690_873 .net v0x55aabcec3690 873, 31 0, L_0x55aabcfe1890; 1 drivers
v0x55aabcec3690_874 .net v0x55aabcec3690 874, 31 0, L_0x55aabcfe1960; 1 drivers
v0x55aabcec3690_875 .net v0x55aabcec3690 875, 31 0, L_0x55aabcfe1a30; 1 drivers
v0x55aabcec3690_876 .net v0x55aabcec3690 876, 31 0, L_0x55aabcfe1b00; 1 drivers
v0x55aabcec3690_877 .net v0x55aabcec3690 877, 31 0, L_0x55aabcfe1bd0; 1 drivers
v0x55aabcec3690_878 .net v0x55aabcec3690 878, 31 0, L_0x55aabcfe1ca0; 1 drivers
v0x55aabcec3690_879 .net v0x55aabcec3690 879, 31 0, L_0x55aabcfe1d70; 1 drivers
v0x55aabcec3690_880 .net v0x55aabcec3690 880, 31 0, L_0x55aabcfe1e40; 1 drivers
v0x55aabcec3690_881 .net v0x55aabcec3690 881, 31 0, L_0x55aabcfe1f10; 1 drivers
v0x55aabcec3690_882 .net v0x55aabcec3690 882, 31 0, L_0x55aabcfe1fe0; 1 drivers
v0x55aabcec3690_883 .net v0x55aabcec3690 883, 31 0, L_0x55aabcfe20b0; 1 drivers
v0x55aabcec3690_884 .net v0x55aabcec3690 884, 31 0, L_0x55aabcfe2180; 1 drivers
v0x55aabcec3690_885 .net v0x55aabcec3690 885, 31 0, L_0x55aabcfe5f20; 1 drivers
v0x55aabcec3690_886 .net v0x55aabcec3690 886, 31 0, L_0x55aabcfe5f90; 1 drivers
v0x55aabcec3690_887 .net v0x55aabcec3690 887, 31 0, L_0x55aabce9fff0; 1 drivers
v0x55aabcec3690_888 .net v0x55aabcec3690 888, 31 0, L_0x55aabcea00c0; 1 drivers
v0x55aabcec3690_889 .net v0x55aabcec3690 889, 31 0, L_0x55aabcea0190; 1 drivers
v0x55aabcec3690_890 .net v0x55aabcec3690 890, 31 0, L_0x55aabcea0260; 1 drivers
v0x55aabcec3690_891 .net v0x55aabcec3690 891, 31 0, L_0x55aabcea0330; 1 drivers
v0x55aabcec3690_892 .net v0x55aabcec3690 892, 31 0, L_0x55aabcea0400; 1 drivers
v0x55aabcec3690_893 .net v0x55aabcec3690 893, 31 0, L_0x55aabcea04d0; 1 drivers
v0x55aabcec3690_894 .net v0x55aabcec3690 894, 31 0, L_0x55aabcea05a0; 1 drivers
v0x55aabcec3690_895 .net v0x55aabcec3690 895, 31 0, L_0x55aabcea0670; 1 drivers
v0x55aabcec3690_896 .net v0x55aabcec3690 896, 31 0, L_0x55aabcea0740; 1 drivers
v0x55aabcec3690_897 .net v0x55aabcec3690 897, 31 0, L_0x55aabcea0810; 1 drivers
v0x55aabcec3690_898 .net v0x55aabcec3690 898, 31 0, L_0x55aabcea08e0; 1 drivers
v0x55aabcec3690_899 .net v0x55aabcec3690 899, 31 0, L_0x55aabcea09b0; 1 drivers
v0x55aabcec3690_900 .net v0x55aabcec3690 900, 31 0, L_0x55aabcfe2390; 1 drivers
v0x55aabcec3690_901 .net v0x55aabcec3690 901, 31 0, L_0x55aabcfe2460; 1 drivers
v0x55aabcec3690_902 .net v0x55aabcec3690 902, 31 0, L_0x55aabcfe2530; 1 drivers
v0x55aabcec3690_903 .net v0x55aabcec3690 903, 31 0, L_0x55aabcfe2600; 1 drivers
v0x55aabcec3690_904 .net v0x55aabcec3690 904, 31 0, L_0x55aabcfe26d0; 1 drivers
v0x55aabcec3690_905 .net v0x55aabcec3690 905, 31 0, L_0x55aabcfe27a0; 1 drivers
v0x55aabcec3690_906 .net v0x55aabcec3690 906, 31 0, L_0x55aabcfe2870; 1 drivers
v0x55aabcec3690_907 .net v0x55aabcec3690 907, 31 0, L_0x55aabcfe2940; 1 drivers
v0x55aabcec3690_908 .net v0x55aabcec3690 908, 31 0, L_0x55aabcfe2a10; 1 drivers
v0x55aabcec3690_909 .net v0x55aabcec3690 909, 31 0, L_0x55aabcfe2ae0; 1 drivers
v0x55aabcec3690_910 .net v0x55aabcec3690 910, 31 0, L_0x55aabcfe2bb0; 1 drivers
v0x55aabcec3690_911 .net v0x55aabcec3690 911, 31 0, L_0x55aabcfe2c80; 1 drivers
v0x55aabcec3690_912 .net v0x55aabcec3690 912, 31 0, L_0x55aabcfe2d50; 1 drivers
v0x55aabcec3690_913 .net v0x55aabcec3690 913, 31 0, L_0x55aabcfe2e20; 1 drivers
v0x55aabcec3690_914 .net v0x55aabcec3690 914, 31 0, L_0x55aabcfe2ef0; 1 drivers
v0x55aabcec3690_915 .net v0x55aabcec3690 915, 31 0, L_0x55aabcfe2fc0; 1 drivers
v0x55aabcec3690_916 .net v0x55aabcec3690 916, 31 0, L_0x55aabcfe3090; 1 drivers
v0x55aabcec3690_917 .net v0x55aabcec3690 917, 31 0, L_0x55aabcfe3160; 1 drivers
v0x55aabcec3690_918 .net v0x55aabcec3690 918, 31 0, L_0x55aabcfe3230; 1 drivers
v0x55aabcec3690_919 .net v0x55aabcec3690 919, 31 0, L_0x55aabcfe3300; 1 drivers
v0x55aabcec3690_920 .net v0x55aabcec3690 920, 31 0, L_0x55aabcfe33d0; 1 drivers
v0x55aabcec3690_921 .net v0x55aabcec3690 921, 31 0, L_0x55aabcfe34a0; 1 drivers
v0x55aabcec3690_922 .net v0x55aabcec3690 922, 31 0, L_0x55aabcfe3570; 1 drivers
v0x55aabcec3690_923 .net v0x55aabcec3690 923, 31 0, L_0x55aabcfe3640; 1 drivers
v0x55aabcec3690_924 .net v0x55aabcec3690 924, 31 0, L_0x55aabcfe3710; 1 drivers
v0x55aabcec3690_925 .net v0x55aabcec3690 925, 31 0, L_0x55aabcfe37e0; 1 drivers
v0x55aabcec3690_926 .net v0x55aabcec3690 926, 31 0, L_0x55aabcfe38b0; 1 drivers
v0x55aabcec3690_927 .net v0x55aabcec3690 927, 31 0, L_0x55aabcfe3980; 1 drivers
v0x55aabcec3690_928 .net v0x55aabcec3690 928, 31 0, L_0x55aabcfe3a50; 1 drivers
v0x55aabcec3690_929 .net v0x55aabcec3690 929, 31 0, L_0x55aabcfe3b20; 1 drivers
v0x55aabcec3690_930 .net v0x55aabcec3690 930, 31 0, L_0x55aabcfe3bf0; 1 drivers
v0x55aabcec3690_931 .net v0x55aabcec3690 931, 31 0, L_0x55aabcfe3cc0; 1 drivers
v0x55aabcec3690_932 .net v0x55aabcec3690 932, 31 0, L_0x55aabcfe3d90; 1 drivers
v0x55aabcec3690_933 .net v0x55aabcec3690 933, 31 0, L_0x55aabcfe3e60; 1 drivers
v0x55aabcec3690_934 .net v0x55aabcec3690 934, 31 0, L_0x55aabcfe3f30; 1 drivers
v0x55aabcec3690_935 .net v0x55aabcec3690 935, 31 0, L_0x55aabcfe4000; 1 drivers
v0x55aabcec3690_936 .net v0x55aabcec3690 936, 31 0, L_0x55aabcfe40d0; 1 drivers
v0x55aabcec3690_937 .net v0x55aabcec3690 937, 31 0, L_0x55aabcfe41a0; 1 drivers
v0x55aabcec3690_938 .net v0x55aabcec3690 938, 31 0, L_0x55aabcfe4270; 1 drivers
v0x55aabcec3690_939 .net v0x55aabcec3690 939, 31 0, L_0x55aabcfe4340; 1 drivers
v0x55aabcec3690_940 .net v0x55aabcec3690 940, 31 0, L_0x55aabcfe4410; 1 drivers
v0x55aabcec3690_941 .net v0x55aabcec3690 941, 31 0, L_0x55aabcfe44e0; 1 drivers
v0x55aabcec3690_942 .net v0x55aabcec3690 942, 31 0, L_0x55aabcfe45b0; 1 drivers
v0x55aabcec3690_943 .net v0x55aabcec3690 943, 31 0, L_0x55aabcfe4680; 1 drivers
v0x55aabcec3690_944 .net v0x55aabcec3690 944, 31 0, L_0x55aabcfe4750; 1 drivers
v0x55aabcec3690_945 .net v0x55aabcec3690 945, 31 0, L_0x55aabcfe4820; 1 drivers
v0x55aabcec3690_946 .net v0x55aabcec3690 946, 31 0, L_0x55aabcfe48f0; 1 drivers
v0x55aabcec3690_947 .net v0x55aabcec3690 947, 31 0, L_0x55aabcfe49c0; 1 drivers
v0x55aabcec3690_948 .net v0x55aabcec3690 948, 31 0, L_0x55aabcfe4a90; 1 drivers
v0x55aabcec3690_949 .net v0x55aabcec3690 949, 31 0, L_0x55aabcfe4b60; 1 drivers
v0x55aabcec3690_950 .net v0x55aabcec3690 950, 31 0, L_0x55aabcfe4c30; 1 drivers
v0x55aabcec3690_951 .net v0x55aabcec3690 951, 31 0, L_0x55aabcfe4d00; 1 drivers
v0x55aabcec3690_952 .net v0x55aabcec3690 952, 31 0, L_0x55aabcfe4dd0; 1 drivers
v0x55aabcec3690_953 .net v0x55aabcec3690 953, 31 0, L_0x55aabcfe4ea0; 1 drivers
v0x55aabcec3690_954 .net v0x55aabcec3690 954, 31 0, L_0x55aabcfe4f70; 1 drivers
v0x55aabcec3690_955 .net v0x55aabcec3690 955, 31 0, L_0x55aabcfe5040; 1 drivers
v0x55aabcec3690_956 .net v0x55aabcec3690 956, 31 0, L_0x55aabcfe5110; 1 drivers
v0x55aabcec3690_957 .net v0x55aabcec3690 957, 31 0, L_0x55aabcfe51e0; 1 drivers
v0x55aabcec3690_958 .net v0x55aabcec3690 958, 31 0, L_0x55aabcfe52b0; 1 drivers
v0x55aabcec3690_959 .net v0x55aabcec3690 959, 31 0, L_0x55aabcfe5380; 1 drivers
v0x55aabcec3690_960 .net v0x55aabcec3690 960, 31 0, L_0x55aabcfe5450; 1 drivers
v0x55aabcec3690_961 .net v0x55aabcec3690 961, 31 0, L_0x55aabcfe5520; 1 drivers
v0x55aabcec3690_962 .net v0x55aabcec3690 962, 31 0, L_0x55aabcfe55f0; 1 drivers
v0x55aabcec3690_963 .net v0x55aabcec3690 963, 31 0, L_0x55aabcfe56c0; 1 drivers
v0x55aabcec3690_964 .net v0x55aabcec3690 964, 31 0, L_0x55aabcfe5790; 1 drivers
v0x55aabcec3690_965 .net v0x55aabcec3690 965, 31 0, L_0x55aabcfe5860; 1 drivers
v0x55aabcec3690_966 .net v0x55aabcec3690 966, 31 0, L_0x55aabcfe5930; 1 drivers
v0x55aabcec3690_967 .net v0x55aabcec3690 967, 31 0, L_0x55aabcfe5a00; 1 drivers
v0x55aabcec3690_968 .net v0x55aabcec3690 968, 31 0, L_0x55aabcfe5ad0; 1 drivers
v0x55aabcec3690_969 .net v0x55aabcec3690 969, 31 0, L_0x55aabcfe5ba0; 1 drivers
v0x55aabcec3690_970 .net v0x55aabcec3690 970, 31 0, L_0x55aabcfe5c70; 1 drivers
v0x55aabcec3690_971 .net v0x55aabcec3690 971, 31 0, L_0x55aabcfe5d40; 1 drivers
v0x55aabcec3690_972 .net v0x55aabcec3690 972, 31 0, L_0x55aabcfe5e10; 1 drivers
v0x55aabcec3690_973 .net v0x55aabcec3690 973, 31 0, L_0x55aabcfe9ee0; 1 drivers
v0x55aabcec3690_974 .net v0x55aabcec3690 974, 31 0, L_0x55aabcfe9f80; 1 drivers
v0x55aabcec3690_975 .net v0x55aabcec3690 975, 31 0, L_0x55aabcea0a50; 1 drivers
v0x55aabcec3690_976 .net v0x55aabcec3690 976, 31 0, L_0x55aabcea0b20; 1 drivers
v0x55aabcec3690_977 .net v0x55aabcec3690 977, 31 0, L_0x55aabcea0bf0; 1 drivers
v0x55aabcec3690_978 .net v0x55aabcec3690 978, 31 0, L_0x55aabcea0cc0; 1 drivers
v0x55aabcec3690_979 .net v0x55aabcec3690 979, 31 0, L_0x55aabcea0d90; 1 drivers
v0x55aabcec3690_980 .net v0x55aabcec3690 980, 31 0, L_0x55aabcea0e60; 1 drivers
v0x55aabcec3690_981 .net v0x55aabcec3690 981, 31 0, L_0x55aabcea0f30; 1 drivers
v0x55aabcec3690_982 .net v0x55aabcec3690 982, 31 0, L_0x55aabcea1000; 1 drivers
v0x55aabcec3690_983 .net v0x55aabcec3690 983, 31 0, L_0x55aabcea10d0; 1 drivers
v0x55aabcec3690_984 .net v0x55aabcec3690 984, 31 0, L_0x55aabcea11a0; 1 drivers
v0x55aabcec3690_985 .net v0x55aabcec3690 985, 31 0, L_0x55aabcea1270; 1 drivers
v0x55aabcec3690_986 .net v0x55aabcec3690 986, 31 0, L_0x55aabcea1340; 1 drivers
v0x55aabcec3690_987 .net v0x55aabcec3690 987, 31 0, L_0x55aabcea1410; 1 drivers
v0x55aabcec3690_988 .net v0x55aabcec3690 988, 31 0, L_0x55aabcea14e0; 1 drivers
v0x55aabcec3690_989 .net v0x55aabcec3690 989, 31 0, L_0x55aabcfe60c0; 1 drivers
v0x55aabcec3690_990 .net v0x55aabcec3690 990, 31 0, L_0x55aabcfe6190; 1 drivers
v0x55aabcec3690_991 .net v0x55aabcec3690 991, 31 0, L_0x55aabcfe6260; 1 drivers
v0x55aabcec3690_992 .net v0x55aabcec3690 992, 31 0, L_0x55aabcfe6330; 1 drivers
v0x55aabcec3690_993 .net v0x55aabcec3690 993, 31 0, L_0x55aabcfe6400; 1 drivers
v0x55aabcec3690_994 .net v0x55aabcec3690 994, 31 0, L_0x55aabcfe64d0; 1 drivers
v0x55aabcec3690_995 .net v0x55aabcec3690 995, 31 0, L_0x55aabcfe65a0; 1 drivers
v0x55aabcec3690_996 .net v0x55aabcec3690 996, 31 0, L_0x55aabcfe6670; 1 drivers
v0x55aabcec3690_997 .net v0x55aabcec3690 997, 31 0, L_0x55aabcfe6740; 1 drivers
v0x55aabcec3690_998 .net v0x55aabcec3690 998, 31 0, L_0x55aabcfe6810; 1 drivers
v0x55aabcec3690_999 .net v0x55aabcec3690 999, 31 0, L_0x55aabcfe68e0; 1 drivers
v0x55aabcec3690_1000 .net v0x55aabcec3690 1000, 31 0, L_0x55aabcfe69b0; 1 drivers
v0x55aabcec3690_1001 .net v0x55aabcec3690 1001, 31 0, L_0x55aabcfe6a80; 1 drivers
v0x55aabcec3690_1002 .net v0x55aabcec3690 1002, 31 0, L_0x55aabcfe6b50; 1 drivers
v0x55aabcec3690_1003 .net v0x55aabcec3690 1003, 31 0, L_0x55aabcfe6c20; 1 drivers
v0x55aabcec3690_1004 .net v0x55aabcec3690 1004, 31 0, L_0x55aabcfe6cf0; 1 drivers
v0x55aabcec3690_1005 .net v0x55aabcec3690 1005, 31 0, L_0x55aabcfe6dc0; 1 drivers
v0x55aabcec3690_1006 .net v0x55aabcec3690 1006, 31 0, L_0x55aabcfe6e90; 1 drivers
v0x55aabcec3690_1007 .net v0x55aabcec3690 1007, 31 0, L_0x55aabcfe6f60; 1 drivers
v0x55aabcec3690_1008 .net v0x55aabcec3690 1008, 31 0, L_0x55aabcfe7030; 1 drivers
v0x55aabcec3690_1009 .net v0x55aabcec3690 1009, 31 0, L_0x55aabcfe7100; 1 drivers
v0x55aabcec3690_1010 .net v0x55aabcec3690 1010, 31 0, L_0x55aabcfe71d0; 1 drivers
v0x55aabcec3690_1011 .net v0x55aabcec3690 1011, 31 0, L_0x55aabcfe72a0; 1 drivers
v0x55aabcec3690_1012 .net v0x55aabcec3690 1012, 31 0, L_0x55aabcfe7370; 1 drivers
v0x55aabcec3690_1013 .net v0x55aabcec3690 1013, 31 0, L_0x55aabcfe7440; 1 drivers
v0x55aabcec3690_1014 .net v0x55aabcec3690 1014, 31 0, L_0x55aabcfe7510; 1 drivers
v0x55aabcec3690_1015 .net v0x55aabcec3690 1015, 31 0, L_0x55aabcfe75e0; 1 drivers
v0x55aabcec3690_1016 .net v0x55aabcec3690 1016, 31 0, L_0x55aabcfe76b0; 1 drivers
v0x55aabcec3690_1017 .net v0x55aabcec3690 1017, 31 0, L_0x55aabcfe7780; 1 drivers
v0x55aabcec3690_1018 .net v0x55aabcec3690 1018, 31 0, L_0x55aabcfe7850; 1 drivers
v0x55aabcec3690_1019 .net v0x55aabcec3690 1019, 31 0, L_0x55aabcfe7920; 1 drivers
v0x55aabcec3690_1020 .net v0x55aabcec3690 1020, 31 0, L_0x55aabcfe79f0; 1 drivers
v0x55aabcec3690_1021 .net v0x55aabcec3690 1021, 31 0, L_0x55aabcfe7ac0; 1 drivers
v0x55aabcec3690_1022 .net v0x55aabcec3690 1022, 31 0, L_0x55aabcfe7b90; 1 drivers
v0x55aabcec3690_1023 .net v0x55aabcec3690 1023, 31 0, L_0x55aabcfe7c60; 1 drivers
v0x55aabcecd780_0 .net "DataMem0", 31 0, L_0x55aabcfeae00;  1 drivers
v0x55aabcecd860_0 .net "DataMem1", 31 0, L_0x55aabcfeaec0;  1 drivers
v0x55aabcecd920_0 .net "DataMem2", 31 0, L_0x55aabcfeaf80;  1 drivers
v0x55aabcecda00 .array "IMEM_inst_memory", 1023 0;
v0x55aabcecda00_0 .net v0x55aabcecda00 0, 31 0, L_0x55aabce1fd80; 1 drivers
v0x55aabcecda00_1 .net v0x55aabcecda00 1, 31 0, L_0x55aabcf87390; 1 drivers
v0x55aabcecda00_2 .net v0x55aabcecda00 2, 31 0, L_0x55aabcf87400; 1 drivers
v0x55aabcecda00_3 .net v0x55aabcecda00 3, 31 0, L_0x55aabcf87470; 1 drivers
v0x55aabcecda00_4 .net v0x55aabcecda00 4, 31 0, L_0x55aabcf874e0; 1 drivers
v0x55aabcecda00_5 .net v0x55aabcecda00 5, 31 0, L_0x55aabcf87590; 1 drivers
v0x55aabcecda00_6 .net v0x55aabcecda00 6, 31 0, L_0x55aabcf87600; 1 drivers
v0x55aabcecda00_7 .net v0x55aabcecda00 7, 31 0, L_0x55aabcf876c0; 1 drivers
v0x55aabcecda00_8 .net v0x55aabcecda00 8, 31 0, L_0x55aabcf87730; 1 drivers
v0x55aabcecda00_9 .net v0x55aabcecda00 9, 31 0, L_0x55aabcf87800; 1 drivers
v0x55aabcecda00_10 .net v0x55aabcecda00 10, 31 0, L_0x55aabcf87870; 1 drivers
v0x55aabcecda00_11 .net v0x55aabcecda00 11, 31 0, L_0x55aabcf87950; 1 drivers
v0x55aabcecda00_12 .net v0x55aabcecda00 12, 31 0, L_0x55aabcf879c0; 1 drivers
v0x55aabcecda00_13 .net v0x55aabcecda00 13, 31 0, L_0x55aabcf878e0; 1 drivers
v0x55aabcecda00_14 .net v0x55aabcecda00 14, 31 0, L_0x55aabcf87ae0; 1 drivers
v0x55aabcecda00_15 .net v0x55aabcecda00 15, 31 0, L_0x55aabcf87c40; 1 drivers
v0x55aabcecda00_16 .net v0x55aabcecda00 16, 31 0, L_0x55aabcf87d10; 1 drivers
v0x55aabcecda00_17 .net v0x55aabcecda00 17, 31 0, L_0x55aabcf87e80; 1 drivers
v0x55aabcecda00_18 .net v0x55aabcecda00 18, 31 0, L_0x55aabcf87f50; 1 drivers
v0x55aabcecda00_19 .net v0x55aabcecda00 19, 31 0, L_0x55aabcf880d0; 1 drivers
v0x55aabcecda00_20 .net v0x55aabcecda00 20, 31 0, L_0x55aabcf881a0; 1 drivers
v0x55aabcecda00_21 .net v0x55aabcecda00 21, 31 0, L_0x55aabcf88330; 1 drivers
v0x55aabcecda00_22 .net v0x55aabcecda00 22, 31 0, L_0x55aabcf88400; 1 drivers
v0x55aabcecda00_23 .net v0x55aabcecda00 23, 31 0, L_0x55aabcf885a0; 1 drivers
v0x55aabcecda00_24 .net v0x55aabcecda00 24, 31 0, L_0x55aabcf88670; 1 drivers
v0x55aabcecda00_25 .net v0x55aabcecda00 25, 31 0, L_0x55aabcf88820; 1 drivers
v0x55aabcecda00_26 .net v0x55aabcecda00 26, 31 0, L_0x55aabcf888f0; 1 drivers
v0x55aabcecda00_27 .net v0x55aabcecda00 27, 31 0, L_0x55aabcf88ab0; 1 drivers
v0x55aabcecda00_28 .net v0x55aabcecda00 28, 31 0, L_0x55aabcf88b80; 1 drivers
v0x55aabcecda00_29 .net v0x55aabcecda00 29, 31 0, L_0x55aabcf88d50; 1 drivers
v0x55aabcecda00_30 .net v0x55aabcecda00 30, 31 0, L_0x55aabcf88e20; 1 drivers
v0x55aabcecda00_31 .net v0x55aabcecda00 31, 31 0, L_0x55aabcf89000; 1 drivers
v0x55aabcecda00_32 .net v0x55aabcecda00 32, 31 0, L_0x55aabcf890d0; 1 drivers
v0x55aabcecda00_33 .net v0x55aabcecda00 33, 31 0, L_0x55aabcf892c0; 1 drivers
v0x55aabcecda00_34 .net v0x55aabcecda00 34, 31 0, L_0x55aabcf89390; 1 drivers
v0x55aabcecda00_35 .net v0x55aabcecda00 35, 31 0, L_0x55aabcf89590; 1 drivers
v0x55aabcecda00_36 .net v0x55aabcecda00 36, 31 0, L_0x55aabcf89660; 1 drivers
v0x55aabcecda00_37 .net v0x55aabcecda00 37, 31 0, L_0x55aabcf89870; 1 drivers
v0x55aabcecda00_38 .net v0x55aabcecda00 38, 31 0, L_0x55aabcf89940; 1 drivers
v0x55aabcecda00_39 .net v0x55aabcecda00 39, 31 0, L_0x55aabcf89b60; 1 drivers
v0x55aabcecda00_40 .net v0x55aabcecda00 40, 31 0, L_0x55aabcf89c30; 1 drivers
v0x55aabcecda00_41 .net v0x55aabcecda00 41, 31 0, L_0x55aabcf89e60; 1 drivers
v0x55aabcecda00_42 .net v0x55aabcecda00 42, 31 0, L_0x55aabcf89f30; 1 drivers
v0x55aabcecda00_43 .net v0x55aabcecda00 43, 31 0, L_0x55aabcf8a170; 1 drivers
v0x55aabcecda00_44 .net v0x55aabcecda00 44, 31 0, L_0x55aabcf8a240; 1 drivers
v0x55aabcecda00_45 .net v0x55aabcecda00 45, 31 0, L_0x55aabcf8a490; 1 drivers
v0x55aabcecda00_46 .net v0x55aabcecda00 46, 31 0, L_0x55aabcf8a560; 1 drivers
v0x55aabcecda00_47 .net v0x55aabcecda00 47, 31 0, L_0x55aabcf8a7c0; 1 drivers
v0x55aabcecda00_48 .net v0x55aabcecda00 48, 31 0, L_0x55aabcf8a890; 1 drivers
v0x55aabcecda00_49 .net v0x55aabcecda00 49, 31 0, L_0x55aabcf8ab00; 1 drivers
v0x55aabcecda00_50 .net v0x55aabcecda00 50, 31 0, L_0x55aabcf8abd0; 1 drivers
v0x55aabcecda00_51 .net v0x55aabcecda00 51, 31 0, L_0x55aabcf8ae50; 1 drivers
v0x55aabcecda00_52 .net v0x55aabcecda00 52, 31 0, L_0x55aabcf8af20; 1 drivers
v0x55aabcecda00_53 .net v0x55aabcecda00 53, 31 0, L_0x55aabcf8b1b0; 1 drivers
v0x55aabcecda00_54 .net v0x55aabcecda00 54, 31 0, L_0x55aabcf8b280; 1 drivers
v0x55aabcecda00_55 .net v0x55aabcecda00 55, 31 0, L_0x55aabcf8b520; 1 drivers
v0x55aabcecda00_56 .net v0x55aabcecda00 56, 31 0, L_0x55aabcf8b5f0; 1 drivers
v0x55aabcecda00_57 .net v0x55aabcecda00 57, 31 0, L_0x55aabcf8b8a0; 1 drivers
v0x55aabcecda00_58 .net v0x55aabcecda00 58, 31 0, L_0x55aabcf8b970; 1 drivers
v0x55aabcecda00_59 .net v0x55aabcecda00 59, 31 0, L_0x55aabcf8bc30; 1 drivers
v0x55aabcecda00_60 .net v0x55aabcecda00 60, 31 0, L_0x55aabcf8bd00; 1 drivers
v0x55aabcecda00_61 .net v0x55aabcecda00 61, 31 0, L_0x55aabcf8bfd0; 1 drivers
v0x55aabcecda00_62 .net v0x55aabcecda00 62, 31 0, L_0x55aabcf8c0a0; 1 drivers
v0x55aabcecda00_63 .net v0x55aabcecda00 63, 31 0, L_0x55aabcf8c380; 1 drivers
v0x55aabcecda00_64 .net v0x55aabcecda00 64, 31 0, L_0x55aabcf8c450; 1 drivers
v0x55aabcecda00_65 .net v0x55aabcecda00 65, 31 0, L_0x55aabcf8c740; 1 drivers
v0x55aabcecda00_66 .net v0x55aabcecda00 66, 31 0, L_0x55aabcf8c810; 1 drivers
v0x55aabcecda00_67 .net v0x55aabcecda00 67, 31 0, L_0x55aabcf8cb10; 1 drivers
v0x55aabcecda00_68 .net v0x55aabcecda00 68, 31 0, L_0x55aabcf8cbe0; 1 drivers
v0x55aabcecda00_69 .net v0x55aabcecda00 69, 31 0, L_0x55aabcf8cef0; 1 drivers
v0x55aabcecda00_70 .net v0x55aabcecda00 70, 31 0, L_0x55aabcf8cfc0; 1 drivers
v0x55aabcecda00_71 .net v0x55aabcecda00 71, 31 0, L_0x55aabcf8d2e0; 1 drivers
v0x55aabcecda00_72 .net v0x55aabcecda00 72, 31 0, L_0x55aabcf8d3b0; 1 drivers
v0x55aabcecda00_73 .net v0x55aabcecda00 73, 31 0, L_0x55aabcf8d6e0; 1 drivers
v0x55aabcecda00_74 .net v0x55aabcecda00 74, 31 0, L_0x55aabcf8d7b0; 1 drivers
v0x55aabcecda00_75 .net v0x55aabcecda00 75, 31 0, L_0x55aabcf8daf0; 1 drivers
v0x55aabcecda00_76 .net v0x55aabcecda00 76, 31 0, L_0x55aabcf8dbc0; 1 drivers
v0x55aabcecda00_77 .net v0x55aabcecda00 77, 31 0, L_0x55aabcf8df10; 1 drivers
v0x55aabcecda00_78 .net v0x55aabcecda00 78, 31 0, L_0x55aabcf8dfe0; 1 drivers
v0x55aabcecda00_79 .net v0x55aabcecda00 79, 31 0, L_0x55aabcf8e340; 1 drivers
v0x55aabcecda00_80 .net v0x55aabcecda00 80, 31 0, L_0x55aabcf8e410; 1 drivers
v0x55aabcecda00_81 .net v0x55aabcecda00 81, 31 0, L_0x55aabcf8e780; 1 drivers
v0x55aabcecda00_82 .net v0x55aabcecda00 82, 31 0, L_0x55aabcf8e850; 1 drivers
v0x55aabcecda00_83 .net v0x55aabcecda00 83, 31 0, L_0x55aabcf8ebd0; 1 drivers
v0x55aabcecda00_84 .net v0x55aabcecda00 84, 31 0, L_0x55aabcf8eca0; 1 drivers
v0x55aabcecda00_85 .net v0x55aabcecda00 85, 31 0, L_0x55aabcf8f030; 1 drivers
v0x55aabcecda00_86 .net v0x55aabcecda00 86, 31 0, L_0x55aabcf8f100; 1 drivers
v0x55aabcecda00_87 .net v0x55aabcecda00 87, 31 0, L_0x55aabcf8f4a0; 1 drivers
v0x55aabcecda00_88 .net v0x55aabcecda00 88, 31 0, L_0x55aabcf8f570; 1 drivers
v0x55aabcecda00_89 .net v0x55aabcecda00 89, 31 0, L_0x55aabcf8f920; 1 drivers
v0x55aabcecda00_90 .net v0x55aabcecda00 90, 31 0, L_0x55aabcf8f9f0; 1 drivers
v0x55aabcecda00_91 .net v0x55aabcecda00 91, 31 0, L_0x55aabcf8fdb0; 1 drivers
v0x55aabcecda00_92 .net v0x55aabcecda00 92, 31 0, L_0x55aabcf8fe80; 1 drivers
v0x55aabcecda00_93 .net v0x55aabcecda00 93, 31 0, L_0x55aabcf90250; 1 drivers
v0x55aabcecda00_94 .net v0x55aabcecda00 94, 31 0, L_0x55aabcf90320; 1 drivers
v0x55aabcecda00_95 .net v0x55aabcecda00 95, 31 0, L_0x55aabcf90700; 1 drivers
v0x55aabcecda00_96 .net v0x55aabcecda00 96, 31 0, L_0x55aabcf907d0; 1 drivers
v0x55aabcecda00_97 .net v0x55aabcecda00 97, 31 0, L_0x55aabcf90bc0; 1 drivers
v0x55aabcecda00_98 .net v0x55aabcecda00 98, 31 0, L_0x55aabcf90c90; 1 drivers
v0x55aabcecda00_99 .net v0x55aabcecda00 99, 31 0, L_0x55aabcf91090; 1 drivers
v0x55aabcecda00_100 .net v0x55aabcecda00 100, 31 0, L_0x55aabcf91160; 1 drivers
v0x55aabcecda00_101 .net v0x55aabcecda00 101, 31 0, L_0x55aabcf91570; 1 drivers
v0x55aabcecda00_102 .net v0x55aabcecda00 102, 31 0, L_0x55aabcf91640; 1 drivers
v0x55aabcecda00_103 .net v0x55aabcecda00 103, 31 0, L_0x55aabcf91a60; 1 drivers
v0x55aabcecda00_104 .net v0x55aabcecda00 104, 31 0, L_0x55aabcf91b30; 1 drivers
v0x55aabcecda00_105 .net v0x55aabcecda00 105, 31 0, L_0x55aabcf91f60; 1 drivers
v0x55aabcecda00_106 .net v0x55aabcecda00 106, 31 0, L_0x55aabcf92030; 1 drivers
v0x55aabcecda00_107 .net v0x55aabcecda00 107, 31 0, L_0x55aabcf92470; 1 drivers
v0x55aabcecda00_108 .net v0x55aabcecda00 108, 31 0, L_0x55aabcf92540; 1 drivers
v0x55aabcecda00_109 .net v0x55aabcecda00 109, 31 0, L_0x55aabcf92990; 1 drivers
v0x55aabcecda00_110 .net v0x55aabcecda00 110, 31 0, L_0x55aabcf92a60; 1 drivers
v0x55aabcecda00_111 .net v0x55aabcecda00 111, 31 0, L_0x55aabcf92ec0; 1 drivers
v0x55aabcecda00_112 .net v0x55aabcecda00 112, 31 0, L_0x55aabcf92f90; 1 drivers
v0x55aabcecda00_113 .net v0x55aabcecda00 113, 31 0, L_0x55aabcf93400; 1 drivers
v0x55aabcecda00_114 .net v0x55aabcecda00 114, 31 0, L_0x55aabcf934d0; 1 drivers
v0x55aabcecda00_115 .net v0x55aabcecda00 115, 31 0, L_0x55aabcf93950; 1 drivers
v0x55aabcecda00_116 .net v0x55aabcecda00 116, 31 0, L_0x55aabcf93a20; 1 drivers
v0x55aabcecda00_117 .net v0x55aabcecda00 117, 31 0, L_0x55aabcf93eb0; 1 drivers
v0x55aabcecda00_118 .net v0x55aabcecda00 118, 31 0, L_0x55aabcf93f80; 1 drivers
v0x55aabcecda00_119 .net v0x55aabcecda00 119, 31 0, L_0x55aabcf94420; 1 drivers
v0x55aabcecda00_120 .net v0x55aabcecda00 120, 31 0, L_0x55aabcf944f0; 1 drivers
v0x55aabcecda00_121 .net v0x55aabcecda00 121, 31 0, L_0x55aabcf949a0; 1 drivers
v0x55aabcecda00_122 .net v0x55aabcecda00 122, 31 0, L_0x55aabcf94a70; 1 drivers
v0x55aabcecda00_123 .net v0x55aabcecda00 123, 31 0, L_0x55aabcf94f30; 1 drivers
v0x55aabcecda00_124 .net v0x55aabcecda00 124, 31 0, L_0x55aabcf95000; 1 drivers
v0x55aabcecda00_125 .net v0x55aabcecda00 125, 31 0, L_0x55aabcea47e0; 1 drivers
v0x55aabcecda00_126 .net v0x55aabcecda00 126, 31 0, L_0x55aabcea48b0; 1 drivers
v0x55aabcecda00_127 .net v0x55aabcecda00 127, 31 0, L_0x55aabcea4d90; 1 drivers
v0x55aabcecda00_128 .net v0x55aabcecda00 128, 31 0, L_0x55aabcea4e60; 1 drivers
v0x55aabcecda00_129 .net v0x55aabcecda00 129, 31 0, L_0x55aabcf950d0; 1 drivers
v0x55aabcecda00_130 .net v0x55aabcecda00 130, 31 0, L_0x55aabcf95170; 1 drivers
v0x55aabcecda00_131 .net v0x55aabcecda00 131, 31 0, L_0x55aabcea4f30; 1 drivers
v0x55aabcecda00_132 .net v0x55aabcecda00 132, 31 0, L_0x55aabcea5000; 1 drivers
v0x55aabcecda00_133 .net v0x55aabcecda00 133, 31 0, L_0x55aabcea50d0; 1 drivers
v0x55aabcecda00_134 .net v0x55aabcecda00 134, 31 0, L_0x55aabcea51a0; 1 drivers
v0x55aabcecda00_135 .net v0x55aabcecda00 135, 31 0, L_0x55aabcea5270; 1 drivers
v0x55aabcecda00_136 .net v0x55aabcecda00 136, 31 0, L_0x55aabcf95690; 1 drivers
v0x55aabcecda00_137 .net v0x55aabcecda00 137, 31 0, L_0x55aabcea53e0; 1 drivers
v0x55aabcecda00_138 .net v0x55aabcecda00 138, 31 0, L_0x55aabcf95270; 1 drivers
v0x55aabcecda00_139 .net v0x55aabcecda00 139, 31 0, L_0x55aabcf95340; 1 drivers
v0x55aabcecda00_140 .net v0x55aabcecda00 140, 31 0, L_0x55aabcf95410; 1 drivers
v0x55aabcecda00_141 .net v0x55aabcecda00 141, 31 0, L_0x55aabcf954e0; 1 drivers
v0x55aabcecda00_142 .net v0x55aabcecda00 142, 31 0, L_0x55aabcf955b0; 1 drivers
v0x55aabcecda00_143 .net v0x55aabcecda00 143, 31 0, L_0x55aabcf95b90; 1 drivers
v0x55aabcecda00_144 .net v0x55aabcecda00 144, 31 0, L_0x55aabcf95c60; 1 drivers
v0x55aabcecda00_145 .net v0x55aabcecda00 145, 31 0, L_0x55aabcea5480; 1 drivers
v0x55aabcecda00_146 .net v0x55aabcecda00 146, 31 0, L_0x55aabcf95700; 1 drivers
v0x55aabcecda00_147 .net v0x55aabcecda00 147, 31 0, L_0x55aabcf957d0; 1 drivers
v0x55aabcecda00_148 .net v0x55aabcecda00 148, 31 0, L_0x55aabcf958a0; 1 drivers
v0x55aabcecda00_149 .net v0x55aabcecda00 149, 31 0, L_0x55aabcf95970; 1 drivers
v0x55aabcecda00_150 .net v0x55aabcecda00 150, 31 0, L_0x55aabcf95a40; 1 drivers
v0x55aabcecda00_151 .net v0x55aabcecda00 151, 31 0, L_0x55aabcf95b10; 1 drivers
v0x55aabcecda00_152 .net v0x55aabcecda00 152, 31 0, L_0x55aabcf96230; 1 drivers
v0x55aabcecda00_153 .net v0x55aabcecda00 153, 31 0, L_0x55aabcea5580; 1 drivers
v0x55aabcecda00_154 .net v0x55aabcecda00 154, 31 0, L_0x55aabcf95d30; 1 drivers
v0x55aabcecda00_155 .net v0x55aabcecda00 155, 31 0, L_0x55aabcf95e00; 1 drivers
v0x55aabcecda00_156 .net v0x55aabcecda00 156, 31 0, L_0x55aabcf95ed0; 1 drivers
v0x55aabcecda00_157 .net v0x55aabcecda00 157, 31 0, L_0x55aabcf95fa0; 1 drivers
v0x55aabcecda00_158 .net v0x55aabcecda00 158, 31 0, L_0x55aabcf96070; 1 drivers
v0x55aabcecda00_159 .net v0x55aabcecda00 159, 31 0, L_0x55aabcf96140; 1 drivers
v0x55aabcecda00_160 .net v0x55aabcecda00 160, 31 0, L_0x55aabcf96810; 1 drivers
v0x55aabcecda00_161 .net v0x55aabcecda00 161, 31 0, L_0x55aabcea5680; 1 drivers
v0x55aabcecda00_162 .net v0x55aabcecda00 162, 31 0, L_0x55aabcf96300; 1 drivers
v0x55aabcecda00_163 .net v0x55aabcecda00 163, 31 0, L_0x55aabcf963d0; 1 drivers
v0x55aabcecda00_164 .net v0x55aabcecda00 164, 31 0, L_0x55aabcf964a0; 1 drivers
v0x55aabcecda00_165 .net v0x55aabcecda00 165, 31 0, L_0x55aabcf96570; 1 drivers
v0x55aabcecda00_166 .net v0x55aabcecda00 166, 31 0, L_0x55aabcf96640; 1 drivers
v0x55aabcecda00_167 .net v0x55aabcecda00 167, 31 0, L_0x55aabcf96710; 1 drivers
v0x55aabcecda00_168 .net v0x55aabcecda00 168, 31 0, L_0x55aabcf96e30; 1 drivers
v0x55aabcecda00_169 .net v0x55aabcecda00 169, 31 0, L_0x55aabcea5780; 1 drivers
v0x55aabcecda00_170 .net v0x55aabcecda00 170, 31 0, L_0x55aabcf968e0; 1 drivers
v0x55aabcecda00_171 .net v0x55aabcecda00 171, 31 0, L_0x55aabcf969b0; 1 drivers
v0x55aabcecda00_172 .net v0x55aabcecda00 172, 31 0, L_0x55aabcf96a80; 1 drivers
v0x55aabcecda00_173 .net v0x55aabcecda00 173, 31 0, L_0x55aabcf96b50; 1 drivers
v0x55aabcecda00_174 .net v0x55aabcecda00 174, 31 0, L_0x55aabcf96c20; 1 drivers
v0x55aabcecda00_175 .net v0x55aabcecda00 175, 31 0, L_0x55aabcf96cf0; 1 drivers
v0x55aabcecda00_176 .net v0x55aabcecda00 176, 31 0, L_0x55aabcf96dc0; 1 drivers
v0x55aabcecda00_177 .net v0x55aabcecda00 177, 31 0, L_0x55aabcea5880; 1 drivers
v0x55aabcecda00_178 .net v0x55aabcecda00 178, 31 0, L_0x55aabcf96ea0; 1 drivers
v0x55aabcecda00_179 .net v0x55aabcecda00 179, 31 0, L_0x55aabcf96f70; 1 drivers
v0x55aabcecda00_180 .net v0x55aabcecda00 180, 31 0, L_0x55aabcf97040; 1 drivers
v0x55aabcecda00_181 .net v0x55aabcecda00 181, 31 0, L_0x55aabcf97110; 1 drivers
v0x55aabcecda00_182 .net v0x55aabcecda00 182, 31 0, L_0x55aabcf971e0; 1 drivers
v0x55aabcecda00_183 .net v0x55aabcecda00 183, 31 0, L_0x55aabcf972b0; 1 drivers
v0x55aabcecda00_184 .net v0x55aabcecda00 184, 31 0, L_0x55aabcf97380; 1 drivers
v0x55aabcecda00_185 .net v0x55aabcecda00 185, 31 0, L_0x55aabcf97a40; 1 drivers
v0x55aabcecda00_186 .net v0x55aabcecda00 186, 31 0, L_0x55aabcf97b10; 1 drivers
v0x55aabcecda00_187 .net v0x55aabcecda00 187, 31 0, L_0x55aabcea5980; 1 drivers
v0x55aabcecda00_188 .net v0x55aabcecda00 188, 31 0, L_0x55aabcea5a50; 1 drivers
v0x55aabcecda00_189 .net v0x55aabcecda00 189, 31 0, L_0x55aabcf974c0; 1 drivers
v0x55aabcecda00_190 .net v0x55aabcecda00 190, 31 0, L_0x55aabcf97590; 1 drivers
v0x55aabcecda00_191 .net v0x55aabcecda00 191, 31 0, L_0x55aabcf97660; 1 drivers
v0x55aabcecda00_192 .net v0x55aabcecda00 192, 31 0, L_0x55aabcf97730; 1 drivers
v0x55aabcecda00_193 .net v0x55aabcecda00 193, 31 0, L_0x55aabcf97800; 1 drivers
v0x55aabcecda00_194 .net v0x55aabcecda00 194, 31 0, L_0x55aabcf978d0; 1 drivers
v0x55aabcecda00_195 .net v0x55aabcecda00 195, 31 0, L_0x55aabcf979a0; 1 drivers
v0x55aabcecda00_196 .net v0x55aabcecda00 196, 31 0, L_0x55aabcf98240; 1 drivers
v0x55aabcecda00_197 .net v0x55aabcecda00 197, 31 0, L_0x55aabcea5ac0; 1 drivers
v0x55aabcecda00_198 .net v0x55aabcecda00 198, 31 0, L_0x55aabcea5b90; 1 drivers
v0x55aabcecda00_199 .net v0x55aabcecda00 199, 31 0, L_0x55aabcf97c40; 1 drivers
v0x55aabcecda00_200 .net v0x55aabcecda00 200, 31 0, L_0x55aabcf97d10; 1 drivers
v0x55aabcecda00_201 .net v0x55aabcecda00 201, 31 0, L_0x55aabcf97de0; 1 drivers
v0x55aabcecda00_202 .net v0x55aabcecda00 202, 31 0, L_0x55aabcf97eb0; 1 drivers
v0x55aabcecda00_203 .net v0x55aabcecda00 203, 31 0, L_0x55aabcf97f80; 1 drivers
v0x55aabcecda00_204 .net v0x55aabcecda00 204, 31 0, L_0x55aabcf98050; 1 drivers
v0x55aabcecda00_205 .net v0x55aabcecda00 205, 31 0, L_0x55aabcf98120; 1 drivers
v0x55aabcecda00_206 .net v0x55aabcecda00 206, 31 0, L_0x55aabcf98990; 1 drivers
v0x55aabcecda00_207 .net v0x55aabcecda00 207, 31 0, L_0x55aabcea5c00; 1 drivers
v0x55aabcecda00_208 .net v0x55aabcecda00 208, 31 0, L_0x55aabcea5cd0; 1 drivers
v0x55aabcecda00_209 .net v0x55aabcecda00 209, 31 0, L_0x55aabcf98370; 1 drivers
v0x55aabcecda00_210 .net v0x55aabcecda00 210, 31 0, L_0x55aabcf98440; 1 drivers
v0x55aabcecda00_211 .net v0x55aabcecda00 211, 31 0, L_0x55aabcf98510; 1 drivers
v0x55aabcecda00_212 .net v0x55aabcecda00 212, 31 0, L_0x55aabcf985e0; 1 drivers
v0x55aabcecda00_213 .net v0x55aabcecda00 213, 31 0, L_0x55aabcf986b0; 1 drivers
v0x55aabcecda00_214 .net v0x55aabcecda00 214, 31 0, L_0x55aabcf98780; 1 drivers
v0x55aabcecda00_215 .net v0x55aabcecda00 215, 31 0, L_0x55aabcf98850; 1 drivers
v0x55aabcecda00_216 .net v0x55aabcecda00 216, 31 0, L_0x55aabcf98920; 1 drivers
v0x55aabcecda00_217 .net v0x55aabcecda00 217, 31 0, L_0x55aabcea5d40; 1 drivers
v0x55aabcecda00_218 .net v0x55aabcecda00 218, 31 0, L_0x55aabcea5e10; 1 drivers
v0x55aabcecda00_219 .net v0x55aabcecda00 219, 31 0, L_0x55aabcf98ac0; 1 drivers
v0x55aabcecda00_220 .net v0x55aabcecda00 220, 31 0, L_0x55aabcf98b90; 1 drivers
v0x55aabcecda00_221 .net v0x55aabcecda00 221, 31 0, L_0x55aabcf98c60; 1 drivers
v0x55aabcecda00_222 .net v0x55aabcecda00 222, 31 0, L_0x55aabcf98d30; 1 drivers
v0x55aabcecda00_223 .net v0x55aabcecda00 223, 31 0, L_0x55aabcf98e00; 1 drivers
v0x55aabcecda00_224 .net v0x55aabcecda00 224, 31 0, L_0x55aabcf98ed0; 1 drivers
v0x55aabcecda00_225 .net v0x55aabcecda00 225, 31 0, L_0x55aabcf98fa0; 1 drivers
v0x55aabcecda00_226 .net v0x55aabcecda00 226, 31 0, L_0x55aabcf99070; 1 drivers
v0x55aabcecda00_227 .net v0x55aabcecda00 227, 31 0, L_0x55aabcea5e80; 1 drivers
v0x55aabcecda00_228 .net v0x55aabcecda00 228, 31 0, L_0x55aabcea5f50; 1 drivers
v0x55aabcecda00_229 .net v0x55aabcecda00 229, 31 0, L_0x55aabcf991f0; 1 drivers
v0x55aabcecda00_230 .net v0x55aabcecda00 230, 31 0, L_0x55aabcf992c0; 1 drivers
v0x55aabcecda00_231 .net v0x55aabcecda00 231, 31 0, L_0x55aabcf99390; 1 drivers
v0x55aabcecda00_232 .net v0x55aabcecda00 232, 31 0, L_0x55aabcf99460; 1 drivers
v0x55aabcecda00_233 .net v0x55aabcecda00 233, 31 0, L_0x55aabcf99530; 1 drivers
v0x55aabcecda00_234 .net v0x55aabcecda00 234, 31 0, L_0x55aabcf99600; 1 drivers
v0x55aabcecda00_235 .net v0x55aabcecda00 235, 31 0, L_0x55aabcf996d0; 1 drivers
v0x55aabcecda00_236 .net v0x55aabcecda00 236, 31 0, L_0x55aabcf997a0; 1 drivers
v0x55aabcecda00_237 .net v0x55aabcecda00 237, 31 0, L_0x55aabcf9a060; 1 drivers
v0x55aabcecda00_238 .net v0x55aabcecda00 238, 31 0, L_0x55aabcf9a100; 1 drivers
v0x55aabcecda00_239 .net v0x55aabcecda00 239, 31 0, L_0x55aabcea5fc0; 1 drivers
v0x55aabcecda00_240 .net v0x55aabcecda00 240, 31 0, L_0x55aabcea6090; 1 drivers
v0x55aabcecda00_241 .net v0x55aabcecda00 241, 31 0, L_0x55aabcf998e0; 1 drivers
v0x55aabcecda00_242 .net v0x55aabcecda00 242, 31 0, L_0x55aabcf999b0; 1 drivers
v0x55aabcecda00_243 .net v0x55aabcecda00 243, 31 0, L_0x55aabcf99a80; 1 drivers
v0x55aabcecda00_244 .net v0x55aabcecda00 244, 31 0, L_0x55aabcf99b50; 1 drivers
v0x55aabcecda00_245 .net v0x55aabcecda00 245, 31 0, L_0x55aabcf99c20; 1 drivers
v0x55aabcecda00_246 .net v0x55aabcecda00 246, 31 0, L_0x55aabcf99cf0; 1 drivers
v0x55aabcecda00_247 .net v0x55aabcecda00 247, 31 0, L_0x55aabcf99dc0; 1 drivers
v0x55aabcecda00_248 .net v0x55aabcecda00 248, 31 0, L_0x55aabcf99e90; 1 drivers
v0x55aabcecda00_249 .net v0x55aabcecda00 249, 31 0, L_0x55aabcf99f60; 1 drivers
v0x55aabcecda00_250 .net v0x55aabcecda00 250, 31 0, L_0x55aabcf9a9b0; 1 drivers
v0x55aabcecda00_251 .net v0x55aabcecda00 251, 31 0, L_0x55aabcea6160; 1 drivers
v0x55aabcecda00_252 .net v0x55aabcecda00 252, 31 0, L_0x55aabcea6230; 1 drivers
v0x55aabcecda00_253 .net v0x55aabcecda00 253, 31 0, L_0x55aabcf9a200; 1 drivers
v0x55aabcecda00_254 .net v0x55aabcecda00 254, 31 0, L_0x55aabcf9a2d0; 1 drivers
v0x55aabcecda00_255 .net v0x55aabcecda00 255, 31 0, L_0x55aabcf9a3a0; 1 drivers
v0x55aabcecda00_256 .net v0x55aabcecda00 256, 31 0, L_0x55aabcf9a470; 1 drivers
v0x55aabcecda00_257 .net v0x55aabcecda00 257, 31 0, L_0x55aabcf9a540; 1 drivers
v0x55aabcecda00_258 .net v0x55aabcecda00 258, 31 0, L_0x55aabcf9a610; 1 drivers
v0x55aabcecda00_259 .net v0x55aabcecda00 259, 31 0, L_0x55aabcf9a6e0; 1 drivers
v0x55aabcecda00_260 .net v0x55aabcecda00 260, 31 0, L_0x55aabcf9a7b0; 1 drivers
v0x55aabcecda00_261 .net v0x55aabcecda00 261, 31 0, L_0x55aabcf9a880; 1 drivers
v0x55aabcecda00_262 .net v0x55aabcecda00 262, 31 0, L_0x55aabcf9b290; 1 drivers
v0x55aabcecda00_263 .net v0x55aabcecda00 263, 31 0, L_0x55aabcea62e0; 1 drivers
v0x55aabcecda00_264 .net v0x55aabcecda00 264, 31 0, L_0x55aabcea63b0; 1 drivers
v0x55aabcecda00_265 .net v0x55aabcecda00 265, 31 0, L_0x55aabcf9aa80; 1 drivers
v0x55aabcecda00_266 .net v0x55aabcecda00 266, 31 0, L_0x55aabcf9ab50; 1 drivers
v0x55aabcecda00_267 .net v0x55aabcecda00 267, 31 0, L_0x55aabcf9ac20; 1 drivers
v0x55aabcecda00_268 .net v0x55aabcecda00 268, 31 0, L_0x55aabcf9acf0; 1 drivers
v0x55aabcecda00_269 .net v0x55aabcecda00 269, 31 0, L_0x55aabcf9adc0; 1 drivers
v0x55aabcecda00_270 .net v0x55aabcecda00 270, 31 0, L_0x55aabcf9ae90; 1 drivers
v0x55aabcecda00_271 .net v0x55aabcecda00 271, 31 0, L_0x55aabcf9af60; 1 drivers
v0x55aabcecda00_272 .net v0x55aabcecda00 272, 31 0, L_0x55aabcf9b030; 1 drivers
v0x55aabcecda00_273 .net v0x55aabcecda00 273, 31 0, L_0x55aabcf9b100; 1 drivers
v0x55aabcecda00_274 .net v0x55aabcecda00 274, 31 0, L_0x55aabcf9b1d0; 1 drivers
v0x55aabcecda00_275 .net v0x55aabcecda00 275, 31 0, L_0x55aabcea6460; 1 drivers
v0x55aabcecda00_276 .net v0x55aabcecda00 276, 31 0, L_0x55aabcea6530; 1 drivers
v0x55aabcecda00_277 .net v0x55aabcecda00 277, 31 0, L_0x55aabcf9b330; 1 drivers
v0x55aabcecda00_278 .net v0x55aabcecda00 278, 31 0, L_0x55aabcf9b400; 1 drivers
v0x55aabcecda00_279 .net v0x55aabcecda00 279, 31 0, L_0x55aabcf9b4d0; 1 drivers
v0x55aabcecda00_280 .net v0x55aabcecda00 280, 31 0, L_0x55aabcf9b5a0; 1 drivers
v0x55aabcecda00_281 .net v0x55aabcecda00 281, 31 0, L_0x55aabcf9b670; 1 drivers
v0x55aabcecda00_282 .net v0x55aabcecda00 282, 31 0, L_0x55aabcf9b740; 1 drivers
v0x55aabcecda00_283 .net v0x55aabcecda00 283, 31 0, L_0x55aabcf9b810; 1 drivers
v0x55aabcecda00_284 .net v0x55aabcecda00 284, 31 0, L_0x55aabcf9b8e0; 1 drivers
v0x55aabcecda00_285 .net v0x55aabcecda00 285, 31 0, L_0x55aabcf9b9b0; 1 drivers
v0x55aabcecda00_286 .net v0x55aabcecda00 286, 31 0, L_0x55aabcf9ba80; 1 drivers
v0x55aabcecda00_287 .net v0x55aabcecda00 287, 31 0, L_0x55aabcf9c4e0; 1 drivers
v0x55aabcecda00_288 .net v0x55aabcecda00 288, 31 0, L_0x55aabcf9c580; 1 drivers
v0x55aabcecda00_289 .net v0x55aabcecda00 289, 31 0, L_0x55aabcea65e0; 1 drivers
v0x55aabcecda00_290 .net v0x55aabcecda00 290, 31 0, L_0x55aabcea66b0; 1 drivers
v0x55aabcecda00_291 .net v0x55aabcecda00 291, 31 0, L_0x55aabcf9bbd0; 1 drivers
v0x55aabcecda00_292 .net v0x55aabcecda00 292, 31 0, L_0x55aabcf9bca0; 1 drivers
v0x55aabcecda00_293 .net v0x55aabcecda00 293, 31 0, L_0x55aabcf9bd70; 1 drivers
v0x55aabcecda00_294 .net v0x55aabcecda00 294, 31 0, L_0x55aabcf9be40; 1 drivers
v0x55aabcecda00_295 .net v0x55aabcecda00 295, 31 0, L_0x55aabcf9bf10; 1 drivers
v0x55aabcecda00_296 .net v0x55aabcecda00 296, 31 0, L_0x55aabcf9bfe0; 1 drivers
v0x55aabcecda00_297 .net v0x55aabcecda00 297, 31 0, L_0x55aabcf9c0b0; 1 drivers
v0x55aabcecda00_298 .net v0x55aabcecda00 298, 31 0, L_0x55aabcf9c180; 1 drivers
v0x55aabcecda00_299 .net v0x55aabcecda00 299, 31 0, L_0x55aabcf9c250; 1 drivers
v0x55aabcecda00_300 .net v0x55aabcecda00 300, 31 0, L_0x55aabcf9c320; 1 drivers
v0x55aabcecda00_301 .net v0x55aabcecda00 301, 31 0, L_0x55aabcf9c3f0; 1 drivers
v0x55aabcecda00_302 .net v0x55aabcecda00 302, 31 0, L_0x55aabcf9cfd0; 1 drivers
v0x55aabcecda00_303 .net v0x55aabcecda00 303, 31 0, L_0x55aabcea6780; 1 drivers
v0x55aabcecda00_304 .net v0x55aabcecda00 304, 31 0, L_0x55aabcea6850; 1 drivers
v0x55aabcecda00_305 .net v0x55aabcecda00 305, 31 0, L_0x55aabcf9c650; 1 drivers
v0x55aabcecda00_306 .net v0x55aabcecda00 306, 31 0, L_0x55aabcf9c720; 1 drivers
v0x55aabcecda00_307 .net v0x55aabcecda00 307, 31 0, L_0x55aabcf9c7f0; 1 drivers
v0x55aabcecda00_308 .net v0x55aabcecda00 308, 31 0, L_0x55aabcf9c8c0; 1 drivers
v0x55aabcecda00_309 .net v0x55aabcecda00 309, 31 0, L_0x55aabcf9c990; 1 drivers
v0x55aabcecda00_310 .net v0x55aabcecda00 310, 31 0, L_0x55aabcf9ca60; 1 drivers
v0x55aabcecda00_311 .net v0x55aabcecda00 311, 31 0, L_0x55aabcf9cb30; 1 drivers
v0x55aabcecda00_312 .net v0x55aabcecda00 312, 31 0, L_0x55aabcf9cc00; 1 drivers
v0x55aabcecda00_313 .net v0x55aabcecda00 313, 31 0, L_0x55aabcf9ccd0; 1 drivers
v0x55aabcecda00_314 .net v0x55aabcecda00 314, 31 0, L_0x55aabcf9cda0; 1 drivers
v0x55aabcecda00_315 .net v0x55aabcecda00 315, 31 0, L_0x55aabcf9ce70; 1 drivers
v0x55aabcecda00_316 .net v0x55aabcecda00 316, 31 0, L_0x55aabcf9cf40; 1 drivers
v0x55aabcecda00_317 .net v0x55aabcecda00 317, 31 0, L_0x55aabcea6960; 1 drivers
v0x55aabcecda00_318 .net v0x55aabcecda00 318, 31 0, L_0x55aabcea6a30; 1 drivers
v0x55aabcecda00_319 .net v0x55aabcecda00 319, 31 0, L_0x55aabcf9d0a0; 1 drivers
v0x55aabcecda00_320 .net v0x55aabcecda00 320, 31 0, L_0x55aabcf9d170; 1 drivers
v0x55aabcecda00_321 .net v0x55aabcecda00 321, 31 0, L_0x55aabcf9d240; 1 drivers
v0x55aabcecda00_322 .net v0x55aabcecda00 322, 31 0, L_0x55aabcf9d310; 1 drivers
v0x55aabcecda00_323 .net v0x55aabcecda00 323, 31 0, L_0x55aabcf9d3e0; 1 drivers
v0x55aabcecda00_324 .net v0x55aabcecda00 324, 31 0, L_0x55aabcf9d4b0; 1 drivers
v0x55aabcecda00_325 .net v0x55aabcecda00 325, 31 0, L_0x55aabcf9d580; 1 drivers
v0x55aabcecda00_326 .net v0x55aabcecda00 326, 31 0, L_0x55aabcf9d650; 1 drivers
v0x55aabcecda00_327 .net v0x55aabcecda00 327, 31 0, L_0x55aabcf9d720; 1 drivers
v0x55aabcecda00_328 .net v0x55aabcecda00 328, 31 0, L_0x55aabcf9d7f0; 1 drivers
v0x55aabcecda00_329 .net v0x55aabcecda00 329, 31 0, L_0x55aabcf9d8c0; 1 drivers
v0x55aabcecda00_330 .net v0x55aabcecda00 330, 31 0, L_0x55aabcf9d990; 1 drivers
v0x55aabcecda00_331 .net v0x55aabcecda00 331, 31 0, L_0x55aabcf9e530; 1 drivers
v0x55aabcecda00_332 .net v0x55aabcecda00 332, 31 0, L_0x55aabcf9e5d0; 1 drivers
v0x55aabcecda00_333 .net v0x55aabcecda00 333, 31 0, L_0x55aabcea6b00; 1 drivers
v0x55aabcecda00_334 .net v0x55aabcecda00 334, 31 0, L_0x55aabcea6bd0; 1 drivers
v0x55aabcecda00_335 .net v0x55aabcecda00 335, 31 0, L_0x55aabcea6ca0; 1 drivers
v0x55aabcecda00_336 .net v0x55aabcecda00 336, 31 0, L_0x55aabcf9db20; 1 drivers
v0x55aabcecda00_337 .net v0x55aabcecda00 337, 31 0, L_0x55aabcf9dbf0; 1 drivers
v0x55aabcecda00_338 .net v0x55aabcecda00 338, 31 0, L_0x55aabcf9dcc0; 1 drivers
v0x55aabcecda00_339 .net v0x55aabcecda00 339, 31 0, L_0x55aabcf9dd90; 1 drivers
v0x55aabcecda00_340 .net v0x55aabcecda00 340, 31 0, L_0x55aabcf9de60; 1 drivers
v0x55aabcecda00_341 .net v0x55aabcecda00 341, 31 0, L_0x55aabcf9df30; 1 drivers
v0x55aabcecda00_342 .net v0x55aabcecda00 342, 31 0, L_0x55aabcf9e000; 1 drivers
v0x55aabcecda00_343 .net v0x55aabcecda00 343, 31 0, L_0x55aabcf9e0d0; 1 drivers
v0x55aabcecda00_344 .net v0x55aabcecda00 344, 31 0, L_0x55aabcf9e1a0; 1 drivers
v0x55aabcecda00_345 .net v0x55aabcecda00 345, 31 0, L_0x55aabcf9e270; 1 drivers
v0x55aabcecda00_346 .net v0x55aabcecda00 346, 31 0, L_0x55aabcf9e340; 1 drivers
v0x55aabcecda00_347 .net v0x55aabcecda00 347, 31 0, L_0x55aabcf9e410; 1 drivers
v0x55aabcecda00_348 .net v0x55aabcecda00 348, 31 0, L_0x55aabcf9f190; 1 drivers
v0x55aabcecda00_349 .net v0x55aabcecda00 349, 31 0, L_0x55aabcea6d20; 1 drivers
v0x55aabcecda00_350 .net v0x55aabcecda00 350, 31 0, L_0x55aabcea6df0; 1 drivers
v0x55aabcecda00_351 .net v0x55aabcecda00 351, 31 0, L_0x55aabcf9e6a0; 1 drivers
v0x55aabcecda00_352 .net v0x55aabcecda00 352, 31 0, L_0x55aabcf9e770; 1 drivers
v0x55aabcecda00_353 .net v0x55aabcecda00 353, 31 0, L_0x55aabcf9e840; 1 drivers
v0x55aabcecda00_354 .net v0x55aabcecda00 354, 31 0, L_0x55aabcf9e910; 1 drivers
v0x55aabcecda00_355 .net v0x55aabcecda00 355, 31 0, L_0x55aabcf9e9e0; 1 drivers
v0x55aabcecda00_356 .net v0x55aabcecda00 356, 31 0, L_0x55aabcf9eab0; 1 drivers
v0x55aabcecda00_357 .net v0x55aabcecda00 357, 31 0, L_0x55aabcf9eb80; 1 drivers
v0x55aabcecda00_358 .net v0x55aabcecda00 358, 31 0, L_0x55aabcf9ec50; 1 drivers
v0x55aabcecda00_359 .net v0x55aabcecda00 359, 31 0, L_0x55aabcf9ed20; 1 drivers
v0x55aabcecda00_360 .net v0x55aabcecda00 360, 31 0, L_0x55aabcf9edf0; 1 drivers
v0x55aabcecda00_361 .net v0x55aabcecda00 361, 31 0, L_0x55aabcf9eec0; 1 drivers
v0x55aabcecda00_362 .net v0x55aabcecda00 362, 31 0, L_0x55aabcf9ef90; 1 drivers
v0x55aabcecda00_363 .net v0x55aabcecda00 363, 31 0, L_0x55aabcf9f060; 1 drivers
v0x55aabcecda00_364 .net v0x55aabcecda00 364, 31 0, L_0x55aabcf9fda0; 1 drivers
v0x55aabcecda00_365 .net v0x55aabcecda00 365, 31 0, L_0x55aabcea6f20; 1 drivers
v0x55aabcecda00_366 .net v0x55aabcecda00 366, 31 0, L_0x55aabcea6ff0; 1 drivers
v0x55aabcecda00_367 .net v0x55aabcecda00 367, 31 0, L_0x55aabcf9f230; 1 drivers
v0x55aabcecda00_368 .net v0x55aabcecda00 368, 31 0, L_0x55aabcf9f300; 1 drivers
v0x55aabcecda00_369 .net v0x55aabcecda00 369, 31 0, L_0x55aabcf9f3d0; 1 drivers
v0x55aabcecda00_370 .net v0x55aabcecda00 370, 31 0, L_0x55aabcf9f4a0; 1 drivers
v0x55aabcecda00_371 .net v0x55aabcecda00 371, 31 0, L_0x55aabcf9f570; 1 drivers
v0x55aabcecda00_372 .net v0x55aabcecda00 372, 31 0, L_0x55aabcf9f640; 1 drivers
v0x55aabcecda00_373 .net v0x55aabcecda00 373, 31 0, L_0x55aabcf9f710; 1 drivers
v0x55aabcecda00_374 .net v0x55aabcecda00 374, 31 0, L_0x55aabcf9f7e0; 1 drivers
v0x55aabcecda00_375 .net v0x55aabcecda00 375, 31 0, L_0x55aabcf9f8b0; 1 drivers
v0x55aabcecda00_376 .net v0x55aabcecda00 376, 31 0, L_0x55aabcf9f980; 1 drivers
v0x55aabcecda00_377 .net v0x55aabcecda00 377, 31 0, L_0x55aabcf9fa50; 1 drivers
v0x55aabcecda00_378 .net v0x55aabcecda00 378, 31 0, L_0x55aabcf9fb20; 1 drivers
v0x55aabcecda00_379 .net v0x55aabcecda00 379, 31 0, L_0x55aabcf9fbf0; 1 drivers
v0x55aabcecda00_380 .net v0x55aabcecda00 380, 31 0, L_0x55aabcf9fcc0; 1 drivers
v0x55aabcecda00_381 .net v0x55aabcecda00 381, 31 0, L_0x55aabcfa0a10; 1 drivers
v0x55aabcecda00_382 .net v0x55aabcecda00 382, 31 0, L_0x55aabcfa0a80; 1 drivers
v0x55aabcecda00_383 .net v0x55aabcecda00 383, 31 0, L_0x55aabcea7120; 1 drivers
v0x55aabcecda00_384 .net v0x55aabcecda00 384, 31 0, L_0x55aabcea71f0; 1 drivers
v0x55aabcecda00_385 .net v0x55aabcecda00 385, 31 0, L_0x55aabcea72c0; 1 drivers
v0x55aabcecda00_386 .net v0x55aabcecda00 386, 31 0, L_0x55aabcf9fe40; 1 drivers
v0x55aabcecda00_387 .net v0x55aabcecda00 387, 31 0, L_0x55aabcf9ff10; 1 drivers
v0x55aabcecda00_388 .net v0x55aabcecda00 388, 31 0, L_0x55aabcf9ffe0; 1 drivers
v0x55aabcecda00_389 .net v0x55aabcecda00 389, 31 0, L_0x55aabcfa00b0; 1 drivers
v0x55aabcecda00_390 .net v0x55aabcecda00 390, 31 0, L_0x55aabcfa0180; 1 drivers
v0x55aabcecda00_391 .net v0x55aabcecda00 391, 31 0, L_0x55aabcfa0250; 1 drivers
v0x55aabcecda00_392 .net v0x55aabcecda00 392, 31 0, L_0x55aabcfa0320; 1 drivers
v0x55aabcecda00_393 .net v0x55aabcecda00 393, 31 0, L_0x55aabcfa03f0; 1 drivers
v0x55aabcecda00_394 .net v0x55aabcecda00 394, 31 0, L_0x55aabcfa04c0; 1 drivers
v0x55aabcecda00_395 .net v0x55aabcecda00 395, 31 0, L_0x55aabcfa0590; 1 drivers
v0x55aabcecda00_396 .net v0x55aabcecda00 396, 31 0, L_0x55aabcfa0660; 1 drivers
v0x55aabcecda00_397 .net v0x55aabcecda00 397, 31 0, L_0x55aabcfa0730; 1 drivers
v0x55aabcecda00_398 .net v0x55aabcecda00 398, 31 0, L_0x55aabcfa0800; 1 drivers
v0x55aabcecda00_399 .net v0x55aabcecda00 399, 31 0, L_0x55aabcfa08d0; 1 drivers
v0x55aabcecda00_400 .net v0x55aabcecda00 400, 31 0, L_0x55aabcfa09a0; 1 drivers
v0x55aabcecda00_401 .net v0x55aabcecda00 401, 31 0, L_0x55aabcea7360; 1 drivers
v0x55aabcecda00_402 .net v0x55aabcecda00 402, 31 0, L_0x55aabcea7430; 1 drivers
v0x55aabcecda00_403 .net v0x55aabcecda00 403, 31 0, L_0x55aabcea7500; 1 drivers
v0x55aabcecda00_404 .net v0x55aabcecda00 404, 31 0, L_0x55aabcfa0b20; 1 drivers
v0x55aabcecda00_405 .net v0x55aabcecda00 405, 31 0, L_0x55aabcfa0bf0; 1 drivers
v0x55aabcecda00_406 .net v0x55aabcecda00 406, 31 0, L_0x55aabcfa0cc0; 1 drivers
v0x55aabcecda00_407 .net v0x55aabcecda00 407, 31 0, L_0x55aabcfa0d90; 1 drivers
v0x55aabcecda00_408 .net v0x55aabcecda00 408, 31 0, L_0x55aabcfa0e60; 1 drivers
v0x55aabcecda00_409 .net v0x55aabcecda00 409, 31 0, L_0x55aabcfa0f30; 1 drivers
v0x55aabcecda00_410 .net v0x55aabcecda00 410, 31 0, L_0x55aabcfa1000; 1 drivers
v0x55aabcecda00_411 .net v0x55aabcecda00 411, 31 0, L_0x55aabcfa10d0; 1 drivers
v0x55aabcecda00_412 .net v0x55aabcecda00 412, 31 0, L_0x55aabcfa11a0; 1 drivers
v0x55aabcecda00_413 .net v0x55aabcecda00 413, 31 0, L_0x55aabcfa1270; 1 drivers
v0x55aabcecda00_414 .net v0x55aabcecda00 414, 31 0, L_0x55aabcfa1340; 1 drivers
v0x55aabcecda00_415 .net v0x55aabcecda00 415, 31 0, L_0x55aabcfa1410; 1 drivers
v0x55aabcecda00_416 .net v0x55aabcecda00 416, 31 0, L_0x55aabcfa14e0; 1 drivers
v0x55aabcecda00_417 .net v0x55aabcecda00 417, 31 0, L_0x55aabcfa15b0; 1 drivers
v0x55aabcecda00_418 .net v0x55aabcecda00 418, 31 0, L_0x55aabcfa1680; 1 drivers
v0x55aabcecda00_419 .net v0x55aabcecda00 419, 31 0, L_0x55aabcfa2510; 1 drivers
v0x55aabcecda00_420 .net v0x55aabcecda00 420, 31 0, L_0x55aabcfa25b0; 1 drivers
v0x55aabcecda00_421 .net v0x55aabcecda00 421, 31 0, L_0x55aabcea75a0; 1 drivers
v0x55aabcecda00_422 .net v0x55aabcecda00 422, 31 0, L_0x55aabcea7670; 1 drivers
v0x55aabcecda00_423 .net v0x55aabcecda00 423, 31 0, L_0x55aabcea7740; 1 drivers
v0x55aabcecda00_424 .net v0x55aabcecda00 424, 31 0, L_0x55aabcfa17e0; 1 drivers
v0x55aabcecda00_425 .net v0x55aabcecda00 425, 31 0, L_0x55aabcfa18b0; 1 drivers
v0x55aabcecda00_426 .net v0x55aabcecda00 426, 31 0, L_0x55aabcfa1980; 1 drivers
v0x55aabcecda00_427 .net v0x55aabcecda00 427, 31 0, L_0x55aabcfa1a50; 1 drivers
v0x55aabcecda00_428 .net v0x55aabcecda00 428, 31 0, L_0x55aabcfa1b20; 1 drivers
v0x55aabcecda00_429 .net v0x55aabcecda00 429, 31 0, L_0x55aabcfa1bf0; 1 drivers
v0x55aabcecda00_430 .net v0x55aabcecda00 430, 31 0, L_0x55aabcfa1cc0; 1 drivers
v0x55aabcecda00_431 .net v0x55aabcecda00 431, 31 0, L_0x55aabcfa1d90; 1 drivers
v0x55aabcecda00_432 .net v0x55aabcecda00 432, 31 0, L_0x55aabcfa1e60; 1 drivers
v0x55aabcecda00_433 .net v0x55aabcecda00 433, 31 0, L_0x55aabcfa1f30; 1 drivers
v0x55aabcecda00_434 .net v0x55aabcecda00 434, 31 0, L_0x55aabcfa2000; 1 drivers
v0x55aabcecda00_435 .net v0x55aabcecda00 435, 31 0, L_0x55aabcfa20d0; 1 drivers
v0x55aabcecda00_436 .net v0x55aabcecda00 436, 31 0, L_0x55aabcfa21a0; 1 drivers
v0x55aabcecda00_437 .net v0x55aabcecda00 437, 31 0, L_0x55aabcfa2270; 1 drivers
v0x55aabcecda00_438 .net v0x55aabcecda00 438, 31 0, L_0x55aabcfa2340; 1 drivers
v0x55aabcecda00_439 .net v0x55aabcecda00 439, 31 0, L_0x55aabcfa2410; 1 drivers
v0x55aabcecda00_440 .net v0x55aabcecda00 440, 31 0, L_0x55aabcfa3450; 1 drivers
v0x55aabcecda00_441 .net v0x55aabcecda00 441, 31 0, L_0x55aabcea7820; 1 drivers
v0x55aabcecda00_442 .net v0x55aabcecda00 442, 31 0, L_0x55aabcea78f0; 1 drivers
v0x55aabcecda00_443 .net v0x55aabcecda00 443, 31 0, L_0x55aabcea79c0; 1 drivers
v0x55aabcecda00_444 .net v0x55aabcecda00 444, 31 0, L_0x55aabcfa2680; 1 drivers
v0x55aabcecda00_445 .net v0x55aabcecda00 445, 31 0, L_0x55aabcfa2750; 1 drivers
v0x55aabcecda00_446 .net v0x55aabcecda00 446, 31 0, L_0x55aabcfa2820; 1 drivers
v0x55aabcecda00_447 .net v0x55aabcecda00 447, 31 0, L_0x55aabcfa28f0; 1 drivers
v0x55aabcecda00_448 .net v0x55aabcecda00 448, 31 0, L_0x55aabcfa29c0; 1 drivers
v0x55aabcecda00_449 .net v0x55aabcecda00 449, 31 0, L_0x55aabcfa2a90; 1 drivers
v0x55aabcecda00_450 .net v0x55aabcecda00 450, 31 0, L_0x55aabcfa2b60; 1 drivers
v0x55aabcecda00_451 .net v0x55aabcecda00 451, 31 0, L_0x55aabcfa2c30; 1 drivers
v0x55aabcecda00_452 .net v0x55aabcecda00 452, 31 0, L_0x55aabcfa2d00; 1 drivers
v0x55aabcecda00_453 .net v0x55aabcecda00 453, 31 0, L_0x55aabcfa2dd0; 1 drivers
v0x55aabcecda00_454 .net v0x55aabcecda00 454, 31 0, L_0x55aabcfa2ea0; 1 drivers
v0x55aabcecda00_455 .net v0x55aabcecda00 455, 31 0, L_0x55aabcfa2f70; 1 drivers
v0x55aabcecda00_456 .net v0x55aabcecda00 456, 31 0, L_0x55aabcfa3040; 1 drivers
v0x55aabcecda00_457 .net v0x55aabcecda00 457, 31 0, L_0x55aabcfa3110; 1 drivers
v0x55aabcecda00_458 .net v0x55aabcecda00 458, 31 0, L_0x55aabcfa31e0; 1 drivers
v0x55aabcecda00_459 .net v0x55aabcecda00 459, 31 0, L_0x55aabcfa32b0; 1 drivers
v0x55aabcecda00_460 .net v0x55aabcecda00 460, 31 0, L_0x55aabcfa3380; 1 drivers
v0x55aabcecda00_461 .net v0x55aabcecda00 461, 31 0, L_0x55aabcfa4370; 1 drivers
v0x55aabcecda00_462 .net v0x55aabcecda00 462, 31 0, L_0x55aabcfa4440; 1 drivers
v0x55aabcecda00_463 .net v0x55aabcecda00 463, 31 0, L_0x55aabcea7aa0; 1 drivers
v0x55aabcecda00_464 .net v0x55aabcecda00 464, 31 0, L_0x55aabcea7b70; 1 drivers
v0x55aabcecda00_465 .net v0x55aabcecda00 465, 31 0, L_0x55aabcea7c40; 1 drivers
v0x55aabcecda00_466 .net v0x55aabcecda00 466, 31 0, L_0x55aabcfa34f0; 1 drivers
v0x55aabcecda00_467 .net v0x55aabcecda00 467, 31 0, L_0x55aabcfa35c0; 1 drivers
v0x55aabcecda00_468 .net v0x55aabcecda00 468, 31 0, L_0x55aabcfa3690; 1 drivers
v0x55aabcecda00_469 .net v0x55aabcecda00 469, 31 0, L_0x55aabcfa3760; 1 drivers
v0x55aabcecda00_470 .net v0x55aabcecda00 470, 31 0, L_0x55aabcfa3830; 1 drivers
v0x55aabcecda00_471 .net v0x55aabcecda00 471, 31 0, L_0x55aabcfa3900; 1 drivers
v0x55aabcecda00_472 .net v0x55aabcecda00 472, 31 0, L_0x55aabcfa39d0; 1 drivers
v0x55aabcecda00_473 .net v0x55aabcecda00 473, 31 0, L_0x55aabcfa3aa0; 1 drivers
v0x55aabcecda00_474 .net v0x55aabcecda00 474, 31 0, L_0x55aabcfa3b70; 1 drivers
v0x55aabcecda00_475 .net v0x55aabcecda00 475, 31 0, L_0x55aabcfa3c40; 1 drivers
v0x55aabcecda00_476 .net v0x55aabcecda00 476, 31 0, L_0x55aabcfa3d10; 1 drivers
v0x55aabcecda00_477 .net v0x55aabcecda00 477, 31 0, L_0x55aabcfa3de0; 1 drivers
v0x55aabcecda00_478 .net v0x55aabcecda00 478, 31 0, L_0x55aabcfa3eb0; 1 drivers
v0x55aabcecda00_479 .net v0x55aabcecda00 479, 31 0, L_0x55aabcfa3f80; 1 drivers
v0x55aabcecda00_480 .net v0x55aabcecda00 480, 31 0, L_0x55aabcfa4050; 1 drivers
v0x55aabcecda00_481 .net v0x55aabcecda00 481, 31 0, L_0x55aabcfa4120; 1 drivers
v0x55aabcecda00_482 .net v0x55aabcecda00 482, 31 0, L_0x55aabcfa41f0; 1 drivers
v0x55aabcecda00_483 .net v0x55aabcecda00 483, 31 0, L_0x55aabcfa42c0; 1 drivers
v0x55aabcecda00_484 .net v0x55aabcecda00 484, 31 0, L_0x55aabcfa5440; 1 drivers
v0x55aabcecda00_485 .net v0x55aabcecda00 485, 31 0, L_0x55aabcea7d40; 1 drivers
v0x55aabcecda00_486 .net v0x55aabcecda00 486, 31 0, L_0x55aabcea7e10; 1 drivers
v0x55aabcecda00_487 .net v0x55aabcecda00 487, 31 0, L_0x55aabcea7ee0; 1 drivers
v0x55aabcecda00_488 .net v0x55aabcecda00 488, 31 0, L_0x55aabcea7fb0; 1 drivers
v0x55aabcecda00_489 .net v0x55aabcecda00 489, 31 0, L_0x55aabcfa4570; 1 drivers
v0x55aabcecda00_490 .net v0x55aabcecda00 490, 31 0, L_0x55aabcfa4640; 1 drivers
v0x55aabcecda00_491 .net v0x55aabcecda00 491, 31 0, L_0x55aabcfa4710; 1 drivers
v0x55aabcecda00_492 .net v0x55aabcecda00 492, 31 0, L_0x55aabcfa47e0; 1 drivers
v0x55aabcecda00_493 .net v0x55aabcecda00 493, 31 0, L_0x55aabcfa48b0; 1 drivers
v0x55aabcecda00_494 .net v0x55aabcecda00 494, 31 0, L_0x55aabcfa4980; 1 drivers
v0x55aabcecda00_495 .net v0x55aabcecda00 495, 31 0, L_0x55aabcfa4a50; 1 drivers
v0x55aabcecda00_496 .net v0x55aabcecda00 496, 31 0, L_0x55aabcfa4b20; 1 drivers
v0x55aabcecda00_497 .net v0x55aabcecda00 497, 31 0, L_0x55aabcfa4bf0; 1 drivers
v0x55aabcecda00_498 .net v0x55aabcecda00 498, 31 0, L_0x55aabcfa4cc0; 1 drivers
v0x55aabcecda00_499 .net v0x55aabcecda00 499, 31 0, L_0x55aabcfa4d90; 1 drivers
v0x55aabcecda00_500 .net v0x55aabcecda00 500, 31 0, L_0x55aabcfa4e60; 1 drivers
v0x55aabcecda00_501 .net v0x55aabcecda00 501, 31 0, L_0x55aabcfa4f30; 1 drivers
v0x55aabcecda00_502 .net v0x55aabcecda00 502, 31 0, L_0x55aabcfa5000; 1 drivers
v0x55aabcecda00_503 .net v0x55aabcecda00 503, 31 0, L_0x55aabcfa50d0; 1 drivers
v0x55aabcecda00_504 .net v0x55aabcecda00 504, 31 0, L_0x55aabcfa51a0; 1 drivers
v0x55aabcecda00_505 .net v0x55aabcecda00 505, 31 0, L_0x55aabcfa5270; 1 drivers
v0x55aabcecda00_506 .net v0x55aabcecda00 506, 31 0, L_0x55aabcfa5340; 1 drivers
v0x55aabcecda00_507 .net v0x55aabcecda00 507, 31 0, L_0x55aabcfa6500; 1 drivers
v0x55aabcecda00_508 .net v0x55aabcecda00 508, 31 0, L_0x55aabcfa65a0; 1 drivers
v0x55aabcecda00_509 .net v0x55aabcecda00 509, 31 0, L_0x55aabcea8020; 1 drivers
v0x55aabcecda00_510 .net v0x55aabcecda00 510, 31 0, L_0x55aabcea80f0; 1 drivers
v0x55aabcecda00_511 .net v0x55aabcecda00 511, 31 0, L_0x55aabcea81c0; 1 drivers
v0x55aabcecda00_512 .net v0x55aabcecda00 512, 31 0, L_0x55aabcea8290; 1 drivers
v0x55aabcecda00_513 .net v0x55aabcecda00 513, 31 0, L_0x55aabcfa5570; 1 drivers
v0x55aabcecda00_514 .net v0x55aabcecda00 514, 31 0, L_0x55aabcfa5640; 1 drivers
v0x55aabcecda00_515 .net v0x55aabcecda00 515, 31 0, L_0x55aabcfa5710; 1 drivers
v0x55aabcecda00_516 .net v0x55aabcecda00 516, 31 0, L_0x55aabcfa57e0; 1 drivers
v0x55aabcecda00_517 .net v0x55aabcecda00 517, 31 0, L_0x55aabcfa58b0; 1 drivers
v0x55aabcecda00_518 .net v0x55aabcecda00 518, 31 0, L_0x55aabcfa5980; 1 drivers
v0x55aabcecda00_519 .net v0x55aabcecda00 519, 31 0, L_0x55aabcfa5a50; 1 drivers
v0x55aabcecda00_520 .net v0x55aabcecda00 520, 31 0, L_0x55aabcfa5b20; 1 drivers
v0x55aabcecda00_521 .net v0x55aabcecda00 521, 31 0, L_0x55aabcfa5bf0; 1 drivers
v0x55aabcecda00_522 .net v0x55aabcecda00 522, 31 0, L_0x55aabcfa5cc0; 1 drivers
v0x55aabcecda00_523 .net v0x55aabcecda00 523, 31 0, L_0x55aabcfa5d90; 1 drivers
v0x55aabcecda00_524 .net v0x55aabcecda00 524, 31 0, L_0x55aabcfa5e60; 1 drivers
v0x55aabcecda00_525 .net v0x55aabcecda00 525, 31 0, L_0x55aabcfa5f30; 1 drivers
v0x55aabcecda00_526 .net v0x55aabcecda00 526, 31 0, L_0x55aabcfa6000; 1 drivers
v0x55aabcecda00_527 .net v0x55aabcecda00 527, 31 0, L_0x55aabcfa60d0; 1 drivers
v0x55aabcecda00_528 .net v0x55aabcecda00 528, 31 0, L_0x55aabcfa61a0; 1 drivers
v0x55aabcecda00_529 .net v0x55aabcecda00 529, 31 0, L_0x55aabcfa6270; 1 drivers
v0x55aabcecda00_530 .net v0x55aabcecda00 530, 31 0, L_0x55aabcfa6340; 1 drivers
v0x55aabcecda00_531 .net v0x55aabcecda00 531, 31 0, L_0x55aabcfa6410; 1 drivers
v0x55aabcecda00_532 .net v0x55aabcecda00 532, 31 0, L_0x55aabcfa7720; 1 drivers
v0x55aabcecda00_533 .net v0x55aabcecda00 533, 31 0, L_0x55aabcea8300; 1 drivers
v0x55aabcecda00_534 .net v0x55aabcecda00 534, 31 0, L_0x55aabcea83d0; 1 drivers
v0x55aabcecda00_535 .net v0x55aabcecda00 535, 31 0, L_0x55aabcea84a0; 1 drivers
v0x55aabcecda00_536 .net v0x55aabcecda00 536, 31 0, L_0x55aabcea8570; 1 drivers
v0x55aabcecda00_537 .net v0x55aabcecda00 537, 31 0, L_0x55aabcfa66a0; 1 drivers
v0x55aabcecda00_538 .net v0x55aabcecda00 538, 31 0, L_0x55aabcfa6770; 1 drivers
v0x55aabcecda00_539 .net v0x55aabcecda00 539, 31 0, L_0x55aabcfa6840; 1 drivers
v0x55aabcecda00_540 .net v0x55aabcecda00 540, 31 0, L_0x55aabcfa6910; 1 drivers
v0x55aabcecda00_541 .net v0x55aabcecda00 541, 31 0, L_0x55aabcfa69e0; 1 drivers
v0x55aabcecda00_542 .net v0x55aabcecda00 542, 31 0, L_0x55aabcfa6ab0; 1 drivers
v0x55aabcecda00_543 .net v0x55aabcecda00 543, 31 0, L_0x55aabcfa6b80; 1 drivers
v0x55aabcecda00_544 .net v0x55aabcecda00 544, 31 0, L_0x55aabcfa6c50; 1 drivers
v0x55aabcecda00_545 .net v0x55aabcecda00 545, 31 0, L_0x55aabcfa6d20; 1 drivers
v0x55aabcecda00_546 .net v0x55aabcecda00 546, 31 0, L_0x55aabcfa6df0; 1 drivers
v0x55aabcecda00_547 .net v0x55aabcecda00 547, 31 0, L_0x55aabcfa6ec0; 1 drivers
v0x55aabcecda00_548 .net v0x55aabcecda00 548, 31 0, L_0x55aabcfa6f90; 1 drivers
v0x55aabcecda00_549 .net v0x55aabcecda00 549, 31 0, L_0x55aabcfa7060; 1 drivers
v0x55aabcecda00_550 .net v0x55aabcecda00 550, 31 0, L_0x55aabcfa7130; 1 drivers
v0x55aabcecda00_551 .net v0x55aabcecda00 551, 31 0, L_0x55aabcfa7200; 1 drivers
v0x55aabcecda00_552 .net v0x55aabcecda00 552, 31 0, L_0x55aabcfa72d0; 1 drivers
v0x55aabcecda00_553 .net v0x55aabcecda00 553, 31 0, L_0x55aabcfa73a0; 1 drivers
v0x55aabcecda00_554 .net v0x55aabcecda00 554, 31 0, L_0x55aabcfa7470; 1 drivers
v0x55aabcecda00_555 .net v0x55aabcecda00 555, 31 0, L_0x55aabcfa7540; 1 drivers
v0x55aabcecda00_556 .net v0x55aabcecda00 556, 31 0, L_0x55aabcfa7610; 1 drivers
v0x55aabcecda00_557 .net v0x55aabcecda00 557, 31 0, L_0x55aabcfa8970; 1 drivers
v0x55aabcecda00_558 .net v0x55aabcecda00 558, 31 0, L_0x55aabcfa8a10; 1 drivers
v0x55aabcecda00_559 .net v0x55aabcecda00 559, 31 0, L_0x55aabcea8620; 1 drivers
v0x55aabcecda00_560 .net v0x55aabcecda00 560, 31 0, L_0x55aabcea86f0; 1 drivers
v0x55aabcecda00_561 .net v0x55aabcecda00 561, 31 0, L_0x55aabcea87c0; 1 drivers
v0x55aabcecda00_562 .net v0x55aabcecda00 562, 31 0, L_0x55aabcea8890; 1 drivers
v0x55aabcecda00_563 .net v0x55aabcecda00 563, 31 0, L_0x55aabcfa77f0; 1 drivers
v0x55aabcecda00_564 .net v0x55aabcecda00 564, 31 0, L_0x55aabcfa78c0; 1 drivers
v0x55aabcecda00_565 .net v0x55aabcecda00 565, 31 0, L_0x55aabcfa7990; 1 drivers
v0x55aabcecda00_566 .net v0x55aabcecda00 566, 31 0, L_0x55aabcfa7a60; 1 drivers
v0x55aabcecda00_567 .net v0x55aabcecda00 567, 31 0, L_0x55aabcfa7b30; 1 drivers
v0x55aabcecda00_568 .net v0x55aabcecda00 568, 31 0, L_0x55aabcfa7c00; 1 drivers
v0x55aabcecda00_569 .net v0x55aabcecda00 569, 31 0, L_0x55aabcfa7cd0; 1 drivers
v0x55aabcecda00_570 .net v0x55aabcecda00 570, 31 0, L_0x55aabcfa7da0; 1 drivers
v0x55aabcecda00_571 .net v0x55aabcecda00 571, 31 0, L_0x55aabcfa7e70; 1 drivers
v0x55aabcecda00_572 .net v0x55aabcecda00 572, 31 0, L_0x55aabcfa7f40; 1 drivers
v0x55aabcecda00_573 .net v0x55aabcecda00 573, 31 0, L_0x55aabcfa8010; 1 drivers
v0x55aabcecda00_574 .net v0x55aabcecda00 574, 31 0, L_0x55aabcfa80e0; 1 drivers
v0x55aabcecda00_575 .net v0x55aabcecda00 575, 31 0, L_0x55aabcfa81b0; 1 drivers
v0x55aabcecda00_576 .net v0x55aabcecda00 576, 31 0, L_0x55aabcfa8280; 1 drivers
v0x55aabcecda00_577 .net v0x55aabcecda00 577, 31 0, L_0x55aabcfa8350; 1 drivers
v0x55aabcecda00_578 .net v0x55aabcecda00 578, 31 0, L_0x55aabcfa8420; 1 drivers
v0x55aabcecda00_579 .net v0x55aabcecda00 579, 31 0, L_0x55aabcfa84f0; 1 drivers
v0x55aabcecda00_580 .net v0x55aabcecda00 580, 31 0, L_0x55aabcfa85c0; 1 drivers
v0x55aabcecda00_581 .net v0x55aabcecda00 581, 31 0, L_0x55aabcfa8690; 1 drivers
v0x55aabcecda00_582 .net v0x55aabcecda00 582, 31 0, L_0x55aabcfa8760; 1 drivers
v0x55aabcecda00_583 .net v0x55aabcecda00 583, 31 0, L_0x55aabcfa8830; 1 drivers
v0x55aabcecda00_584 .net v0x55aabcecda00 584, 31 0, L_0x55aabcfa8900; 1 drivers
v0x55aabcecda00_585 .net v0x55aabcecda00 585, 31 0, L_0x55aabcea8960; 1 drivers
v0x55aabcecda00_586 .net v0x55aabcecda00 586, 31 0, L_0x55aabcea8a30; 1 drivers
v0x55aabcecda00_587 .net v0x55aabcecda00 587, 31 0, L_0x55aabcea8b00; 1 drivers
v0x55aabcecda00_588 .net v0x55aabcecda00 588, 31 0, L_0x55aabcea8bd0; 1 drivers
v0x55aabcecda00_589 .net v0x55aabcecda00 589, 31 0, L_0x55aabcfa8ae0; 1 drivers
v0x55aabcecda00_590 .net v0x55aabcecda00 590, 31 0, L_0x55aabcfa8bb0; 1 drivers
v0x55aabcecda00_591 .net v0x55aabcecda00 591, 31 0, L_0x55aabcfa8c80; 1 drivers
v0x55aabcecda00_592 .net v0x55aabcecda00 592, 31 0, L_0x55aabcfa8d50; 1 drivers
v0x55aabcecda00_593 .net v0x55aabcecda00 593, 31 0, L_0x55aabcfa8e20; 1 drivers
v0x55aabcecda00_594 .net v0x55aabcecda00 594, 31 0, L_0x55aabcfa8ef0; 1 drivers
v0x55aabcecda00_595 .net v0x55aabcecda00 595, 31 0, L_0x55aabcfa8fc0; 1 drivers
v0x55aabcecda00_596 .net v0x55aabcecda00 596, 31 0, L_0x55aabcfa9090; 1 drivers
v0x55aabcecda00_597 .net v0x55aabcecda00 597, 31 0, L_0x55aabcfa9160; 1 drivers
v0x55aabcecda00_598 .net v0x55aabcecda00 598, 31 0, L_0x55aabcfa9230; 1 drivers
v0x55aabcecda00_599 .net v0x55aabcecda00 599, 31 0, L_0x55aabcfa9300; 1 drivers
v0x55aabcecda00_600 .net v0x55aabcecda00 600, 31 0, L_0x55aabcfa93d0; 1 drivers
v0x55aabcecda00_601 .net v0x55aabcecda00 601, 31 0, L_0x55aabcfa94a0; 1 drivers
v0x55aabcecda00_602 .net v0x55aabcecda00 602, 31 0, L_0x55aabcfa9570; 1 drivers
v0x55aabcecda00_603 .net v0x55aabcecda00 603, 31 0, L_0x55aabcfa9640; 1 drivers
v0x55aabcecda00_604 .net v0x55aabcecda00 604, 31 0, L_0x55aabcfa9710; 1 drivers
v0x55aabcecda00_605 .net v0x55aabcecda00 605, 31 0, L_0x55aabcfa97e0; 1 drivers
v0x55aabcecda00_606 .net v0x55aabcecda00 606, 31 0, L_0x55aabcfa98b0; 1 drivers
v0x55aabcecda00_607 .net v0x55aabcecda00 607, 31 0, L_0x55aabcfa9980; 1 drivers
v0x55aabcecda00_608 .net v0x55aabcecda00 608, 31 0, L_0x55aabcfa9a50; 1 drivers
v0x55aabcecda00_609 .net v0x55aabcecda00 609, 31 0, L_0x55aabcfa9b20; 1 drivers
v0x55aabcecda00_610 .net v0x55aabcecda00 610, 31 0, L_0x55aabcfa9bf0; 1 drivers
v0x55aabcecda00_611 .net v0x55aabcecda00 611, 31 0, L_0x55aabcfa9cc0; 1 drivers
v0x55aabcecda00_612 .net v0x55aabcecda00 612, 31 0, L_0x55aabcfab120; 1 drivers
v0x55aabcecda00_613 .net v0x55aabcecda00 613, 31 0, L_0x55aabcea8ca0; 1 drivers
v0x55aabcecda00_614 .net v0x55aabcecda00 614, 31 0, L_0x55aabcea8d70; 1 drivers
v0x55aabcecda00_615 .net v0x55aabcecda00 615, 31 0, L_0x55aabcea8e40; 1 drivers
v0x55aabcecda00_616 .net v0x55aabcecda00 616, 31 0, L_0x55aabcea8f10; 1 drivers
v0x55aabcecda00_617 .net v0x55aabcecda00 617, 31 0, L_0x55aabcfa9d90; 1 drivers
v0x55aabcecda00_618 .net v0x55aabcecda00 618, 31 0, L_0x55aabcfa9e60; 1 drivers
v0x55aabcecda00_619 .net v0x55aabcecda00 619, 31 0, L_0x55aabcfa9f30; 1 drivers
v0x55aabcecda00_620 .net v0x55aabcecda00 620, 31 0, L_0x55aabcfaa000; 1 drivers
v0x55aabcecda00_621 .net v0x55aabcecda00 621, 31 0, L_0x55aabcfaa0d0; 1 drivers
v0x55aabcecda00_622 .net v0x55aabcecda00 622, 31 0, L_0x55aabcfaa1a0; 1 drivers
v0x55aabcecda00_623 .net v0x55aabcecda00 623, 31 0, L_0x55aabcfaa270; 1 drivers
v0x55aabcecda00_624 .net v0x55aabcecda00 624, 31 0, L_0x55aabcfaa340; 1 drivers
v0x55aabcecda00_625 .net v0x55aabcecda00 625, 31 0, L_0x55aabcfaa410; 1 drivers
v0x55aabcecda00_626 .net v0x55aabcecda00 626, 31 0, L_0x55aabcfaa4e0; 1 drivers
v0x55aabcecda00_627 .net v0x55aabcecda00 627, 31 0, L_0x55aabcfaa5b0; 1 drivers
v0x55aabcecda00_628 .net v0x55aabcecda00 628, 31 0, L_0x55aabcfaa680; 1 drivers
v0x55aabcecda00_629 .net v0x55aabcecda00 629, 31 0, L_0x55aabcfaa750; 1 drivers
v0x55aabcecda00_630 .net v0x55aabcecda00 630, 31 0, L_0x55aabcfaa820; 1 drivers
v0x55aabcecda00_631 .net v0x55aabcecda00 631, 31 0, L_0x55aabcfaa8f0; 1 drivers
v0x55aabcecda00_632 .net v0x55aabcecda00 632, 31 0, L_0x55aabcfaa9c0; 1 drivers
v0x55aabcecda00_633 .net v0x55aabcecda00 633, 31 0, L_0x55aabcfaaa90; 1 drivers
v0x55aabcecda00_634 .net v0x55aabcecda00 634, 31 0, L_0x55aabcfaab60; 1 drivers
v0x55aabcecda00_635 .net v0x55aabcecda00 635, 31 0, L_0x55aabcfaac30; 1 drivers
v0x55aabcecda00_636 .net v0x55aabcecda00 636, 31 0, L_0x55aabcfaad00; 1 drivers
v0x55aabcecda00_637 .net v0x55aabcecda00 637, 31 0, L_0x55aabcfaadd0; 1 drivers
v0x55aabcecda00_638 .net v0x55aabcecda00 638, 31 0, L_0x55aabcfaaea0; 1 drivers
v0x55aabcecda00_639 .net v0x55aabcecda00 639, 31 0, L_0x55aabcfaaf70; 1 drivers
v0x55aabcecda00_640 .net v0x55aabcecda00 640, 31 0, L_0x55aabcfab040; 1 drivers
v0x55aabcecda00_641 .net v0x55aabcecda00 641, 31 0, L_0x55aabcea9020; 1 drivers
v0x55aabcecda00_642 .net v0x55aabcecda00 642, 31 0, L_0x55aabcea90f0; 1 drivers
v0x55aabcecda00_643 .net v0x55aabcecda00 643, 31 0, L_0x55aabcea91c0; 1 drivers
v0x55aabcecda00_644 .net v0x55aabcecda00 644, 31 0, L_0x55aabcea9290; 1 drivers
v0x55aabcecda00_645 .net v0x55aabcecda00 645, 31 0, L_0x55aabcfab1f0; 1 drivers
v0x55aabcecda00_646 .net v0x55aabcecda00 646, 31 0, L_0x55aabcfab2c0; 1 drivers
v0x55aabcecda00_647 .net v0x55aabcecda00 647, 31 0, L_0x55aabcfab390; 1 drivers
v0x55aabcecda00_648 .net v0x55aabcecda00 648, 31 0, L_0x55aabcfab460; 1 drivers
v0x55aabcecda00_649 .net v0x55aabcecda00 649, 31 0, L_0x55aabcfab530; 1 drivers
v0x55aabcecda00_650 .net v0x55aabcecda00 650, 31 0, L_0x55aabcfab600; 1 drivers
v0x55aabcecda00_651 .net v0x55aabcecda00 651, 31 0, L_0x55aabcfab6d0; 1 drivers
v0x55aabcecda00_652 .net v0x55aabcecda00 652, 31 0, L_0x55aabcfab7a0; 1 drivers
v0x55aabcecda00_653 .net v0x55aabcecda00 653, 31 0, L_0x55aabcfab870; 1 drivers
v0x55aabcecda00_654 .net v0x55aabcecda00 654, 31 0, L_0x55aabcfab940; 1 drivers
v0x55aabcecda00_655 .net v0x55aabcecda00 655, 31 0, L_0x55aabcfaba10; 1 drivers
v0x55aabcecda00_656 .net v0x55aabcecda00 656, 31 0, L_0x55aabcfabae0; 1 drivers
v0x55aabcecda00_657 .net v0x55aabcecda00 657, 31 0, L_0x55aabcfabbb0; 1 drivers
v0x55aabcecda00_658 .net v0x55aabcecda00 658, 31 0, L_0x55aabcfabc80; 1 drivers
v0x55aabcecda00_659 .net v0x55aabcecda00 659, 31 0, L_0x55aabcfabd50; 1 drivers
v0x55aabcecda00_660 .net v0x55aabcecda00 660, 31 0, L_0x55aabcfabe20; 1 drivers
v0x55aabcecda00_661 .net v0x55aabcecda00 661, 31 0, L_0x55aabcfabef0; 1 drivers
v0x55aabcecda00_662 .net v0x55aabcecda00 662, 31 0, L_0x55aabcfabfc0; 1 drivers
v0x55aabcecda00_663 .net v0x55aabcecda00 663, 31 0, L_0x55aabcfac090; 1 drivers
v0x55aabcecda00_664 .net v0x55aabcecda00 664, 31 0, L_0x55aabcfac160; 1 drivers
v0x55aabcecda00_665 .net v0x55aabcecda00 665, 31 0, L_0x55aabcfac230; 1 drivers
v0x55aabcecda00_666 .net v0x55aabcecda00 666, 31 0, L_0x55aabcfac300; 1 drivers
v0x55aabcecda00_667 .net v0x55aabcecda00 667, 31 0, L_0x55aabcfac3d0; 1 drivers
v0x55aabcecda00_668 .net v0x55aabcecda00 668, 31 0, L_0x55aabcfac4a0; 1 drivers
v0x55aabcecda00_669 .net v0x55aabcecda00 669, 31 0, L_0x55aabcfac570; 1 drivers
v0x55aabcecda00_670 .net v0x55aabcecda00 670, 31 0, L_0x55aabcfadb60; 1 drivers
v0x55aabcecda00_671 .net v0x55aabcecda00 671, 31 0, L_0x55aabcea93a0; 1 drivers
v0x55aabcecda00_672 .net v0x55aabcecda00 672, 31 0, L_0x55aabcea9470; 1 drivers
v0x55aabcecda00_673 .net v0x55aabcecda00 673, 31 0, L_0x55aabcea9540; 1 drivers
v0x55aabcecda00_674 .net v0x55aabcecda00 674, 31 0, L_0x55aabcea9610; 1 drivers
v0x55aabcecda00_675 .net v0x55aabcecda00 675, 31 0, L_0x55aabcea96e0; 1 drivers
v0x55aabcecda00_676 .net v0x55aabcecda00 676, 31 0, L_0x55aabcfac690; 1 drivers
v0x55aabcecda00_677 .net v0x55aabcecda00 677, 31 0, L_0x55aabcfac760; 1 drivers
v0x55aabcecda00_678 .net v0x55aabcecda00 678, 31 0, L_0x55aabcfac830; 1 drivers
v0x55aabcecda00_679 .net v0x55aabcecda00 679, 31 0, L_0x55aabcfac900; 1 drivers
v0x55aabcecda00_680 .net v0x55aabcecda00 680, 31 0, L_0x55aabcfac9d0; 1 drivers
v0x55aabcecda00_681 .net v0x55aabcecda00 681, 31 0, L_0x55aabcfacaa0; 1 drivers
v0x55aabcecda00_682 .net v0x55aabcecda00 682, 31 0, L_0x55aabcfacb70; 1 drivers
v0x55aabcecda00_683 .net v0x55aabcecda00 683, 31 0, L_0x55aabcfacc40; 1 drivers
v0x55aabcecda00_684 .net v0x55aabcecda00 684, 31 0, L_0x55aabcfacd10; 1 drivers
v0x55aabcecda00_685 .net v0x55aabcecda00 685, 31 0, L_0x55aabcfacde0; 1 drivers
v0x55aabcecda00_686 .net v0x55aabcecda00 686, 31 0, L_0x55aabcfaceb0; 1 drivers
v0x55aabcecda00_687 .net v0x55aabcecda00 687, 31 0, L_0x55aabcfacf80; 1 drivers
v0x55aabcecda00_688 .net v0x55aabcecda00 688, 31 0, L_0x55aabcfad050; 1 drivers
v0x55aabcecda00_689 .net v0x55aabcecda00 689, 31 0, L_0x55aabcfad120; 1 drivers
v0x55aabcecda00_690 .net v0x55aabcecda00 690, 31 0, L_0x55aabcfad1f0; 1 drivers
v0x55aabcecda00_691 .net v0x55aabcecda00 691, 31 0, L_0x55aabcfad2c0; 1 drivers
v0x55aabcecda00_692 .net v0x55aabcecda00 692, 31 0, L_0x55aabcfad390; 1 drivers
v0x55aabcecda00_693 .net v0x55aabcecda00 693, 31 0, L_0x55aabcfad460; 1 drivers
v0x55aabcecda00_694 .net v0x55aabcecda00 694, 31 0, L_0x55aabcfad530; 1 drivers
v0x55aabcecda00_695 .net v0x55aabcecda00 695, 31 0, L_0x55aabcfad600; 1 drivers
v0x55aabcecda00_696 .net v0x55aabcecda00 696, 31 0, L_0x55aabcfad6d0; 1 drivers
v0x55aabcecda00_697 .net v0x55aabcecda00 697, 31 0, L_0x55aabcfad7a0; 1 drivers
v0x55aabcecda00_698 .net v0x55aabcecda00 698, 31 0, L_0x55aabcfad870; 1 drivers
v0x55aabcecda00_699 .net v0x55aabcecda00 699, 31 0, L_0x55aabcfad940; 1 drivers
v0x55aabcecda00_700 .net v0x55aabcecda00 700, 31 0, L_0x55aabcfada10; 1 drivers
v0x55aabcecda00_701 .net v0x55aabcecda00 701, 31 0, L_0x55aabcfaf230; 1 drivers
v0x55aabcecda00_702 .net v0x55aabcecda00 702, 31 0, L_0x55aabcfaf2d0; 1 drivers
v0x55aabcecda00_703 .net v0x55aabcecda00 703, 31 0, L_0x55aabcea9760; 1 drivers
v0x55aabcecda00_704 .net v0x55aabcecda00 704, 31 0, L_0x55aabcea9830; 1 drivers
v0x55aabcecda00_705 .net v0x55aabcecda00 705, 31 0, L_0x55aabcea9900; 1 drivers
v0x55aabcecda00_706 .net v0x55aabcecda00 706, 31 0, L_0x55aabcea99d0; 1 drivers
v0x55aabcecda00_707 .net v0x55aabcecda00 707, 31 0, L_0x55aabcea9aa0; 1 drivers
v0x55aabcecda00_708 .net v0x55aabcecda00 708, 31 0, L_0x55aabcfadc60; 1 drivers
v0x55aabcecda00_709 .net v0x55aabcecda00 709, 31 0, L_0x55aabcfadd30; 1 drivers
v0x55aabcecda00_710 .net v0x55aabcecda00 710, 31 0, L_0x55aabcfade00; 1 drivers
v0x55aabcecda00_711 .net v0x55aabcecda00 711, 31 0, L_0x55aabcfaded0; 1 drivers
v0x55aabcecda00_712 .net v0x55aabcecda00 712, 31 0, L_0x55aabcfadfa0; 1 drivers
v0x55aabcecda00_713 .net v0x55aabcecda00 713, 31 0, L_0x55aabcfae070; 1 drivers
v0x55aabcecda00_714 .net v0x55aabcecda00 714, 31 0, L_0x55aabcfae140; 1 drivers
v0x55aabcecda00_715 .net v0x55aabcecda00 715, 31 0, L_0x55aabcfae210; 1 drivers
v0x55aabcecda00_716 .net v0x55aabcecda00 716, 31 0, L_0x55aabcfae2e0; 1 drivers
v0x55aabcecda00_717 .net v0x55aabcecda00 717, 31 0, L_0x55aabcfae3b0; 1 drivers
v0x55aabcecda00_718 .net v0x55aabcecda00 718, 31 0, L_0x55aabcfae480; 1 drivers
v0x55aabcecda00_719 .net v0x55aabcecda00 719, 31 0, L_0x55aabcfae550; 1 drivers
v0x55aabcecda00_720 .net v0x55aabcecda00 720, 31 0, L_0x55aabcfae620; 1 drivers
v0x55aabcecda00_721 .net v0x55aabcecda00 721, 31 0, L_0x55aabcfae6f0; 1 drivers
v0x55aabcecda00_722 .net v0x55aabcecda00 722, 31 0, L_0x55aabcfae7c0; 1 drivers
v0x55aabcecda00_723 .net v0x55aabcecda00 723, 31 0, L_0x55aabcfae890; 1 drivers
v0x55aabcecda00_724 .net v0x55aabcecda00 724, 31 0, L_0x55aabcfae960; 1 drivers
v0x55aabcecda00_725 .net v0x55aabcecda00 725, 31 0, L_0x55aabcfaea30; 1 drivers
v0x55aabcecda00_726 .net v0x55aabcecda00 726, 31 0, L_0x55aabcfaeb00; 1 drivers
v0x55aabcecda00_727 .net v0x55aabcecda00 727, 31 0, L_0x55aabcfaebd0; 1 drivers
v0x55aabcecda00_728 .net v0x55aabcecda00 728, 31 0, L_0x55aabcfaeca0; 1 drivers
v0x55aabcecda00_729 .net v0x55aabcecda00 729, 31 0, L_0x55aabcfaed70; 1 drivers
v0x55aabcecda00_730 .net v0x55aabcecda00 730, 31 0, L_0x55aabcfaee40; 1 drivers
v0x55aabcecda00_731 .net v0x55aabcecda00 731, 31 0, L_0x55aabcfaef10; 1 drivers
v0x55aabcecda00_732 .net v0x55aabcecda00 732, 31 0, L_0x55aabcfaefe0; 1 drivers
v0x55aabcecda00_733 .net v0x55aabcecda00 733, 31 0, L_0x55aabcfaf0b0; 1 drivers
v0x55aabcecda00_734 .net v0x55aabcecda00 734, 31 0, L_0x55aabcfaf180; 1 drivers
v0x55aabcecda00_735 .net v0x55aabcecda00 735, 31 0, L_0x55aabcea9b40; 1 drivers
v0x55aabcecda00_736 .net v0x55aabcecda00 736, 31 0, L_0x55aabcea9c10; 1 drivers
v0x55aabcecda00_737 .net v0x55aabcecda00 737, 31 0, L_0x55aabcea9ce0; 1 drivers
v0x55aabcecda00_738 .net v0x55aabcecda00 738, 31 0, L_0x55aabcea9db0; 1 drivers
v0x55aabcecda00_739 .net v0x55aabcecda00 739, 31 0, L_0x55aabcea9e80; 1 drivers
v0x55aabcecda00_740 .net v0x55aabcecda00 740, 31 0, L_0x55aabcfaf3a0; 1 drivers
v0x55aabcecda00_741 .net v0x55aabcecda00 741, 31 0, L_0x55aabcfaf470; 1 drivers
v0x55aabcecda00_742 .net v0x55aabcecda00 742, 31 0, L_0x55aabcfaf540; 1 drivers
v0x55aabcecda00_743 .net v0x55aabcecda00 743, 31 0, L_0x55aabcfaf610; 1 drivers
v0x55aabcecda00_744 .net v0x55aabcecda00 744, 31 0, L_0x55aabcfaf6e0; 1 drivers
v0x55aabcecda00_745 .net v0x55aabcecda00 745, 31 0, L_0x55aabcfaf7b0; 1 drivers
v0x55aabcecda00_746 .net v0x55aabcecda00 746, 31 0, L_0x55aabcfaf880; 1 drivers
v0x55aabcecda00_747 .net v0x55aabcecda00 747, 31 0, L_0x55aabcfaf950; 1 drivers
v0x55aabcecda00_748 .net v0x55aabcecda00 748, 31 0, L_0x55aabcfafa20; 1 drivers
v0x55aabcecda00_749 .net v0x55aabcecda00 749, 31 0, L_0x55aabcfafaf0; 1 drivers
v0x55aabcecda00_750 .net v0x55aabcecda00 750, 31 0, L_0x55aabcfafbc0; 1 drivers
v0x55aabcecda00_751 .net v0x55aabcecda00 751, 31 0, L_0x55aabcfafc90; 1 drivers
v0x55aabcecda00_752 .net v0x55aabcecda00 752, 31 0, L_0x55aabcfafd60; 1 drivers
v0x55aabcecda00_753 .net v0x55aabcecda00 753, 31 0, L_0x55aabcfafe30; 1 drivers
v0x55aabcecda00_754 .net v0x55aabcecda00 754, 31 0, L_0x55aabcfaff00; 1 drivers
v0x55aabcecda00_755 .net v0x55aabcecda00 755, 31 0, L_0x55aabcfaffd0; 1 drivers
v0x55aabcecda00_756 .net v0x55aabcecda00 756, 31 0, L_0x55aabcfb00a0; 1 drivers
v0x55aabcecda00_757 .net v0x55aabcecda00 757, 31 0, L_0x55aabcfb0170; 1 drivers
v0x55aabcecda00_758 .net v0x55aabcecda00 758, 31 0, L_0x55aabcfb0240; 1 drivers
v0x55aabcecda00_759 .net v0x55aabcecda00 759, 31 0, L_0x55aabcfb0310; 1 drivers
v0x55aabcecda00_760 .net v0x55aabcecda00 760, 31 0, L_0x55aabcfb03e0; 1 drivers
v0x55aabcecda00_761 .net v0x55aabcecda00 761, 31 0, L_0x55aabcfb04b0; 1 drivers
v0x55aabcecda00_762 .net v0x55aabcecda00 762, 31 0, L_0x55aabcfb0580; 1 drivers
v0x55aabcecda00_763 .net v0x55aabcecda00 763, 31 0, L_0x55aabcfb0650; 1 drivers
v0x55aabcecda00_764 .net v0x55aabcecda00 764, 31 0, L_0x55aabcfb0720; 1 drivers
v0x55aabcecda00_765 .net v0x55aabcecda00 765, 31 0, L_0x55aabcfb07f0; 1 drivers
v0x55aabcecda00_766 .net v0x55aabcecda00 766, 31 0, L_0x55aabcfb08c0; 1 drivers
v0x55aabcecda00_767 .net v0x55aabcecda00 767, 31 0, L_0x55aabcfb0990; 1 drivers
v0x55aabcecda00_768 .net v0x55aabcecda00 768, 31 0, L_0x55aabcfb22e0; 1 drivers
v0x55aabcecda00_769 .net v0x55aabcecda00 769, 31 0, L_0x55aabcea9f60; 1 drivers
v0x55aabcecda00_770 .net v0x55aabcecda00 770, 31 0, L_0x55aabceaa030; 1 drivers
v0x55aabcecda00_771 .net v0x55aabcecda00 771, 31 0, L_0x55aabceaa100; 1 drivers
v0x55aabcecda00_772 .net v0x55aabcecda00 772, 31 0, L_0x55aabceaa1d0; 1 drivers
v0x55aabcecda00_773 .net v0x55aabcecda00 773, 31 0, L_0x55aabceaa2a0; 1 drivers
v0x55aabcecda00_774 .net v0x55aabcecda00 774, 31 0, L_0x55aabcfb0ad0; 1 drivers
v0x55aabcecda00_775 .net v0x55aabcecda00 775, 31 0, L_0x55aabcfb0b70; 1 drivers
v0x55aabcecda00_776 .net v0x55aabcecda00 776, 31 0, L_0x55aabcfb0c40; 1 drivers
v0x55aabcecda00_777 .net v0x55aabcecda00 777, 31 0, L_0x55aabcfb0d10; 1 drivers
v0x55aabcecda00_778 .net v0x55aabcecda00 778, 31 0, L_0x55aabcfb0de0; 1 drivers
v0x55aabcecda00_779 .net v0x55aabcecda00 779, 31 0, L_0x55aabcfb0eb0; 1 drivers
v0x55aabcecda00_780 .net v0x55aabcecda00 780, 31 0, L_0x55aabcfb0f80; 1 drivers
v0x55aabcecda00_781 .net v0x55aabcecda00 781, 31 0, L_0x55aabcfb1050; 1 drivers
v0x55aabcecda00_782 .net v0x55aabcecda00 782, 31 0, L_0x55aabcfb1120; 1 drivers
v0x55aabcecda00_783 .net v0x55aabcecda00 783, 31 0, L_0x55aabcfb11f0; 1 drivers
v0x55aabcecda00_784 .net v0x55aabcecda00 784, 31 0, L_0x55aabcfb12c0; 1 drivers
v0x55aabcecda00_785 .net v0x55aabcecda00 785, 31 0, L_0x55aabcfb1390; 1 drivers
v0x55aabcecda00_786 .net v0x55aabcecda00 786, 31 0, L_0x55aabcfb1460; 1 drivers
v0x55aabcecda00_787 .net v0x55aabcecda00 787, 31 0, L_0x55aabcfb1530; 1 drivers
v0x55aabcecda00_788 .net v0x55aabcecda00 788, 31 0, L_0x55aabcfb1600; 1 drivers
v0x55aabcecda00_789 .net v0x55aabcecda00 789, 31 0, L_0x55aabcfb16d0; 1 drivers
v0x55aabcecda00_790 .net v0x55aabcecda00 790, 31 0, L_0x55aabcfb17a0; 1 drivers
v0x55aabcecda00_791 .net v0x55aabcecda00 791, 31 0, L_0x55aabcfb1870; 1 drivers
v0x55aabcecda00_792 .net v0x55aabcecda00 792, 31 0, L_0x55aabcfb1940; 1 drivers
v0x55aabcecda00_793 .net v0x55aabcecda00 793, 31 0, L_0x55aabcfb1a10; 1 drivers
v0x55aabcecda00_794 .net v0x55aabcecda00 794, 31 0, L_0x55aabcfb1ae0; 1 drivers
v0x55aabcecda00_795 .net v0x55aabcecda00 795, 31 0, L_0x55aabcfb1bb0; 1 drivers
v0x55aabcecda00_796 .net v0x55aabcecda00 796, 31 0, L_0x55aabcfb1c80; 1 drivers
v0x55aabcecda00_797 .net v0x55aabcecda00 797, 31 0, L_0x55aabcfb1d50; 1 drivers
v0x55aabcecda00_798 .net v0x55aabcecda00 798, 31 0, L_0x55aabcfb1e20; 1 drivers
v0x55aabcecda00_799 .net v0x55aabcecda00 799, 31 0, L_0x55aabcfb1ef0; 1 drivers
v0x55aabcecda00_800 .net v0x55aabcecda00 800, 31 0, L_0x55aabcfb1fc0; 1 drivers
v0x55aabcecda00_801 .net v0x55aabcecda00 801, 31 0, L_0x55aabcfb2090; 1 drivers
v0x55aabcecda00_802 .net v0x55aabcecda00 802, 31 0, L_0x55aabcfb2160; 1 drivers
v0x55aabcecda00_803 .net v0x55aabcecda00 803, 31 0, L_0x55aabcfb2230; 1 drivers
v0x55aabcecda00_804 .net v0x55aabcecda00 804, 31 0, L_0x55aabcfb3ce0; 1 drivers
v0x55aabcecda00_805 .net v0x55aabcecda00 805, 31 0, L_0x55aabceaa3a0; 1 drivers
v0x55aabcecda00_806 .net v0x55aabcecda00 806, 31 0, L_0x55aabceaa470; 1 drivers
v0x55aabcecda00_807 .net v0x55aabcecda00 807, 31 0, L_0x55aabceaa540; 1 drivers
v0x55aabcecda00_808 .net v0x55aabcecda00 808, 31 0, L_0x55aabceaa610; 1 drivers
v0x55aabcecda00_809 .net v0x55aabcecda00 809, 31 0, L_0x55aabceaa6e0; 1 drivers
v0x55aabcecda00_810 .net v0x55aabcecda00 810, 31 0, L_0x55aabceaa7b0; 1 drivers
v0x55aabcecda00_811 .net v0x55aabcecda00 811, 31 0, L_0x55aabcfb23e0; 1 drivers
v0x55aabcecda00_812 .net v0x55aabcecda00 812, 31 0, L_0x55aabcfb24b0; 1 drivers
v0x55aabcecda00_813 .net v0x55aabcecda00 813, 31 0, L_0x55aabcfb2580; 1 drivers
v0x55aabcecda00_814 .net v0x55aabcecda00 814, 31 0, L_0x55aabcfb2650; 1 drivers
v0x55aabcecda00_815 .net v0x55aabcecda00 815, 31 0, L_0x55aabcfb2720; 1 drivers
v0x55aabcecda00_816 .net v0x55aabcecda00 816, 31 0, L_0x55aabcfb27f0; 1 drivers
v0x55aabcecda00_817 .net v0x55aabcecda00 817, 31 0, L_0x55aabcfb28c0; 1 drivers
v0x55aabcecda00_818 .net v0x55aabcecda00 818, 31 0, L_0x55aabcfb2990; 1 drivers
v0x55aabcecda00_819 .net v0x55aabcecda00 819, 31 0, L_0x55aabcfb2a60; 1 drivers
v0x55aabcecda00_820 .net v0x55aabcecda00 820, 31 0, L_0x55aabcfb2b30; 1 drivers
v0x55aabcecda00_821 .net v0x55aabcecda00 821, 31 0, L_0x55aabcfb2c00; 1 drivers
v0x55aabcecda00_822 .net v0x55aabcecda00 822, 31 0, L_0x55aabcfb2cd0; 1 drivers
v0x55aabcecda00_823 .net v0x55aabcecda00 823, 31 0, L_0x55aabcfb2da0; 1 drivers
v0x55aabcecda00_824 .net v0x55aabcecda00 824, 31 0, L_0x55aabcfb2e70; 1 drivers
v0x55aabcecda00_825 .net v0x55aabcecda00 825, 31 0, L_0x55aabcfb2f40; 1 drivers
v0x55aabcecda00_826 .net v0x55aabcecda00 826, 31 0, L_0x55aabcfb3010; 1 drivers
v0x55aabcecda00_827 .net v0x55aabcecda00 827, 31 0, L_0x55aabcfb30e0; 1 drivers
v0x55aabcecda00_828 .net v0x55aabcecda00 828, 31 0, L_0x55aabcfb31b0; 1 drivers
v0x55aabcecda00_829 .net v0x55aabcecda00 829, 31 0, L_0x55aabcfb3280; 1 drivers
v0x55aabcecda00_830 .net v0x55aabcecda00 830, 31 0, L_0x55aabcfb3350; 1 drivers
v0x55aabcecda00_831 .net v0x55aabcecda00 831, 31 0, L_0x55aabcfb3420; 1 drivers
v0x55aabcecda00_832 .net v0x55aabcecda00 832, 31 0, L_0x55aabcfb34f0; 1 drivers
v0x55aabcecda00_833 .net v0x55aabcecda00 833, 31 0, L_0x55aabcfb35c0; 1 drivers
v0x55aabcecda00_834 .net v0x55aabcecda00 834, 31 0, L_0x55aabcfb3690; 1 drivers
v0x55aabcecda00_835 .net v0x55aabcecda00 835, 31 0, L_0x55aabcfb3760; 1 drivers
v0x55aabcecda00_836 .net v0x55aabcecda00 836, 31 0, L_0x55aabcfb3830; 1 drivers
v0x55aabcecda00_837 .net v0x55aabcecda00 837, 31 0, L_0x55aabcfb3900; 1 drivers
v0x55aabcecda00_838 .net v0x55aabcecda00 838, 31 0, L_0x55aabcfb39d0; 1 drivers
v0x55aabcecda00_839 .net v0x55aabcecda00 839, 31 0, L_0x55aabcfb3aa0; 1 drivers
v0x55aabcecda00_840 .net v0x55aabcecda00 840, 31 0, L_0x55aabcfb3b70; 1 drivers
v0x55aabcecda00_841 .net v0x55aabcecda00 841, 31 0, L_0x55aabcfb3c40; 1 drivers
v0x55aabcecda00_842 .net v0x55aabcecda00 842, 31 0, L_0x55aabcfb5870; 1 drivers
v0x55aabcecda00_843 .net v0x55aabcecda00 843, 31 0, L_0x55aabceaa820; 1 drivers
v0x55aabcecda00_844 .net v0x55aabcecda00 844, 31 0, L_0x55aabceaa8f0; 1 drivers
v0x55aabcecda00_845 .net v0x55aabcecda00 845, 31 0, L_0x55aabceaa9c0; 1 drivers
v0x55aabcecda00_846 .net v0x55aabcecda00 846, 31 0, L_0x55aabceaaa90; 1 drivers
v0x55aabcecda00_847 .net v0x55aabcecda00 847, 31 0, L_0x55aabceaab60; 1 drivers
v0x55aabcecda00_848 .net v0x55aabcecda00 848, 31 0, L_0x55aabceaac30; 1 drivers
v0x55aabcecda00_849 .net v0x55aabcecda00 849, 31 0, L_0x55aabcfb3de0; 1 drivers
v0x55aabcecda00_850 .net v0x55aabcecda00 850, 31 0, L_0x55aabcfb3eb0; 1 drivers
v0x55aabcecda00_851 .net v0x55aabcecda00 851, 31 0, L_0x55aabcfb3f80; 1 drivers
v0x55aabcecda00_852 .net v0x55aabcecda00 852, 31 0, L_0x55aabcfb4050; 1 drivers
v0x55aabcecda00_853 .net v0x55aabcecda00 853, 31 0, L_0x55aabcfb4120; 1 drivers
v0x55aabcecda00_854 .net v0x55aabcecda00 854, 31 0, L_0x55aabcfb41f0; 1 drivers
v0x55aabcecda00_855 .net v0x55aabcecda00 855, 31 0, L_0x55aabcfb42c0; 1 drivers
v0x55aabcecda00_856 .net v0x55aabcecda00 856, 31 0, L_0x55aabcfb4390; 1 drivers
v0x55aabcecda00_857 .net v0x55aabcecda00 857, 31 0, L_0x55aabcfb4460; 1 drivers
v0x55aabcecda00_858 .net v0x55aabcecda00 858, 31 0, L_0x55aabcfb4530; 1 drivers
v0x55aabcecda00_859 .net v0x55aabcecda00 859, 31 0, L_0x55aabcfb4600; 1 drivers
v0x55aabcecda00_860 .net v0x55aabcecda00 860, 31 0, L_0x55aabcfb46d0; 1 drivers
v0x55aabcecda00_861 .net v0x55aabcecda00 861, 31 0, L_0x55aabcfb47a0; 1 drivers
v0x55aabcecda00_862 .net v0x55aabcecda00 862, 31 0, L_0x55aabcfb4870; 1 drivers
v0x55aabcecda00_863 .net v0x55aabcecda00 863, 31 0, L_0x55aabcfb4940; 1 drivers
v0x55aabcecda00_864 .net v0x55aabcecda00 864, 31 0, L_0x55aabcfb4a10; 1 drivers
v0x55aabcecda00_865 .net v0x55aabcecda00 865, 31 0, L_0x55aabcfb4ae0; 1 drivers
v0x55aabcecda00_866 .net v0x55aabcecda00 866, 31 0, L_0x55aabcfb4bb0; 1 drivers
v0x55aabcecda00_867 .net v0x55aabcecda00 867, 31 0, L_0x55aabcfb4c80; 1 drivers
v0x55aabcecda00_868 .net v0x55aabcecda00 868, 31 0, L_0x55aabcfb4d50; 1 drivers
v0x55aabcecda00_869 .net v0x55aabcecda00 869, 31 0, L_0x55aabcfb4e20; 1 drivers
v0x55aabcecda00_870 .net v0x55aabcecda00 870, 31 0, L_0x55aabcfb4ef0; 1 drivers
v0x55aabcecda00_871 .net v0x55aabcecda00 871, 31 0, L_0x55aabcfb4fc0; 1 drivers
v0x55aabcecda00_872 .net v0x55aabcecda00 872, 31 0, L_0x55aabcfb5090; 1 drivers
v0x55aabcecda00_873 .net v0x55aabcecda00 873, 31 0, L_0x55aabcfb5160; 1 drivers
v0x55aabcecda00_874 .net v0x55aabcecda00 874, 31 0, L_0x55aabcfb5230; 1 drivers
v0x55aabcecda00_875 .net v0x55aabcecda00 875, 31 0, L_0x55aabcfb5300; 1 drivers
v0x55aabcecda00_876 .net v0x55aabcecda00 876, 31 0, L_0x55aabcfb53d0; 1 drivers
v0x55aabcecda00_877 .net v0x55aabcecda00 877, 31 0, L_0x55aabcfb54a0; 1 drivers
v0x55aabcecda00_878 .net v0x55aabcecda00 878, 31 0, L_0x55aabcfb5570; 1 drivers
v0x55aabcecda00_879 .net v0x55aabcecda00 879, 31 0, L_0x55aabcfb5640; 1 drivers
v0x55aabcecda00_880 .net v0x55aabcecda00 880, 31 0, L_0x55aabcfb5710; 1 drivers
v0x55aabcecda00_881 .net v0x55aabcecda00 881, 31 0, L_0x55aabcfb74e0; 1 drivers
v0x55aabcecda00_882 .net v0x55aabcecda00 882, 31 0, L_0x55aabcfb7580; 1 drivers
v0x55aabcecda00_883 .net v0x55aabcecda00 883, 31 0, L_0x55aabceaace0; 1 drivers
v0x55aabcecda00_884 .net v0x55aabcecda00 884, 31 0, L_0x55aabceaadb0; 1 drivers
v0x55aabcecda00_885 .net v0x55aabcecda00 885, 31 0, L_0x55aabceaae80; 1 drivers
v0x55aabcecda00_886 .net v0x55aabcecda00 886, 31 0, L_0x55aabceaaf50; 1 drivers
v0x55aabcecda00_887 .net v0x55aabcecda00 887, 31 0, L_0x55aabceab020; 1 drivers
v0x55aabcecda00_888 .net v0x55aabcecda00 888, 31 0, L_0x55aabceab0f0; 1 drivers
v0x55aabcecda00_889 .net v0x55aabcecda00 889, 31 0, L_0x55aabcfb5940; 1 drivers
v0x55aabcecda00_890 .net v0x55aabcecda00 890, 31 0, L_0x55aabcfb5a10; 1 drivers
v0x55aabcecda00_891 .net v0x55aabcecda00 891, 31 0, L_0x55aabcfb5ae0; 1 drivers
v0x55aabcecda00_892 .net v0x55aabcecda00 892, 31 0, L_0x55aabcfb5bb0; 1 drivers
v0x55aabcecda00_893 .net v0x55aabcecda00 893, 31 0, L_0x55aabcfb5c80; 1 drivers
v0x55aabcecda00_894 .net v0x55aabcecda00 894, 31 0, L_0x55aabcfb5d50; 1 drivers
v0x55aabcecda00_895 .net v0x55aabcecda00 895, 31 0, L_0x55aabcfb5e20; 1 drivers
v0x55aabcecda00_896 .net v0x55aabcecda00 896, 31 0, L_0x55aabcfb5ef0; 1 drivers
v0x55aabcecda00_897 .net v0x55aabcecda00 897, 31 0, L_0x55aabcfb5fc0; 1 drivers
v0x55aabcecda00_898 .net v0x55aabcecda00 898, 31 0, L_0x55aabcfb6090; 1 drivers
v0x55aabcecda00_899 .net v0x55aabcecda00 899, 31 0, L_0x55aabcfb6160; 1 drivers
v0x55aabcecda00_900 .net v0x55aabcecda00 900, 31 0, L_0x55aabcfb6230; 1 drivers
v0x55aabcecda00_901 .net v0x55aabcecda00 901, 31 0, L_0x55aabcfb6300; 1 drivers
v0x55aabcecda00_902 .net v0x55aabcecda00 902, 31 0, L_0x55aabcfb63d0; 1 drivers
v0x55aabcecda00_903 .net v0x55aabcecda00 903, 31 0, L_0x55aabcfb64a0; 1 drivers
v0x55aabcecda00_904 .net v0x55aabcecda00 904, 31 0, L_0x55aabcfb6570; 1 drivers
v0x55aabcecda00_905 .net v0x55aabcecda00 905, 31 0, L_0x55aabcfb6640; 1 drivers
v0x55aabcecda00_906 .net v0x55aabcecda00 906, 31 0, L_0x55aabcfb6710; 1 drivers
v0x55aabcecda00_907 .net v0x55aabcecda00 907, 31 0, L_0x55aabcfb67e0; 1 drivers
v0x55aabcecda00_908 .net v0x55aabcecda00 908, 31 0, L_0x55aabcfb68b0; 1 drivers
v0x55aabcecda00_909 .net v0x55aabcecda00 909, 31 0, L_0x55aabcfb6980; 1 drivers
v0x55aabcecda00_910 .net v0x55aabcecda00 910, 31 0, L_0x55aabcfb6a50; 1 drivers
v0x55aabcecda00_911 .net v0x55aabcecda00 911, 31 0, L_0x55aabcfb6b20; 1 drivers
v0x55aabcecda00_912 .net v0x55aabcecda00 912, 31 0, L_0x55aabcfb6bf0; 1 drivers
v0x55aabcecda00_913 .net v0x55aabcecda00 913, 31 0, L_0x55aabcfb6cc0; 1 drivers
v0x55aabcecda00_914 .net v0x55aabcecda00 914, 31 0, L_0x55aabcfb6d90; 1 drivers
v0x55aabcecda00_915 .net v0x55aabcecda00 915, 31 0, L_0x55aabcfb6e60; 1 drivers
v0x55aabcecda00_916 .net v0x55aabcecda00 916, 31 0, L_0x55aabcfb6f30; 1 drivers
v0x55aabcecda00_917 .net v0x55aabcecda00 917, 31 0, L_0x55aabcfb7000; 1 drivers
v0x55aabcecda00_918 .net v0x55aabcecda00 918, 31 0, L_0x55aabcfb70d0; 1 drivers
v0x55aabcecda00_919 .net v0x55aabcecda00 919, 31 0, L_0x55aabcfb71a0; 1 drivers
v0x55aabcecda00_920 .net v0x55aabcecda00 920, 31 0, L_0x55aabcfb7270; 1 drivers
v0x55aabcecda00_921 .net v0x55aabcecda00 921, 31 0, L_0x55aabcfb7340; 1 drivers
v0x55aabcecda00_922 .net v0x55aabcecda00 922, 31 0, L_0x55aabcfb7410; 1 drivers
v0x55aabcecda00_923 .net v0x55aabcecda00 923, 31 0, L_0x55aabcfb9340; 1 drivers
v0x55aabcecda00_924 .net v0x55aabcecda00 924, 31 0, L_0x55aabcfb9410; 1 drivers
v0x55aabcecda00_925 .net v0x55aabcecda00 925, 31 0, L_0x55aabceab1c0; 1 drivers
v0x55aabcecda00_926 .net v0x55aabcecda00 926, 31 0, L_0x55aabceab290; 1 drivers
v0x55aabcecda00_927 .net v0x55aabcecda00 927, 31 0, L_0x55aabceab360; 1 drivers
v0x55aabcecda00_928 .net v0x55aabcecda00 928, 31 0, L_0x55aabceab430; 1 drivers
v0x55aabcecda00_929 .net v0x55aabcecda00 929, 31 0, L_0x55aabceab500; 1 drivers
v0x55aabcecda00_930 .net v0x55aabcecda00 930, 31 0, L_0x55aabceab5d0; 1 drivers
v0x55aabcecda00_931 .net v0x55aabcecda00 931, 31 0, L_0x55aabceab6a0; 1 drivers
v0x55aabcecda00_932 .net v0x55aabcecda00 932, 31 0, L_0x55aabcfb76b0; 1 drivers
v0x55aabcecda00_933 .net v0x55aabcecda00 933, 31 0, L_0x55aabcfb7780; 1 drivers
v0x55aabcecda00_934 .net v0x55aabcecda00 934, 31 0, L_0x55aabcfb7850; 1 drivers
v0x55aabcecda00_935 .net v0x55aabcecda00 935, 31 0, L_0x55aabcfb7920; 1 drivers
v0x55aabcecda00_936 .net v0x55aabcecda00 936, 31 0, L_0x55aabcfb79f0; 1 drivers
v0x55aabcecda00_937 .net v0x55aabcecda00 937, 31 0, L_0x55aabcfb7ac0; 1 drivers
v0x55aabcecda00_938 .net v0x55aabcecda00 938, 31 0, L_0x55aabcfb7b90; 1 drivers
v0x55aabcecda00_939 .net v0x55aabcecda00 939, 31 0, L_0x55aabcfb7c60; 1 drivers
v0x55aabcecda00_940 .net v0x55aabcecda00 940, 31 0, L_0x55aabcfb7d30; 1 drivers
v0x55aabcecda00_941 .net v0x55aabcecda00 941, 31 0, L_0x55aabcfb7e00; 1 drivers
v0x55aabcecda00_942 .net v0x55aabcecda00 942, 31 0, L_0x55aabcfb7ed0; 1 drivers
v0x55aabcecda00_943 .net v0x55aabcecda00 943, 31 0, L_0x55aabcfb7fa0; 1 drivers
v0x55aabcecda00_944 .net v0x55aabcecda00 944, 31 0, L_0x55aabcfb8070; 1 drivers
v0x55aabcecda00_945 .net v0x55aabcecda00 945, 31 0, L_0x55aabcfb8140; 1 drivers
v0x55aabcecda00_946 .net v0x55aabcecda00 946, 31 0, L_0x55aabcfb8210; 1 drivers
v0x55aabcecda00_947 .net v0x55aabcecda00 947, 31 0, L_0x55aabcfb82e0; 1 drivers
v0x55aabcecda00_948 .net v0x55aabcecda00 948, 31 0, L_0x55aabcfb83b0; 1 drivers
v0x55aabcecda00_949 .net v0x55aabcecda00 949, 31 0, L_0x55aabcfb8480; 1 drivers
v0x55aabcecda00_950 .net v0x55aabcecda00 950, 31 0, L_0x55aabcfb8550; 1 drivers
v0x55aabcecda00_951 .net v0x55aabcecda00 951, 31 0, L_0x55aabcfb8620; 1 drivers
v0x55aabcecda00_952 .net v0x55aabcecda00 952, 31 0, L_0x55aabcfb86f0; 1 drivers
v0x55aabcecda00_953 .net v0x55aabcecda00 953, 31 0, L_0x55aabcfb87c0; 1 drivers
v0x55aabcecda00_954 .net v0x55aabcecda00 954, 31 0, L_0x55aabcfb8890; 1 drivers
v0x55aabcecda00_955 .net v0x55aabcecda00 955, 31 0, L_0x55aabcfb8960; 1 drivers
v0x55aabcecda00_956 .net v0x55aabcecda00 956, 31 0, L_0x55aabcfb8a30; 1 drivers
v0x55aabcecda00_957 .net v0x55aabcecda00 957, 31 0, L_0x55aabcfb8b00; 1 drivers
v0x55aabcecda00_958 .net v0x55aabcecda00 958, 31 0, L_0x55aabcfb8bd0; 1 drivers
v0x55aabcecda00_959 .net v0x55aabcecda00 959, 31 0, L_0x55aabcfb8ca0; 1 drivers
v0x55aabcecda00_960 .net v0x55aabcecda00 960, 31 0, L_0x55aabcfb8d70; 1 drivers
v0x55aabcecda00_961 .net v0x55aabcecda00 961, 31 0, L_0x55aabcfb8e40; 1 drivers
v0x55aabcecda00_962 .net v0x55aabcecda00 962, 31 0, L_0x55aabcfb8f10; 1 drivers
v0x55aabcecda00_963 .net v0x55aabcecda00 963, 31 0, L_0x55aabcfb8fe0; 1 drivers
v0x55aabcecda00_964 .net v0x55aabcecda00 964, 31 0, L_0x55aabcfb90b0; 1 drivers
v0x55aabcecda00_965 .net v0x55aabcecda00 965, 31 0, L_0x55aabcfb9180; 1 drivers
v0x55aabcecda00_966 .net v0x55aabcecda00 966, 31 0, L_0x55aabcfb9250; 1 drivers
v0x55aabcecda00_967 .net v0x55aabcecda00 967, 31 0, L_0x55aabcfbb330; 1 drivers
v0x55aabcecda00_968 .net v0x55aabcecda00 968, 31 0, L_0x55aabcfbb400; 1 drivers
v0x55aabcecda00_969 .net v0x55aabcecda00 969, 31 0, L_0x55aabceab720; 1 drivers
v0x55aabcecda00_970 .net v0x55aabcecda00 970, 31 0, L_0x55aabceab7f0; 1 drivers
v0x55aabcecda00_971 .net v0x55aabcecda00 971, 31 0, L_0x55aabceab8c0; 1 drivers
v0x55aabcecda00_972 .net v0x55aabcecda00 972, 31 0, L_0x55aabceab990; 1 drivers
v0x55aabcecda00_973 .net v0x55aabcecda00 973, 31 0, L_0x55aabceaba60; 1 drivers
v0x55aabcecda00_974 .net v0x55aabcecda00 974, 31 0, L_0x55aabceabb30; 1 drivers
v0x55aabcecda00_975 .net v0x55aabcecda00 975, 31 0, L_0x55aabceabc00; 1 drivers
v0x55aabcecda00_976 .net v0x55aabcecda00 976, 31 0, L_0x55aabcfb9510; 1 drivers
v0x55aabcecda00_977 .net v0x55aabcecda00 977, 31 0, L_0x55aabcfb95e0; 1 drivers
v0x55aabcecda00_978 .net v0x55aabcecda00 978, 31 0, L_0x55aabcfb96b0; 1 drivers
v0x55aabcecda00_979 .net v0x55aabcecda00 979, 31 0, L_0x55aabcfb9780; 1 drivers
v0x55aabcecda00_980 .net v0x55aabcecda00 980, 31 0, L_0x55aabcfb9850; 1 drivers
v0x55aabcecda00_981 .net v0x55aabcecda00 981, 31 0, L_0x55aabcfb9920; 1 drivers
v0x55aabcecda00_982 .net v0x55aabcecda00 982, 31 0, L_0x55aabcfb99f0; 1 drivers
v0x55aabcecda00_983 .net v0x55aabcecda00 983, 31 0, L_0x55aabcfb9ac0; 1 drivers
v0x55aabcecda00_984 .net v0x55aabcecda00 984, 31 0, L_0x55aabcfb9b90; 1 drivers
v0x55aabcecda00_985 .net v0x55aabcecda00 985, 31 0, L_0x55aabcfb9c60; 1 drivers
v0x55aabcecda00_986 .net v0x55aabcecda00 986, 31 0, L_0x55aabcfb9d30; 1 drivers
v0x55aabcecda00_987 .net v0x55aabcecda00 987, 31 0, L_0x55aabcfb9e00; 1 drivers
v0x55aabcecda00_988 .net v0x55aabcecda00 988, 31 0, L_0x55aabcfb9ed0; 1 drivers
v0x55aabcecda00_989 .net v0x55aabcecda00 989, 31 0, L_0x55aabcfb9fa0; 1 drivers
v0x55aabcecda00_990 .net v0x55aabcecda00 990, 31 0, L_0x55aabcfba070; 1 drivers
v0x55aabcecda00_991 .net v0x55aabcecda00 991, 31 0, L_0x55aabcfba140; 1 drivers
v0x55aabcecda00_992 .net v0x55aabcecda00 992, 31 0, L_0x55aabcfba210; 1 drivers
v0x55aabcecda00_993 .net v0x55aabcecda00 993, 31 0, L_0x55aabcfba2e0; 1 drivers
v0x55aabcecda00_994 .net v0x55aabcecda00 994, 31 0, L_0x55aabcfba3b0; 1 drivers
v0x55aabcecda00_995 .net v0x55aabcecda00 995, 31 0, L_0x55aabcfba480; 1 drivers
v0x55aabcecda00_996 .net v0x55aabcecda00 996, 31 0, L_0x55aabcfba550; 1 drivers
v0x55aabcecda00_997 .net v0x55aabcecda00 997, 31 0, L_0x55aabcfba620; 1 drivers
v0x55aabcecda00_998 .net v0x55aabcecda00 998, 31 0, L_0x55aabcfba6f0; 1 drivers
v0x55aabcecda00_999 .net v0x55aabcecda00 999, 31 0, L_0x55aabcfba7c0; 1 drivers
v0x55aabcecda00_1000 .net v0x55aabcecda00 1000, 31 0, L_0x55aabcfba890; 1 drivers
v0x55aabcecda00_1001 .net v0x55aabcecda00 1001, 31 0, L_0x55aabcfba960; 1 drivers
v0x55aabcecda00_1002 .net v0x55aabcecda00 1002, 31 0, L_0x55aabcfbaa30; 1 drivers
v0x55aabcecda00_1003 .net v0x55aabcecda00 1003, 31 0, L_0x55aabcfbab00; 1 drivers
v0x55aabcecda00_1004 .net v0x55aabcecda00 1004, 31 0, L_0x55aabcfbabd0; 1 drivers
v0x55aabcecda00_1005 .net v0x55aabcecda00 1005, 31 0, L_0x55aabcfbaca0; 1 drivers
v0x55aabcecda00_1006 .net v0x55aabcecda00 1006, 31 0, L_0x55aabcfbad70; 1 drivers
v0x55aabcecda00_1007 .net v0x55aabcecda00 1007, 31 0, L_0x55aabcfbae40; 1 drivers
v0x55aabcecda00_1008 .net v0x55aabcecda00 1008, 31 0, L_0x55aabcfbaf10; 1 drivers
v0x55aabcecda00_1009 .net v0x55aabcecda00 1009, 31 0, L_0x55aabcfbafe0; 1 drivers
v0x55aabcecda00_1010 .net v0x55aabcecda00 1010, 31 0, L_0x55aabcfbb0b0; 1 drivers
v0x55aabcecda00_1011 .net v0x55aabcecda00 1011, 31 0, L_0x55aabcfbb180; 1 drivers
v0x55aabcecda00_1012 .net v0x55aabcecda00 1012, 31 0, L_0x55aabcfbb250; 1 drivers
v0x55aabcecda00_1013 .net v0x55aabcecda00 1013, 31 0, L_0x55aabcfbd490; 1 drivers
v0x55aabcecda00_1014 .net v0x55aabcecda00 1014, 31 0, L_0x55aabcfbd560; 1 drivers
v0x55aabcecda00_1015 .net v0x55aabcecda00 1015, 31 0, L_0x55aabceabca0; 1 drivers
v0x55aabcecda00_1016 .net v0x55aabcecda00 1016, 31 0, L_0x55aabceabd70; 1 drivers
v0x55aabcecda00_1017 .net v0x55aabcecda00 1017, 31 0, L_0x55aabceabe40; 1 drivers
v0x55aabcecda00_1018 .net v0x55aabcecda00 1018, 31 0, L_0x55aabceabf10; 1 drivers
v0x55aabcecda00_1019 .net v0x55aabcecda00 1019, 31 0, L_0x55aabceabfe0; 1 drivers
v0x55aabcecda00_1020 .net v0x55aabcecda00 1020, 31 0, L_0x55aabceac0b0; 1 drivers
v0x55aabcecda00_1021 .net v0x55aabcecda00 1021, 31 0, L_0x55aabceac180; 1 drivers
v0x55aabcecda00_1022 .net v0x55aabcecda00 1022, 31 0, L_0x55aabcfbb4d0; 1 drivers
v0x55aabcecda00_1023 .net v0x55aabcecda00 1023, 31 0, L_0x55aabcfbb5a0; 1 drivers
o0x55aabced9c58 .functor BUFZ 32, C4<zzzzzzzzzzzzzzzzzzzzzzzzzzzzzzzz>; HiZ drive
v0x55aabcf27ae0_0 .net "InstrF", 31 0, o0x55aabced9c58;  0 drivers
v0x55aabcf27bc0_0 .net "Instruction_out_top", 31 0, L_0x55aabcfead90;  1 drivers
v0x55aabcf27ca0_0 .net "PC_out_top", 31 0, L_0x55aabcfead20;  1 drivers
v0x55aabcf27d80 .array "Reg_inst_registers", 31 0;
v0x55aabcf27d80_0 .net v0x55aabcf27d80 0, 31 0, L_0x55aabcfeb040; 1 drivers
v0x55aabcf27d80_1 .net v0x55aabcf27d80 1, 31 0, L_0x55aabcfeb0b0; 1 drivers
v0x55aabcf27d80_2 .net v0x55aabcf27d80 2, 31 0, L_0x55aabcfeb120; 1 drivers
v0x55aabcf27d80_3 .net v0x55aabcf27d80 3, 31 0, L_0x55aabcfeb190; 1 drivers
v0x55aabcf27d80_4 .net v0x55aabcf27d80 4, 31 0, L_0x55aabcfeb200; 1 drivers
v0x55aabcf27d80_5 .net v0x55aabcf27d80 5, 31 0, L_0x55aabcfeb270; 1 drivers
v0x55aabcf27d80_6 .net v0x55aabcf27d80 6, 31 0, L_0x55aabcfeb2e0; 1 drivers
v0x55aabcf27d80_7 .net v0x55aabcf27d80 7, 31 0, L_0x55aabcfeb350; 1 drivers
v0x55aabcf27d80_8 .net v0x55aabcf27d80 8, 31 0, L_0x55aabcfeb3c0; 1 drivers
v0x55aabcf27d80_9 .net v0x55aabcf27d80 9, 31 0, L_0x55aabcfeb490; 1 drivers
v0x55aabcf27d80_10 .net v0x55aabcf27d80 10, 31 0, L_0x55aabcfeb560; 1 drivers
v0x55aabcf27d80_11 .net v0x55aabcf27d80 11, 31 0, L_0x55aabcfeb630; 1 drivers
v0x55aabcf27d80_12 .net v0x55aabcf27d80 12, 31 0, L_0x55aabcfeb700; 1 drivers
v0x55aabcf27d80_13 .net v0x55aabcf27d80 13, 31 0, L_0x55aabcfeb7d0; 1 drivers
v0x55aabcf27d80_14 .net v0x55aabcf27d80 14, 31 0, L_0x55aabcfeb8a0; 1 drivers
v0x55aabcf27d80_15 .net v0x55aabcf27d80 15, 31 0, L_0x55aabcfeb970; 1 drivers
v0x55aabcf27d80_16 .net v0x55aabcf27d80 16, 31 0, L_0x55aabcfeba40; 1 drivers
v0x55aabcf27d80_17 .net v0x55aabcf27d80 17, 31 0, L_0x55aabcfebb10; 1 drivers
v0x55aabcf27d80_18 .net v0x55aabcf27d80 18, 31 0, L_0x55aabcfebbe0; 1 drivers
v0x55aabcf27d80_19 .net v0x55aabcf27d80 19, 31 0, L_0x55aabcfebcb0; 1 drivers
v0x55aabcf27d80_20 .net v0x55aabcf27d80 20, 31 0, L_0x55aabcfebd80; 1 drivers
v0x55aabcf27d80_21 .net v0x55aabcf27d80 21, 31 0, L_0x55aabcfebe50; 1 drivers
v0x55aabcf27d80_22 .net v0x55aabcf27d80 22, 31 0, L_0x55aabcfebf20; 1 drivers
v0x55aabcf27d80_23 .net v0x55aabcf27d80 23, 31 0, L_0x55aabcfebff0; 1 drivers
v0x55aabcf27d80_24 .net v0x55aabcf27d80 24, 31 0, L_0x55aabcfec0c0; 1 drivers
v0x55aabcf27d80_25 .net v0x55aabcf27d80 25, 31 0, L_0x55aabcfec190; 1 drivers
v0x55aabcf27d80_26 .net v0x55aabcf27d80 26, 31 0, L_0x55aabcfec260; 1 drivers
v0x55aabcf27d80_27 .net v0x55aabcf27d80 27, 31 0, L_0x55aabcfec330; 1 drivers
v0x55aabcf27d80_28 .net v0x55aabcf27d80 28, 31 0, L_0x55aabcfec400; 1 drivers
v0x55aabcf27d80_29 .net v0x55aabcf27d80 29, 31 0, L_0x55aabcfec4d0; 1 drivers
v0x55aabcf27d80_30 .net v0x55aabcf27d80 30, 31 0, L_0x55aabcfec5a0; 1 drivers
v0x55aabcf27d80_31 .net v0x55aabcf27d80 31, 31 0, L_0x55aabcfec670; 1 drivers
L_0x55aabcf2eba0 .functor BUFT 1, C4<1>, C4<0>, C4<0>, C4<0>;
v0x55aabcf282d0_0 .net/2u *"_ivl_2050", 0 0, L_0x55aabcf2eba0;  1 drivers
L_0x55aabcf2ebe8 .functor BUFT 1, C4<00000000000000000000000010000000>, C4<0>, C4<0>, C4<0>;
v0x55aabcf283b0_0 .net/2u *"_ivl_2054", 31 0, L_0x55aabcf2ebe8;  1 drivers
L_0x55aabcf2f380 .functor BUFT 1, C4<01>, C4<0>, C4<0>, C4<0>;
v0x55aabcf28490_0 .net/2u *"_ivl_2070", 1 0, L_0x55aabcf2f380;  1 drivers
v0x55aabcf28570_0 .net "branch_feedback_pc", 31 0, L_0x55aabcff2b80;  1 drivers
v0x55aabcf28630_0 .net "branch_feedback_taken", 0 0, L_0x55aabcff2c80;  1 drivers
v0x55aabcf286d0_0 .net "branch_feedback_valid", 0 0, L_0x55aabcff29f0;  1 drivers
v0x55aabcf287c0_0 .net "branch_flush", 0 0, L_0x55aabcb99c90;  1 drivers
v0x55aabcf28860_0 .net "clk", 0 0, v0x55aabcf2d9c0_0;  1 drivers
v0x55aabcf28b20_0 .net "ex_alu_result", 31 0, v0x55aabceb94e0_0;  1 drivers
v0x55aabcf28c10_0 .net "ex_mem_alu_result", 31 0, v0x55aabceb59f0_0;  1 drivers
v0x55aabcf28cd0_0 .net "ex_mem_mem_op", 1 0, v0x55aabceb5b50_0;  1 drivers
v0x55aabcf28de0_0 .net "ex_mem_mem_write", 0 0, v0x55aabceb5d00_0;  1 drivers
v0x55aabcf28ed0_0 .net "ex_mem_op", 1 0, v0x55aabceb8850_0;  1 drivers
v0x55aabcf28fe0_0 .net "ex_mem_pc_plus4", 31 0, v0x55aabceb5e60_0;  1 drivers
v0x55aabcf290a0_0 .net "ex_mem_rd", 4 0, v0x55aabceb6580_0;  1 drivers
v0x55aabcf29190_0 .net "ex_mem_reg_write", 0 0, v0x55aabceb6000_0;  1 drivers
v0x55aabcf29280_0 .net "ex_mem_result_src", 1 0, v0x55aabceb61a0_0;  1 drivers
v0x55aabcf29340_0 .net "ex_mem_write", 0 0, v0x55aabceb89b0_0;  1 drivers
v0x55aabcf29430_0 .net "ex_mem_write_data", 31 0, v0x55aabceb6360_0;  1 drivers
v0x55aabcf29520_0 .net "ex_pc_plus4", 31 0, v0x55aabceb8b10_0;  1 drivers
v0x55aabcf29630_0 .net "ex_pc_src", 0 0, L_0x55aabcff2890;  1 drivers
v0x55aabcf29720_0 .net "ex_pc_target", 31 0, L_0x55aabcff2950;  1 drivers
v0x55aabcf297e0_0 .net "ex_rd", 4 0, v0x55aabceb9e60_0;  1 drivers
v0x55aabcf298d0_0 .net "ex_reg_write", 0 0, v0x55aabceb9020_0;  1 drivers
v0x55aabcf29bd0_0 .net "ex_result_src", 1 0, v0x55aabceb91b0_0;  1 drivers
v0x55aabcf29ce0_0 .net "ex_write_data", 31 0, L_0x55aabcff1e10;  1 drivers
v0x55aabcf29df0_0 .net "exception", 0 0, L_0x55aabcff1a00;  1 drivers
v0x55aabcf29e90_0 .net "fetch_branch_predict", 0 0, L_0x55aabcfe82d0;  1 drivers
v0x55aabcf29f30_0 .net "forward_a_ex", 1 0, v0x55aabcebc9e0_0;  1 drivers
v0x55aabcf2a020_0 .net "forward_b_ex", 1 0, v0x55aabcebcae0_0;  1 drivers
v0x55aabcf2a110_0 .net "id_alu_control", 3 0, v0x55aabceae730_0;  1 drivers
v0x55aabcf2a1d0_0 .net "id_alu_src", 0 0, v0x55aabceaf0e0_0;  1 drivers
v0x55aabcf2a270_0 .net "id_branch", 0 0, v0x55aabceaf180_0;  1 drivers
v0x55aabcf2a3a0_0 .net "id_ex_alu_control", 3 0, v0x55aabcebe520_0;  1 drivers
v0x55aabcf2a460_0 .net "id_ex_alu_src", 0 0, v0x55aabcebe6d0_0;  1 drivers
v0x55aabcf2a500_0 .net "id_ex_branch", 0 0, v0x55aabcebe890_0;  1 drivers
v0x55aabcf2a5a0_0 .net "id_ex_bubble", 0 0, v0x55aabcebd570_0;  1 drivers
v0x55aabcf2a640_0 .net "id_ex_funct3", 2 0, v0x55aabcebfc90_0;  1 drivers
v0x55aabcf2a750_0 .net "id_ex_imm_ext", 31 0, v0x55aabcebea20_0;  1 drivers
v0x55aabcf2a860_0 .net "id_ex_jump", 0 0, v0x55aabcebebf0_0;  1 drivers
v0x55aabcf2a950_0 .net "id_ex_mem_op", 1 0, v0x55aabcebed60_0;  1 drivers
v0x55aabcf2aa60_0 .net "id_ex_mem_write", 0 0, v0x55aabcebeed0_0;  1 drivers
v0x55aabcf2ab00_0 .net "id_ex_pc", 31 0, v0x55aabcebf2a0_0;  1 drivers
v0x55aabcf2ac10_0 .net "id_ex_pc_plus4", 31 0, v0x55aabcebf010_0;  1 drivers
v0x55aabcf2ad20_0 .net "id_ex_rd", 4 0, v0x55aabcebfe30_0;  1 drivers
v0x55aabcf2ade0_0 .net "id_ex_rd1", 31 0, v0x55aabcebf460_0;  1 drivers
v0x55aabcf2aef0_0 .net "id_ex_rd2", 31 0, v0x55aabcebf600_0;  1 drivers
v0x55aabcf2b000_0 .net "id_ex_reg_write", 0 0, v0x55aabcebf770_0;  1 drivers
v0x55aabcf2b0f0_0 .net "id_ex_result_src", 1 0, v0x55aabcebf8e0_0;  1 drivers
v0x55aabcf2b200_0 .net "id_ex_rs1", 4 0, v0x55aabcec0240_0;  1 drivers
v0x55aabcf2b310_0 .net "id_ex_rs2", 4 0, v0x55aabcec03f0_0;  1 drivers
v0x55aabcf2b420_0 .net "id_funct3", 2 0, L_0x55aabcff18f0;  1 drivers
v0x55aabcf2b530_0 .net "id_imm_ext", 31 0, L_0x55aabcff15e0;  1 drivers
v0x55aabcf2b5f0_0 .net "id_jump", 0 0, v0x55aabceaf330_0;  1 drivers
v0x55aabcf2b720_0 .net "id_mem_op", 1 0, v0x55aabceaf440_0;  1 drivers
v0x55aabcf2b870_0 .net "id_mem_write", 0 0, v0x55aabceaf520_0;  1 drivers
v0x55aabcf2b9a0_0 .net "id_rd", 4 0, L_0x55aabcff1800;  1 drivers
v0x55aabcf2ba60_0 .net "id_rd1", 31 0, L_0x55aabcff1a70;  1 drivers
v0x55aabcf2bb20_0 .net "id_rd2", 31 0, L_0x55aabcff1b70;  1 drivers
v0x55aabcf2bbe0_0 .net "id_reg_write", 0 0, v0x55aabceaf6c0_0;  1 drivers
v0x55aabcf2bd10_0 .net "id_result_src", 1 0, v0x55aabceaf780_0;  1 drivers
v0x55aabcf2be60_0 .net "id_rs1", 4 0, L_0x55aabcff1680;  1 drivers
v0x55aabcf2bf20_0 .net "id_rs2", 4 0, L_0x55aabcff1760;  1 drivers
v0x55aabcf2bfe0_0 .net "if_id_instr", 31 0, v0x55aabcec0f40_0;  1 drivers
v0x55aabcf2c0a0_0 .net "if_id_pc", 31 0, v0x55aabcec1170_0;  1 drivers
v0x55aabcf2c160_0 .net "if_id_pc_plus4", 31 0, v0x55aabcec12b0_0;  1 drivers
v0x55aabcf2c220_0 .net "if_id_write_en", 0 0, v0x55aabcebd8c0_0;  1 drivers
v0x55aabcf2c310_0 .net "if_instr", 31 0, L_0x55aabce1fd10;  1 drivers
v0x55aabcf2c3d0_0 .net "if_pc", 31 0, L_0x55aabcfe7d60;  1 drivers
v0x55aabcf2c490_0 .net "if_pc_plus4", 31 0, L_0x55aabcfe7e50;  1 drivers
v0x55aabcf2c5a0_0 .net "mem_alu_result", 31 0, L_0x55aabcea15c0;  1 drivers
v0x55aabcf2c660_0 .net "mem_pc_plus4", 31 0, L_0x55aabcea1780;  1 drivers
v0x55aabcf2c750_0 .net "mem_rd", 4 0, L_0x55aabcea1710;  1 drivers
v0x55aabcf2c810_0 .net "mem_read_data", 31 0, v0x55aabce45c50_0;  1 drivers
v0x55aabcf2c900_0 .net "mem_reg_write", 0 0, L_0x55aabcff2d30;  1 drivers
v0x55aabcf2c9a0_0 .net "mem_result_src", 1 0, L_0x55aabcea1550;  1 drivers
v0x55aabcf2ca40_0 .net "mem_wb_alu_result", 31 0, v0x55aabcec1820_0;  1 drivers
v0x55aabcf2cb30_0 .net "mem_wb_pc_plus4", 31 0, v0x55aabcec19c0_0;  1 drivers
v0x55aabcf2cbf0_0 .net "mem_wb_rd", 4 0, v0x55aabcec2250_0;  1 drivers
v0x55aabcf2cc90_0 .net "mem_wb_read_data", 31 0, v0x55aabcec1bb0_0;  1 drivers
v0x55aabcf2cda0_0 .net "mem_wb_reg_write", 0 0, v0x55aabcec1d30_0;  1 drivers
v0x55aabcf2ce40_0 .net "mem_wb_result_src", 1 0, v0x55aabcec1f50_0;  1 drivers
v0x55aabcf2cf50_0 .net "pc_write_en", 0 0, v0x55aabcebdb10_0;  1 drivers
v0x55aabcf2d040_0 .net "rf_A1", 4 0, L_0x55aabcff1c70;  1 drivers
v0x55aabcf2d150_0 .net "rf_A2", 4 0, L_0x55aabcff1d70;  1 drivers
v0x55aabcf2d260_0 .net "rf_RD1", 31 0, L_0x55aabcfe9030;  1 drivers
v0x55aabcf2d370_0 .net "rf_RD2", 31 0, L_0x55aabcfe9540;  1 drivers
v0x55aabcf2d480_0 .net "rst_n", 0 0, v0x55aabcf2e570_0;  1 drivers
v0x55aabcf2d520_0 .var "startup_suppress", 0 0;
v0x55aabcf2d5c0_0 .net "wb_rd", 4 0, L_0x55aabcea1940;  1 drivers
v0x55aabcf2d6b0_0 .net "wb_reg_write_en", 0 0, L_0x55aabcea1840;  1 drivers
v0x55aabcf2d7a0_0 .net "wb_result", 31 0, L_0x55aabcfea4d0;  1 drivers
L_0x55aabcfe8970 .functor MUXZ 1, L_0x55aabcff2890, L_0x55aabcf2eba0, L_0x55aabcff1a00, C4<>;
L_0x55aabcfe8b40 .functor MUXZ 32, L_0x55aabcff2950, L_0x55aabcf2ebe8, L_0x55aabcff1a00, C4<>;
L_0x55aabcfe8c30 .part L_0x55aabcff2b80, 2, 6;
L_0x55aabcfeabe0 .cmp/eq 2, v0x55aabcebf8e0_0, L_0x55aabcf2f380;
S_0x55aabce43810 .scope module, "DMEM_inst" "Data_Memory" 7 113, 8 1 0, S_0x55aabce435e0;
 .timescale 0 0;
    .port_info 0 /INPUT 1 "clk";
    .port_info 1 /INPUT 1 "rst";
    .port_info 2 /INPUT 1 "WE";
    .port_info 3 /INPUT 2 "MemOp";
    .port_info 4 /INPUT 32 "A";
    .port_info 5 /INPUT 32 "WD";
    .port_info 6 /OUTPUT 32 "RD";
v0x55aabce45a70_0 .net "A", 31 0, v0x55aabceb59f0_0;  alias, 1 drivers
v0x55aabce45b70_0 .net "MemOp", 1 0, v0x55aabceb5b50_0;  alias, 1 drivers
v0x55aabce45c50_0 .var "RD", 31 0;
v0x55aabce45d10_0 .net "WD", 31 0, v0x55aabceb6360_0;  alias, 1 drivers
v0x55aabce45df0_0 .net "WE", 0 0, v0x55aabceb5d00_0;  alias, 1 drivers
v0x55aabce45f00_0 .net "clk", 0 0, v0x55aabcf2d9c0_0;  alias, 1 drivers
v0x55aabce45fc0_0 .var/i "i", 31 0;
v0x55aabce460a0 .array "memory", 1023 0, 31 0;
v0x55aabcea1b90_0 .net "rst", 0 0, v0x55aabcf2e570_0;  alias, 1 drivers
E_0x55aabcb74570/0 .event edge, v0x55aabcea1b90_0, v0x55aabce45b70_0, v0x55aabce45a70_0, v0x55aabce460a0_0;
E_0x55aabcb74570/1 .event edge, v0x55aabce460a0_1, v0x55aabce460a0_2, v0x55aabce460a0_3, v0x55aabce460a0_4;
E_0x55aabcb74570/2 .event edge, v0x55aabce460a0_5, v0x55aabce460a0_6, v0x55aabce460a0_7, v0x55aabce460a0_8;
E_0x55aabcb74570/3 .event edge, v0x55aabce460a0_9, v0x55aabce460a0_10, v0x55aabce460a0_11, v0x55aabce460a0_12;
E_0x55aabcb74570/4 .event edge, v0x55aabce460a0_13, v0x55aabce460a0_14, v0x55aabce460a0_15, v0x55aabce460a0_16;
E_0x55aabcb74570/5 .event edge, v0x55aabce460a0_17, v0x55aabce460a0_18, v0x55aabce460a0_19, v0x55aabce460a0_20;
E_0x55aabcb74570/6 .event edge, v0x55aabce460a0_21, v0x55aabce460a0_22, v0x55aabce460a0_23, v0x55aabce460a0_24;
E_0x55aabcb74570/7 .event edge, v0x55aabce460a0_25, v0x55aabce460a0_26, v0x55aabce460a0_27, v0x55aabce460a0_28;
E_0x55aabcb74570/8 .event edge, v0x55aabce460a0_29, v0x55aabce460a0_30, v0x55aabce460a0_31, v0x55aabce460a0_32;
E_0x55aabcb74570/9 .event edge, v0x55aabce460a0_33, v0x55aabce460a0_34, v0x55aabce460a0_35, v0x55aabce460a0_36;
E_0x55aabcb74570/10 .event edge, v0x55aabce460a0_37, v0x55aabce460a0_38, v0x55aabce460a0_39, v0x55aabce460a0_40;
E_0x55aabcb74570/11 .event edge, v0x55aabce460a0_41, v0x55aabce460a0_42, v0x55aabce460a0_43, v0x55aabce460a0_44;
E_0x55aabcb74570/12 .event edge, v0x55aabce460a0_45, v0x55aabce460a0_46, v0x55aabce460a0_47, v0x55aabce460a0_48;
E_0x55aabcb74570/13 .event edge, v0x55aabce460a0_49, v0x55aabce460a0_50, v0x55aabce460a0_51, v0x55aabce460a0_52;
E_0x55aabcb74570/14 .event edge, v0x55aabce460a0_53, v0x55aabce460a0_54, v0x55aabce460a0_55, v0x55aabce460a0_56;
E_0x55aabcb74570/15 .event edge, v0x55aabce460a0_57, v0x55aabce460a0_58, v0x55aabce460a0_59, v0x55aabce460a0_60;
E_0x55aabcb74570/16 .event edge, v0x55aabce460a0_61, v0x55aabce460a0_62, v0x55aabce460a0_63, v0x55aabce460a0_64;
E_0x55aabcb74570/17 .event edge, v0x55aabce460a0_65, v0x55aabce460a0_66, v0x55aabce460a0_67, v0x55aabce460a0_68;
E_0x55aabcb74570/18 .event edge, v0x55aabce460a0_69, v0x55aabce460a0_70, v0x55aabce460a0_71, v0x55aabce460a0_72;
E_0x55aabcb74570/19 .event edge, v0x55aabce460a0_73, v0x55aabce460a0_74, v0x55aabce460a0_75, v0x55aabce460a0_76;
E_0x55aabcb74570/20 .event edge, v0x55aabce460a0_77, v0x55aabce460a0_78, v0x55aabce460a0_79, v0x55aabce460a0_80;
E_0x55aabcb74570/21 .event edge, v0x55aabce460a0_81, v0x55aabce460a0_82, v0x55aabce460a0_83, v0x55aabce460a0_84;
E_0x55aabcb74570/22 .event edge, v0x55aabce460a0_85, v0x55aabce460a0_86, v0x55aabce460a0_87, v0x55aabce460a0_88;
E_0x55aabcb74570/23 .event edge, v0x55aabce460a0_89, v0x55aabce460a0_90, v0x55aabce460a0_91, v0x55aabce460a0_92;
E_0x55aabcb74570/24 .event edge, v0x55aabce460a0_93, v0x55aabce460a0_94, v0x55aabce460a0_95, v0x55aabce460a0_96;
E_0x55aabcb74570/25 .event edge, v0x55aabce460a0_97, v0x55aabce460a0_98, v0x55aabce460a0_99, v0x55aabce460a0_100;
E_0x55aabcb74570/26 .event edge, v0x55aabce460a0_101, v0x55aabce460a0_102, v0x55aabce460a0_103, v0x55aabce460a0_104;
E_0x55aabcb74570/27 .event edge, v0x55aabce460a0_105, v0x55aabce460a0_106, v0x55aabce460a0_107, v0x55aabce460a0_108;
E_0x55aabcb74570/28 .event edge, v0x55aabce460a0_109, v0x55aabce460a0_110, v0x55aabce460a0_111, v0x55aabce460a0_112;
E_0x55aabcb74570/29 .event edge, v0x55aabce460a0_113, v0x55aabce460a0_114, v0x55aabce460a0_115, v0x55aabce460a0_116;
E_0x55aabcb74570/30 .event edge, v0x55aabce460a0_117, v0x55aabce460a0_118, v0x55aabce460a0_119, v0x55aabce460a0_120;
E_0x55aabcb74570/31 .event edge, v0x55aabce460a0_121, v0x55aabce460a0_122, v0x55aabce460a0_123, v0x55aabce460a0_124;
E_0x55aabcb74570/32 .event edge, v0x55aabce460a0_125, v0x55aabce460a0_126, v0x55aabce460a0_127, v0x55aabce460a0_128;
E_0x55aabcb74570/33 .event edge, v0x55aabce460a0_129, v0x55aabce460a0_130, v0x55aabce460a0_131, v0x55aabce460a0_132;
E_0x55aabcb74570/34 .event edge, v0x55aabce460a0_133, v0x55aabce460a0_134, v0x55aabce460a0_135, v0x55aabce460a0_136;
E_0x55aabcb74570/35 .event edge, v0x55aabce460a0_137, v0x55aabce460a0_138, v0x55aabce460a0_139, v0x55aabce460a0_140;
E_0x55aabcb74570/36 .event edge, v0x55aabce460a0_141, v0x55aabce460a0_142, v0x55aabce460a0_143, v0x55aabce460a0_144;
E_0x55aabcb74570/37 .event edge, v0x55aabce460a0_145, v0x55aabce460a0_146, v0x55aabce460a0_147, v0x55aabce460a0_148;
E_0x55aabcb74570/38 .event edge, v0x55aabce460a0_149, v0x55aabce460a0_150, v0x55aabce460a0_151, v0x55aabce460a0_152;
E_0x55aabcb74570/39 .event edge, v0x55aabce460a0_153, v0x55aabce460a0_154, v0x55aabce460a0_155, v0x55aabce460a0_156;
E_0x55aabcb74570/40 .event edge, v0x55aabce460a0_157, v0x55aabce460a0_158, v0x55aabce460a0_159, v0x55aabce460a0_160;
E_0x55aabcb74570/41 .event edge, v0x55aabce460a0_161, v0x55aabce460a0_162, v0x55aabce460a0_163, v0x55aabce460a0_164;
E_0x55aabcb74570/42 .event edge, v0x55aabce460a0_165, v0x55aabce460a0_166, v0x55aabce460a0_167, v0x55aabce460a0_168;
E_0x55aabcb74570/43 .event edge, v0x55aabce460a0_169, v0x55aabce460a0_170, v0x55aabce460a0_171, v0x55aabce460a0_172;
E_0x55aabcb74570/44 .event edge, v0x55aabce460a0_173, v0x55aabce460a0_174, v0x55aabce460a0_175, v0x55aabce460a0_176;
E_0x55aabcb74570/45 .event edge, v0x55aabce460a0_177, v0x55aabce460a0_178, v0x55aabce460a0_179, v0x55aabce460a0_180;
E_0x55aabcb74570/46 .event edge, v0x55aabce460a0_181, v0x55aabce460a0_182, v0x55aabce460a0_183, v0x55aabce460a0_184;
E_0x55aabcb74570/47 .event edge, v0x55aabce460a0_185, v0x55aabce460a0_186, v0x55aabce460a0_187, v0x55aabce460a0_188;
E_0x55aabcb74570/48 .event edge, v0x55aabce460a0_189, v0x55aabce460a0_190, v0x55aabce460a0_191, v0x55aabce460a0_192;
E_0x55aabcb74570/49 .event edge, v0x55aabce460a0_193, v0x55aabce460a0_194, v0x55aabce460a0_195, v0x55aabce460a0_196;
E_0x55aabcb74570/50 .event edge, v0x55aabce460a0_197, v0x55aabce460a0_198, v0x55aabce460a0_199, v0x55aabce460a0_200;
E_0x55aabcb74570/51 .event edge, v0x55aabce460a0_201, v0x55aabce460a0_202, v0x55aabce460a0_203, v0x55aabce460a0_204;
E_0x55aabcb74570/52 .event edge, v0x55aabce460a0_205, v0x55aabce460a0_206, v0x55aabce460a0_207, v0x55aabce460a0_208;
E_0x55aabcb74570/53 .event edge, v0x55aabce460a0_209, v0x55aabce460a0_210, v0x55aabce460a0_211, v0x55aabce460a0_212;
E_0x55aabcb74570/54 .event edge, v0x55aabce460a0_213, v0x55aabce460a0_214, v0x55aabce460a0_215, v0x55aabce460a0_216;
E_0x55aabcb74570/55 .event edge, v0x55aabce460a0_217, v0x55aabce460a0_218, v0x55aabce460a0_219, v0x55aabce460a0_220;
E_0x55aabcb74570/56 .event edge, v0x55aabce460a0_221, v0x55aabce460a0_222, v0x55aabce460a0_223, v0x55aabce460a0_224;
E_0x55aabcb74570/57 .event edge, v0x55aabce460a0_225, v0x55aabce460a0_226, v0x55aabce460a0_227, v0x55aabce460a0_228;
E_0x55aabcb74570/58 .event edge, v0x55aabce460a0_229, v0x55aabce460a0_230, v0x55aabce460a0_231, v0x55aabce460a0_232;
E_0x55aabcb74570/59 .event edge, v0x55aabce460a0_233, v0x55aabce460a0_234, v0x55aabce460a0_235, v0x55aabce460a0_236;
E_0x55aabcb74570/60 .event edge, v0x55aabce460a0_237, v0x55aabce460a0_238, v0x55aabce460a0_239, v0x55aabce460a0_240;
E_0x55aabcb74570/61 .event edge, v0x55aabce460a0_241, v0x55aabce460a0_242, v0x55aabce460a0_243, v0x55aabce460a0_244;
E_0x55aabcb74570/62 .event edge, v0x55aabce460a0_245, v0x55aabce460a0_246, v0x55aabce460a0_247, v0x55aabce460a0_248;
E_0x55aabcb74570/63 .event edge, v0x55aabce460a0_249, v0x55aabce460a0_250, v0x55aabce460a0_251, v0x55aabce460a0_252;
E_0x55aabcb74570/64 .event edge, v0x55aabce460a0_253, v0x55aabce460a0_254, v0x55aabce460a0_255, v0x55aabce460a0_256;
E_0x55aabcb74570/65 .event edge, v0x55aabce460a0_257, v0x55aabce460a0_258, v0x55aabce460a0_259, v0x55aabce460a0_260;
E_0x55aabcb74570/66 .event edge, v0x55aabce460a0_261, v0x55aabce460a0_262, v0x55aabce460a0_263, v0x55aabce460a0_264;
E_0x55aabcb74570/67 .event edge, v0x55aabce460a0_265, v0x55aabce460a0_266, v0x55aabce460a0_267, v0x55aabce460a0_268;
E_0x55aabcb74570/68 .event edge, v0x55aabce460a0_269, v0x55aabce460a0_270, v0x55aabce460a0_271, v0x55aabce460a0_272;
E_0x55aabcb74570/69 .event edge, v0x55aabce460a0_273, v0x55aabce460a0_274, v0x55aabce460a0_275, v0x55aabce460a0_276;
E_0x55aabcb74570/70 .event edge, v0x55aabce460a0_277, v0x55aabce460a0_278, v0x55aabce460a0_279, v0x55aabce460a0_280;
E_0x55aabcb74570/71 .event edge, v0x55aabce460a0_281, v0x55aabce460a0_282, v0x55aabce460a0_283, v0x55aabce460a0_284;
E_0x55aabcb74570/72 .event edge, v0x55aabce460a0_285, v0x55aabce460a0_286, v0x55aabce460a0_287, v0x55aabce460a0_288;
E_0x55aabcb74570/73 .event edge, v0x55aabce460a0_289, v0x55aabce460a0_290, v0x55aabce460a0_291, v0x55aabce460a0_292;
E_0x55aabcb74570/74 .event edge, v0x55aabce460a0_293, v0x55aabce460a0_294, v0x55aabce460a0_295, v0x55aabce460a0_296;
E_0x55aabcb74570/75 .event edge, v0x55aabce460a0_297, v0x55aabce460a0_298, v0x55aabce460a0_299, v0x55aabce460a0_300;
E_0x55aabcb74570/76 .event edge, v0x55aabce460a0_301, v0x55aabce460a0_302, v0x55aabce460a0_303, v0x55aabce460a0_304;
E_0x55aabcb74570/77 .event edge, v0x55aabce460a0_305, v0x55aabce460a0_306, v0x55aabce460a0_307, v0x55aabce460a0_308;
E_0x55aabcb74570/78 .event edge, v0x55aabce460a0_309, v0x55aabce460a0_310, v0x55aabce460a0_311, v0x55aabce460a0_312;
E_0x55aabcb74570/79 .event edge, v0x55aabce460a0_313, v0x55aabce460a0_314, v0x55aabce460a0_315, v0x55aabce460a0_316;
E_0x55aabcb74570/80 .event edge, v0x55aabce460a0_317, v0x55aabce460a0_318, v0x55aabce460a0_319, v0x55aabce460a0_320;
E_0x55aabcb74570/81 .event edge, v0x55aabce460a0_321, v0x55aabce460a0_322, v0x55aabce460a0_323, v0x55aabce460a0_324;
E_0x55aabcb74570/82 .event edge, v0x55aabce460a0_325, v0x55aabce460a0_326, v0x55aabce460a0_327, v0x55aabce460a0_328;
E_0x55aabcb74570/83 .event edge, v0x55aabce460a0_329, v0x55aabce460a0_330, v0x55aabce460a0_331, v0x55aabce460a0_332;
E_0x55aabcb74570/84 .event edge, v0x55aabce460a0_333, v0x55aabce460a0_334, v0x55aabce460a0_335, v0x55aabce460a0_336;
E_0x55aabcb74570/85 .event edge, v0x55aabce460a0_337, v0x55aabce460a0_338, v0x55aabce460a0_339, v0x55aabce460a0_340;
E_0x55aabcb74570/86 .event edge, v0x55aabce460a0_341, v0x55aabce460a0_342, v0x55aabce460a0_343, v0x55aabce460a0_344;
E_0x55aabcb74570/87 .event edge, v0x55aabce460a0_345, v0x55aabce460a0_346, v0x55aabce460a0_347, v0x55aabce460a0_348;
E_0x55aabcb74570/88 .event edge, v0x55aabce460a0_349, v0x55aabce460a0_350, v0x55aabce460a0_351, v0x55aabce460a0_352;
E_0x55aabcb74570/89 .event edge, v0x55aabce460a0_353, v0x55aabce460a0_354, v0x55aabce460a0_355, v0x55aabce460a0_356;
E_0x55aabcb74570/90 .event edge, v0x55aabce460a0_357, v0x55aabce460a0_358, v0x55aabce460a0_359, v0x55aabce460a0_360;
E_0x55aabcb74570/91 .event edge, v0x55aabce460a0_361, v0x55aabce460a0_362, v0x55aabce460a0_363, v0x55aabce460a0_364;
E_0x55aabcb74570/92 .event edge, v0x55aabce460a0_365, v0x55aabce460a0_366, v0x55aabce460a0_367, v0x55aabce460a0_368;
E_0x55aabcb74570/93 .event edge, v0x55aabce460a0_369, v0x55aabce460a0_370, v0x55aabce460a0_371, v0x55aabce460a0_372;
E_0x55aabcb74570/94 .event edge, v0x55aabce460a0_373, v0x55aabce460a0_374, v0x55aabce460a0_375, v0x55aabce460a0_376;
E_0x55aabcb74570/95 .event edge, v0x55aabce460a0_377, v0x55aabce460a0_378, v0x55aabce460a0_379, v0x55aabce460a0_380;
E_0x55aabcb74570/96 .event edge, v0x55aabce460a0_381, v0x55aabce460a0_382, v0x55aabce460a0_383, v0x55aabce460a0_384;
E_0x55aabcb74570/97 .event edge, v0x55aabce460a0_385, v0x55aabce460a0_386, v0x55aabce460a0_387, v0x55aabce460a0_388;
E_0x55aabcb74570/98 .event edge, v0x55aabce460a0_389, v0x55aabce460a0_390, v0x55aabce460a0_391, v0x55aabce460a0_392;
E_0x55aabcb74570/99 .event edge, v0x55aabce460a0_393, v0x55aabce460a0_394, v0x55aabce460a0_395, v0x55aabce460a0_396;
E_0x55aabcb74570/100 .event edge, v0x55aabce460a0_397, v0x55aabce460a0_398, v0x55aabce460a0_399, v0x55aabce460a0_400;
E_0x55aabcb74570/101 .event edge, v0x55aabce460a0_401, v0x55aabce460a0_402, v0x55aabce460a0_403, v0x55aabce460a0_404;
E_0x55aabcb74570/102 .event edge, v0x55aabce460a0_405, v0x55aabce460a0_406, v0x55aabce460a0_407, v0x55aabce460a0_408;
E_0x55aabcb74570/103 .event edge, v0x55aabce460a0_409, v0x55aabce460a0_410, v0x55aabce460a0_411, v0x55aabce460a0_412;
E_0x55aabcb74570/104 .event edge, v0x55aabce460a0_413, v0x55aabce460a0_414, v0x55aabce460a0_415, v0x55aabce460a0_416;
E_0x55aabcb74570/105 .event edge, v0x55aabce460a0_417, v0x55aabce460a0_418, v0x55aabce460a0_419, v0x55aabce460a0_420;
E_0x55aabcb74570/106 .event edge, v0x55aabce460a0_421, v0x55aabce460a0_422, v0x55aabce460a0_423, v0x55aabce460a0_424;
E_0x55aabcb74570/107 .event edge, v0x55aabce460a0_425, v0x55aabce460a0_426, v0x55aabce460a0_427, v0x55aabce460a0_428;
E_0x55aabcb74570/108 .event edge, v0x55aabce460a0_429, v0x55aabce460a0_430, v0x55aabce460a0_431, v0x55aabce460a0_432;
E_0x55aabcb74570/109 .event edge, v0x55aabce460a0_433, v0x55aabce460a0_434, v0x55aabce460a0_435, v0x55aabce460a0_436;
E_0x55aabcb74570/110 .event edge, v0x55aabce460a0_437, v0x55aabce460a0_438, v0x55aabce460a0_439, v0x55aabce460a0_440;
E_0x55aabcb74570/111 .event edge, v0x55aabce460a0_441, v0x55aabce460a0_442, v0x55aabce460a0_443, v0x55aabce460a0_444;
E_0x55aabcb74570/112 .event edge, v0x55aabce460a0_445, v0x55aabce460a0_446, v0x55aabce460a0_447, v0x55aabce460a0_448;
E_0x55aabcb74570/113 .event edge, v0x55aabce460a0_449, v0x55aabce460a0_450, v0x55aabce460a0_451, v0x55aabce460a0_452;
E_0x55aabcb74570/114 .event edge, v0x55aabce460a0_453, v0x55aabce460a0_454, v0x55aabce460a0_455, v0x55aabce460a0_456;
E_0x55aabcb74570/115 .event edge, v0x55aabce460a0_457, v0x55aabce460a0_458, v0x55aabce460a0_459, v0x55aabce460a0_460;
E_0x55aabcb74570/116 .event edge, v0x55aabce460a0_461, v0x55aabce460a0_462, v0x55aabce460a0_463, v0x55aabce460a0_464;
E_0x55aabcb74570/117 .event edge, v0x55aabce460a0_465, v0x55aabce460a0_466, v0x55aabce460a0_467, v0x55aabce460a0_468;
E_0x55aabcb74570/118 .event edge, v0x55aabce460a0_469, v0x55aabce460a0_470, v0x55aabce460a0_471, v0x55aabce460a0_472;
E_0x55aabcb74570/119 .event edge, v0x55aabce460a0_473, v0x55aabce460a0_474, v0x55aabce460a0_475, v0x55aabce460a0_476;
E_0x55aabcb74570/120 .event edge, v0x55aabce460a0_477, v0x55aabce460a0_478, v0x55aabce460a0_479, v0x55aabce460a0_480;
E_0x55aabcb74570/121 .event edge, v0x55aabce460a0_481, v0x55aabce460a0_482, v0x55aabce460a0_483, v0x55aabce460a0_484;
E_0x55aabcb74570/122 .event edge, v0x55aabce460a0_485, v0x55aabce460a0_486, v0x55aabce460a0_487, v0x55aabce460a0_488;
E_0x55aabcb74570/123 .event edge, v0x55aabce460a0_489, v0x55aabce460a0_490, v0x55aabce460a0_491, v0x55aabce460a0_492;
E_0x55aabcb74570/124 .event edge, v0x55aabce460a0_493, v0x55aabce460a0_494, v0x55aabce460a0_495, v0x55aabce460a0_496;
E_0x55aabcb74570/125 .event edge, v0x55aabce460a0_497, v0x55aabce460a0_498, v0x55aabce460a0_499, v0x55aabce460a0_500;
E_0x55aabcb74570/126 .event edge, v0x55aabce460a0_501, v0x55aabce460a0_502, v0x55aabce460a0_503, v0x55aabce460a0_504;
E_0x55aabcb74570/127 .event edge, v0x55aabce460a0_505, v0x55aabce460a0_506, v0x55aabce460a0_507, v0x55aabce460a0_508;
E_0x55aabcb74570/128 .event edge, v0x55aabce460a0_509, v0x55aabce460a0_510, v0x55aabce460a0_511, v0x55aabce460a0_512;
E_0x55aabcb74570/129 .event edge, v0x55aabce460a0_513, v0x55aabce460a0_514, v0x55aabce460a0_515, v0x55aabce460a0_516;
E_0x55aabcb74570/130 .event edge, v0x55aabce460a0_517, v0x55aabce460a0_518, v0x55aabce460a0_519, v0x55aabce460a0_520;
E_0x55aabcb74570/131 .event edge, v0x55aabce460a0_521, v0x55aabce460a0_522, v0x55aabce460a0_523, v0x55aabce460a0_524;
E_0x55aabcb74570/132 .event edge, v0x55aabce460a0_525, v0x55aabce460a0_526, v0x55aabce460a0_527, v0x55aabce460a0_528;
E_0x55aabcb74570/133 .event edge, v0x55aabce460a0_529, v0x55aabce460a0_530, v0x55aabce460a0_531, v0x55aabce460a0_532;
E_0x55aabcb74570/134 .event edge, v0x55aabce460a0_533, v0x55aabce460a0_534, v0x55aabce460a0_535, v0x55aabce460a0_536;
E_0x55aabcb74570/135 .event edge, v0x55aabce460a0_537, v0x55aabce460a0_538, v0x55aabce460a0_539, v0x55aabce460a0_540;
E_0x55aabcb74570/136 .event edge, v0x55aabce460a0_541, v0x55aabce460a0_542, v0x55aabce460a0_543, v0x55aabce460a0_544;
E_0x55aabcb74570/137 .event edge, v0x55aabce460a0_545, v0x55aabce460a0_546, v0x55aabce460a0_547, v0x55aabce460a0_548;
E_0x55aabcb74570/138 .event edge, v0x55aabce460a0_549, v0x55aabce460a0_550, v0x55aabce460a0_551, v0x55aabce460a0_552;
E_0x55aabcb74570/139 .event edge, v0x55aabce460a0_553, v0x55aabce460a0_554, v0x55aabce460a0_555, v0x55aabce460a0_556;
E_0x55aabcb74570/140 .event edge, v0x55aabce460a0_557, v0x55aabce460a0_558, v0x55aabce460a0_559, v0x55aabce460a0_560;
E_0x55aabcb74570/141 .event edge, v0x55aabce460a0_561, v0x55aabce460a0_562, v0x55aabce460a0_563, v0x55aabce460a0_564;
E_0x55aabcb74570/142 .event edge, v0x55aabce460a0_565, v0x55aabce460a0_566, v0x55aabce460a0_567, v0x55aabce460a0_568;
E_0x55aabcb74570/143 .event edge, v0x55aabce460a0_569, v0x55aabce460a0_570, v0x55aabce460a0_571, v0x55aabce460a0_572;
E_0x55aabcb74570/144 .event edge, v0x55aabce460a0_573, v0x55aabce460a0_574, v0x55aabce460a0_575, v0x55aabce460a0_576;
E_0x55aabcb74570/145 .event edge, v0x55aabce460a0_577, v0x55aabce460a0_578, v0x55aabce460a0_579, v0x55aabce460a0_580;
E_0x55aabcb74570/146 .event edge, v0x55aabce460a0_581, v0x55aabce460a0_582, v0x55aabce460a0_583, v0x55aabce460a0_584;
E_0x55aabcb74570/147 .event edge, v0x55aabce460a0_585, v0x55aabce460a0_586, v0x55aabce460a0_587, v0x55aabce460a0_588;
E_0x55aabcb74570/148 .event edge, v0x55aabce460a0_589, v0x55aabce460a0_590, v0x55aabce460a0_591, v0x55aabce460a0_592;
E_0x55aabcb74570/149 .event edge, v0x55aabce460a0_593, v0x55aabce460a0_594, v0x55aabce460a0_595, v0x55aabce460a0_596;
E_0x55aabcb74570/150 .event edge, v0x55aabce460a0_597, v0x55aabce460a0_598, v0x55aabce460a0_599, v0x55aabce460a0_600;
E_0x55aabcb74570/151 .event edge, v0x55aabce460a0_601, v0x55aabce460a0_602, v0x55aabce460a0_603, v0x55aabce460a0_604;
E_0x55aabcb74570/152 .event edge, v0x55aabce460a0_605, v0x55aabce460a0_606, v0x55aabce460a0_607, v0x55aabce460a0_608;
E_0x55aabcb74570/153 .event edge, v0x55aabce460a0_609, v0x55aabce460a0_610, v0x55aabce460a0_611, v0x55aabce460a0_612;
E_0x55aabcb74570/154 .event edge, v0x55aabce460a0_613, v0x55aabce460a0_614, v0x55aabce460a0_615, v0x55aabce460a0_616;
E_0x55aabcb74570/155 .event edge, v0x55aabce460a0_617, v0x55aabce460a0_618, v0x55aabce460a0_619, v0x55aabce460a0_620;
E_0x55aabcb74570/156 .event edge, v0x55aabce460a0_621, v0x55aabce460a0_622, v0x55aabce460a0_623, v0x55aabce460a0_624;
E_0x55aabcb74570/157 .event edge, v0x55aabce460a0_625, v0x55aabce460a0_626, v0x55aabce460a0_627, v0x55aabce460a0_628;
E_0x55aabcb74570/158 .event edge, v0x55aabce460a0_629, v0x55aabce460a0_630, v0x55aabce460a0_631, v0x55aabce460a0_632;
E_0x55aabcb74570/159 .event edge, v0x55aabce460a0_633, v0x55aabce460a0_634, v0x55aabce460a0_635, v0x55aabce460a0_636;
E_0x55aabcb74570/160 .event edge, v0x55aabce460a0_637, v0x55aabce460a0_638, v0x55aabce460a0_639, v0x55aabce460a0_640;
E_0x55aabcb74570/161 .event edge, v0x55aabce460a0_641, v0x55aabce460a0_642, v0x55aabce460a0_643, v0x55aabce460a0_644;
E_0x55aabcb74570/162 .event edge, v0x55aabce460a0_645, v0x55aabce460a0_646, v0x55aabce460a0_647, v0x55aabce460a0_648;
E_0x55aabcb74570/163 .event edge, v0x55aabce460a0_649, v0x55aabce460a0_650, v0x55aabce460a0_651, v0x55aabce460a0_652;
E_0x55aabcb74570/164 .event edge, v0x55aabce460a0_653, v0x55aabce460a0_654, v0x55aabce460a0_655, v0x55aabce460a0_656;
E_0x55aabcb74570/165 .event edge, v0x55aabce460a0_657, v0x55aabce460a0_658, v0x55aabce460a0_659, v0x55aabce460a0_660;
E_0x55aabcb74570/166 .event edge, v0x55aabce460a0_661, v0x55aabce460a0_662, v0x55aabce460a0_663, v0x55aabce460a0_664;
E_0x55aabcb74570/167 .event edge, v0x55aabce460a0_665, v0x55aabce460a0_666, v0x55aabce460a0_667, v0x55aabce460a0_668;
E_0x55aabcb74570/168 .event edge, v0x55aabce460a0_669, v0x55aabce460a0_670, v0x55aabce460a0_671, v0x55aabce460a0_672;
E_0x55aabcb74570/169 .event edge, v0x55aabce460a0_673, v0x55aabce460a0_674, v0x55aabce460a0_675, v0x55aabce460a0_676;
E_0x55aabcb74570/170 .event edge, v0x55aabce460a0_677, v0x55aabce460a0_678, v0x55aabce460a0_679, v0x55aabce460a0_680;
E_0x55aabcb74570/171 .event edge, v0x55aabce460a0_681, v0x55aabce460a0_682, v0x55aabce460a0_683, v0x55aabce460a0_684;
E_0x55aabcb74570/172 .event edge, v0x55aabce460a0_685, v0x55aabce460a0_686, v0x55aabce460a0_687, v0x55aabce460a0_688;
E_0x55aabcb74570/173 .event edge, v0x55aabce460a0_689, v0x55aabce460a0_690, v0x55aabce460a0_691, v0x55aabce460a0_692;
E_0x55aabcb74570/174 .event edge, v0x55aabce460a0_693, v0x55aabce460a0_694, v0x55aabce460a0_695, v0x55aabce460a0_696;
E_0x55aabcb74570/175 .event edge, v0x55aabce460a0_697, v0x55aabce460a0_698, v0x55aabce460a0_699, v0x55aabce460a0_700;
E_0x55aabcb74570/176 .event edge, v0x55aabce460a0_701, v0x55aabce460a0_702, v0x55aabce460a0_703, v0x55aabce460a0_704;
E_0x55aabcb74570/177 .event edge, v0x55aabce460a0_705, v0x55aabce460a0_706, v0x55aabce460a0_707, v0x55aabce460a0_708;
E_0x55aabcb74570/178 .event edge, v0x55aabce460a0_709, v0x55aabce460a0_710, v0x55aabce460a0_711, v0x55aabce460a0_712;
E_0x55aabcb74570/179 .event edge, v0x55aabce460a0_713, v0x55aabce460a0_714, v0x55aabce460a0_715, v0x55aabce460a0_716;
E_0x55aabcb74570/180 .event edge, v0x55aabce460a0_717, v0x55aabce460a0_718, v0x55aabce460a0_719, v0x55aabce460a0_720;
E_0x55aabcb74570/181 .event edge, v0x55aabce460a0_721, v0x55aabce460a0_722, v0x55aabce460a0_723, v0x55aabce460a0_724;
E_0x55aabcb74570/182 .event edge, v0x55aabce460a0_725, v0x55aabce460a0_726, v0x55aabce460a0_727, v0x55aabce460a0_728;
E_0x55aabcb74570/183 .event edge, v0x55aabce460a0_729, v0x55aabce460a0_730, v0x55aabce460a0_731, v0x55aabce460a0_732;
E_0x55aabcb74570/184 .event edge, v0x55aabce460a0_733, v0x55aabce460a0_734, v0x55aabce460a0_735, v0x55aabce460a0_736;
E_0x55aabcb74570/185 .event edge, v0x55aabce460a0_737, v0x55aabce460a0_738, v0x55aabce460a0_739, v0x55aabce460a0_740;
E_0x55aabcb74570/186 .event edge, v0x55aabce460a0_741, v0x55aabce460a0_742, v0x55aabce460a0_743, v0x55aabce460a0_744;
E_0x55aabcb74570/187 .event edge, v0x55aabce460a0_745, v0x55aabce460a0_746, v0x55aabce460a0_747, v0x55aabce460a0_748;
E_0x55aabcb74570/188 .event edge, v0x55aabce460a0_749, v0x55aabce460a0_750, v0x55aabce460a0_751, v0x55aabce460a0_752;
E_0x55aabcb74570/189 .event edge, v0x55aabce460a0_753, v0x55aabce460a0_754, v0x55aabce460a0_755, v0x55aabce460a0_756;
E_0x55aabcb74570/190 .event edge, v0x55aabce460a0_757, v0x55aabce460a0_758, v0x55aabce460a0_759, v0x55aabce460a0_760;
E_0x55aabcb74570/191 .event edge, v0x55aabce460a0_761, v0x55aabce460a0_762, v0x55aabce460a0_763, v0x55aabce460a0_764;
E_0x55aabcb74570/192 .event edge, v0x55aabce460a0_765, v0x55aabce460a0_766, v0x55aabce460a0_767, v0x55aabce460a0_768;
E_0x55aabcb74570/193 .event edge, v0x55aabce460a0_769, v0x55aabce460a0_770, v0x55aabce460a0_771, v0x55aabce460a0_772;
E_0x55aabcb74570/194 .event edge, v0x55aabce460a0_773, v0x55aabce460a0_774, v0x55aabce460a0_775, v0x55aabce460a0_776;
E_0x55aabcb74570/195 .event edge, v0x55aabce460a0_777, v0x55aabce460a0_778, v0x55aabce460a0_779, v0x55aabce460a0_780;
E_0x55aabcb74570/196 .event edge, v0x55aabce460a0_781, v0x55aabce460a0_782, v0x55aabce460a0_783, v0x55aabce460a0_784;
E_0x55aabcb74570/197 .event edge, v0x55aabce460a0_785, v0x55aabce460a0_786, v0x55aabce460a0_787, v0x55aabce460a0_788;
E_0x55aabcb74570/198 .event edge, v0x55aabce460a0_789, v0x55aabce460a0_790, v0x55aabce460a0_791, v0x55aabce460a0_792;
E_0x55aabcb74570/199 .event edge, v0x55aabce460a0_793, v0x55aabce460a0_794, v0x55aabce460a0_795, v0x55aabce460a0_796;
E_0x55aabcb74570/200 .event edge, v0x55aabce460a0_797, v0x55aabce460a0_798, v0x55aabce460a0_799, v0x55aabce460a0_800;
E_0x55aabcb74570/201 .event edge, v0x55aabce460a0_801, v0x55aabce460a0_802, v0x55aabce460a0_803, v0x55aabce460a0_804;
E_0x55aabcb74570/202 .event edge, v0x55aabce460a0_805, v0x55aabce460a0_806, v0x55aabce460a0_807, v0x55aabce460a0_808;
E_0x55aabcb74570/203 .event edge, v0x55aabce460a0_809, v0x55aabce460a0_810, v0x55aabce460a0_811, v0x55aabce460a0_812;
E_0x55aabcb74570/204 .event edge, v0x55aabce460a0_813, v0x55aabce460a0_814, v0x55aabce460a0_815, v0x55aabce460a0_816;
E_0x55aabcb74570/205 .event edge, v0x55aabce460a0_817, v0x55aabce460a0_818, v0x55aabce460a0_819, v0x55aabce460a0_820;
E_0x55aabcb74570/206 .event edge, v0x55aabce460a0_821, v0x55aabce460a0_822, v0x55aabce460a0_823, v0x55aabce460a0_824;
E_0x55aabcb74570/207 .event edge, v0x55aabce460a0_825, v0x55aabce460a0_826, v0x55aabce460a0_827, v0x55aabce460a0_828;
E_0x55aabcb74570/208 .event edge, v0x55aabce460a0_829, v0x55aabce460a0_830, v0x55aabce460a0_831, v0x55aabce460a0_832;
E_0x55aabcb74570/209 .event edge, v0x55aabce460a0_833, v0x55aabce460a0_834, v0x55aabce460a0_835, v0x55aabce460a0_836;
E_0x55aabcb74570/210 .event edge, v0x55aabce460a0_837, v0x55aabce460a0_838, v0x55aabce460a0_839, v0x55aabce460a0_840;
E_0x55aabcb74570/211 .event edge, v0x55aabce460a0_841, v0x55aabce460a0_842, v0x55aabce460a0_843, v0x55aabce460a0_844;
E_0x55aabcb74570/212 .event edge, v0x55aabce460a0_845, v0x55aabce460a0_846, v0x55aabce460a0_847, v0x55aabce460a0_848;
E_0x55aabcb74570/213 .event edge, v0x55aabce460a0_849, v0x55aabce460a0_850, v0x55aabce460a0_851, v0x55aabce460a0_852;
E_0x55aabcb74570/214 .event edge, v0x55aabce460a0_853, v0x55aabce460a0_854, v0x55aabce460a0_855, v0x55aabce460a0_856;
E_0x55aabcb74570/215 .event edge, v0x55aabce460a0_857, v0x55aabce460a0_858, v0x55aabce460a0_859, v0x55aabce460a0_860;
E_0x55aabcb74570/216 .event edge, v0x55aabce460a0_861, v0x55aabce460a0_862, v0x55aabce460a0_863, v0x55aabce460a0_864;
E_0x55aabcb74570/217 .event edge, v0x55aabce460a0_865, v0x55aabce460a0_866, v0x55aabce460a0_867, v0x55aabce460a0_868;
E_0x55aabcb74570/218 .event edge, v0x55aabce460a0_869, v0x55aabce460a0_870, v0x55aabce460a0_871, v0x55aabce460a0_872;
E_0x55aabcb74570/219 .event edge, v0x55aabce460a0_873, v0x55aabce460a0_874, v0x55aabce460a0_875, v0x55aabce460a0_876;
E_0x55aabcb74570/220 .event edge, v0x55aabce460a0_877, v0x55aabce460a0_878, v0x55aabce460a0_879, v0x55aabce460a0_880;
E_0x55aabcb74570/221 .event edge, v0x55aabce460a0_881, v0x55aabce460a0_882, v0x55aabce460a0_883, v0x55aabce460a0_884;
E_0x55aabcb74570/222 .event edge, v0x55aabce460a0_885, v0x55aabce460a0_886, v0x55aabce460a0_887, v0x55aabce460a0_888;
E_0x55aabcb74570/223 .event edge, v0x55aabce460a0_889, v0x55aabce460a0_890, v0x55aabce460a0_891, v0x55aabce460a0_892;
E_0x55aabcb74570/224 .event edge, v0x55aabce460a0_893, v0x55aabce460a0_894, v0x55aabce460a0_895, v0x55aabce460a0_896;
E_0x55aabcb74570/225 .event edge, v0x55aabce460a0_897, v0x55aabce460a0_898, v0x55aabce460a0_899, v0x55aabce460a0_900;
E_0x55aabcb74570/226 .event edge, v0x55aabce460a0_901, v0x55aabce460a0_902, v0x55aabce460a0_903, v0x55aabce460a0_904;
E_0x55aabcb74570/227 .event edge, v0x55aabce460a0_905, v0x55aabce460a0_906, v0x55aabce460a0_907, v0x55aabce460a0_908;
E_0x55aabcb74570/228 .event edge, v0x55aabce460a0_909, v0x55aabce460a0_910, v0x55aabce460a0_911, v0x55aabce460a0_912;
E_0x55aabcb74570/229 .event edge, v0x55aabce460a0_913, v0x55aabce460a0_914, v0x55aabce460a0_915, v0x55aabce460a0_916;
E_0x55aabcb74570/230 .event edge, v0x55aabce460a0_917, v0x55aabce460a0_918, v0x55aabce460a0_919, v0x55aabce460a0_920;
E_0x55aabcb74570/231 .event edge, v0x55aabce460a0_921, v0x55aabce460a0_922, v0x55aabce460a0_923, v0x55aabce460a0_924;
E_0x55aabcb74570/232 .event edge, v0x55aabce460a0_925, v0x55aabce460a0_926, v0x55aabce460a0_927, v0x55aabce460a0_928;
E_0x55aabcb74570/233 .event edge, v0x55aabce460a0_929, v0x55aabce460a0_930, v0x55aabce460a0_931, v0x55aabce460a0_932;
E_0x55aabcb74570/234 .event edge, v0x55aabce460a0_933, v0x55aabce460a0_934, v0x55aabce460a0_935, v0x55aabce460a0_936;
E_0x55aabcb74570/235 .event edge, v0x55aabce460a0_937, v0x55aabce460a0_938, v0x55aabce460a0_939, v0x55aabce460a0_940;
E_0x55aabcb74570/236 .event edge, v0x55aabce460a0_941, v0x55aabce460a0_942, v0x55aabce460a0_943, v0x55aabce460a0_944;
E_0x55aabcb74570/237 .event edge, v0x55aabce460a0_945, v0x55aabce460a0_946, v0x55aabce460a0_947, v0x55aabce460a0_948;
E_0x55aabcb74570/238 .event edge, v0x55aabce460a0_949, v0x55aabce460a0_950, v0x55aabce460a0_951, v0x55aabce460a0_952;
E_0x55aabcb74570/239 .event edge, v0x55aabce460a0_953, v0x55aabce460a0_954, v0x55aabce460a0_955, v0x55aabce460a0_956;
E_0x55aabcb74570/240 .event edge, v0x55aabce460a0_957, v0x55aabce460a0_958, v0x55aabce460a0_959, v0x55aabce460a0_960;
E_0x55aabcb74570/241 .event edge, v0x55aabce460a0_961, v0x55aabce460a0_962, v0x55aabce460a0_963, v0x55aabce460a0_964;
E_0x55aabcb74570/242 .event edge, v0x55aabce460a0_965, v0x55aabce460a0_966, v0x55aabce460a0_967, v0x55aabce460a0_968;
E_0x55aabcb74570/243 .event edge, v0x55aabce460a0_969, v0x55aabce460a0_970, v0x55aabce460a0_971, v0x55aabce460a0_972;
E_0x55aabcb74570/244 .event edge, v0x55aabce460a0_973, v0x55aabce460a0_974, v0x55aabce460a0_975, v0x55aabce460a0_976;
E_0x55aabcb74570/245 .event edge, v0x55aabce460a0_977, v0x55aabce460a0_978, v0x55aabce460a0_979, v0x55aabce460a0_980;
E_0x55aabcb74570/246 .event edge, v0x55aabce460a0_981, v0x55aabce460a0_982, v0x55aabce460a0_983, v0x55aabce460a0_984;
E_0x55aabcb74570/247 .event edge, v0x55aabce460a0_985, v0x55aabce460a0_986, v0x55aabce460a0_987, v0x55aabce460a0_988;
E_0x55aabcb74570/248 .event edge, v0x55aabce460a0_989, v0x55aabce460a0_990, v0x55aabce460a0_991, v0x55aabce460a0_992;
E_0x55aabcb74570/249 .event edge, v0x55aabce460a0_993, v0x55aabce460a0_994, v0x55aabce460a0_995, v0x55aabce460a0_996;
E_0x55aabcb74570/250 .event edge, v0x55aabce460a0_997, v0x55aabce460a0_998, v0x55aabce460a0_999, v0x55aabce460a0_1000;
E_0x55aabcb74570/251 .event edge, v0x55aabce460a0_1001, v0x55aabce460a0_1002, v0x55aabce460a0_1003, v0x55aabce460a0_1004;
E_0x55aabcb74570/252 .event edge, v0x55aabce460a0_1005, v0x55aabce460a0_1006, v0x55aabce460a0_1007, v0x55aabce460a0_1008;
E_0x55aabcb74570/253 .event edge, v0x55aabce460a0_1009, v0x55aabce460a0_1010, v0x55aabce460a0_1011, v0x55aabce460a0_1012;
E_0x55aabcb74570/254 .event edge, v0x55aabce460a0_1013, v0x55aabce460a0_1014, v0x55aabce460a0_1015, v0x55aabce460a0_1016;
E_0x55aabcb74570/255 .event edge, v0x55aabce460a0_1017, v0x55aabce460a0_1018, v0x55aabce460a0_1019, v0x55aabce460a0_1020;
E_0x55aabcb74570/256 .event edge, v0x55aabce460a0_1021, v0x55aabce460a0_1022, v0x55aabce460a0_1023;
E_0x55aabcb74570 .event/or E_0x55aabcb74570/0, E_0x55aabcb74570/1, E_0x55aabcb74570/2, E_0x55aabcb74570/3, E_0x55aabcb74570/4, E_0x55aabcb74570/5, E_0x55aabcb74570/6, E_0x55aabcb74570/7, E_0x55aabcb74570/8, E_0x55aabcb74570/9, E_0x55aabcb74570/10, E_0x55aabcb74570/11, E_0x55aabcb74570/12, E_0x55aabcb74570/13, E_0x55aabcb74570/14, E_0x55aabcb74570/15, E_0x55aabcb74570/16, E_0x55aabcb74570/17, E_0x55aabcb74570/18, E_0x55aabcb74570/19, E_0x55aabcb74570/20, E_0x55aabcb74570/21, E_0x55aabcb74570/22, E_0x55aabcb74570/23, E_0x55aabcb74570/24, E_0x55aabcb74570/25, E_0x55aabcb74570/26, E_0x55aabcb74570/27, E_0x55aabcb74570/28, E_0x55aabcb74570/29, E_0x55aabcb74570/30, E_0x55aabcb74570/31, E_0x55aabcb74570/32, E_0x55aabcb74570/33, E_0x55aabcb74570/34, E_0x55aabcb74570/35, E_0x55aabcb74570/36, E_0x55aabcb74570/37, E_0x55aabcb74570/38, E_0x55aabcb74570/39, E_0x55aabcb74570/40, E_0x55aabcb74570/41, E_0x55aabcb74570/42, E_0x55aabcb74570/43, E_0x55aabcb74570/44, E_0x55aabcb74570/45, E_0x55aabcb74570/46, E_0x55aabcb74570/47, E_0x55aabcb74570/48, E_0x55aabcb74570/49, E_0x55aabcb74570/50, E_0x55aabcb74570/51, E_0x55aabcb74570/52, E_0x55aabcb74570/53, E_0x55aabcb74570/54, E_0x55aabcb74570/55, E_0x55aabcb74570/56, E_0x55aabcb74570/57, E_0x55aabcb74570/58, E_0x55aabcb74570/59, E_0x55aabcb74570/60, E_0x55aabcb74570/61, E_0x55aabcb74570/62, E_0x55aabcb74570/63, E_0x55aabcb74570/64, E_0x55aabcb74570/65, E_0x55aabcb74570/66, E_0x55aabcb74570/67, E_0x55aabcb74570/68, E_0x55aabcb74570/69, E_0x55aabcb74570/70, E_0x55aabcb74570/71, E_0x55aabcb74570/72, E_0x55aabcb74570/73, E_0x55aabcb74570/74, E_0x55aabcb74570/75, E_0x55aabcb74570/76, E_0x55aabcb74570/77, E_0x55aabcb74570/78, E_0x55aabcb74570/79, E_0x55aabcb74570/80, E_0x55aabcb74570/81, E_0x55aabcb74570/82, E_0x55aabcb74570/83, E_0x55aabcb74570/84, E_0x55aabcb74570/85, E_0x55aabcb74570/86, E_0x55aabcb74570/87, E_0x55aabcb74570/88, E_0x55aabcb74570/89, E_0x55aabcb74570/90, E_0x55aabcb74570/91, E_0x55aabcb74570/92, E_0x55aabcb74570/93, E_0x55aabcb74570/94, E_0x55aabcb74570/95, E_0x55aabcb74570/96, E_0x55aabcb74570/97, E_0x55aabcb74570/98, E_0x55aabcb74570/99, E_0x55aabcb74570/100, E_0x55aabcb74570/101, E_0x55aabcb74570/102, E_0x55aabcb74570/103, E_0x55aabcb74570/104, E_0x55aabcb74570/105, E_0x55aabcb74570/106, E_0x55aabcb74570/107, E_0x55aabcb74570/108, E_0x55aabcb74570/109, E_0x55aabcb74570/110, E_0x55aabcb74570/111, E_0x55aabcb74570/112, E_0x55aabcb74570/113, E_0x55aabcb74570/114, E_0x55aabcb74570/115, E_0x55aabcb74570/116, E_0x55aabcb74570/117, E_0x55aabcb74570/118, E_0x55aabcb74570/119, E_0x55aabcb74570/120, E_0x55aabcb74570/121, E_0x55aabcb74570/122, E_0x55aabcb74570/123, E_0x55aabcb74570/124, E_0x55aabcb74570/125, E_0x55aabcb74570/126, E_0x55aabcb74570/127, E_0x55aabcb74570/128, E_0x55aabcb74570/129, E_0x55aabcb74570/130, E_0x55aabcb74570/131, E_0x55aabcb74570/132, E_0x55aabcb74570/133, E_0x55aabcb74570/134, E_0x55aabcb74570/135, E_0x55aabcb74570/136, E_0x55aabcb74570/137, E_0x55aabcb74570/138, E_0x55aabcb74570/139, E_0x55aabcb74570/140, E_0x55aabcb74570/141, E_0x55aabcb74570/142, E_0x55aabcb74570/143, E_0x55aabcb74570/144, E_0x55aabcb74570/145, E_0x55aabcb74570/146, E_0x55aabcb74570/147, E_0x55aabcb74570/148, E_0x55aabcb74570/149, E_0x55aabcb74570/150, E_0x55aabcb74570/151, E_0x55aabcb74570/152, E_0x55aabcb74570/153, E_0x55aabcb74570/154, E_0x55aabcb74570/155, E_0x55aabcb74570/156, E_0x55aabcb74570/157, E_0x55aabcb74570/158, E_0x55aabcb74570/159, E_0x55aabcb74570/160, E_0x55aabcb74570/161, E_0x55aabcb74570/162, E_0x55aabcb74570/163, E_0x55aabcb74570/164, E_0x55aabcb74570/165, E_0x55aabcb74570/166, E_0x55aabcb74570/167, E_0x55aabcb74570/168, E_0x55aabcb74570/169, E_0x55aabcb74570/170, E_0x55aabcb74570/171, E_0x55aabcb74570/172, E_0x55aabcb74570/173, E_0x55aabcb74570/174, E_0x55aabcb74570/175, E_0x55aabcb74570/176, E_0x55aabcb74570/177, E_0x55aabcb74570/178, E_0x55aabcb74570/179, E_0x55aabcb74570/180, E_0x55aabcb74570/181, E_0x55aabcb74570/182, E_0x55aabcb74570/183, E_0x55aabcb74570/184, E_0x55aabcb74570/185, E_0x55aabcb74570/186, E_0x55aabcb74570/187, E_0x55aabcb74570/188, E_0x55aabcb74570/189, E_0x55aabcb74570/190, E_0x55aabcb74570/191, E_0x55aabcb74570/192, E_0x55aabcb74570/193, E_0x55aabcb74570/194, E_0x55aabcb74570/195, E_0x55aabcb74570/196, E_0x55aabcb74570/197, E_0x55aabcb74570/198, E_0x55aabcb74570/199, E_0x55aabcb74570/200, E_0x55aabcb74570/201, E_0x55aabcb74570/202, E_0x55aabcb74570/203, E_0x55aabcb74570/204, E_0x55aabcb74570/205, E_0x55aabcb74570/206, E_0x55aabcb74570/207, E_0x55aabcb74570/208, E_0x55aabcb74570/209, E_0x55aabcb74570/210, E_0x55aabcb74570/211, E_0x55aabcb74570/212, E_0x55aabcb74570/213, E_0x55aabcb74570/214, E_0x55aabcb74570/215, E_0x55aabcb74570/216, E_0x55aabcb74570/217, E_0x55aabcb74570/218, E_0x55aabcb74570/219, E_0x55aabcb74570/220, E_0x55aabcb74570/221, E_0x55aabcb74570/222, E_0x55aabcb74570/223, E_0x55aabcb74570/224, E_0x55aabcb74570/225, E_0x55aabcb74570/226, E_0x55aabcb74570/227, E_0x55aabcb74570/228, E_0x55aabcb74570/229, E_0x55aabcb74570/230, E_0x55aabcb74570/231, E_0x55aabcb74570/232, E_0x55aabcb74570/233, E_0x55aabcb74570/234, E_0x55aabcb74570/235, E_0x55aabcb74570/236, E_0x55aabcb74570/237, E_0x55aabcb74570/238, E_0x55aabcb74570/239, E_0x55aabcb74570/240, E_0x55aabcb74570/241, E_0x55aabcb74570/242, E_0x55aabcb74570/243, E_0x55aabcb74570/244, E_0x55aabcb74570/245, E_0x55aabcb74570/246, E_0x55aabcb74570/247, E_0x55aabcb74570/248, E_0x55aabcb74570/249, E_0x55aabcb74570/250, E_0x55aabcb74570/251, E_0x55aabcb74570/252, E_0x55aabcb74570/253, E_0x55aabcb74570/254, E_0x55aabcb74570/255, E_0x55aabcb74570/256;
E_0x55aabce3cf70 .event posedge, v0x55aabce45f00_0;
S_0x55aabcea1d30 .scope module, "IMEM_inst" "Instruction_Memory" 7 107, 9 3 0, S_0x55aabce435e0;
 .timescale -9 -12;
    .port_info 0 /INPUT 32 "A";
    .port_info 1 /OUTPUT 32 "RD";
L_0x55aabce1fd10 .functor BUFZ 32, L_0x55aabcf87130, C4<00000000000000000000000000000000>, C4<00000000000000000000000000000000>, C4<00000000000000000000000000000000>;
v0x55aabcea1ee0_0 .net "A", 31 0, L_0x55aabcfe7d60;  alias, 1 drivers
v0x55aabcea1fe0_0 .net "RD", 31 0, L_0x55aabce1fd10;  alias, 1 drivers
v0x55aabcea20c0_0 .net *"_ivl_0", 31 0, L_0x55aabcf87130;  1 drivers
v0x55aabcea2180_0 .net *"_ivl_3", 29 0, L_0x55aabcf871d0;  1 drivers
v0x55aabcea2260 .array "memory", 1023 0, 31 0;
L_0x55aabcf87130 .array/port v0x55aabcea2260, L_0x55aabcf871d0;
L_0x55aabcf871d0 .part L_0x55aabcfe7d60, 2, 30;
S_0x55aabceac3e0 .scope module, "Reg_inst" "Register_File" 7 158, 10 1 0, S_0x55aabce435e0;
 .timescale -9 -12;
    .port_info 0 /INPUT 1 "clk";
    .port_info 1 /INPUT 1 "rst_n";
    .port_info 2 /INPUT 1 "WE3";
    .port_info 3 /INPUT 5 "A1";
    .port_info 4 /INPUT 5 "A2";
    .port_info 5 /INPUT 5 "A3";
    .port_info 6 /INPUT 32 "WD3";
    .port_info 7 /OUTPUT 32 "RD1";
    .port_info 8 /OUTPUT 32 "RD2";
v0x55aabceac630_0 .net "A1", 4 0, L_0x55aabcff1c70;  alias, 1 drivers
v0x55aabceac710_0 .net "A2", 4 0, L_0x55aabcff1d70;  alias, 1 drivers
v0x55aabceac7f0_0 .net "A3", 4 0, L_0x55aabcea1940;  alias, 1 drivers
v0x55aabceac8e0_0 .net "RD1", 31 0, L_0x55aabcfe9030;  alias, 1 drivers
v0x55aabceac9c0_0 .net "RD2", 31 0, L_0x55aabcfe9540;  alias, 1 drivers
v0x55aabceacaf0_0 .net "WD3", 31 0, L_0x55aabcfea4d0;  alias, 1 drivers
v0x55aabceacbd0_0 .net "WE3", 0 0, L_0x55aabcea1840;  alias, 1 drivers
L_0x55aabcf2ec30 .functor BUFT 1, C4<00000>, C4<0>, C4<0>, C4<0>;
v0x55aabceacc90_0 .net/2u *"_ivl_0", 4 0, L_0x55aabcf2ec30;  1 drivers
L_0x55aabcf2ecc0 .functor BUFT 1, C4<00>, C4<0>, C4<0>, C4<0>;
v0x55aabceacd70_0 .net *"_ivl_11", 1 0, L_0x55aabcf2ecc0;  1 drivers
L_0x55aabcf2ed08 .functor BUFT 1, C4<00000>, C4<0>, C4<0>, C4<0>;
v0x55aabceacee0_0 .net/2u *"_ivl_14", 4 0, L_0x55aabcf2ed08;  1 drivers
v0x55aabceacfc0_0 .net *"_ivl_16", 0 0, L_0x55aabcfe91f0;  1 drivers
L_0x55aabcf2ed50 .functor BUFT 1, C4<00000000000000000000000000000000>, C4<0>, C4<0>, C4<0>;
v0x55aabcead080_0 .net/2u *"_ivl_18", 31 0, L_0x55aabcf2ed50;  1 drivers
v0x55aabcead160_0 .net *"_ivl_2", 0 0, L_0x55aabcfe8d20;  1 drivers
v0x55aabcead220_0 .net *"_ivl_20", 31 0, L_0x55aabcfe92e0;  1 drivers
v0x55aabcead300_0 .net *"_ivl_22", 6 0, L_0x55aabcfe93c0;  1 drivers
L_0x55aabcf2ed98 .functor BUFT 1, C4<00>, C4<0>, C4<0>, C4<0>;
v0x55aabcead3e0_0 .net *"_ivl_25", 1 0, L_0x55aabcf2ed98;  1 drivers
L_0x55aabcf2ec78 .functor BUFT 1, C4<00000000000000000000000000000000>, C4<0>, C4<0>, C4<0>;
v0x55aabcead4c0_0 .net/2u *"_ivl_4", 31 0, L_0x55aabcf2ec78;  1 drivers
v0x55aabcead5a0_0 .net *"_ivl_6", 31 0, L_0x55aabcfe8e10;  1 drivers
v0x55aabcead680_0 .net *"_ivl_8", 6 0, L_0x55aabcfe8eb0;  1 drivers
v0x55aabcead760_0 .net "clk", 0 0, v0x55aabcf2d9c0_0;  alias, 1 drivers
v0x55aabcead800_0 .var/i "i", 31 0;
v0x55aabcead8c0 .array "registers", 31 0, 31 0;
v0x55aabceade90_0 .net "rst_n", 0 0, v0x55aabcf2e570_0;  alias, 1 drivers
E_0x55aabce3d050/0 .event negedge, v0x55aabcea1b90_0;
E_0x55aabce3d050/1 .event posedge, v0x55aabce45f00_0;
E_0x55aabce3d050 .event/or E_0x55aabce3d050/0, E_0x55aabce3d050/1;
L_0x55aabcfe8d20 .cmp/eq 5, L_0x55aabcff1c70, L_0x55aabcf2ec30;
L_0x55aabcfe8e10 .array/port v0x55aabcead8c0, L_0x55aabcfe8eb0;
L_0x55aabcfe8eb0 .concat [ 5 2 0 0], L_0x55aabcff1c70, L_0x55aabcf2ecc0;
L_0x55aabcfe9030 .functor MUXZ 32, L_0x55aabcfe8e10, L_0x55aabcf2ec78, L_0x55aabcfe8d20, C4<>;
L_0x55aabcfe91f0 .cmp/eq 5, L_0x55aabcff1d70, L_0x55aabcf2ed08;
L_0x55aabcfe92e0 .array/port v0x55aabcead8c0, L_0x55aabcfe93c0;
L_0x55aabcfe93c0 .concat [ 5 2 0 0], L_0x55aabcff1d70, L_0x55aabcf2ed98;
L_0x55aabcfe9540 .functor MUXZ 32, L_0x55aabcfe92e0, L_0x55aabcf2ed50, L_0x55aabcfe91f0, C4<>;
S_0x55aabceae060 .scope module, "decode_stage" "decode" 7 171, 11 1 0, S_0x55aabce435e0;
 .timescale -9 -12;
    .port_info 0 /INPUT 1 "clk";
    .port_info 1 /INPUT 1 "rst_n";
    .port_info 2 /INPUT 1 "flush";
    .port_info 3 /INPUT 32 "instr_in";
    .port_info 4 /INPUT 32 "rd1_in";
    .port_info 5 /INPUT 32 "rd2_in";
    .port_info 6 /OUTPUT 1 "RegWrite_out";
    .port_info 7 /OUTPUT 1 "ALUSrc_out";
    .port_info 8 /OUTPUT 1 "MemWrite_out";
    .port_info 9 /OUTPUT 2 "ResultSrc_out";
    .port_info 10 /OUTPUT 1 "Branch_out";
    .port_info 11 /OUTPUT 1 "Jump_out";
    .port_info 12 /OUTPUT 4 "ALUControl_out";
    .port_info 13 /OUTPUT 2 "MemOp_out";
    .port_info 14 /OUTPUT 3 "funct3_out";
    .port_info 15 /OUTPUT 32 "rd1_out";
    .port_info 16 /OUTPUT 32 "rd2_out";
    .port_info 17 /OUTPUT 32 "imm_ext_out";
    .port_info 18 /OUTPUT 5 "rs1_out";
    .port_info 19 /OUTPUT 5 "rs2_out";
    .port_info 20 /OUTPUT 5 "rd_out";
    .port_info 21 /OUTPUT 1 "exception_out";
    .port_info 22 /OUTPUT 5 "A1";
    .port_info 23 /OUTPUT 5 "A2";
L_0x55aabcff1990 .functor NOT 1, v0x55aabcf2d520_0, C4<0>, C4<0>, C4<0>;
L_0x55aabcff1a00 .functor AND 1, v0x55aabceb4550_0, L_0x55aabcff1990, C4<1>, C4<1>;
L_0x55aabcff1a70 .functor BUFZ 32, L_0x55aabcfe9030, C4<00000000000000000000000000000000>, C4<00000000000000000000000000000000>, C4<00000000000000000000000000000000>;
L_0x55aabcff1b70 .functor BUFZ 32, L_0x55aabcfe9540, C4<00000000000000000000000000000000>, C4<00000000000000000000000000000000>, C4<00000000000000000000000000000000>;
v0x55aabceb39b0_0 .net "A1", 4 0, L_0x55aabcff1c70;  alias, 1 drivers
v0x55aabceb3a70_0 .net "A2", 4 0, L_0x55aabcff1d70;  alias, 1 drivers
v0x55aabceb3b40_0 .net "ALUControl_out", 3 0, v0x55aabceae730_0;  alias, 1 drivers
v0x55aabceb3c10_0 .net "ALUSrc_out", 0 0, v0x55aabceaf0e0_0;  alias, 1 drivers
v0x55aabceb3d00_0 .net "Branch_out", 0 0, v0x55aabceaf180_0;  alias, 1 drivers
v0x55aabceb3e40_0 .net "Jump_out", 0 0, v0x55aabceaf330_0;  alias, 1 drivers
v0x55aabceb3f30_0 .net "MemOp_out", 1 0, v0x55aabceaf440_0;  alias, 1 drivers
v0x55aabceb4020_0 .net "MemWrite_out", 0 0, v0x55aabceaf520_0;  alias, 1 drivers
v0x55aabceb4110_0 .net "RegWrite_out", 0 0, v0x55aabceaf6c0_0;  alias, 1 drivers
v0x55aabceb41b0_0 .net "ResultSrc_out", 1 0, v0x55aabceaf780_0;  alias, 1 drivers
v0x55aabceb42c0_0 .net *"_ivl_18", 0 0, L_0x55aabcff1990;  1 drivers
v0x55aabceb43a0_0 .net "clk", 0 0, v0x55aabcf2d9c0_0;  alias, 1 drivers
v0x55aabceb4490_0 .net "exception_out", 0 0, L_0x55aabcff1a00;  alias, 1 drivers
v0x55aabceb4550_0 .var "exception_reg", 0 0;
v0x55aabceb4610_0 .net "flush", 0 0, v0x55aabcf2d520_0;  1 drivers
v0x55aabceb46d0_0 .net "funct3_out", 2 0, L_0x55aabcff18f0;  alias, 1 drivers
v0x55aabceb47b0_0 .net "funct7", 6 0, L_0x55aabcfe9720;  1 drivers
v0x55aabceb48c0_0 .net "funct7_5", 0 0, L_0x55aabcfe9850;  1 drivers
v0x55aabceb49b0_0 .net "imm_ext_out", 31 0, L_0x55aabcff15e0;  alias, 1 drivers
v0x55aabceb4a70_0 .net "imm_src", 2 0, v0x55aabceaf250_0;  1 drivers
v0x55aabceb4b10_0 .net "instr_in", 31 0, v0x55aabcec0f40_0;  alias, 1 drivers
v0x55aabceb4bd0_0 .net "opcode", 6 0, L_0x55aabcfe98f0;  1 drivers
v0x55aabceb4c90_0 .net "rd1_in", 31 0, L_0x55aabcfe9030;  alias, 1 drivers
v0x55aabceb4d50_0 .net "rd1_out", 31 0, L_0x55aabcff1a70;  alias, 1 drivers
v0x55aabceb4e10_0 .net "rd2_in", 31 0, L_0x55aabcfe9540;  alias, 1 drivers
v0x55aabceb4ed0_0 .net "rd2_out", 31 0, L_0x55aabcff1b70;  alias, 1 drivers
v0x55aabceb4f90_0 .net "rd_out", 4 0, L_0x55aabcff1800;  alias, 1 drivers
v0x55aabceb5070_0 .net "rs1_out", 4 0, L_0x55aabcff1680;  alias, 1 drivers
v0x55aabceb5150_0 .net "rs2_out", 4 0, L_0x55aabcff1760;  alias, 1 drivers
v0x55aabceb5230_0 .net "rst_n", 0 0, v0x55aabcf2e570_0;  alias, 1 drivers
E_0x55aabceae1f0 .event edge, v0x55aabceb4bd0_0;
L_0x55aabcfe9720 .part v0x55aabcec0f40_0, 25, 7;
L_0x55aabcfe9850 .part v0x55aabcec0f40_0, 30, 1;
L_0x55aabcfe98f0 .part v0x55aabcec0f40_0, 0, 7;
L_0x55aabcfe9990 .part v0x55aabcec0f40_0, 0, 7;
L_0x55aabcfe9a60 .part v0x55aabcec0f40_0, 12, 3;
L_0x55aabcff1680 .part v0x55aabcec0f40_0, 15, 5;
L_0x55aabcff1760 .part v0x55aabcec0f40_0, 20, 5;
L_0x55aabcff1800 .part v0x55aabcec0f40_0, 7, 5;
L_0x55aabcff18f0 .part v0x55aabcec0f40_0, 12, 3;
L_0x55aabcff1c70 .part v0x55aabcec0f40_0, 15, 5;
L_0x55aabcff1d70 .part v0x55aabcec0f40_0, 20, 5;
S_0x55aabceae270 .scope module, "control_unit" "Control_Unit_Top" 11 38, 12 1 0, S_0x55aabceae060;
 .timescale 0 0;
    .port_info 0 /INPUT 7 "Op";
    .port_info 1 /INPUT 3 "funct3";
    .port_info 2 /INPUT 1 "funct7_5";
    .port_info 3 /INPUT 7 "funct7";
    .port_info 4 /OUTPUT 1 "RegWrite";
    .port_info 5 /OUTPUT 1 "ALUSrc";
    .port_info 6 /OUTPUT 1 "MemWrite";
    .port_info 7 /OUTPUT 1 "Branch";
    .port_info 8 /OUTPUT 1 "Jump";
    .port_info 9 /OUTPUT 2 "ResultSrc";
    .port_info 10 /OUTPUT 2 "MemOp";
    .port_info 11 /OUTPUT 3 "ImmSrc";
    .port_info 12 /OUTPUT 4 "ALUControl";
v0x55aabceafa60_0 .net "ALUControl", 3 0, v0x55aabceae730_0;  alias, 1 drivers
v0x55aabceafb70_0 .net "ALUOp", 1 0, v0x55aabceaf000_0;  1 drivers
v0x55aabceafc10_0 .net "ALUSrc", 0 0, v0x55aabceaf0e0_0;  alias, 1 drivers
v0x55aabceafce0_0 .net "Branch", 0 0, v0x55aabceaf180_0;  alias, 1 drivers
v0x55aabceafdb0_0 .net "ImmSrc", 2 0, v0x55aabceaf250_0;  alias, 1 drivers
v0x55aabceafea0_0 .net "Jump", 0 0, v0x55aabceaf330_0;  alias, 1 drivers
v0x55aabceaff70_0 .net "MemOp", 1 0, v0x55aabceaf440_0;  alias, 1 drivers
v0x55aabceb0040_0 .net "MemWrite", 0 0, v0x55aabceaf520_0;  alias, 1 drivers
v0x55aabceb0110_0 .net "Op", 6 0, L_0x55aabcfe9990;  1 drivers
v0x55aabceb0270_0 .net "RegWrite", 0 0, v0x55aabceaf6c0_0;  alias, 1 drivers
v0x55aabceb0340_0 .net "ResultSrc", 1 0, v0x55aabceaf780_0;  alias, 1 drivers
v0x55aabceb0410_0 .net "funct3", 2 0, L_0x55aabcfe9a60;  1 drivers
v0x55aabceb04b0_0 .net "funct7", 6 0, L_0x55aabcfe9720;  alias, 1 drivers
v0x55aabceb0550_0 .net "funct7_5", 0 0, L_0x55aabcfe9850;  alias, 1 drivers
S_0x55aabceae470 .scope module, "ad" "ALU_Decoder" 12 28, 13 1 0, S_0x55aabceae270;
 .timescale 0 0;
    .port_info 0 /INPUT 2 "ALUOp";
    .port_info 1 /INPUT 3 "funct3";
    .port_info 2 /INPUT 1 "funct7_5";
    .port_info 3 /INPUT 7 "funct7";
    .port_info 4 /OUTPUT 4 "ALUControl";
v0x55aabceae730_0 .var "ALUControl", 3 0;
v0x55aabceae830_0 .net "ALUOp", 1 0, v0x55aabceaf000_0;  alias, 1 drivers
v0x55aabceae910_0 .net "funct3", 2 0, L_0x55aabcfe9a60;  alias, 1 drivers
v0x55aabceaea00_0 .net "funct7", 6 0, L_0x55aabcfe9720;  alias, 1 drivers
v0x55aabceaeae0_0 .net "funct7_5", 0 0, L_0x55aabcfe9850;  alias, 1 drivers
E_0x55aabceae6a0 .event edge, v0x55aabceae830_0, v0x55aabceae910_0, v0x55aabceaeae0_0, v0x55aabceaea00_0;
S_0x55aabceaec90 .scope module, "md" "Main_Decoder" 12 14, 14 1 0, S_0x55aabceae270;
 .timescale -9 -12;
    .port_info 0 /INPUT 7 "Op";
    .port_info 1 /INPUT 3 "funct3";
    .port_info 2 /OUTPUT 1 "RegWrite";
    .port_info 3 /OUTPUT 1 "ALUSrc";
    .port_info 4 /OUTPUT 1 "MemWrite";
    .port_info 5 /OUTPUT 1 "Branch";
    .port_info 6 /OUTPUT 1 "Jump";
    .port_info 7 /OUTPUT 2 "ResultSrc";
    .port_info 8 /OUTPUT 2 "MemOp";
    .port_info 9 /OUTPUT 3 "ImmSrc";
    .port_info 10 /OUTPUT 2 "ALUOp";
v0x55aabceaf000_0 .var "ALUOp", 1 0;
v0x55aabceaf0e0_0 .var "ALUSrc", 0 0;
v0x55aabceaf180_0 .var "Branch", 0 0;
v0x55aabceaf250_0 .var "ImmSrc", 2 0;
v0x55aabceaf330_0 .var "Jump", 0 0;
v0x55aabceaf440_0 .var "MemOp", 1 0;
v0x55aabceaf520_0 .var "MemWrite", 0 0;
v0x55aabceaf5e0_0 .net "Op", 6 0, L_0x55aabcfe9990;  alias, 1 drivers
v0x55aabceaf6c0_0 .var "RegWrite", 0 0;
v0x55aabceaf780_0 .var "ResultSrc", 1 0;
v0x55aabceaf860_0 .net "funct3", 2 0, L_0x55aabcfe9a60;  alias, 1 drivers
E_0x55aabceaefa0 .event edge, v0x55aabceaf5e0_0, v0x55aabceae910_0;
S_0x55aabceb0700 .scope module, "sign_extend" "Sign_Extend" 11 54, 15 11 0, S_0x55aabceae060;
 .timescale -9 -12;
    .port_info 0 /INPUT 32 "In";
    .port_info 1 /INPUT 3 "ImmSrc";
    .port_info 2 /OUTPUT 32 "Imm_Ext";
v0x55aabceb0950_0 .net "ImmSrc", 2 0, v0x55aabceaf250_0;  alias, 1 drivers
v0x55aabceb0a80_0 .net "Imm_Ext", 31 0, L_0x55aabcff15e0;  alias, 1 drivers
v0x55aabceb0b60_0 .net "In", 31 0, v0x55aabcec0f40_0;  alias, 1 drivers
L_0x55aabcf2ede0 .functor BUFT 1, C4<000>, C4<0>, C4<0>, C4<0>;
v0x55aabceb0c20_0 .net/2u *"_ivl_0", 2 0, L_0x55aabcf2ede0;  1 drivers
v0x55aabceb0d00_0 .net *"_ivl_10", 31 0, L_0x55aabcfee060;  1 drivers
v0x55aabceb0e30_0 .net *"_ivl_12", 32 0, L_0x55aabcfee100;  1 drivers
L_0x55aabcf2ee28 .functor BUFT 1, C4<0>, C4<0>, C4<0>, C4<0>;
v0x55aabceb0f10_0 .net *"_ivl_15", 0 0, L_0x55aabcf2ee28;  1 drivers
L_0x55aabcf2ee70 .functor BUFT 1, C4<001>, C4<0>, C4<0>, C4<0>;
v0x55aabceb0ff0_0 .net/2u *"_ivl_16", 2 0, L_0x55aabcf2ee70;  1 drivers
v0x55aabceb10d0_0 .net *"_ivl_18", 0 0, L_0x55aabcfee390;  1 drivers
v0x55aabceb1220_0 .net *"_ivl_2", 0 0, L_0x55aabcfe9b00;  1 drivers
v0x55aabceb12e0_0 .net *"_ivl_21", 0 0, L_0x55aabcfee480;  1 drivers
v0x55aabceb13c0_0 .net *"_ivl_22", 19 0, L_0x55aabcfee570;  1 drivers
v0x55aabceb14a0_0 .net *"_ivl_25", 6 0, L_0x55aabcfee770;  1 drivers
v0x55aabceb1580_0 .net *"_ivl_27", 4 0, L_0x55aabcfee870;  1 drivers
v0x55aabceb1660_0 .net *"_ivl_28", 31 0, L_0x55aabcfee910;  1 drivers
v0x55aabceb1740_0 .net *"_ivl_30", 32 0, L_0x55aabcfeea70;  1 drivers
L_0x55aabcf2eeb8 .functor BUFT 1, C4<0>, C4<0>, C4<0>, C4<0>;
v0x55aabceb1820_0 .net *"_ivl_33", 0 0, L_0x55aabcf2eeb8;  1 drivers
L_0x55aabcf2ef00 .functor BUFT 1, C4<010>, C4<0>, C4<0>, C4<0>;
v0x55aabceb1a10_0 .net/2u *"_ivl_34", 2 0, L_0x55aabcf2ef00;  1 drivers
v0x55aabceb1af0_0 .net *"_ivl_36", 0 0, L_0x55aabcfeebb0;  1 drivers
v0x55aabceb1bb0_0 .net *"_ivl_39", 0 0, L_0x55aabcfeed20;  1 drivers
v0x55aabceb1c90_0 .net *"_ivl_40", 19 0, L_0x55aabcfeedc0;  1 drivers
v0x55aabceb1d70_0 .net *"_ivl_43", 0 0, L_0x55aabcfef200;  1 drivers
v0x55aabceb1e50_0 .net *"_ivl_45", 0 0, L_0x55aabcfef2a0;  1 drivers
v0x55aabceb1f30_0 .net *"_ivl_47", 5 0, L_0x55aabcfef620;  1 drivers
v0x55aabceb2010_0 .net *"_ivl_49", 3 0, L_0x55aabcfef6f0;  1 drivers
v0x55aabceb20f0_0 .net *"_ivl_5", 0 0, L_0x55aabcfe9ba0;  1 drivers
L_0x55aabcf2ef48 .functor BUFT 1, C4<0>, C4<0>, C4<0>, C4<0>;
v0x55aabceb21d0_0 .net/2u *"_ivl_50", 0 0, L_0x55aabcf2ef48;  1 drivers
v0x55aabceb22b0_0 .net *"_ivl_52", 32 0, L_0x55aabcfef580;  1 drivers
L_0x55aabcf2ef90 .functor BUFT 1, C4<011>, C4<0>, C4<0>, C4<0>;
v0x55aabceb2390_0 .net/2u *"_ivl_54", 2 0, L_0x55aabcf2ef90;  1 drivers
v0x55aabceb2470_0 .net *"_ivl_56", 0 0, L_0x55aabcfefa60;  1 drivers
v0x55aabceb2530_0 .net *"_ivl_59", 0 0, L_0x55aabcfefc10;  1 drivers
v0x55aabceb2610_0 .net *"_ivl_6", 19 0, L_0x55aabcfe9c40;  1 drivers
v0x55aabceb26f0_0 .net *"_ivl_60", 11 0, L_0x55aabcfefcb0;  1 drivers
v0x55aabceb27d0_0 .net *"_ivl_63", 0 0, L_0x55aabcfefe70;  1 drivers
v0x55aabceb28b0_0 .net *"_ivl_65", 7 0, L_0x55aabcfeff10;  1 drivers
v0x55aabceb2990_0 .net *"_ivl_67", 0 0, L_0x55aabcff0090;  1 drivers
v0x55aabceb2a70_0 .net *"_ivl_69", 9 0, L_0x55aabcff0130;  1 drivers
L_0x55aabcf2efd8 .functor BUFT 1, C4<0>, C4<0>, C4<0>, C4<0>;
v0x55aabceb2b50_0 .net/2u *"_ivl_70", 0 0, L_0x55aabcf2efd8;  1 drivers
v0x55aabceb2c30_0 .net *"_ivl_72", 32 0, L_0x55aabcff02f0;  1 drivers
L_0x55aabcf2f020 .functor BUFT 1, C4<100>, C4<0>, C4<0>, C4<0>;
v0x55aabceb2d10_0 .net/2u *"_ivl_74", 2 0, L_0x55aabcf2f020;  1 drivers
v0x55aabceb2df0_0 .net *"_ivl_76", 0 0, L_0x55aabcff0550;  1 drivers
v0x55aabceb2eb0_0 .net *"_ivl_79", 19 0, L_0x55aabcff0740;  1 drivers
L_0x55aabcf2f068 .functor BUFT 1, C4<000000000000>, C4<0>, C4<0>, C4<0>;
v0x55aabceb2f90_0 .net/2u *"_ivl_80", 11 0, L_0x55aabcf2f068;  1 drivers
v0x55aabceb3070_0 .net *"_ivl_82", 31 0, L_0x55aabcff07e0;  1 drivers
v0x55aabceb3150_0 .net *"_ivl_84", 32 0, L_0x55aabcff0a30;  1 drivers
L_0x55aabcf2f0b0 .functor BUFT 1, C4<0>, C4<0>, C4<0>, C4<0>;
v0x55aabceb3230_0 .net *"_ivl_87", 0 0, L_0x55aabcf2f0b0;  1 drivers
L_0x55aabcf2f0f8 .functor BUFT 1, C4<000000000000000000000000000000000>, C4<0>, C4<0>, C4<0>;
v0x55aabceb3310_0 .net/2u *"_ivl_88", 32 0, L_0x55aabcf2f0f8;  1 drivers
v0x55aabceb33f0_0 .net *"_ivl_9", 11 0, L_0x55aabcfe9dc0;  1 drivers
v0x55aabceb34d0_0 .net *"_ivl_90", 32 0, L_0x55aabcff0b70;  1 drivers
v0x55aabceb35b0_0 .net *"_ivl_92", 32 0, L_0x55aabcff0e20;  1 drivers
v0x55aabceb3690_0 .net *"_ivl_94", 32 0, L_0x55aabcff0fb0;  1 drivers
v0x55aabceb3770_0 .net *"_ivl_96", 32 0, L_0x55aabcff1180;  1 drivers
v0x55aabceb3850_0 .net *"_ivl_98", 32 0, L_0x55aabcff1310;  1 drivers
L_0x55aabcfe9b00 .cmp/eq 3, v0x55aabceaf250_0, L_0x55aabcf2ede0;
L_0x55aabcfe9ba0 .part v0x55aabcec0f40_0, 31, 1;
LS_0x55aabcfe9c40_0_0 .concat [ 1 1 1 1], L_0x55aabcfe9ba0, L_0x55aabcfe9ba0, L_0x55aabcfe9ba0, L_0x55aabcfe9ba0;
LS_0x55aabcfe9c40_0_4 .concat [ 1 1 1 1], L_0x55aabcfe9ba0, L_0x55aabcfe9ba0, L_0x55aabcfe9ba0, L_0x55aabcfe9ba0;
LS_0x55aabcfe9c40_0_8 .concat [ 1 1 1 1], L_0x55aabcfe9ba0, L_0x55aabcfe9ba0, L_0x55aabcfe9ba0, L_0x55aabcfe9ba0;
LS_0x55aabcfe9c40_0_12 .concat [ 1 1 1 1], L_0x55aabcfe9ba0, L_0x55aabcfe9ba0, L_0x55aabcfe9ba0, L_0x55aabcfe9ba0;
LS_0x55aabcfe9c40_0_16 .concat [ 1 1 1 1], L_0x55aabcfe9ba0, L_0x55aabcfe9ba0, L_0x55aabcfe9ba0, L_0x55aabcfe9ba0;
LS_0x55aabcfe9c40_1_0 .concat [ 4 4 4 4], LS_0x55aabcfe9c40_0_0, LS_0x55aabcfe9c40_0_4, LS_0x55aabcfe9c40_0_8, LS_0x55aabcfe9c40_0_12;
LS_0x55aabcfe9c40_1_4 .concat [ 4 0 0 0], LS_0x55aabcfe9c40_0_16;
L_0x55aabcfe9c40 .concat [ 16 4 0 0], LS_0x55aabcfe9c40_1_0, LS_0x55aabcfe9c40_1_4;
L_0x55aabcfe9dc0 .part v0x55aabcec0f40_0, 20, 12;
L_0x55aabcfee060 .concat [ 12 20 0 0], L_0x55aabcfe9dc0, L_0x55aabcfe9c40;
L_0x55aabcfee100 .concat [ 32 1 0 0], L_0x55aabcfee060, L_0x55aabcf2ee28;
L_0x55aabcfee390 .cmp/eq 3, v0x55aabceaf250_0, L_0x55aabcf2ee70;
L_0x55aabcfee480 .part v0x55aabcec0f40_0, 31, 1;
LS_0x55aabcfee570_0_0 .concat [ 1 1 1 1], L_0x55aabcfee480, L_0x55aabcfee480, L_0x55aabcfee480, L_0x55aabcfee480;
LS_0x55aabcfee570_0_4 .concat [ 1 1 1 1], L_0x55aabcfee480, L_0x55aabcfee480, L_0x55aabcfee480, L_0x55aabcfee480;
LS_0x55aabcfee570_0_8 .concat [ 1 1 1 1], L_0x55aabcfee480, L_0x55aabcfee480, L_0x55aabcfee480, L_0x55aabcfee480;
LS_0x55aabcfee570_0_12 .concat [ 1 1 1 1], L_0x55aabcfee480, L_0x55aabcfee480, L_0x55aabcfee480, L_0x55aabcfee480;
LS_0x55aabcfee570_0_16 .concat [ 1 1 1 1], L_0x55aabcfee480, L_0x55aabcfee480, L_0x55aabcfee480, L_0x55aabcfee480;
LS_0x55aabcfee570_1_0 .concat [ 4 4 4 4], LS_0x55aabcfee570_0_0, LS_0x55aabcfee570_0_4, LS_0x55aabcfee570_0_8, LS_0x55aabcfee570_0_12;
LS_0x55aabcfee570_1_4 .concat [ 4 0 0 0], LS_0x55aabcfee570_0_16;
L_0x55aabcfee570 .concat [ 16 4 0 0], LS_0x55aabcfee570_1_0, LS_0x55aabcfee570_1_4;
L_0x55aabcfee770 .part v0x55aabcec0f40_0, 25, 7;
L_0x55aabcfee870 .part v0x55aabcec0f40_0, 7, 5;
L_0x55aabcfee910 .concat [ 5 7 20 0], L_0x55aabcfee870, L_0x55aabcfee770, L_0x55aabcfee570;
L_0x55aabcfeea70 .concat [ 32 1 0 0], L_0x55aabcfee910, L_0x55aabcf2eeb8;
L_0x55aabcfeebb0 .cmp/eq 3, v0x55aabceaf250_0, L_0x55aabcf2ef00;
L_0x55aabcfeed20 .part v0x55aabcec0f40_0, 31, 1;
LS_0x55aabcfeedc0_0_0 .concat [ 1 1 1 1], L_0x55aabcfeed20, L_0x55aabcfeed20, L_0x55aabcfeed20, L_0x55aabcfeed20;
LS_0x55aabcfeedc0_0_4 .concat [ 1 1 1 1], L_0x55aabcfeed20, L_0x55aabcfeed20, L_0x55aabcfeed20, L_0x55aabcfeed20;
LS_0x55aabcfeedc0_0_8 .concat [ 1 1 1 1], L_0x55aabcfeed20, L_0x55aabcfeed20, L_0x55aabcfeed20, L_0x55aabcfeed20;
LS_0x55aabcfeedc0_0_12 .concat [ 1 1 1 1], L_0x55aabcfeed20, L_0x55aabcfeed20, L_0x55aabcfeed20, L_0x55aabcfeed20;
LS_0x55aabcfeedc0_0_16 .concat [ 1 1 1 1], L_0x55aabcfeed20, L_0x55aabcfeed20, L_0x55aabcfeed20, L_0x55aabcfeed20;
LS_0x55aabcfeedc0_1_0 .concat [ 4 4 4 4], LS_0x55aabcfeedc0_0_0, LS_0x55aabcfeedc0_0_4, LS_0x55aabcfeedc0_0_8, LS_0x55aabcfeedc0_0_12;
LS_0x55aabcfeedc0_1_4 .concat [ 4 0 0 0], LS_0x55aabcfeedc0_0_16;
L_0x55aabcfeedc0 .concat [ 16 4 0 0], LS_0x55aabcfeedc0_1_0, LS_0x55aabcfeedc0_1_4;
L_0x55aabcfef200 .part v0x55aabcec0f40_0, 31, 1;
L_0x55aabcfef2a0 .part v0x55aabcec0f40_0, 7, 1;
L_0x55aabcfef620 .part v0x55aabcec0f40_0, 25, 6;
L_0x55aabcfef6f0 .part v0x55aabcec0f40_0, 8, 4;
LS_0x55aabcfef580_0_0 .concat [ 1 4 6 1], L_0x55aabcf2ef48, L_0x55aabcfef6f0, L_0x55aabcfef620, L_0x55aabcfef2a0;
LS_0x55aabcfef580_0_4 .concat [ 1 20 0 0], L_0x55aabcfef200, L_0x55aabcfeedc0;
L_0x55aabcfef580 .concat [ 12 21 0 0], LS_0x55aabcfef580_0_0, LS_0x55aabcfef580_0_4;
L_0x55aabcfefa60 .cmp/eq 3, v0x55aabceaf250_0, L_0x55aabcf2ef90;
L_0x55aabcfefc10 .part v0x55aabcec0f40_0, 31, 1;
LS_0x55aabcfefcb0_0_0 .concat [ 1 1 1 1], L_0x55aabcfefc10, L_0x55aabcfefc10, L_0x55aabcfefc10, L_0x55aabcfefc10;
LS_0x55aabcfefcb0_0_4 .concat [ 1 1 1 1], L_0x55aabcfefc10, L_0x55aabcfefc10, L_0x55aabcfefc10, L_0x55aabcfefc10;
LS_0x55aabcfefcb0_0_8 .concat [ 1 1 1 1], L_0x55aabcfefc10, L_0x55aabcfefc10, L_0x55aabcfefc10, L_0x55aabcfefc10;
L_0x55aabcfefcb0 .concat [ 4 4 4 0], LS_0x55aabcfefcb0_0_0, LS_0x55aabcfefcb0_0_4, LS_0x55aabcfefcb0_0_8;
L_0x55aabcfefe70 .part v0x55aabcec0f40_0, 31, 1;
L_0x55aabcfeff10 .part v0x55aabcec0f40_0, 12, 8;
L_0x55aabcff0090 .part v0x55aabcec0f40_0, 20, 1;
L_0x55aabcff0130 .part v0x55aabcec0f40_0, 21, 10;
LS_0x55aabcff02f0_0_0 .concat [ 1 10 1 8], L_0x55aabcf2efd8, L_0x55aabcff0130, L_0x55aabcff0090, L_0x55aabcfeff10;
LS_0x55aabcff02f0_0_4 .concat [ 1 12 0 0], L_0x55aabcfefe70, L_0x55aabcfefcb0;
L_0x55aabcff02f0 .concat [ 20 13 0 0], LS_0x55aabcff02f0_0_0, LS_0x55aabcff02f0_0_4;
L_0x55aabcff0550 .cmp/eq 3, v0x55aabceaf250_0, L_0x55aabcf2f020;
L_0x55aabcff0740 .part v0x55aabcec0f40_0, 12, 20;
L_0x55aabcff07e0 .concat [ 12 20 0 0], L_0x55aabcf2f068, L_0x55aabcff0740;
L_0x55aabcff0a30 .concat [ 32 1 0 0], L_0x55aabcff07e0, L_0x55aabcf2f0b0;
L_0x55aabcff0b70 .functor MUXZ 33, L_0x55aabcf2f0f8, L_0x55aabcff0a30, L_0x55aabcff0550, C4<>;
L_0x55aabcff0e20 .functor MUXZ 33, L_0x55aabcff0b70, L_0x55aabcff02f0, L_0x55aabcfefa60, C4<>;
L_0x55aabcff0fb0 .functor MUXZ 33, L_0x55aabcff0e20, L_0x55aabcfef580, L_0x55aabcfeebb0, C4<>;
L_0x55aabcff1180 .functor MUXZ 33, L_0x55aabcff0fb0, L_0x55aabcfeea70, L_0x55aabcfee390, C4<>;
L_0x55aabcff1310 .functor MUXZ 33, L_0x55aabcff1180, L_0x55aabcfee100, L_0x55aabcfe9b00, C4<>;
L_0x55aabcff15e0 .part L_0x55aabcff1310, 0, 32;
S_0x55aabceb5620 .scope module, "ex_mem_reg" "EX_MEM_reg" 7 219, 16 1 0, S_0x55aabce435e0;
 .timescale 0 0;
    .port_info 0 /INPUT 1 "clk";
    .port_info 1 /INPUT 1 "rst_n";
    .port_info 2 /INPUT 1 "RegWrite_in";
    .port_info 3 /INPUT 1 "MemWrite_in";
    .port_info 4 /INPUT 2 "ResultSrc_in";
    .port_info 5 /INPUT 2 "MemOp_in";
    .port_info 6 /INPUT 32 "ALU_Result_in";
    .port_info 7 /INPUT 32 "WriteData_in";
    .port_info 8 /INPUT 5 "rd_in";
    .port_info 9 /INPUT 32 "PCPlus4_in";
    .port_info 10 /OUTPUT 1 "RegWrite_out";
    .port_info 11 /OUTPUT 1 "MemWrite_out";
    .port_info 12 /OUTPUT 2 "ResultSrc_out";
    .port_info 13 /OUTPUT 2 "MemOp_out";
    .port_info 14 /OUTPUT 32 "ALU_Result_out";
    .port_info 15 /OUTPUT 32 "WriteData_out";
    .port_info 16 /OUTPUT 5 "rd_out";
    .port_info 17 /OUTPUT 32 "PCPlus4_out";
v0x55aabceb58f0_0 .net "ALU_Result_in", 31 0, v0x55aabceb94e0_0;  alias, 1 drivers
v0x55aabceb59f0_0 .var "ALU_Result_out", 31 0;
v0x55aabceb5ab0_0 .net "MemOp_in", 1 0, v0x55aabceb8850_0;  alias, 1 drivers
v0x55aabceb5b50_0 .var "MemOp_out", 1 0;
v0x55aabceb5c10_0 .net "MemWrite_in", 0 0, v0x55aabceb89b0_0;  alias, 1 drivers
v0x55aabceb5d00_0 .var "MemWrite_out", 0 0;
v0x55aabceb5da0_0 .net "PCPlus4_in", 31 0, v0x55aabceb8b10_0;  alias, 1 drivers
v0x55aabceb5e60_0 .var "PCPlus4_out", 31 0;
v0x55aabceb5f40_0 .net "RegWrite_in", 0 0, v0x55aabceb9020_0;  alias, 1 drivers
v0x55aabceb6000_0 .var "RegWrite_out", 0 0;
v0x55aabceb60c0_0 .net "ResultSrc_in", 1 0, v0x55aabceb91b0_0;  alias, 1 drivers
v0x55aabceb61a0_0 .var "ResultSrc_out", 1 0;
v0x55aabceb6280_0 .net "WriteData_in", 31 0, L_0x55aabcff1e10;  alias, 1 drivers
v0x55aabceb6360_0 .var "WriteData_out", 31 0;
v0x55aabceb6420_0 .net "clk", 0 0, v0x55aabcf2d9c0_0;  alias, 1 drivers
v0x55aabceb64c0_0 .net "rd_in", 4 0, v0x55aabceb9e60_0;  alias, 1 drivers
v0x55aabceb6580_0 .var "rd_out", 4 0;
v0x55aabceb6770_0 .net "rst_n", 0 0, v0x55aabcf2e570_0;  alias, 1 drivers
S_0x55aabceb6af0 .scope module, "execute_stage" "execute" 7 202, 17 1 0, S_0x55aabce435e0;
 .timescale -9 -12;
    .port_info 0 /INPUT 1 "clk";
    .port_info 1 /INPUT 1 "rst_n";
    .port_info 2 /INPUT 1 "RegWrite_in";
    .port_info 3 /INPUT 1 "ALUSrc_in";
    .port_info 4 /INPUT 1 "MemWrite_in";
    .port_info 5 /INPUT 1 "Branch_in";
    .port_info 6 /INPUT 1 "Jump_in";
    .port_info 7 /INPUT 2 "ResultSrc_in";
    .port_info 8 /INPUT 2 "MemOp_in";
    .port_info 9 /INPUT 4 "ALUControl_in";
    .port_info 10 /INPUT 3 "funct3_in";
    .port_info 11 /INPUT 32 "RD1_in";
    .port_info 12 /INPUT 32 "RD2_in";
    .port_info 13 /INPUT 32 "Imm_Ext_in";
    .port_info 14 /INPUT 32 "PC_in";
    .port_info 15 /INPUT 32 "PCPlus4_in";
    .port_info 16 /INPUT 5 "rd_in";
    .port_info 17 /INPUT 2 "ForwardA";
    .port_info 18 /INPUT 2 "ForwardB";
    .port_info 19 /INPUT 32 "alu_result_mem";
    .port_info 20 /INPUT 32 "result_wb";
    .port_info 21 /OUTPUT 1 "RegWrite_out";
    .port_info 22 /OUTPUT 1 "MemWrite_out";
    .port_info 23 /OUTPUT 2 "ResultSrc_out";
    .port_info 24 /OUTPUT 2 "MemOp_out";
    .port_info 25 /OUTPUT 5 "rd_out";
    .port_info 26 /OUTPUT 32 "PCPlus4_out";
    .port_info 27 /OUTPUT 32 "WriteData_out";
    .port_info 28 /OUTPUT 32 "alu_result_out";
    .port_info 29 /OUTPUT 1 "pc_src_out";
    .port_info 30 /OUTPUT 32 "pc_target_out";
    .port_info 31 /OUTPUT 1 "branch_feedback_valid";
    .port_info 32 /OUTPUT 32 "branch_feedback_pc";
    .port_info 33 /OUTPUT 1 "branch_feedback_taken";
L_0x55aabcff1e10 .functor BUFZ 32, v0x55aabceb9a20_0, C4<00000000000000000000000000000000>, C4<00000000000000000000000000000000>, C4<00000000000000000000000000000000>;
L_0x55aabcff24c0 .functor AND 1, v0x55aabcebe890_0, v0x55aabceb98a0_0, C4<1>, C4<1>;
L_0x55aabcff2890 .functor OR 1, L_0x55aabcff24c0, v0x55aabcebebf0_0, C4<0>, C4<0>;
L_0x55aabcff29f0 .functor BUFZ 1, v0x55aabcebe890_0, C4<0>, C4<0>, C4<0>;
L_0x55aabcff2b80 .functor BUFZ 32, v0x55aabcebf2a0_0, C4<00000000000000000000000000000000>, C4<00000000000000000000000000000000>, C4<00000000000000000000000000000000>;
L_0x55aabcff2c80 .functor BUFZ 1, L_0x55aabcff24c0, C4<0>, C4<0>, C4<0>;
v0x55aabceb81f0_0 .net "ALUControl_in", 3 0, v0x55aabcebe520_0;  alias, 1 drivers
v0x55aabceb82d0_0 .net "ALUSrc_in", 0 0, v0x55aabcebe6d0_0;  alias, 1 drivers
v0x55aabceb8370_0 .net "Branch_in", 0 0, v0x55aabcebe890_0;  alias, 1 drivers
v0x55aabceb8410_0 .net "ForwardA", 1 0, v0x55aabcebc9e0_0;  alias, 1 drivers
v0x55aabceb84f0_0 .net "ForwardB", 1 0, v0x55aabcebcae0_0;  alias, 1 drivers
v0x55aabceb85d0_0 .net "Imm_Ext_in", 31 0, v0x55aabcebea20_0;  alias, 1 drivers
v0x55aabceb86b0_0 .net "Jump_in", 0 0, v0x55aabcebebf0_0;  alias, 1 drivers
v0x55aabceb8770_0 .net "MemOp_in", 1 0, v0x55aabcebed60_0;  alias, 1 drivers
v0x55aabceb8850_0 .var "MemOp_out", 1 0;
v0x55aabceb8910_0 .net "MemWrite_in", 0 0, v0x55aabcebeed0_0;  alias, 1 drivers
v0x55aabceb89b0_0 .var "MemWrite_out", 0 0;
v0x55aabceb8a50_0 .net "PCPlus4_in", 31 0, v0x55aabcebf010_0;  alias, 1 drivers
v0x55aabceb8b10_0 .var "PCPlus4_out", 31 0;
v0x55aabceb8bd0_0 .net "PC_in", 31 0, v0x55aabcebf2a0_0;  alias, 1 drivers
v0x55aabceb8c90_0 .net "RD1_in", 31 0, v0x55aabcebf460_0;  alias, 1 drivers
v0x55aabceb8d70_0 .net "RD2_in", 31 0, v0x55aabcebf600_0;  alias, 1 drivers
v0x55aabceb8e50_0 .net "RegWrite_in", 0 0, v0x55aabcebf770_0;  alias, 1 drivers
v0x55aabceb9020_0 .var "RegWrite_out", 0 0;
v0x55aabceb90f0_0 .net "ResultSrc_in", 1 0, v0x55aabcebf8e0_0;  alias, 1 drivers
v0x55aabceb91b0_0 .var "ResultSrc_out", 1 0;
v0x55aabceb92a0_0 .net "WriteData_out", 31 0, L_0x55aabcff1e10;  alias, 1 drivers
v0x55aabceb9370_0 .net "alu_result", 31 0, v0x55aabceb7540_0;  1 drivers
v0x55aabceb9440_0 .net "alu_result_mem", 31 0, v0x55aabceb59f0_0;  alias, 1 drivers
v0x55aabceb94e0_0 .var "alu_result_out", 31 0;
v0x55aabceb95a0_0 .net "branch_feedback_pc", 31 0, L_0x55aabcff2b80;  alias, 1 drivers
v0x55aabceb9660_0 .net "branch_feedback_taken", 0 0, L_0x55aabcff2c80;  alias, 1 drivers
v0x55aabceb9720_0 .net "branch_feedback_valid", 0 0, L_0x55aabcff29f0;  alias, 1 drivers
v0x55aabceb97e0_0 .net "branch_taken", 0 0, L_0x55aabcff24c0;  1 drivers
v0x55aabceb98a0_0 .var "branch_taken_reg", 0 0;
o0x55aabce84528 .functor BUFZ 1, C4<z>; HiZ drive
v0x55aabceb9960_0 .net "clk", 0 0, o0x55aabce84528;  0 drivers
v0x55aabceb9a20_0 .var "forwarded_rd2", 31 0;
v0x55aabceb9b00_0 .net "funct3_in", 2 0, v0x55aabcebfc90_0;  alias, 1 drivers
v0x55aabceb9be0_0 .net "pc_src_out", 0 0, L_0x55aabcff2890;  alias, 1 drivers
v0x55aabceb9ca0_0 .net "pc_target_out", 31 0, L_0x55aabcff2950;  alias, 1 drivers
v0x55aabceb9d80_0 .net "rd_in", 4 0, v0x55aabcebfe30_0;  alias, 1 drivers
v0x55aabceb9e60_0 .var "rd_out", 4 0;
v0x55aabceb9f50_0 .net "result_wb", 31 0, L_0x55aabcfea4d0;  alias, 1 drivers
o0x55aabce84648 .functor BUFZ 1, C4<z>; HiZ drive
v0x55aabceba020_0 .net "rst_n", 0 0, o0x55aabce84648;  0 drivers
v0x55aabceba0c0_0 .var "src_a", 31 0;
v0x55aabceba1b0_0 .net "src_b", 31 0, L_0x55aabcff1e80;  1 drivers
v0x55aabceba280_0 .net "zero_flag", 0 0, v0x55aabceb7620_0;  1 drivers
E_0x55aabceb6c80/0 .event edge, v0x55aabceb8e50_0, v0x55aabceb8910_0, v0x55aabceb90f0_0, v0x55aabceb8770_0;
E_0x55aabceb6c80/1 .event edge, v0x55aabceb9d80_0, v0x55aabceb8a50_0, v0x55aabceb7540_0;
E_0x55aabceb6c80 .event/or E_0x55aabceb6c80/0, E_0x55aabceb6c80/1;
E_0x55aabceb6d20 .event edge, v0x55aabceb9b00_0, v0x55aabceb7620_0, v0x55aabceb7540_0;
E_0x55aabceb6d80 .event edge, v0x55aabceb84f0_0, v0x55aabceb8d70_0, v0x55aabce45a70_0, v0x55aabceacaf0_0;
E_0x55aabceb6dc0 .event edge, v0x55aabceb8410_0, v0x55aabceb8c90_0, v0x55aabce45a70_0, v0x55aabceacaf0_0;
L_0x55aabcff1e80 .functor MUXZ 32, v0x55aabceb9a20_0, v0x55aabcebea20_0, v0x55aabcebe6d0_0, C4<>;
L_0x55aabcff2950 .arith/sum 32, v0x55aabcebf2a0_0, v0x55aabcebea20_0;
S_0x55aabceb6e60 .scope module, "alu_unit" "ALU" 17 66, 18 1 0, S_0x55aabceb6af0;
 .timescale 0 0;
    .port_info 0 /INPUT 32 "A";
    .port_info 1 /INPUT 32 "B";
    .port_info 2 /INPUT 4 "ALUControl";
    .port_info 3 /OUTPUT 32 "Result";
    .port_info 4 /OUTPUT 1 "Zero";
L_0x55aabcff2050 .functor NOT 32, L_0x55aabcff1e80, C4<00000000000000000000000000000000>, C4<00000000000000000000000000000000>, C4<00000000000000000000000000000000>;
v0x55aabceb5850_0 .net "A", 31 0, v0x55aabceba0c0_0;  1 drivers
v0x55aabceb71b0_0 .net "ALUControl", 3 0, v0x55aabcebe520_0;  alias, 1 drivers
v0x55aabceb7290_0 .net "B", 31 0, L_0x55aabcff1e80;  alias, 1 drivers
v0x55aabceb7350_0 .net "B_inverted", 31 0, L_0x55aabcff20c0;  1 drivers
v0x55aabceb7430_0 .net "CarryIn", 0 0, L_0x55aabcff2290;  1 drivers
v0x55aabceb7540_0 .var "Result", 31 0;
v0x55aabceb7620_0 .var "Zero", 0 0;
L_0x55aabcf2f140 .functor BUFT 1, C4<0001>, C4<0>, C4<0>, C4<0>;
v0x55aabceb76e0_0 .net/2u *"_ivl_0", 3 0, L_0x55aabcf2f140;  1 drivers
v0x55aabceb77c0_0 .net *"_ivl_10", 0 0, L_0x55aabcff21f0;  1 drivers
L_0x55aabcf2f1d0 .functor BUFT 1, C4<1>, C4<0>, C4<0>, C4<0>;
v0x55aabceb7880_0 .net/2u *"_ivl_12", 0 0, L_0x55aabcf2f1d0;  1 drivers
L_0x55aabcf2f218 .functor BUFT 1, C4<0>, C4<0>, C4<0>, C4<0>;
v0x55aabceb7960_0 .net/2u *"_ivl_14", 0 0, L_0x55aabcf2f218;  1 drivers
v0x55aabceb7a40_0 .net *"_ivl_18", 31 0, L_0x55aabcff2420;  1 drivers
v0x55aabceb7b20_0 .net *"_ivl_2", 0 0, L_0x55aabcff1f20;  1 drivers
v0x55aabceb7be0_0 .net *"_ivl_20", 31 0, L_0x55aabcff25d0;  1 drivers
L_0x55aabcf2f260 .functor BUFT 1, C4<0000000000000000000000000000000>, C4<0>, C4<0>, C4<0>;
v0x55aabceb7cc0_0 .net *"_ivl_23", 30 0, L_0x55aabcf2f260;  1 drivers
v0x55aabceb7da0_0 .net *"_ivl_4", 31 0, L_0x55aabcff2050;  1 drivers
L_0x55aabcf2f188 .functor BUFT 1, C4<0001>, C4<0>, C4<0>, C4<0>;
v0x55aabceb7e80_0 .net/2u *"_ivl_8", 3 0, L_0x55aabcf2f188;  1 drivers
v0x55aabceb8070_0 .net "sum", 31 0, L_0x55aabcff2750;  1 drivers
E_0x55aabceb70c0/0 .event edge, v0x55aabceb71b0_0, v0x55aabceb5850_0, v0x55aabceb7290_0, v0x55aabceb8070_0;
E_0x55aabceb70c0/1 .event edge, v0x55aabceb7540_0;
E_0x55aabceb70c0 .event/or E_0x55aabceb70c0/0, E_0x55aabceb70c0/1;
L_0x55aabcff1f20 .cmp/eq 4, v0x55aabcebe520_0, L_0x55aabcf2f140;
L_0x55aabcff20c0 .functor MUXZ 32, L_0x55aabcff1e80, L_0x55aabcff2050, L_0x55aabcff1f20, C4<>;
L_0x55aabcff21f0 .cmp/eq 4, v0x55aabcebe520_0, L_0x55aabcf2f188;
L_0x55aabcff2290 .functor MUXZ 1, L_0x55aabcf2f218, L_0x55aabcf2f1d0, L_0x55aabcff21f0, C4<>;
L_0x55aabcff2420 .arith/sum 32, v0x55aabceba0c0_0, L_0x55aabcff20c0;
L_0x55aabcff25d0 .concat [ 1 31 0 0], L_0x55aabcff2290, L_0x55aabcf2f260;
L_0x55aabcff2750 .arith/sum 32, L_0x55aabcff2420, L_0x55aabcff25d0;
S_0x55aabceba750 .scope module, "fetch_stage" "fetch" 7 129, 19 1 0, S_0x55aabce435e0;
 .timescale -9 -12;
    .port_info 0 /INPUT 1 "clk";
    .port_info 1 /INPUT 1 "rst_n";
    .port_info 2 /INPUT 1 "pc_write_en";
    .port_info 3 /INPUT 1 "pc_src";
    .port_info 4 /INPUT 32 "pc_target";
    .port_info 5 /INPUT 1 "predictor_update";
    .port_info 6 /INPUT 6 "predictor_update_index";
    .port_info 7 /INPUT 1 "predictor_outcome";
    .port_info 8 /INPUT 32 "if_instr";
    .port_info 9 /OUTPUT 32 "pc_out";
    .port_info 10 /OUTPUT 32 "pc_plus4_out";
    .port_info 11 /OUTPUT 1 "branch_predict_out";
L_0x55aabcfe7d60 .functor BUFZ 32, v0x55aabcebbb10_0, C4<00000000000000000000000000000000>, C4<00000000000000000000000000000000>, C4<00000000000000000000000000000000>;
L_0x55aabcfe7e50 .functor BUFZ 32, L_0x55aabcf87de0, C4<00000000000000000000000000000000>, C4<00000000000000000000000000000000>, C4<00000000000000000000000000000000>;
L_0x55aabcfe8210 .functor BUFZ 1, L_0x55aabcfe7fb0, C4<0>, C4<0>, C4<0>;
L_0x55aabcfe82d0 .functor BUFZ 1, L_0x55aabcfe8210, C4<0>, C4<0>, C4<0>;
L_0x55aabcfe8630 .functor AND 1, L_0x55aabcfe84b0, L_0x55aabcfe8210, C4<1>, C4<1>;
L_0x55aabcf2eac8 .functor BUFT 1, C4<00000000000000000000000000000100>, C4<0>, C4<0>, C4<0>;
v0x55aabcebac30_0 .net/2u *"_ivl_0", 31 0, L_0x55aabcf2eac8;  1 drivers
v0x55aabcebad30_0 .net *"_ivl_10", 0 0, L_0x55aabcfe7fb0;  1 drivers
v0x55aabcebae10_0 .net *"_ivl_12", 7 0, L_0x55aabcfe8050;  1 drivers
L_0x55aabcf2eb10 .functor BUFT 1, C4<00>, C4<0>, C4<0>, C4<0>;
v0x55aabcebaf00_0 .net *"_ivl_15", 1 0, L_0x55aabcf2eb10;  1 drivers
v0x55aabcebafe0_0 .net *"_ivl_21", 6 0, L_0x55aabcfe8410;  1 drivers
L_0x55aabcf2eb58 .functor BUFT 1, C4<1100011>, C4<0>, C4<0>, C4<0>;
v0x55aabcebb110_0 .net/2u *"_ivl_22", 6 0, L_0x55aabcf2eb58;  1 drivers
v0x55aabcebb1f0_0 .net *"_ivl_27", 0 0, L_0x55aabcfe8630;  1 drivers
v0x55aabcebb2b0_0 .net *"_ivl_28", 31 0, L_0x55aabcfe86f0;  1 drivers
v0x55aabcebb390_0 .net "branch_pred", 0 0, L_0x55aabcfe8210;  1 drivers
v0x55aabcebb450_0 .net "branch_predict_out", 0 0, L_0x55aabcfe82d0;  alias, 1 drivers
v0x55aabcebb510_0 .net "clk", 0 0, v0x55aabcf2d9c0_0;  alias, 1 drivers
v0x55aabcebb640_0 .net "if_instr", 31 0, L_0x55aabce1fd10;  alias, 1 drivers
v0x55aabcebb700_0 .net "is_branch", 0 0, L_0x55aabcfe84b0;  1 drivers
v0x55aabcebb7a0_0 .net "pc_next", 31 0, L_0x55aabcfe87e0;  1 drivers
v0x55aabcebb880_0 .net "pc_out", 31 0, L_0x55aabcfe7d60;  alias, 1 drivers
v0x55aabcebb970_0 .net "pc_plus4", 31 0, L_0x55aabcf87de0;  1 drivers
v0x55aabcebba30_0 .net "pc_plus4_out", 31 0, L_0x55aabcfe7e50;  alias, 1 drivers
v0x55aabcebbb10_0 .var "pc_reg", 31 0;
v0x55aabcebbbf0_0 .net "pc_src", 0 0, L_0x55aabcfe8970;  1 drivers
v0x55aabcebbcb0_0 .net "pc_target", 31 0, L_0x55aabcfe8b40;  1 drivers
v0x55aabcebbd90_0 .net "pc_write_en", 0 0, v0x55aabcebdb10_0;  alias, 1 drivers
v0x55aabcebbe50_0 .var "predictor_correct", 31 0;
v0x55aabcebbf30_0 .net "predictor_index", 5 0, L_0x55aabcfe7f10;  1 drivers
v0x55aabcebc010_0 .net "predictor_outcome", 0 0, L_0x55aabcff2c80;  alias, 1 drivers
v0x55aabcebc0e0 .array "predictor_table", 63 0, 0 0;
v0x55aabcebc180_0 .var "predictor_total", 31 0;
v0x55aabcebc240_0 .net "predictor_update", 0 0, L_0x55aabcff29f0;  alias, 1 drivers
v0x55aabcebc310_0 .net "predictor_update_index", 5 0, L_0x55aabcfe8c30;  1 drivers
v0x55aabcebc3d0_0 .net "rst_n", 0 0, v0x55aabcf2e570_0;  alias, 1 drivers
L_0x55aabcf87de0 .arith/sum 32, v0x55aabcebbb10_0, L_0x55aabcf2eac8;
L_0x55aabcfe7f10 .part v0x55aabcebbb10_0, 2, 6;
L_0x55aabcfe7fb0 .array/port v0x55aabcebc0e0, L_0x55aabcfe8050;
L_0x55aabcfe8050 .concat [ 6 2 0 0], L_0x55aabcfe7f10, L_0x55aabcf2eb10;
L_0x55aabcfe8410 .part L_0x55aabce1fd10, 0, 7;
L_0x55aabcfe84b0 .cmp/eq 7, L_0x55aabcfe8410, L_0x55aabcf2eb58;
L_0x55aabcfe86f0 .functor MUXZ 32, L_0x55aabcf87de0, L_0x55aabcfe8b40, L_0x55aabcfe8630, C4<>;
L_0x55aabcfe87e0 .functor MUXZ 32, L_0x55aabcfe86f0, L_0x55aabcfe8b40, L_0x55aabcfe8970, C4<>;
S_0x55aabceba930 .scope begin, "$unm_blk_69" "$unm_blk_69" 19 40, 19 40 0, S_0x55aabceba750;
 .timescale -9 -12;
v0x55aabcebab30_0 .var/i "i", 31 0;
S_0x55aabcebc5f0 .scope module, "forwarding_unit" "Forwarding_Unit" 7 267, 20 1 0, S_0x55aabce435e0;
 .timescale 0 0;
    .port_info 0 /INPUT 1 "EX_MEM_RegWrite";
    .port_info 1 /INPUT 1 "MEM_WB_RegWrite";
    .port_info 2 /INPUT 1 "ID_EX_MemWrite";
    .port_info 3 /INPUT 5 "ID_EX_rs1";
    .port_info 4 /INPUT 5 "ID_EX_rs2";
    .port_info 5 /INPUT 5 "EX_MEM_rd";
    .port_info 6 /INPUT 5 "MEM_WB_rd";
    .port_info 7 /OUTPUT 2 "ForwardA";
    .port_info 8 /OUTPUT 2 "ForwardB";
v0x55aabcebc820_0 .net "EX_MEM_RegWrite", 0 0, v0x55aabceb6000_0;  alias, 1 drivers
v0x55aabcebc910_0 .net "EX_MEM_rd", 4 0, v0x55aabceb6580_0;  alias, 1 drivers
v0x55aabcebc9e0_0 .var "ForwardA", 1 0;
v0x55aabcebcae0_0 .var "ForwardB", 1 0;
v0x55aabcebcbb0_0 .net "ID_EX_MemWrite", 0 0, v0x55aabcebeed0_0;  alias, 1 drivers
v0x55aabcebcc50_0 .net "ID_EX_rs1", 4 0, v0x55aabcec0240_0;  alias, 1 drivers
v0x55aabcebccf0_0 .net "ID_EX_rs2", 4 0, v0x55aabcec03f0_0;  alias, 1 drivers
v0x55aabcebcdb0_0 .net "MEM_WB_RegWrite", 0 0, v0x55aabcec1d30_0;  alias, 1 drivers
v0x55aabcebce70_0 .net "MEM_WB_rd", 4 0, v0x55aabcec2250_0;  alias, 1 drivers
E_0x55aabcebc780/0 .event edge, v0x55aabceb6000_0, v0x55aabceb6580_0, v0x55aabcebcc50_0, v0x55aabcebcdb0_0;
E_0x55aabcebc780/1 .event edge, v0x55aabcebce70_0, v0x55aabcebccf0_0;
E_0x55aabcebc780 .event/or E_0x55aabcebc780/0, E_0x55aabcebc780/1;
S_0x55aabcebd100 .scope module, "hazard_unit" "Hazard_Detection_Unit" 7 256, 21 1 0, S_0x55aabce435e0;
 .timescale 0 0;
    .port_info 0 /INPUT 1 "ID_EX_MemRead";
    .port_info 1 /INPUT 1 "BranchTaken";
    .port_info 2 /INPUT 5 "ID_EX_rd";
    .port_info 3 /INPUT 5 "IF_ID_rs1";
    .port_info 4 /INPUT 5 "IF_ID_rs2";
    .port_info 5 /OUTPUT 1 "PCWrite";
    .port_info 6 /OUTPUT 1 "IF_ID_Write";
    .port_info 7 /OUTPUT 1 "ID_EX_Bubble";
    .port_info 8 /OUTPUT 1 "IF_ID_Flush";
L_0x55aabcfea810 .functor AND 1, L_0x55aabcfeabe0, L_0x55aabcfea6e0, C4<1>, C4<1>;
L_0x55aabcfea9c0 .functor OR 1, L_0x55aabcfea880, L_0x55aabcfea920, C4<0>, C4<0>;
L_0x55aabcfeaad0 .functor AND 1, L_0x55aabcfea810, L_0x55aabcfea9c0, C4<1>, C4<1>;
v0x55aabcebd480_0 .net "BranchTaken", 0 0, L_0x55aabcff2890;  alias, 1 drivers
v0x55aabcebd570_0 .var "ID_EX_Bubble", 0 0;
v0x55aabcebd610_0 .net "ID_EX_MemRead", 0 0, L_0x55aabcfeabe0;  1 drivers
v0x55aabcebd6e0_0 .net "ID_EX_rd", 4 0, v0x55aabcebfe30_0;  alias, 1 drivers
v0x55aabcebd7d0_0 .var "IF_ID_Flush", 0 0;
v0x55aabcebd8c0_0 .var "IF_ID_Write", 0 0;
v0x55aabcebd980_0 .net "IF_ID_rs1", 4 0, L_0x55aabcff1680;  alias, 1 drivers
v0x55aabcebda40_0 .net "IF_ID_rs2", 4 0, L_0x55aabcff1760;  alias, 1 drivers
v0x55aabcebdb10_0 .var "PCWrite", 0 0;
L_0x55aabcf2f338 .functor BUFT 1, C4<00000>, C4<0>, C4<0>, C4<0>;
v0x55aabcebdc70_0 .net/2u *"_ivl_0", 4 0, L_0x55aabcf2f338;  1 drivers
v0x55aabcebdd10_0 .net *"_ivl_11", 0 0, L_0x55aabcfea9c0;  1 drivers
v0x55aabcebddd0_0 .net *"_ivl_2", 0 0, L_0x55aabcfea6e0;  1 drivers
v0x55aabcebde90_0 .net *"_ivl_5", 0 0, L_0x55aabcfea810;  1 drivers
v0x55aabcebdf50_0 .net *"_ivl_6", 0 0, L_0x55aabcfea880;  1 drivers
v0x55aabcebe010_0 .net *"_ivl_8", 0 0, L_0x55aabcfea920;  1 drivers
v0x55aabcebe0d0_0 .net "load_use_hazard", 0 0, L_0x55aabcfeaad0;  1 drivers
E_0x55aabcebd400 .event edge, v0x55aabcebe0d0_0, v0x55aabceb9be0_0;
L_0x55aabcfea6e0 .cmp/ne 5, v0x55aabcebfe30_0, L_0x55aabcf2f338;
L_0x55aabcfea880 .cmp/eq 5, v0x55aabcebfe30_0, L_0x55aabcff1680;
L_0x55aabcfea920 .cmp/eq 5, v0x55aabcebfe30_0, L_0x55aabcff1760;
S_0x55aabcebe2b0 .scope module, "id_ex_reg" "ID_EX_reg" 7 186, 22 1 0, S_0x55aabce435e0;
 .timescale 0 0;
    .port_info 0 /INPUT 1 "clk";
    .port_info 1 /INPUT 1 "rst_n";
    .port_info 2 /INPUT 1 "bubble";
    .port_info 3 /INPUT 1 "flush";
    .port_info 4 /INPUT 1 "RegWrite_in";
    .port_info 5 /INPUT 1 "ALUSrc_in";
    .port_info 6 /INPUT 1 "MemWrite_in";
    .port_info 7 /INPUT 2 "ResultSrc_in";
    .port_info 8 /INPUT 1 "Branch_in";
    .port_info 9 /INPUT 1 "Jump_in";
    .port_info 10 /INPUT 4 "ALUControl_in";
    .port_info 11 /INPUT 2 "MemOp_in";
    .port_info 12 /INPUT 3 "funct3_in";
    .port_info 13 /INPUT 32 "PC_in";
    .port_info 14 /INPUT 32 "PCPlus4_in";
    .port_info 15 /INPUT 32 "RD1_in";
    .port_info 16 /INPUT 32 "RD2_in";
    .port_info 17 /INPUT 32 "Imm_Ext_in";
    .port_info 18 /INPUT 5 "rs1_in";
    .port_info 19 /INPUT 5 "rs2_in";
    .port_info 20 /INPUT 5 "rd_in";
    .port_info 21 /OUTPUT 1 "RegWrite_out";
    .port_info 22 /OUTPUT 1 "ALUSrc_out";
    .port_info 23 /OUTPUT 1 "MemWrite_out";
    .port_info 24 /OUTPUT 2 "ResultSrc_out";
    .port_info 25 /OUTPUT 1 "Branch_out";
    .port_info 26 /OUTPUT 1 "Jump_out";
    .port_info 27 /OUTPUT 4 "ALUControl_out";
    .port_info 28 /OUTPUT 2 "MemOp_out";
    .port_info 29 /OUTPUT 3 "funct3_out";
    .port_info 30 /OUTPUT 32 "PC_out";
    .port_info 31 /OUTPUT 32 "PCPlus4_out";
    .port_info 32 /OUTPUT 32 "RD1_out";
    .port_info 33 /OUTPUT 32 "RD2_out";
    .port_info 34 /OUTPUT 32 "Imm_Ext_out";
    .port_info 35 /OUTPUT 5 "rs1_out";
    .port_info 36 /OUTPUT 5 "rs2_out";
    .port_info 37 /OUTPUT 5 "rd_out";
v0x55aabcebe440_0 .net "ALUControl_in", 3 0, v0x55aabceae730_0;  alias, 1 drivers
v0x55aabcebe520_0 .var "ALUControl_out", 3 0;
v0x55aabcebe630_0 .net "ALUSrc_in", 0 0, v0x55aabceaf0e0_0;  alias, 1 drivers
v0x55aabcebe6d0_0 .var "ALUSrc_out", 0 0;
v0x55aabcebe7a0_0 .net "Branch_in", 0 0, v0x55aabceaf180_0;  alias, 1 drivers
v0x55aabcebe890_0 .var "Branch_out", 0 0;
v0x55aabcebe930_0 .net "Imm_Ext_in", 31 0, L_0x55aabcff15e0;  alias, 1 drivers
v0x55aabcebea20_0 .var "Imm_Ext_out", 31 0;
v0x55aabcebeac0_0 .net "Jump_in", 0 0, v0x55aabceaf330_0;  alias, 1 drivers
v0x55aabcebebf0_0 .var "Jump_out", 0 0;
v0x55aabcebecc0_0 .net "MemOp_in", 1 0, v0x55aabceaf440_0;  alias, 1 drivers
v0x55aabcebed60_0 .var "MemOp_out", 1 0;
v0x55aabcebee30_0 .net "MemWrite_in", 0 0, v0x55aabceaf520_0;  alias, 1 drivers
v0x55aabcebeed0_0 .var "MemWrite_out", 0 0;
v0x55aabcebef70_0 .net "PCPlus4_in", 31 0, v0x55aabcec12b0_0;  alias, 1 drivers
v0x55aabcebf010_0 .var "PCPlus4_out", 31 0;
v0x55aabcebf0d0_0 .net "PC_in", 31 0, v0x55aabcec1170_0;  alias, 1 drivers
v0x55aabcebf2a0_0 .var "PC_out", 31 0;
v0x55aabcebf390_0 .net "RD1_in", 31 0, L_0x55aabcff1a70;  alias, 1 drivers
v0x55aabcebf460_0 .var "RD1_out", 31 0;
v0x55aabcebf530_0 .net "RD2_in", 31 0, L_0x55aabcff1b70;  alias, 1 drivers
v0x55aabcebf600_0 .var "RD2_out", 31 0;
v0x55aabcebf6d0_0 .net "RegWrite_in", 0 0, v0x55aabceaf6c0_0;  alias, 1 drivers
v0x55aabcebf770_0 .var "RegWrite_out", 0 0;
v0x55aabcebf840_0 .net "ResultSrc_in", 1 0, v0x55aabceaf780_0;  alias, 1 drivers
v0x55aabcebf8e0_0 .var "ResultSrc_out", 1 0;
v0x55aabcebf9b0_0 .net "bubble", 0 0, v0x55aabcebd570_0;  alias, 1 drivers
v0x55aabcebfa80_0 .net "clk", 0 0, v0x55aabcf2d9c0_0;  alias, 1 drivers
v0x55aabcebfb20_0 .net "flush", 0 0, L_0x55aabcb99c90;  alias, 1 drivers
v0x55aabcebfbc0_0 .net "funct3_in", 2 0, L_0x55aabcff18f0;  alias, 1 drivers
v0x55aabcebfc90_0 .var "funct3_out", 2 0;
v0x55aabcebfd60_0 .net "rd_in", 4 0, L_0x55aabcff1800;  alias, 1 drivers
v0x55aabcebfe30_0 .var "rd_out", 4 0;
v0x55aabcec0130_0 .net "rs1_in", 4 0, L_0x55aabcff1680;  alias, 1 drivers
v0x55aabcec0240_0 .var "rs1_out", 4 0;
v0x55aabcec0300_0 .net "rs2_in", 4 0, L_0x55aabcff1760;  alias, 1 drivers
v0x55aabcec03f0_0 .var "rs2_out", 4 0;
v0x55aabcec04b0_0 .net "rst_n", 0 0, v0x55aabcf2e570_0;  alias, 1 drivers
S_0x55aabcec09f0 .scope module, "if_id_reg" "IF_ID_reg" 7 143, 23 1 0, S_0x55aabce435e0;
 .timescale 0 0;
    .port_info 0 /INPUT 1 "clk";
    .port_info 1 /INPUT 1 "rst_n";
    .port_info 2 /INPUT 1 "if_id_write";
    .port_info 3 /INPUT 1 "if_id_flush";
    .port_info 4 /INPUT 32 "pc_in";
    .port_info 5 /INPUT 32 "instr_in";
    .port_info 6 /INPUT 32 "pc_plus4_in";
    .port_info 7 /OUTPUT 32 "pc_out";
    .port_info 8 /OUTPUT 32 "instr_out";
    .port_info 9 /OUTPUT 32 "pc_plus4_out";
v0x55aabcec0bd0_0 .net "clk", 0 0, v0x55aabcf2d9c0_0;  alias, 1 drivers
v0x55aabcec0c90_0 .net "if_id_flush", 0 0, L_0x55aabcb99c90;  alias, 1 drivers
v0x55aabcec0d50_0 .net "if_id_write", 0 0, v0x55aabcebd8c0_0;  alias, 1 drivers
v0x55aabcec0e50_0 .net "instr_in", 31 0, L_0x55aabce1fd10;  alias, 1 drivers
v0x55aabcec0f40_0 .var "instr_out", 31 0;
v0x55aabcec1080_0 .net "pc_in", 31 0, L_0x55aabcfe7d60;  alias, 1 drivers
v0x55aabcec1170_0 .var "pc_out", 31 0;
v0x55aabcec1210_0 .net "pc_plus4_in", 31 0, L_0x55aabcfe7e50;  alias, 1 drivers
v0x55aabcec12b0_0 .var "pc_plus4_out", 31 0;
v0x55aabcec1350_0 .net "rst_n", 0 0, v0x55aabcf2e570_0;  alias, 1 drivers
S_0x55aabcec1510 .scope module, "mem_wb_reg" "MEM_WB_reg" 7 236, 24 1 0, S_0x55aabce435e0;
 .timescale -9 -12;
    .port_info 0 /INPUT 1 "clk";
    .port_info 1 /INPUT 1 "rst_n";
    .port_info 2 /INPUT 1 "flush";
    .port_info 3 /INPUT 1 "RegWrite_in";
    .port_info 4 /INPUT 2 "ResultSrc_in";
    .port_info 5 /INPUT 32 "ReadData_in";
    .port_info 6 /INPUT 32 "ALU_Result_in";
    .port_info 7 /INPUT 5 "rd_in";
    .port_info 8 /INPUT 32 "PCPlus4_in";
    .port_info 9 /OUTPUT 1 "RegWrite_out";
    .port_info 10 /OUTPUT 2 "ResultSrc_out";
    .port_info 11 /OUTPUT 32 "ReadData_out";
    .port_info 12 /OUTPUT 32 "ALU_Result_out";
    .port_info 13 /OUTPUT 5 "rd_out";
    .port_info 14 /OUTPUT 32 "PCPlus4_out";
v0x55aabcec1720_0 .net "ALU_Result_in", 31 0, L_0x55aabcea15c0;  alias, 1 drivers
v0x55aabcec1820_0 .var "ALU_Result_out", 31 0;
v0x55aabcec1900_0 .net "PCPlus4_in", 31 0, L_0x55aabcea1780;  alias, 1 drivers
v0x55aabcec19c0_0 .var "PCPlus4_out", 31 0;
v0x55aabcec1aa0_0 .net "ReadData_in", 31 0, v0x55aabce45c50_0;  alias, 1 drivers
v0x55aabcec1bb0_0 .var "ReadData_out", 31 0;
v0x55aabcec1c70_0 .net "RegWrite_in", 0 0, L_0x55aabcff2d30;  alias, 1 drivers
v0x55aabcec1d30_0 .var "RegWrite_out", 0 0;
v0x55aabcec1e00_0 .net "ResultSrc_in", 1 0, L_0x55aabcea1550;  alias, 1 drivers
v0x55aabcec1f50_0 .var "ResultSrc_out", 1 0;
v0x55aabcec2030_0 .net "clk", 0 0, v0x55aabcf2d9c0_0;  alias, 1 drivers
v0x55aabcec20d0_0 .net "flush", 0 0, L_0x55aabcb99c90;  alias, 1 drivers
v0x55aabcec2170_0 .net "rd_in", 4 0, L_0x55aabcea1710;  alias, 1 drivers
v0x55aabcec2250_0 .var "rd_out", 4 0;
v0x55aabcec2310_0 .net "rst_n", 0 0, v0x55aabcf2e570_0;  alias, 1 drivers
S_0x55aabcec25f0 .scope module, "writeback_stage" "writeback" 7 245, 25 1 0, S_0x55aabce435e0;
 .timescale -9 -12;
    .port_info 0 /INPUT 1 "RegWrite_in";
    .port_info 1 /INPUT 2 "ResultSrc_in";
    .port_info 2 /INPUT 32 "ReadData_in";
    .port_info 3 /INPUT 32 "ALU_Result_in";
    .port_info 4 /INPUT 5 "rd_in";
    .port_info 5 /INPUT 32 "PCPlus4_in";
    .port_info 6 /OUTPUT 32 "result_wb";
    .port_info 7 /OUTPUT 1 "RegWrite_wb";
    .port_info 8 /OUTPUT 5 "rd_wb";
L_0x55aabcea1840 .functor BUFZ 1, v0x55aabcec1d30_0, C4<0>, C4<0>, C4<0>;
L_0x55aabcea1940 .functor BUFZ 5, v0x55aabcec2250_0, C4<00000>, C4<00000>, C4<00000>;
v0x55aabcec2900_0 .net "ALU_Result_in", 31 0, v0x55aabcec1820_0;  alias, 1 drivers
v0x55aabcec2a10_0 .net "PCPlus4_in", 31 0, L_0x55aabcea1780;  alias, 1 drivers
v0x55aabcec2ae0_0 .net "ReadData_in", 31 0, v0x55aabcec1bb0_0;  alias, 1 drivers
v0x55aabcec2be0_0 .net "RegWrite_in", 0 0, v0x55aabcec1d30_0;  alias, 1 drivers
v0x55aabcec2cd0_0 .net "RegWrite_wb", 0 0, L_0x55aabcea1840;  alias, 1 drivers
v0x55aabcec2dc0_0 .net "ResultSrc_in", 1 0, v0x55aabcec1f50_0;  alias, 1 drivers
v0x55aabcec2e60_0 .net *"_ivl_10", 0 0, L_0x55aabcfea300;  1 drivers
v0x55aabcec2f00_0 .net *"_ivl_12", 31 0, L_0x55aabcfea430;  1 drivers
L_0x55aabcf2f2a8 .functor BUFT 1, C4<10>, C4<0>, C4<0>, C4<0>;
v0x55aabcec2fa0_0 .net/2u *"_ivl_4", 1 0, L_0x55aabcf2f2a8;  1 drivers
v0x55aabcec3110_0 .net *"_ivl_6", 0 0, L_0x55aabcfea260;  1 drivers
L_0x55aabcf2f2f0 .functor BUFT 1, C4<01>, C4<0>, C4<0>, C4<0>;
v0x55aabcec31d0_0 .net/2u *"_ivl_8", 1 0, L_0x55aabcf2f2f0;  1 drivers
v0x55aabcec32b0_0 .net "rd_in", 4 0, v0x55aabcec2250_0;  alias, 1 drivers
v0x55aabcec3370_0 .net "rd_wb", 4 0, L_0x55aabcea1940;  alias, 1 drivers
v0x55aabcec3430_0 .net "result_wb", 31 0, L_0x55aabcfea4d0;  alias, 1 drivers
L_0x55aabcfea260 .cmp/eq 2, v0x55aabcec1f50_0, L_0x55aabcf2f2a8;
L_0x55aabcfea300 .cmp/eq 2, v0x55aabcec1f50_0, L_0x55aabcf2f2f0;
L_0x55aabcfea430 .functor MUXZ 32, v0x55aabcec1820_0, v0x55aabcec1bb0_0, L_0x55aabcfea300, C4<>;
L_0x55aabcfea4d0 .functor MUXZ 32, L_0x55aabcfea430, L_0x55aabcea1780, L_0x55aabcfea260, C4<>;
    .scope S_0x55aabcc963f0;
T_0 ;
    %wait E_0x55aabcb897b0;
    %load/vec4 v0x55aabce42f40_0;
    %cmpi/e 0, 0, 1;
    %jmp/0xz  T_0.0, 4;
    %pushi/vec4 0, 0, 32;
    %assign/vec4 v0x55aabce42bd0_0, 0;
    %jmp T_0.1;
T_0.0 ;
    %load/vec4 v0x55aabce42db0_0;
    %flag_set/vec4 8;
    %jmp/0xz  T_0.2, 8;
    %load/vec4 v0x55aabce42bd0_0;
    %assign/vec4 v0x55aabce42bd0_0, 0;
    %jmp T_0.3;
T_0.2 ;
    %load/vec4 v0x55aabce42cd0_0;
    %assign/vec4 v0x55aabce42bd0_0, 0;
T_0.3 ;
T_0.1 ;
    %jmp T_0;
    .thread T_0;
    .scope S_0x55aabce43810;
T_1 ;
    %pushi/vec4 0, 0, 32;
    %store/vec4 v0x55aabce45fc0_0, 0, 32;
T_1.0 ;
    %load/vec4 v0x55aabce45fc0_0;
    %cmpi/s 1024, 0, 32;
    %jmp/0xz T_1.1, 5;
    %pushi/vec4 0, 0, 32;
    %ix/getv/s 4, v0x55aabce45fc0_0;
    %store/vec4a v0x55aabce460a0, 4, 0;
    %load/vec4 v0x55aabce45fc0_0;
    %addi 1, 0, 32;
    %store/vec4 v0x55aabce45fc0_0, 0, 32;
    %jmp T_1.0;
T_1.1 ;
    %vpi_call/w 8 13 "$readmemh", "mem/dmem_init.hex", v0x55aabce460a0 {0 0 0};
    %end;
    .thread T_1;
    .scope S_0x55aabce43810;
T_2 ;
    %wait E_0x55aabce3cf70;
    %load/vec4 v0x55aabce45df0_0;
    %flag_set/vec4 8;
    %jmp/0xz  T_2.0, 8;
    %load/vec4 v0x55aabce45b70_0;
    %dup/vec4;
    %pushi/vec4 0, 0, 2;
    %cmp/u;
    %jmp/1 T_2.2, 6;
    %dup/vec4;
    %pushi/vec4 1, 0, 2;
    %cmp/u;
    %jmp/1 T_2.3, 6;
    %dup/vec4;
    %pushi/vec4 2, 0, 2;
    %cmp/u;
    %jmp/1 T_2.4, 6;
    %load/vec4 v0x55aabce45d10_0;
    %load/vec4 v0x55aabce45a70_0;
    %ix/load 4, 2, 0;
    %flag_set/imm 4, 0;
    %shiftr 4;
    %ix/vec4 3;
    %ix/load 4, 0, 0; Constant delay
    %assign/vec4/a/d v0x55aabce460a0, 0, 4;
    %jmp T_2.6;
T_2.2 ;
    %load/vec4 v0x55aabce45a70_0;
    %parti/s 2, 0, 2;
    %dup/vec4;
    %pushi/vec4 0, 0, 2;
    %cmp/u;
    %jmp/1 T_2.7, 6;
    %dup/vec4;
    %pushi/vec4 1, 0, 2;
    %cmp/u;
    %jmp/1 T_2.8, 6;
    %dup/vec4;
    %pushi/vec4 2, 0, 2;
    %cmp/u;
    %jmp/1 T_2.9, 6;
    %dup/vec4;
    %pushi/vec4 3, 0, 2;
    %cmp/u;
    %jmp/1 T_2.10, 6;
    %jmp T_2.11;
T_2.7 ;
    %load/vec4 v0x55aabce45d10_0;
    %parti/s 8, 0, 2;
    %load/vec4 v0x55aabce45a70_0;
    %ix/load 4, 2, 0;
    %flag_set/imm 4, 0;
    %shiftr 4;
    %ix/vec4 3;
    %ix/load 4, 0, 0; Constant delay
    %assign/vec4/a/d v0x55aabce460a0, 0, 4;
    %jmp T_2.11;
T_2.8 ;
    %load/vec4 v0x55aabce45d10_0;
    %parti/s 8, 0, 2;
    %load/vec4 v0x55aabce45a70_0;
    %ix/load 4, 2, 0;
    %flag_set/imm 4, 0;
    %shiftr 4;
    %ix/vec4 3;
    %ix/load 4, 8, 0; part off
    %ix/load 5, 0, 0; Constant delay
    %assign/vec4/a/d v0x55aabce460a0, 4, 5;
    %jmp T_2.11;
T_2.9 ;
    %load/vec4 v0x55aabce45d10_0;
    %parti/s 8, 0, 2;
    %load/vec4 v0x55aabce45a70_0;
    %ix/load 4, 2, 0;
    %flag_set/imm 4, 0;
    %shiftr 4;
    %ix/vec4 3;
    %ix/load 4, 16, 0; part off
    %ix/load 5, 0, 0; Constant delay
    %assign/vec4/a/d v0x55aabce460a0, 4, 5;
    %jmp T_2.11;
T_2.10 ;
    %load/vec4 v0x55aabce45d10_0;
    %parti/s 8, 0, 2;
    %load/vec4 v0x55aabce45a70_0;
    %ix/load 4, 2, 0;
    %flag_set/imm 4, 0;
    %shiftr 4;
    %ix/vec4 3;
    %ix/load 4, 24, 0; part off
    %ix/load 5, 0, 0; Constant delay
    %assign/vec4/a/d v0x55aabce460a0, 4, 5;
    %jmp T_2.11;
T_2.11 ;
    %pop/vec4 1;
    %jmp T_2.6;
T_2.3 ;
    %load/vec4 v0x55aabce45a70_0;
    %parti/s 1, 1, 2;
    %dup/vec4;
    %pushi/vec4 0, 0, 1;
    %cmp/u;
    %jmp/1 T_2.12, 6;
    %dup/vec4;
    %pushi/vec4 1, 0, 1;
    %cmp/u;
    %jmp/1 T_2.13, 6;
    %jmp T_2.14;
T_2.12 ;
    %load/vec4 v0x55aabce45d10_0;
    %parti/s 16, 0, 2;
    %load/vec4 v0x55aabce45a70_0;
    %ix/load 4, 2, 0;
    %flag_set/imm 4, 0;
    %shiftr 4;
    %ix/vec4 3;
    %ix/load 4, 0, 0; Constant delay
    %assign/vec4/a/d v0x55aabce460a0, 0, 4;
    %jmp T_2.14;
T_2.13 ;
    %load/vec4 v0x55aabce45d10_0;
    %parti/s 16, 0, 2;
    %load/vec4 v0x55aabce45a70_0;
    %ix/load 4, 2, 0;
    %flag_set/imm 4, 0;
    %shiftr 4;
    %ix/vec4 3;
    %ix/load 4, 16, 0; part off
    %ix/load 5, 0, 0; Constant delay
    %assign/vec4/a/d v0x55aabce460a0, 4, 5;
    %jmp T_2.14;
T_2.14 ;
    %pop/vec4 1;
    %jmp T_2.6;
T_2.4 ;
    %load/vec4 v0x55aabce45d10_0;
    %load/vec4 v0x55aabce45a70_0;
    %ix/load 4, 2, 0;
    %flag_set/imm 4, 0;
    %shiftr 4;
    %ix/vec4 3;
    %ix/load 4, 0, 0; Constant delay
    %assign/vec4/a/d v0x55aabce460a0, 0, 4;
    %jmp T_2.6;
T_2.6 ;
    %pop/vec4 1;
T_2.0 ;
    %jmp T_2;
    .thread T_2;
    .scope S_0x55aabce43810;
T_3 ;
    %wait E_0x55aabcb74570;
    %load/vec4 v0x55aabcea1b90_0;
    %cmpi/e 0, 0, 1;
    %jmp/0xz  T_3.0, 4;
    %pushi/vec4 0, 0, 32;
    %store/vec4 v0x55aabce45c50_0, 0, 32;
    %jmp T_3.1;
T_3.0 ;
    %load/vec4 v0x55aabce45b70_0;
    %dup/vec4;
    %pushi/vec4 0, 0, 2;
    %cmp/u;
    %jmp/1 T_3.2, 6;
    %dup/vec4;
    %pushi/vec4 1, 0, 2;
    %cmp/u;
    %jmp/1 T_3.3, 6;
    %dup/vec4;
    %pushi/vec4 2, 0, 2;
    %cmp/u;
    %jmp/1 T_3.4, 6;
    %dup/vec4;
    %pushi/vec4 3, 0, 2;
    %cmp/u;
    %jmp/1 T_3.5, 6;
    %load/vec4 v0x55aabce45a70_0;
    %ix/load 5, 2, 0;
    %flag_set/imm 4, 0;
    %shiftr 5;
    %ix/vec4 4;
    %load/vec4a v0x55aabce460a0, 4;
    %store/vec4 v0x55aabce45c50_0, 0, 32;
    %jmp T_3.7;
T_3.2 ;
    %load/vec4 v0x55aabce45a70_0;
    %parti/s 2, 0, 2;
    %dup/vec4;
    %pushi/vec4 0, 0, 2;
    %cmp/u;
    %jmp/1 T_3.8, 6;
    %dup/vec4;
    %pushi/vec4 1, 0, 2;
    %cmp/u;
    %jmp/1 T_3.9, 6;
    %dup/vec4;
    %pushi/vec4 2, 0, 2;
    %cmp/u;
    %jmp/1 T_3.10, 6;
    %dup/vec4;
    %pushi/vec4 3, 0, 2;
    %cmp/u;
    %jmp/1 T_3.11, 6;
    %jmp T_3.12;
T_3.8 ;
    %load/vec4 v0x55aabce45a70_0;
    %ix/load 5, 2, 0;
    %flag_set/imm 4, 0;
    %shiftr 5;
    %ix/vec4 4;
    %load/vec4a v0x55aabce460a0, 4;
    %parti/s 1, 7, 4;
    %replicate 24;
    %load/vec4 v0x55aabce45a70_0;
    %ix/load 5, 2, 0;
    %flag_set/imm 4, 0;
    %shiftr 5;
    %ix/vec4 4;
    %load/vec4a v0x55aabce460a0, 4;
    %parti/s 8, 0, 2;
    %concat/vec4; draw_concat_vec4
    %store/vec4 v0x55aabce45c50_0, 0, 32;
    %jmp T_3.12;
T_3.9 ;
    %load/vec4 v0x55aabce45a70_0;
    %ix/load 5, 2, 0;
    %flag_set/imm 4, 0;
    %shiftr 5;
    %ix/vec4 4;
    %load/vec4a v0x55aabce460a0, 4;
    %parti/s 1, 15, 5;
    %replicate 24;
    %load/vec4 v0x55aabce45a70_0;
    %ix/load 5, 2, 0;
    %flag_set/imm 4, 0;
    %shiftr 5;
    %ix/vec4 4;
    %load/vec4a v0x55aabce460a0, 4;
    %parti/s 8, 8, 5;
    %concat/vec4; draw_concat_vec4
    %store/vec4 v0x55aabce45c50_0, 0, 32;
    %jmp T_3.12;
T_3.10 ;
    %load/vec4 v0x55aabce45a70_0;
    %ix/load 5, 2, 0;
    %flag_set/imm 4, 0;
    %shiftr 5;
    %ix/vec4 4;
    %load/vec4a v0x55aabce460a0, 4;
    %parti/s 1, 23, 6;
    %replicate 24;
    %load/vec4 v0x55aabce45a70_0;
    %ix/load 5, 2, 0;
    %flag_set/imm 4, 0;
    %shiftr 5;
    %ix/vec4 4;
    %load/vec4a v0x55aabce460a0, 4;
    %parti/s 8, 16, 6;
    %concat/vec4; draw_concat_vec4
    %store/vec4 v0x55aabce45c50_0, 0, 32;
    %jmp T_3.12;
T_3.11 ;
    %load/vec4 v0x55aabce45a70_0;
    %ix/load 5, 2, 0;
    %flag_set/imm 4, 0;
    %shiftr 5;
    %ix/vec4 4;
    %load/vec4a v0x55aabce460a0, 4;
    %parti/s 1, 31, 6;
    %replicate 24;
    %load/vec4 v0x55aabce45a70_0;
    %ix/load 5, 2, 0;
    %flag_set/imm 4, 0;
    %shiftr 5;
    %ix/vec4 4;
    %load/vec4a v0x55aabce460a0, 4;
    %parti/s 8, 24, 6;
    %concat/vec4; draw_concat_vec4
    %store/vec4 v0x55aabce45c50_0, 0, 32;
    %jmp T_3.12;
T_3.12 ;
    %pop/vec4 1;
    %jmp T_3.7;
T_3.3 ;
    %load/vec4 v0x55aabce45a70_0;
    %parti/s 1, 1, 2;
    %dup/vec4;
    %pushi/vec4 0, 0, 1;
    %cmp/u;
    %jmp/1 T_3.13, 6;
    %dup/vec4;
    %pushi/vec4 1, 0, 1;
    %cmp/u;
    %jmp/1 T_3.14, 6;
    %jmp T_3.15;
T_3.13 ;
    %load/vec4 v0x55aabce45a70_0;
    %ix/load 5, 2, 0;
    %flag_set/imm 4, 0;
    %shiftr 5;
    %ix/vec4 4;
    %load/vec4a v0x55aabce460a0, 4;
    %parti/s 1, 15, 5;
    %replicate 16;
    %load/vec4 v0x55aabce45a70_0;
    %ix/load 5, 2, 0;
    %flag_set/imm 4, 0;
    %shiftr 5;
    %ix/vec4 4;
    %load/vec4a v0x55aabce460a0, 4;
    %parti/s 16, 0, 2;
    %concat/vec4; draw_concat_vec4
    %store/vec4 v0x55aabce45c50_0, 0, 32;
    %jmp T_3.15;
T_3.14 ;
    %load/vec4 v0x55aabce45a70_0;
    %ix/load 5, 2, 0;
    %flag_set/imm 4, 0;
    %shiftr 5;
    %ix/vec4 4;
    %load/vec4a v0x55aabce460a0, 4;
    %parti/s 1, 31, 6;
    %replicate 16;
    %load/vec4 v0x55aabce45a70_0;
    %ix/load 5, 2, 0;
    %flag_set/imm 4, 0;
    %shiftr 5;
    %ix/vec4 4;
    %load/vec4a v0x55aabce460a0, 4;
    %parti/s 16, 16, 6;
    %concat/vec4; draw_concat_vec4
    %store/vec4 v0x55aabce45c50_0, 0, 32;
    %jmp T_3.15;
T_3.15 ;
    %pop/vec4 1;
    %jmp T_3.7;
T_3.4 ;
    %load/vec4 v0x55aabce45a70_0;
    %ix/load 5, 2, 0;
    %flag_set/imm 4, 0;
    %shiftr 5;
    %ix/vec4 4;
    %load/vec4a v0x55aabce460a0, 4;
    %store/vec4 v0x55aabce45c50_0, 0, 32;
    %jmp T_3.7;
T_3.5 ;
    %load/vec4 v0x55aabce45a70_0;
    %parti/s 2, 0, 2;
    %dup/vec4;
    %pushi/vec4 0, 0, 2;
    %cmp/u;
    %jmp/1 T_3.16, 6;
    %dup/vec4;
    %pushi/vec4 1, 0, 2;
    %cmp/u;
    %jmp/1 T_3.17, 6;
    %dup/vec4;
    %pushi/vec4 2, 0, 2;
    %cmp/u;
    %jmp/1 T_3.18, 6;
    %dup/vec4;
    %pushi/vec4 3, 0, 2;
    %cmp/u;
    %jmp/1 T_3.19, 6;
    %jmp T_3.20;
T_3.16 ;
    %pushi/vec4 0, 0, 24;
    %load/vec4 v0x55aabce45a70_0;
    %ix/load 5, 2, 0;
    %flag_set/imm 4, 0;
    %shiftr 5;
    %ix/vec4 4;
    %load/vec4a v0x55aabce460a0, 4;
    %parti/s 8, 0, 2;
    %concat/vec4; draw_concat_vec4
    %store/vec4 v0x55aabce45c50_0, 0, 32;
    %jmp T_3.20;
T_3.17 ;
    %pushi/vec4 0, 0, 24;
    %load/vec4 v0x55aabce45a70_0;
    %ix/load 5, 2, 0;
    %flag_set/imm 4, 0;
    %shiftr 5;
    %ix/vec4 4;
    %load/vec4a v0x55aabce460a0, 4;
    %parti/s 8, 8, 5;
    %concat/vec4; draw_concat_vec4
    %store/vec4 v0x55aabce45c50_0, 0, 32;
    %jmp T_3.20;
T_3.18 ;
    %pushi/vec4 0, 0, 24;
    %load/vec4 v0x55aabce45a70_0;
    %ix/load 5, 2, 0;
    %flag_set/imm 4, 0;
    %shiftr 5;
    %ix/vec4 4;
    %load/vec4a v0x55aabce460a0, 4;
    %parti/s 8, 16, 6;
    %concat/vec4; draw_concat_vec4
    %store/vec4 v0x55aabce45c50_0, 0, 32;
    %jmp T_3.20;
T_3.19 ;
    %pushi/vec4 0, 0, 24;
    %load/vec4 v0x55aabce45a70_0;
    %ix/load 5, 2, 0;
    %flag_set/imm 4, 0;
    %shiftr 5;
    %ix/vec4 4;
    %load/vec4a v0x55aabce460a0, 4;
    %parti/s 8, 24, 6;
    %concat/vec4; draw_concat_vec4
    %store/vec4 v0x55aabce45c50_0, 0, 32;
    %jmp T_3.20;
T_3.20 ;
    %pop/vec4 1;
    %jmp T_3.7;
T_3.7 ;
    %pop/vec4 1;
T_3.1 ;
    %jmp T_3;
    .thread T_3, $push;
    .scope S_0x55aabceba750;
T_4 ;
    %wait E_0x55aabce3d050;
    %load/vec4 v0x55aabcebc3d0_0;
    %nor/r;
    %flag_set/vec4 8;
    %jmp/0xz  T_4.0, 8;
    %pushi/vec4 0, 0, 32;
    %assign/vec4 v0x55aabcebbb10_0, 0;
    %jmp T_4.1;
T_4.0 ;
    %load/vec4 v0x55aabcebbd90_0;
    %flag_set/vec4 8;
    %jmp/0xz  T_4.2, 8;
    %load/vec4 v0x55aabcebb7a0_0;
    %assign/vec4 v0x55aabcebbb10_0, 0;
T_4.2 ;
T_4.1 ;
    %jmp T_4;
    .thread T_4;
    .scope S_0x55aabceba750;
T_5 ;
    %wait E_0x55aabce3d050;
    %load/vec4 v0x55aabcebc3d0_0;
    %nor/r;
    %flag_set/vec4 8;
    %jmp/0xz  T_5.0, 8;
    %fork t_1, S_0x55aabceba930;
    %jmp t_0;
    .scope S_0x55aabceba930;
t_1 ;
    %pushi/vec4 0, 0, 32;
    %store/vec4 v0x55aabcebab30_0, 0, 32;
T_5.2 ;
    %load/vec4 v0x55aabcebab30_0;
    %cmpi/s 64, 0, 32;
    %jmp/0xz T_5.3, 5;
    %pushi/vec4 0, 0, 1;
    %ix/getv/s 3, v0x55aabcebab30_0;
    %ix/load 4, 0, 0; Constant delay
    %assign/vec4/a/d v0x55aabcebc0e0, 0, 4;
    %load/vec4 v0x55aabcebab30_0;
    %addi 1, 0, 32;
    %store/vec4 v0x55aabcebab30_0, 0, 32;
    %jmp T_5.2;
T_5.3 ;
    %pushi/vec4 0, 0, 32;
    %assign/vec4 v0x55aabcebbe50_0, 0;
    %pushi/vec4 0, 0, 32;
    %assign/vec4 v0x55aabcebc180_0, 0;
    %end;
    .scope S_0x55aabceba750;
t_0 %join;
    %jmp T_5.1;
T_5.0 ;
    %load/vec4 v0x55aabcebc240_0;
    %flag_set/vec4 8;
    %jmp/0xz  T_5.4, 8;
    %load/vec4 v0x55aabcebc010_0;
    %load/vec4 v0x55aabcebc310_0;
    %pad/u 8;
    %ix/vec4 3;
    %ix/load 4, 0, 0; Constant delay
    %assign/vec4/a/d v0x55aabcebc0e0, 0, 4;
    %load/vec4 v0x55aabcebc180_0;
    %addi 1, 0, 32;
    %assign/vec4 v0x55aabcebc180_0, 0;
    %load/vec4 v0x55aabcebc310_0;
    %pad/u 8;
    %ix/vec4 4;
    %load/vec4a v0x55aabcebc0e0, 4;
    %load/vec4 v0x55aabcebc010_0;
    %cmp/e;
    %jmp/0xz  T_5.6, 4;
    %load/vec4 v0x55aabcebbe50_0;
    %addi 1, 0, 32;
    %assign/vec4 v0x55aabcebbe50_0, 0;
T_5.6 ;
T_5.4 ;
T_5.1 ;
    %jmp T_5;
    .thread T_5;
    .scope S_0x55aabcec09f0;
T_6 ;
    %wait E_0x55aabce3d050;
    %load/vec4 v0x55aabcec1350_0;
    %nor/r;
    %flag_set/vec4 8;
    %jmp/0xz  T_6.0, 8;
    %pushi/vec4 0, 0, 32;
    %assign/vec4 v0x55aabcec1170_0, 0;
    %pushi/vec4 0, 0, 32;
    %assign/vec4 v0x55aabcec0f40_0, 0;
    %pushi/vec4 0, 0, 32;
    %assign/vec4 v0x55aabcec12b0_0, 0;
    %jmp T_6.1;
T_6.0 ;
    %load/vec4 v0x55aabcec0c90_0;
    %flag_set/vec4 8;
    %jmp/0xz  T_6.2, 8;
    %pushi/vec4 0, 0, 32;
    %assign/vec4 v0x55aabcec1170_0, 0;
    %pushi/vec4 19, 0, 32;
    %assign/vec4 v0x55aabcec0f40_0, 0;
    %pushi/vec4 0, 0, 32;
    %assign/vec4 v0x55aabcec12b0_0, 0;
    %jmp T_6.3;
T_6.2 ;
    %load/vec4 v0x55aabcec0d50_0;
    %flag_set/vec4 8;
    %jmp/0xz  T_6.4, 8;
    %load/vec4 v0x55aabcec1080_0;
    %assign/vec4 v0x55aabcec1170_0, 0;
    %load/vec4 v0x55aabcec0e50_0;
    %assign/vec4 v0x55aabcec0f40_0, 0;
    %load/vec4 v0x55aabcec1210_0;
    %assign/vec4 v0x55aabcec12b0_0, 0;
T_6.4 ;
T_6.3 ;
T_6.1 ;
    %jmp T_6;
    .thread T_6;
    .scope S_0x55aabceac3e0;
T_7 ;
    %wait E_0x55aabce3d050;
    %load/vec4 v0x55aabceade90_0;
    %nor/r;
    %flag_set/vec4 8;
    %jmp/0xz  T_7.0, 8;
    %pushi/vec4 0, 0, 32;
    %store/vec4 v0x55aabcead800_0, 0, 32;
T_7.2 ;
    %load/vec4 v0x55aabcead800_0;
    %cmpi/s 32, 0, 32;
    %jmp/0xz T_7.3, 5;
    %pushi/vec4 0, 0, 32;
    %ix/getv/s 3, v0x55aabcead800_0;
    %ix/load 4, 0, 0; Constant delay
    %assign/vec4/a/d v0x55aabcead8c0, 0, 4;
    %load/vec4 v0x55aabcead800_0;
    %addi 1, 0, 32;
    %store/vec4 v0x55aabcead800_0, 0, 32;
    %jmp T_7.2;
T_7.3 ;
    %jmp T_7.1;
T_7.0 ;
    %pushi/vec4 0, 0, 32;
    %ix/load 3, 0, 0;
    %flag_set/imm 4, 0;
    %ix/load 4, 0, 0; Constant delay
    %assign/vec4/a/d v0x55aabcead8c0, 0, 4;
    %load/vec4 v0x55aabceacbd0_0;
    %load/vec4 v0x55aabceac7f0_0;
    %pushi/vec4 0, 0, 5;
    %cmp/ne;
    %flag_get/vec4 4;
    %and;
    %flag_set/vec4 8;
    %jmp/0xz  T_7.4, 8;
    %load/vec4 v0x55aabceacaf0_0;
    %load/vec4 v0x55aabceac7f0_0;
    %pad/u 7;
    %ix/vec4 3;
    %ix/load 4, 0, 0; Constant delay
    %assign/vec4/a/d v0x55aabcead8c0, 0, 4;
T_7.4 ;
T_7.1 ;
    %jmp T_7;
    .thread T_7;
    .scope S_0x55aabceaec90;
T_8 ;
    %wait E_0x55aabceaefa0;
    %load/vec4 v0x55aabceaf5e0_0;
    %dup/vec4;
    %pushi/vec4 51, 0, 7;
    %cmp/u;
    %jmp/1 T_8.0, 6;
    %dup/vec4;
    %pushi/vec4 19, 0, 7;
    %cmp/u;
    %jmp/1 T_8.1, 6;
    %dup/vec4;
    %pushi/vec4 3, 0, 7;
    %cmp/u;
    %jmp/1 T_8.2, 6;
    %dup/vec4;
    %pushi/vec4 35, 0, 7;
    %cmp/u;
    %jmp/1 T_8.3, 6;
    %dup/vec4;
    %pushi/vec4 99, 0, 7;
    %cmp/u;
    %jmp/1 T_8.4, 6;
    %dup/vec4;
    %pushi/vec4 111, 0, 7;
    %cmp/u;
    %jmp/1 T_8.5, 6;
    %dup/vec4;
    %pushi/vec4 103, 0, 7;
    %cmp/u;
    %jmp/1 T_8.6, 6;
    %dup/vec4;
    %pushi/vec4 23, 0, 7;
    %cmp/u;
    %jmp/1 T_8.7, 6;
    %dup/vec4;
    %pushi/vec4 55, 0, 7;
    %cmp/u;
    %jmp/1 T_8.8, 6;
    %dup/vec4;
    %pushi/vec4 115, 0, 7;
    %cmp/u;
    %jmp/1 T_8.9, 6;
    %pushi/vec4 0, 0, 1;
    %store/vec4 v0x55aabceaf6c0_0, 0, 1;
    %pushi/vec4 0, 0, 1;
    %store/vec4 v0x55aabceaf0e0_0, 0, 1;
    %pushi/vec4 0, 0, 1;
    %store/vec4 v0x55aabceaf520_0, 0, 1;
    %pushi/vec4 0, 0, 2;
    %store/vec4 v0x55aabceaf780_0, 0, 2;
    %pushi/vec4 0, 0, 1;
    %store/vec4 v0x55aabceaf180_0, 0, 1;
    %pushi/vec4 0, 0, 1;
    %store/vec4 v0x55aabceaf330_0, 0, 1;
    %pushi/vec4 0, 0, 3;
    %store/vec4 v0x55aabceaf250_0, 0, 3;
    %pushi/vec4 0, 0, 2;
    %store/vec4 v0x55aabceaf440_0, 0, 2;
    %pushi/vec4 0, 0, 2;
    %store/vec4 v0x55aabceaf000_0, 0, 2;
    %jmp T_8.11;
T_8.0 ;
    %pushi/vec4 1, 0, 1;
    %store/vec4 v0x55aabceaf6c0_0, 0, 1;
    %pushi/vec4 0, 0, 1;
    %store/vec4 v0x55aabceaf0e0_0, 0, 1;
    %pushi/vec4 0, 0, 1;
    %store/vec4 v0x55aabceaf520_0, 0, 1;
    %pushi/vec4 0, 0, 2;
    %store/vec4 v0x55aabceaf780_0, 0, 2;
    %pushi/vec4 0, 0, 1;
    %store/vec4 v0x55aabceaf180_0, 0, 1;
    %pushi/vec4 0, 0, 1;
    %store/vec4 v0x55aabceaf330_0, 0, 1;
    %pushi/vec4 0, 0, 3;
    %store/vec4 v0x55aabceaf250_0, 0, 3;
    %pushi/vec4 0, 0, 2;
    %store/vec4 v0x55aabceaf440_0, 0, 2;
    %pushi/vec4 2, 0, 2;
    %store/vec4 v0x55aabceaf000_0, 0, 2;
    %jmp T_8.11;
T_8.1 ;
    %pushi/vec4 1, 0, 1;
    %store/vec4 v0x55aabceaf6c0_0, 0, 1;
    %pushi/vec4 1, 0, 1;
    %store/vec4 v0x55aabceaf0e0_0, 0, 1;
    %pushi/vec4 0, 0, 1;
    %store/vec4 v0x55aabceaf520_0, 0, 1;
    %pushi/vec4 0, 0, 2;
    %store/vec4 v0x55aabceaf780_0, 0, 2;
    %pushi/vec4 0, 0, 1;
    %store/vec4 v0x55aabceaf180_0, 0, 1;
    %pushi/vec4 0, 0, 1;
    %store/vec4 v0x55aabceaf330_0, 0, 1;
    %pushi/vec4 0, 0, 3;
    %store/vec4 v0x55aabceaf250_0, 0, 3;
    %pushi/vec4 0, 0, 2;
    %store/vec4 v0x55aabceaf440_0, 0, 2;
    %pushi/vec4 0, 0, 2;
    %store/vec4 v0x55aabceaf000_0, 0, 2;
    %jmp T_8.11;
T_8.2 ;
    %pushi/vec4 1, 0, 1;
    %store/vec4 v0x55aabceaf6c0_0, 0, 1;
    %pushi/vec4 1, 0, 1;
    %store/vec4 v0x55aabceaf0e0_0, 0, 1;
    %pushi/vec4 0, 0, 1;
    %store/vec4 v0x55aabceaf520_0, 0, 1;
    %pushi/vec4 1, 0, 2;
    %store/vec4 v0x55aabceaf780_0, 0, 2;
    %pushi/vec4 0, 0, 1;
    %store/vec4 v0x55aabceaf180_0, 0, 1;
    %pushi/vec4 0, 0, 1;
    %store/vec4 v0x55aabceaf330_0, 0, 1;
    %pushi/vec4 0, 0, 3;
    %store/vec4 v0x55aabceaf250_0, 0, 3;
    %load/vec4 v0x55aabceaf860_0;
    %dup/vec4;
    %pushi/vec4 0, 0, 3;
    %cmp/u;
    %jmp/1 T_8.12, 6;
    %dup/vec4;
    %pushi/vec4 1, 0, 3;
    %cmp/u;
    %jmp/1 T_8.13, 6;
    %dup/vec4;
    %pushi/vec4 2, 0, 3;
    %cmp/u;
    %jmp/1 T_8.14, 6;
    %dup/vec4;
    %pushi/vec4 4, 0, 3;
    %cmp/u;
    %jmp/1 T_8.15, 6;
    %dup/vec4;
    %pushi/vec4 5, 0, 3;
    %cmp/u;
    %jmp/1 T_8.16, 6;
    %pushi/vec4 2, 0, 2;
    %store/vec4 v0x55aabceaf440_0, 0, 2;
    %jmp T_8.18;
T_8.12 ;
    %pushi/vec4 0, 0, 2;
    %store/vec4 v0x55aabceaf440_0, 0, 2;
    %jmp T_8.18;
T_8.13 ;
    %pushi/vec4 1, 0, 2;
    %store/vec4 v0x55aabceaf440_0, 0, 2;
    %jmp T_8.18;
T_8.14 ;
    %pushi/vec4 2, 0, 2;
    %store/vec4 v0x55aabceaf440_0, 0, 2;
    %jmp T_8.18;
T_8.15 ;
    %pushi/vec4 3, 0, 2;
    %store/vec4 v0x55aabceaf440_0, 0, 2;
    %jmp T_8.18;
T_8.16 ;
    %pushi/vec4 3, 0, 2;
    %store/vec4 v0x55aabceaf440_0, 0, 2;
    %jmp T_8.18;
T_8.18 ;
    %pop/vec4 1;
    %pushi/vec4 0, 0, 2;
    %store/vec4 v0x55aabceaf000_0, 0, 2;
    %jmp T_8.11;
T_8.3 ;
    %pushi/vec4 0, 0, 1;
    %store/vec4 v0x55aabceaf6c0_0, 0, 1;
    %pushi/vec4 1, 0, 1;
    %store/vec4 v0x55aabceaf0e0_0, 0, 1;
    %pushi/vec4 1, 0, 1;
    %store/vec4 v0x55aabceaf520_0, 0, 1;
    %pushi/vec4 0, 0, 2;
    %store/vec4 v0x55aabceaf780_0, 0, 2;
    %pushi/vec4 0, 0, 1;
    %store/vec4 v0x55aabceaf180_0, 0, 1;
    %pushi/vec4 0, 0, 1;
    %store/vec4 v0x55aabceaf330_0, 0, 1;
    %pushi/vec4 1, 0, 3;
    %store/vec4 v0x55aabceaf250_0, 0, 3;
    %load/vec4 v0x55aabceaf860_0;
    %dup/vec4;
    %pushi/vec4 0, 0, 3;
    %cmp/u;
    %jmp/1 T_8.19, 6;
    %dup/vec4;
    %pushi/vec4 1, 0, 3;
    %cmp/u;
    %jmp/1 T_8.20, 6;
    %dup/vec4;
    %pushi/vec4 2, 0, 3;
    %cmp/u;
    %jmp/1 T_8.21, 6;
    %pushi/vec4 2, 0, 2;
    %store/vec4 v0x55aabceaf440_0, 0, 2;
    %jmp T_8.23;
T_8.19 ;
    %pushi/vec4 0, 0, 2;
    %store/vec4 v0x55aabceaf440_0, 0, 2;
    %jmp T_8.23;
T_8.20 ;
    %pushi/vec4 1, 0, 2;
    %store/vec4 v0x55aabceaf440_0, 0, 2;
    %jmp T_8.23;
T_8.21 ;
    %pushi/vec4 2, 0, 2;
    %store/vec4 v0x55aabceaf440_0, 0, 2;
    %jmp T_8.23;
T_8.23 ;
    %pop/vec4 1;
    %pushi/vec4 0, 0, 2;
    %store/vec4 v0x55aabceaf000_0, 0, 2;
    %jmp T_8.11;
T_8.4 ;
    %pushi/vec4 0, 0, 1;
    %store/vec4 v0x55aabceaf6c0_0, 0, 1;
    %pushi/vec4 0, 0, 1;
    %store/vec4 v0x55aabceaf0e0_0, 0, 1;
    %pushi/vec4 0, 0, 1;
    %store/vec4 v0x55aabceaf520_0, 0, 1;
    %pushi/vec4 0, 0, 2;
    %store/vec4 v0x55aabceaf780_0, 0, 2;
    %pushi/vec4 1, 0, 1;
    %store/vec4 v0x55aabceaf180_0, 0, 1;
    %pushi/vec4 0, 0, 1;
    %store/vec4 v0x55aabceaf330_0, 0, 1;
    %pushi/vec4 2, 0, 3;
    %store/vec4 v0x55aabceaf250_0, 0, 3;
    %pushi/vec4 0, 0, 2;
    %store/vec4 v0x55aabceaf440_0, 0, 2;
    %pushi/vec4 1, 0, 2;
    %store/vec4 v0x55aabceaf000_0, 0, 2;
    %jmp T_8.11;
T_8.5 ;
    %pushi/vec4 1, 0, 1;
    %store/vec4 v0x55aabceaf6c0_0, 0, 1;
    %pushi/vec4 0, 0, 1;
    %store/vec4 v0x55aabceaf0e0_0, 0, 1;
    %pushi/vec4 0, 0, 1;
    %store/vec4 v0x55aabceaf520_0, 0, 1;
    %pushi/vec4 2, 0, 2;
    %store/vec4 v0x55aabceaf780_0, 0, 2;
    %pushi/vec4 0, 0, 1;
    %store/vec4 v0x55aabceaf180_0, 0, 1;
    %pushi/vec4 1, 0, 1;
    %store/vec4 v0x55aabceaf330_0, 0, 1;
    %pushi/vec4 3, 0, 3;
    %store/vec4 v0x55aabceaf250_0, 0, 3;
    %pushi/vec4 0, 0, 2;
    %store/vec4 v0x55aabceaf440_0, 0, 2;
    %pushi/vec4 0, 0, 2;
    %store/vec4 v0x55aabceaf000_0, 0, 2;
    %jmp T_8.11;
T_8.6 ;
    %pushi/vec4 1, 0, 1;
    %store/vec4 v0x55aabceaf6c0_0, 0, 1;
    %pushi/vec4 1, 0, 1;
    %store/vec4 v0x55aabceaf0e0_0, 0, 1;
    %pushi/vec4 0, 0, 1;
    %store/vec4 v0x55aabceaf520_0, 0, 1;
    %pushi/vec4 2, 0, 2;
    %store/vec4 v0x55aabceaf780_0, 0, 2;
    %pushi/vec4 0, 0, 1;
    %store/vec4 v0x55aabceaf180_0, 0, 1;
    %pushi/vec4 1, 0, 1;
    %store/vec4 v0x55aabceaf330_0, 0, 1;
    %pushi/vec4 0, 0, 3;
    %store/vec4 v0x55aabceaf250_0, 0, 3;
    %pushi/vec4 0, 0, 2;
    %store/vec4 v0x55aabceaf440_0, 0, 2;
    %pushi/vec4 0, 0, 2;
    %store/vec4 v0x55aabceaf000_0, 0, 2;
    %jmp T_8.11;
T_8.7 ;
    %pushi/vec4 1, 0, 1;
    %store/vec4 v0x55aabceaf6c0_0, 0, 1;
    %pushi/vec4 1, 0, 1;
    %store/vec4 v0x55aabceaf0e0_0, 0, 1;
    %pushi/vec4 0, 0, 1;
    %store/vec4 v0x55aabceaf520_0, 0, 1;
    %pushi/vec4 0, 0, 2;
    %store/vec4 v0x55aabceaf780_0, 0, 2;
    %pushi/vec4 0, 0, 1;
    %store/vec4 v0x55aabceaf180_0, 0, 1;
    %pushi/vec4 0, 0, 1;
    %store/vec4 v0x55aabceaf330_0, 0, 1;
    %pushi/vec4 0, 0, 3;
    %store/vec4 v0x55aabceaf250_0, 0, 3;
    %pushi/vec4 0, 0, 2;
    %store/vec4 v0x55aabceaf440_0, 0, 2;
    %pushi/vec4 3, 0, 2;
    %store/vec4 v0x55aabceaf000_0, 0, 2;
    %jmp T_8.11;
T_8.8 ;
    %pushi/vec4 1, 0, 1;
    %store/vec4 v0x55aabceaf6c0_0, 0, 1;
    %pushi/vec4 1, 0, 1;
    %store/vec4 v0x55aabceaf0e0_0, 0, 1;
    %pushi/vec4 0, 0, 1;
    %store/vec4 v0x55aabceaf520_0, 0, 1;
    %pushi/vec4 0, 0, 2;
    %store/vec4 v0x55aabceaf780_0, 0, 2;
    %pushi/vec4 0, 0, 1;
    %store/vec4 v0x55aabceaf180_0, 0, 1;
    %pushi/vec4 0, 0, 1;
    %store/vec4 v0x55aabceaf330_0, 0, 1;
    %pushi/vec4 0, 0, 3;
    %store/vec4 v0x55aabceaf250_0, 0, 3;
    %pushi/vec4 0, 0, 2;
    %store/vec4 v0x55aabceaf440_0, 0, 2;
    %pushi/vec4 3, 0, 2;
    %store/vec4 v0x55aabceaf000_0, 0, 2;
    %jmp T_8.11;
T_8.9 ;
    %pushi/vec4 0, 0, 1;
    %store/vec4 v0x55aabceaf6c0_0, 0, 1;
    %pushi/vec4 0, 0, 1;
    %store/vec4 v0x55aabceaf0e0_0, 0, 1;
    %pushi/vec4 0, 0, 1;
    %store/vec4 v0x55aabceaf520_0, 0, 1;
    %pushi/vec4 0, 0, 2;
    %store/vec4 v0x55aabceaf780_0, 0, 2;
    %pushi/vec4 0, 0, 1;
    %store/vec4 v0x55aabceaf180_0, 0, 1;
    %pushi/vec4 0, 0, 1;
    %store/vec4 v0x55aabceaf330_0, 0, 1;
    %pushi/vec4 0, 0, 3;
    %store/vec4 v0x55aabceaf250_0, 0, 3;
    %pushi/vec4 0, 0, 2;
    %store/vec4 v0x55aabceaf440_0, 0, 2;
    %pushi/vec4 0, 0, 2;
    %store/vec4 v0x55aabceaf000_0, 0, 2;
    %jmp T_8.11;
T_8.11 ;
    %pop/vec4 1;
    %jmp T_8;
    .thread T_8, $push;
    .scope S_0x55aabceae470;
T_9 ;
    %wait E_0x55aabceae6a0;
    %load/vec4 v0x55aabceae830_0;
    %dup/vec4;
    %pushi/vec4 0, 0, 2;
    %cmp/u;
    %jmp/1 T_9.0, 6;
    %dup/vec4;
    %pushi/vec4 1, 0, 2;
    %cmp/u;
    %jmp/1 T_9.1, 6;
    %dup/vec4;
    %pushi/vec4 2, 0, 2;
    %cmp/u;
    %jmp/1 T_9.2, 6;
    %dup/vec4;
    %pushi/vec4 3, 0, 2;
    %cmp/u;
    %jmp/1 T_9.3, 6;
    %pushi/vec4 0, 0, 4;
    %store/vec4 v0x55aabceae730_0, 0, 4;
    %jmp T_9.5;
T_9.0 ;
    %load/vec4 v0x55aabceae910_0;
    %dup/vec4;
    %pushi/vec4 0, 0, 3;
    %cmp/u;
    %jmp/1 T_9.6, 6;
    %dup/vec4;
    %pushi/vec4 1, 0, 3;
    %cmp/u;
    %jmp/1 T_9.7, 6;
    %dup/vec4;
    %pushi/vec4 2, 0, 3;
    %cmp/u;
    %jmp/1 T_9.8, 6;
    %dup/vec4;
    %pushi/vec4 3, 0, 3;
    %cmp/u;
    %jmp/1 T_9.9, 6;
    %dup/vec4;
    %pushi/vec4 4, 0, 3;
    %cmp/u;
    %jmp/1 T_9.10, 6;
    %dup/vec4;
    %pushi/vec4 5, 0, 3;
    %cmp/u;
    %jmp/1 T_9.11, 6;
    %dup/vec4;
    %pushi/vec4 6, 0, 3;
    %cmp/u;
    %jmp/1 T_9.12, 6;
    %dup/vec4;
    %pushi/vec4 7, 0, 3;
    %cmp/u;
    %jmp/1 T_9.13, 6;
    %pushi/vec4 0, 0, 4;
    %store/vec4 v0x55aabceae730_0, 0, 4;
    %jmp T_9.15;
T_9.6 ;
    %pushi/vec4 0, 0, 4;
    %store/vec4 v0x55aabceae730_0, 0, 4;
    %jmp T_9.15;
T_9.7 ;
    %pushi/vec4 2, 0, 4;
    %store/vec4 v0x55aabceae730_0, 0, 4;
    %jmp T_9.15;
T_9.8 ;
    %pushi/vec4 6, 0, 4;
    %store/vec4 v0x55aabceae730_0, 0, 4;
    %jmp T_9.15;
T_9.9 ;
    %pushi/vec4 7, 0, 4;
    %store/vec4 v0x55aabceae730_0, 0, 4;
    %jmp T_9.15;
T_9.10 ;
    %pushi/vec4 4, 0, 4;
    %store/vec4 v0x55aabceae730_0, 0, 4;
    %jmp T_9.15;
T_9.11 ;
    %load/vec4 v0x55aabceaeae0_0;
    %flag_set/vec4 8;
    %jmp/0xz  T_9.16, 8;
    %pushi/vec4 3, 0, 4;
    %store/vec4 v0x55aabceae730_0, 0, 4;
    %jmp T_9.17;
T_9.16 ;
    %pushi/vec4 5, 0, 4;
    %store/vec4 v0x55aabceae730_0, 0, 4;
T_9.17 ;
    %jmp T_9.15;
T_9.12 ;
    %pushi/vec4 8, 0, 4;
    %store/vec4 v0x55aabceae730_0, 0, 4;
    %jmp T_9.15;
T_9.13 ;
    %pushi/vec4 9, 0, 4;
    %store/vec4 v0x55aabceae730_0, 0, 4;
    %jmp T_9.15;
T_9.15 ;
    %pop/vec4 1;
    %jmp T_9.5;
T_9.1 ;
    %load/vec4 v0x55aabceae910_0;
    %dup/vec4;
    %pushi/vec4 0, 0, 3;
    %cmp/u;
    %jmp/1 T_9.18, 6;
    %dup/vec4;
    %pushi/vec4 1, 0, 3;
    %cmp/u;
    %jmp/1 T_9.19, 6;
    %dup/vec4;
    %pushi/vec4 4, 0, 3;
    %cmp/u;
    %jmp/1 T_9.20, 6;
    %dup/vec4;
    %pushi/vec4 5, 0, 3;
    %cmp/u;
    %jmp/1 T_9.21, 6;
    %dup/vec4;
    %pushi/vec4 6, 0, 3;
    %cmp/u;
    %jmp/1 T_9.22, 6;
    %dup/vec4;
    %pushi/vec4 7, 0, 3;
    %cmp/u;
    %jmp/1 T_9.23, 6;
    %pushi/vec4 0, 0, 4;
    %store/vec4 v0x55aabceae730_0, 0, 4;
    %jmp T_9.25;
T_9.18 ;
    %pushi/vec4 1, 0, 4;
    %store/vec4 v0x55aabceae730_0, 0, 4;
    %jmp T_9.25;
T_9.19 ;
    %pushi/vec4 1, 0, 4;
    %store/vec4 v0x55aabceae730_0, 0, 4;
    %jmp T_9.25;
T_9.20 ;
    %pushi/vec4 6, 0, 4;
    %store/vec4 v0x55aabceae730_0, 0, 4;
    %jmp T_9.25;
T_9.21 ;
    %pushi/vec4 6, 0, 4;
    %store/vec4 v0x55aabceae730_0, 0, 4;
    %jmp T_9.25;
T_9.22 ;
    %pushi/vec4 7, 0, 4;
    %store/vec4 v0x55aabceae730_0, 0, 4;
    %jmp T_9.25;
T_9.23 ;
    %pushi/vec4 7, 0, 4;
    %store/vec4 v0x55aabceae730_0, 0, 4;
    %jmp T_9.25;
T_9.25 ;
    %pop/vec4 1;
    %jmp T_9.5;
T_9.2 ;
    %load/vec4 v0x55aabceae910_0;
    %dup/vec4;
    %pushi/vec4 0, 0, 3;
    %cmp/u;
    %jmp/1 T_9.26, 6;
    %dup/vec4;
    %pushi/vec4 1, 0, 3;
    %cmp/u;
    %jmp/1 T_9.27, 6;
    %dup/vec4;
    %pushi/vec4 2, 0, 3;
    %cmp/u;
    %jmp/1 T_9.28, 6;
    %dup/vec4;
    %pushi/vec4 3, 0, 3;
    %cmp/u;
    %jmp/1 T_9.29, 6;
    %dup/vec4;
    %pushi/vec4 4, 0, 3;
    %cmp/u;
    %jmp/1 T_9.30, 6;
    %dup/vec4;
    %pushi/vec4 5, 0, 3;
    %cmp/u;
    %jmp/1 T_9.31, 6;
    %dup/vec4;
    %pushi/vec4 6, 0, 3;
    %cmp/u;
    %jmp/1 T_9.32, 6;
    %dup/vec4;
    %pushi/vec4 7, 0, 3;
    %cmp/u;
    %jmp/1 T_9.33, 6;
    %pushi/vec4 0, 0, 4;
    %store/vec4 v0x55aabceae730_0, 0, 4;
    %jmp T_9.35;
T_9.26 ;
    %load/vec4 v0x55aabceaea00_0;
    %cmpi/e 1, 0, 7;
    %jmp/0xz  T_9.36, 4;
    %pushi/vec4 10, 0, 4;
    %store/vec4 v0x55aabceae730_0, 0, 4;
    %jmp T_9.37;
T_9.36 ;
    %load/vec4 v0x55aabceaeae0_0;
    %flag_set/vec4 8;
    %jmp/0xz  T_9.38, 8;
    %pushi/vec4 1, 0, 4;
    %store/vec4 v0x55aabceae730_0, 0, 4;
    %jmp T_9.39;
T_9.38 ;
    %pushi/vec4 0, 0, 4;
    %store/vec4 v0x55aabceae730_0, 0, 4;
T_9.39 ;
T_9.37 ;
    %jmp T_9.35;
T_9.27 ;
    %pushi/vec4 2, 0, 4;
    %store/vec4 v0x55aabceae730_0, 0, 4;
    %jmp T_9.35;
T_9.28 ;
    %pushi/vec4 6, 0, 4;
    %store/vec4 v0x55aabceae730_0, 0, 4;
    %jmp T_9.35;
T_9.29 ;
    %pushi/vec4 7, 0, 4;
    %store/vec4 v0x55aabceae730_0, 0, 4;
    %jmp T_9.35;
T_9.30 ;
    %pushi/vec4 4, 0, 4;
    %store/vec4 v0x55aabceae730_0, 0, 4;
    %jmp T_9.35;
T_9.31 ;
    %load/vec4 v0x55aabceaeae0_0;
    %flag_set/vec4 8;
    %jmp/0xz  T_9.40, 8;
    %pushi/vec4 3, 0, 4;
    %store/vec4 v0x55aabceae730_0, 0, 4;
    %jmp T_9.41;
T_9.40 ;
    %pushi/vec4 5, 0, 4;
    %store/vec4 v0x55aabceae730_0, 0, 4;
T_9.41 ;
    %jmp T_9.35;
T_9.32 ;
    %pushi/vec4 8, 0, 4;
    %store/vec4 v0x55aabceae730_0, 0, 4;
    %jmp T_9.35;
T_9.33 ;
    %pushi/vec4 9, 0, 4;
    %store/vec4 v0x55aabceae730_0, 0, 4;
    %jmp T_9.35;
T_9.35 ;
    %pop/vec4 1;
    %jmp T_9.5;
T_9.3 ;
    %pushi/vec4 0, 0, 4;
    %store/vec4 v0x55aabceae730_0, 0, 4;
    %jmp T_9.5;
T_9.5 ;
    %pop/vec4 1;
    %jmp T_9;
    .thread T_9, $push;
    .scope S_0x55aabceae060;
T_10 ;
    %wait E_0x55aabceae1f0;
    %load/vec4 v0x55aabceb4bd0_0;
    %dup/vec4;
    %pushi/vec4 51, 0, 7;
    %cmp/u;
    %jmp/1 T_10.0, 6;
    %dup/vec4;
    %pushi/vec4 19, 0, 7;
    %cmp/u;
    %jmp/1 T_10.1, 6;
    %dup/vec4;
    %pushi/vec4 3, 0, 7;
    %cmp/u;
    %jmp/1 T_10.2, 6;
    %dup/vec4;
    %pushi/vec4 35, 0, 7;
    %cmp/u;
    %jmp/1 T_10.3, 6;
    %dup/vec4;
    %pushi/vec4 99, 0, 7;
    %cmp/u;
    %jmp/1 T_10.4, 6;
    %dup/vec4;
    %pushi/vec4 111, 0, 7;
    %cmp/u;
    %jmp/1 T_10.5, 6;
    %dup/vec4;
    %pushi/vec4 103, 0, 7;
    %cmp/u;
    %jmp/1 T_10.6, 6;
    %dup/vec4;
    %pushi/vec4 23, 0, 7;
    %cmp/u;
    %jmp/1 T_10.7, 6;
    %dup/vec4;
    %pushi/vec4 55, 0, 7;
    %cmp/u;
    %jmp/1 T_10.8, 6;
    %dup/vec4;
    %pushi/vec4 115, 0, 7;
    %cmp/u;
    %jmp/1 T_10.9, 6;
    %pushi/vec4 1, 0, 1;
    %store/vec4 v0x55aabceb4550_0, 0, 1;
    %jmp T_10.11;
T_10.0 ;
    %pushi/vec4 0, 0, 1;
    %store/vec4 v0x55aabceb4550_0, 0, 1;
    %jmp T_10.11;
T_10.1 ;
    %pushi/vec4 0, 0, 1;
    %store/vec4 v0x55aabceb4550_0, 0, 1;
    %jmp T_10.11;
T_10.2 ;
    %pushi/vec4 0, 0, 1;
    %store/vec4 v0x55aabceb4550_0, 0, 1;
    %jmp T_10.11;
T_10.3 ;
    %pushi/vec4 0, 0, 1;
    %store/vec4 v0x55aabceb4550_0, 0, 1;
    %jmp T_10.11;
T_10.4 ;
    %pushi/vec4 0, 0, 1;
    %store/vec4 v0x55aabceb4550_0, 0, 1;
    %jmp T_10.11;
T_10.5 ;
    %pushi/vec4 0, 0, 1;
    %store/vec4 v0x55aabceb4550_0, 0, 1;
    %jmp T_10.11;
T_10.6 ;
    %pushi/vec4 0, 0, 1;
    %store/vec4 v0x55aabceb4550_0, 0, 1;
    %jmp T_10.11;
T_10.7 ;
    %pushi/vec4 0, 0, 1;
    %store/vec4 v0x55aabceb4550_0, 0, 1;
    %jmp T_10.11;
T_10.8 ;
    %pushi/vec4 0, 0, 1;
    %store/vec4 v0x55aabceb4550_0, 0, 1;
    %jmp T_10.11;
T_10.9 ;
    %pushi/vec4 0, 0, 1;
    %store/vec4 v0x55aabceb4550_0, 0, 1;
    %jmp T_10.11;
T_10.11 ;
    %pop/vec4 1;
    %jmp T_10;
    .thread T_10, $push;
    .scope S_0x55aabcebe2b0;
T_11 ;
    %wait E_0x55aabce3d050;
    %load/vec4 v0x55aabcec04b0_0;
    %nor/r;
    %flag_set/vec4 8;
    %load/vec4 v0x55aabcebfb20_0;
    %flag_set/vec4 9;
    %flag_or 9, 8;
    %load/vec4 v0x55aabcebf9b0_0;
    %flag_set/vec4 8;
    %flag_or 8, 9;
    %jmp/0xz  T_11.0, 8;
    %pushi/vec4 0, 0, 1;
    %assign/vec4 v0x55aabcebf770_0, 0;
    %pushi/vec4 0, 0, 1;
    %assign/vec4 v0x55aabcebe6d0_0, 0;
    %pushi/vec4 0, 0, 1;
    %assign/vec4 v0x55aabcebeed0_0, 0;
    %pushi/vec4 0, 0, 2;
    %assign/vec4 v0x55aabcebf8e0_0, 0;
    %pushi/vec4 0, 0, 1;
    %assign/vec4 v0x55aabcebe890_0, 0;
    %pushi/vec4 0, 0, 1;
    %assign/vec4 v0x55aabcebebf0_0, 0;
    %pushi/vec4 0, 0, 4;
    %assign/vec4 v0x55aabcebe520_0, 0;
    %pushi/vec4 0, 0, 2;
    %assign/vec4 v0x55aabcebed60_0, 0;
    %pushi/vec4 0, 0, 3;
    %assign/vec4 v0x55aabcebfc90_0, 0;
    %pushi/vec4 0, 0, 32;
    %assign/vec4 v0x55aabcebf2a0_0, 0;
    %pushi/vec4 0, 0, 32;
    %assign/vec4 v0x55aabcebf010_0, 0;
    %pushi/vec4 0, 0, 32;
    %assign/vec4 v0x55aabcebf460_0, 0;
    %pushi/vec4 0, 0, 32;
    %assign/vec4 v0x55aabcebf600_0, 0;
    %pushi/vec4 0, 0, 32;
    %assign/vec4 v0x55aabcebea20_0, 0;
    %pushi/vec4 0, 0, 5;
    %assign/vec4 v0x55aabcec0240_0, 0;
    %pushi/vec4 0, 0, 5;
    %assign/vec4 v0x55aabcec03f0_0, 0;
    %pushi/vec4 0, 0, 5;
    %assign/vec4 v0x55aabcebfe30_0, 0;
    %jmp T_11.1;
T_11.0 ;
    %load/vec4 v0x55aabcebf6d0_0;
    %assign/vec4 v0x55aabcebf770_0, 0;
    %load/vec4 v0x55aabcebe630_0;
    %assign/vec4 v0x55aabcebe6d0_0, 0;
    %load/vec4 v0x55aabcebee30_0;
    %assign/vec4 v0x55aabcebeed0_0, 0;
    %load/vec4 v0x55aabcebf840_0;
    %assign/vec4 v0x55aabcebf8e0_0, 0;
    %load/vec4 v0x55aabcebe7a0_0;
    %assign/vec4 v0x55aabcebe890_0, 0;
    %load/vec4 v0x55aabcebeac0_0;
    %assign/vec4 v0x55aabcebebf0_0, 0;
    %load/vec4 v0x55aabcebe440_0;
    %assign/vec4 v0x55aabcebe520_0, 0;
    %load/vec4 v0x55aabcebecc0_0;
    %assign/vec4 v0x55aabcebed60_0, 0;
    %load/vec4 v0x55aabcebfbc0_0;
    %assign/vec4 v0x55aabcebfc90_0, 0;
    %load/vec4 v0x55aabcebf0d0_0;
    %assign/vec4 v0x55aabcebf2a0_0, 0;
    %load/vec4 v0x55aabcebef70_0;
    %assign/vec4 v0x55aabcebf010_0, 0;
    %load/vec4 v0x55aabcebf390_0;
    %assign/vec4 v0x55aabcebf460_0, 0;
    %load/vec4 v0x55aabcebf530_0;
    %assign/vec4 v0x55aabcebf600_0, 0;
    %load/vec4 v0x55aabcebe930_0;
    %assign/vec4 v0x55aabcebea20_0, 0;
    %load/vec4 v0x55aabcec0130_0;
    %assign/vec4 v0x55aabcec0240_0, 0;
    %load/vec4 v0x55aabcec0300_0;
    %assign/vec4 v0x55aabcec03f0_0, 0;
    %load/vec4 v0x55aabcebfd60_0;
    %assign/vec4 v0x55aabcebfe30_0, 0;
T_11.1 ;
    %jmp T_11;
    .thread T_11;
    .scope S_0x55aabceb6e60;
T_12 ;
    %wait E_0x55aabceb70c0;
    %load/vec4 v0x55aabceb71b0_0;
    %dup/vec4;
    %pushi/vec4 0, 0, 4;
    %cmp/u;
    %jmp/1 T_12.0, 6;
    %dup/vec4;
    %pushi/vec4 1, 0, 4;
    %cmp/u;
    %jmp/1 T_12.1, 6;
    %dup/vec4;
    %pushi/vec4 2, 0, 4;
    %cmp/u;
    %jmp/1 T_12.2, 6;
    %dup/vec4;
    %pushi/vec4 3, 0, 4;
    %cmp/u;
    %jmp/1 T_12.3, 6;
    %dup/vec4;
    %pushi/vec4 4, 0, 4;
    %cmp/u;
    %jmp/1 T_12.4, 6;
    %dup/vec4;
    %pushi/vec4 5, 0, 4;
    %cmp/u;
    %jmp/1 T_12.5, 6;
    %dup/vec4;
    %pushi/vec4 6, 0, 4;
    %cmp/u;
    %jmp/1 T_12.6, 6;
    %dup/vec4;
    %pushi/vec4 7, 0, 4;
    %cmp/u;
    %jmp/1 T_12.7, 6;
    %dup/vec4;
    %pushi/vec4 8, 0, 4;
    %cmp/u;
    %jmp/1 T_12.8, 6;
    %dup/vec4;
    %pushi/vec4 9, 0, 4;
    %cmp/u;
    %jmp/1 T_12.9, 6;
    %dup/vec4;
    %pushi/vec4 10, 0, 4;
    %cmp/u;
    %jmp/1 T_12.10, 6;
    %pushi/vec4 0, 0, 32;
    %store/vec4 v0x55aabceb7540_0, 0, 32;
    %jmp T_12.12;
T_12.0 ;
    %load/vec4 v0x55aabceb5850_0;
    %load/vec4 v0x55aabceb7290_0;
    %add;
    %store/vec4 v0x55aabceb7540_0, 0, 32;
    %jmp T_12.12;
T_12.1 ;
    %load/vec4 v0x55aabceb8070_0;
    %store/vec4 v0x55aabceb7540_0, 0, 32;
    %jmp T_12.12;
T_12.2 ;
    %load/vec4 v0x55aabceb5850_0;
    %load/vec4 v0x55aabceb7290_0;
    %parti/s 5, 0, 2;
    %ix/vec4 4;
    %shiftl 4;
    %store/vec4 v0x55aabceb7540_0, 0, 32;
    %jmp T_12.12;
T_12.3 ;
    %load/vec4 v0x55aabceb5850_0;
    %load/vec4 v0x55aabceb7290_0;
    %parti/s 5, 0, 2;
    %ix/vec4 4;
    %shiftr/s 4;
    %store/vec4 v0x55aabceb7540_0, 0, 32;
    %jmp T_12.12;
T_12.4 ;
    %load/vec4 v0x55aabceb5850_0;
    %load/vec4 v0x55aabceb7290_0;
    %xor;
    %store/vec4 v0x55aabceb7540_0, 0, 32;
    %jmp T_12.12;
T_12.5 ;
    %load/vec4 v0x55aabceb5850_0;
    %load/vec4 v0x55aabceb7290_0;
    %parti/s 5, 0, 2;
    %ix/vec4 4;
    %shiftr 4;
    %store/vec4 v0x55aabceb7540_0, 0, 32;
    %jmp T_12.12;
T_12.6 ;
    %load/vec4 v0x55aabceb5850_0;
    %load/vec4 v0x55aabceb7290_0;
    %cmp/s;
    %flag_mov 8, 5;
    %jmp/0 T_12.13, 8;
    %pushi/vec4 1, 0, 32;
    %jmp/1 T_12.14, 8;
T_12.13 ; End of true expr.
    %pushi/vec4 0, 0, 32;
    %jmp/0 T_12.14, 8;
 ; End of false expr.
    %blend;
T_12.14;
    %store/vec4 v0x55aabceb7540_0, 0, 32;
    %jmp T_12.12;
T_12.7 ;
    %load/vec4 v0x55aabceb5850_0;
    %load/vec4 v0x55aabceb7290_0;
    %cmp/u;
    %flag_mov 8, 5;
    %jmp/0 T_12.15, 8;
    %pushi/vec4 1, 0, 32;
    %jmp/1 T_12.16, 8;
T_12.15 ; End of true expr.
    %pushi/vec4 0, 0, 32;
    %jmp/0 T_12.16, 8;
 ; End of false expr.
    %blend;
T_12.16;
    %store/vec4 v0x55aabceb7540_0, 0, 32;
    %jmp T_12.12;
T_12.8 ;
    %load/vec4 v0x55aabceb5850_0;
    %load/vec4 v0x55aabceb7290_0;
    %or;
    %store/vec4 v0x55aabceb7540_0, 0, 32;
    %jmp T_12.12;
T_12.9 ;
    %load/vec4 v0x55aabceb5850_0;
    %load/vec4 v0x55aabceb7290_0;
    %and;
    %store/vec4 v0x55aabceb7540_0, 0, 32;
    %jmp T_12.12;
T_12.10 ;
    %load/vec4 v0x55aabceb5850_0;
    %load/vec4 v0x55aabceb7290_0;
    %mul;
    %store/vec4 v0x55aabceb7540_0, 0, 32;
    %jmp T_12.12;
T_12.12 ;
    %pop/vec4 1;
    %load/vec4 v0x55aabceb7540_0;
    %pushi/vec4 0, 0, 32;
    %cmp/e;
    %flag_get/vec4 4;
    %store/vec4 v0x55aabceb7620_0, 0, 1;
    %jmp T_12;
    .thread T_12, $push;
    .scope S_0x55aabceb6af0;
T_13 ;
    %wait E_0x55aabceb6dc0;
    %load/vec4 v0x55aabceb8410_0;
    %dup/vec4;
    %pushi/vec4 0, 0, 2;
    %cmp/u;
    %jmp/1 T_13.0, 6;
    %dup/vec4;
    %pushi/vec4 1, 0, 2;
    %cmp/u;
    %jmp/1 T_13.1, 6;
    %dup/vec4;
    %pushi/vec4 2, 0, 2;
    %cmp/u;
    %jmp/1 T_13.2, 6;
    %load/vec4 v0x55aabceb8c90_0;
    %store/vec4 v0x55aabceba0c0_0, 0, 32;
    %jmp T_13.4;
T_13.0 ;
    %load/vec4 v0x55aabceb8c90_0;
    %store/vec4 v0x55aabceba0c0_0, 0, 32;
    %jmp T_13.4;
T_13.1 ;
    %load/vec4 v0x55aabceb9440_0;
    %store/vec4 v0x55aabceba0c0_0, 0, 32;
    %jmp T_13.4;
T_13.2 ;
    %load/vec4 v0x55aabceb9f50_0;
    %store/vec4 v0x55aabceba0c0_0, 0, 32;
    %jmp T_13.4;
T_13.4 ;
    %pop/vec4 1;
    %jmp T_13;
    .thread T_13, $push;
    .scope S_0x55aabceb6af0;
T_14 ;
    %wait E_0x55aabceb6d80;
    %load/vec4 v0x55aabceb84f0_0;
    %dup/vec4;
    %pushi/vec4 0, 0, 2;
    %cmp/u;
    %jmp/1 T_14.0, 6;
    %dup/vec4;
    %pushi/vec4 1, 0, 2;
    %cmp/u;
    %jmp/1 T_14.1, 6;
    %dup/vec4;
    %pushi/vec4 2, 0, 2;
    %cmp/u;
    %jmp/1 T_14.2, 6;
    %load/vec4 v0x55aabceb8d70_0;
    %store/vec4 v0x55aabceb9a20_0, 0, 32;
    %jmp T_14.4;
T_14.0 ;
    %load/vec4 v0x55aabceb8d70_0;
    %store/vec4 v0x55aabceb9a20_0, 0, 32;
    %jmp T_14.4;
T_14.1 ;
    %load/vec4 v0x55aabceb9440_0;
    %store/vec4 v0x55aabceb9a20_0, 0, 32;
    %jmp T_14.4;
T_14.2 ;
    %load/vec4 v0x55aabceb9f50_0;
    %store/vec4 v0x55aabceb9a20_0, 0, 32;
    %jmp T_14.4;
T_14.4 ;
    %pop/vec4 1;
    %jmp T_14;
    .thread T_14, $push;
    .scope S_0x55aabceb6af0;
T_15 ;
    %wait E_0x55aabceb6d20;
    %load/vec4 v0x55aabceb9b00_0;
    %dup/vec4;
    %pushi/vec4 0, 0, 3;
    %cmp/u;
    %jmp/1 T_15.0, 6;
    %dup/vec4;
    %pushi/vec4 1, 0, 3;
    %cmp/u;
    %jmp/1 T_15.1, 6;
    %dup/vec4;
    %pushi/vec4 4, 0, 3;
    %cmp/u;
    %jmp/1 T_15.2, 6;
    %dup/vec4;
    %pushi/vec4 5, 0, 3;
    %cmp/u;
    %jmp/1 T_15.3, 6;
    %dup/vec4;
    %pushi/vec4 6, 0, 3;
    %cmp/u;
    %jmp/1 T_15.4, 6;
    %dup/vec4;
    %pushi/vec4 7, 0, 3;
    %cmp/u;
    %jmp/1 T_15.5, 6;
    %pushi/vec4 0, 0, 1;
    %store/vec4 v0x55aabceb98a0_0, 0, 1;
    %jmp T_15.7;
T_15.0 ;
    %load/vec4 v0x55aabceba280_0;
    %store/vec4 v0x55aabceb98a0_0, 0, 1;
    %jmp T_15.7;
T_15.1 ;
    %load/vec4 v0x55aabceba280_0;
    %inv;
    %store/vec4 v0x55aabceb98a0_0, 0, 1;
    %jmp T_15.7;
T_15.2 ;
    %load/vec4 v0x55aabceb9370_0;
    %parti/s 1, 0, 2;
    %store/vec4 v0x55aabceb98a0_0, 0, 1;
    %jmp T_15.7;
T_15.3 ;
    %load/vec4 v0x55aabceb9370_0;
    %parti/s 1, 0, 2;
    %inv;
    %store/vec4 v0x55aabceb98a0_0, 0, 1;
    %jmp T_15.7;
T_15.4 ;
    %load/vec4 v0x55aabceb9370_0;
    %parti/s 1, 0, 2;
    %store/vec4 v0x55aabceb98a0_0, 0, 1;
    %jmp T_15.7;
T_15.5 ;
    %load/vec4 v0x55aabceb9370_0;
    %parti/s 1, 0, 2;
    %inv;
    %store/vec4 v0x55aabceb98a0_0, 0, 1;
    %jmp T_15.7;
T_15.7 ;
    %pop/vec4 1;
    %jmp T_15;
    .thread T_15, $push;
    .scope S_0x55aabceb6af0;
T_16 ;
    %wait E_0x55aabceb6c80;
    %load/vec4 v0x55aabceb8e50_0;
    %store/vec4 v0x55aabceb9020_0, 0, 1;
    %load/vec4 v0x55aabceb8910_0;
    %store/vec4 v0x55aabceb89b0_0, 0, 1;
    %load/vec4 v0x55aabceb90f0_0;
    %store/vec4 v0x55aabceb91b0_0, 0, 2;
    %load/vec4 v0x55aabceb8770_0;
    %store/vec4 v0x55aabceb8850_0, 0, 2;
    %load/vec4 v0x55aabceb9d80_0;
    %store/vec4 v0x55aabceb9e60_0, 0, 5;
    %load/vec4 v0x55aabceb8a50_0;
    %store/vec4 v0x55aabceb8b10_0, 0, 32;
    %load/vec4 v0x55aabceb9370_0;
    %store/vec4 v0x55aabceb94e0_0, 0, 32;
    %jmp T_16;
    .thread T_16, $push;
    .scope S_0x55aabceb5620;
T_17 ;
    %wait E_0x55aabce3d050;
    %load/vec4 v0x55aabceb6770_0;
    %nor/r;
    %flag_set/vec4 8;
    %jmp/0xz  T_17.0, 8;
    %pushi/vec4 0, 0, 1;
    %assign/vec4 v0x55aabceb6000_0, 0;
    %pushi/vec4 0, 0, 1;
    %assign/vec4 v0x55aabceb5d00_0, 0;
    %pushi/vec4 0, 0, 2;
    %assign/vec4 v0x55aabceb61a0_0, 0;
    %pushi/vec4 0, 0, 2;
    %assign/vec4 v0x55aabceb5b50_0, 0;
    %pushi/vec4 0, 0, 32;
    %assign/vec4 v0x55aabceb59f0_0, 0;
    %pushi/vec4 0, 0, 32;
    %assign/vec4 v0x55aabceb6360_0, 0;
    %pushi/vec4 0, 0, 5;
    %assign/vec4 v0x55aabceb6580_0, 0;
    %pushi/vec4 0, 0, 32;
    %assign/vec4 v0x55aabceb5e60_0, 0;
    %jmp T_17.1;
T_17.0 ;
    %load/vec4 v0x55aabceb5f40_0;
    %assign/vec4 v0x55aabceb6000_0, 0;
    %load/vec4 v0x55aabceb5c10_0;
    %assign/vec4 v0x55aabceb5d00_0, 0;
    %load/vec4 v0x55aabceb60c0_0;
    %assign/vec4 v0x55aabceb61a0_0, 0;
    %load/vec4 v0x55aabceb5ab0_0;
    %assign/vec4 v0x55aabceb5b50_0, 0;
    %load/vec4 v0x55aabceb58f0_0;
    %assign/vec4 v0x55aabceb59f0_0, 0;
    %load/vec4 v0x55aabceb6280_0;
    %assign/vec4 v0x55aabceb6360_0, 0;
    %load/vec4 v0x55aabceb64c0_0;
    %assign/vec4 v0x55aabceb6580_0, 0;
    %load/vec4 v0x55aabceb5da0_0;
    %assign/vec4 v0x55aabceb5e60_0, 0;
T_17.1 ;
    %jmp T_17;
    .thread T_17;
    .scope S_0x55aabcec1510;
T_18 ;
    %wait E_0x55aabce3d050;
    %load/vec4 v0x55aabcec2310_0;
    %nor/r;
    %flag_set/vec4 8;
    %load/vec4 v0x55aabcec20d0_0;
    %flag_set/vec4 9;
    %flag_or 9, 8;
    %jmp/0xz  T_18.0, 9;
    %pushi/vec4 0, 0, 1;
    %assign/vec4 v0x55aabcec1d30_0, 0;
    %pushi/vec4 0, 0, 2;
    %assign/vec4 v0x55aabcec1f50_0, 0;
    %pushi/vec4 0, 0, 32;
    %assign/vec4 v0x55aabcec1bb0_0, 0;
    %pushi/vec4 0, 0, 32;
    %assign/vec4 v0x55aabcec1820_0, 0;
    %pushi/vec4 0, 0, 5;
    %assign/vec4 v0x55aabcec2250_0, 0;
    %pushi/vec4 0, 0, 32;
    %assign/vec4 v0x55aabcec19c0_0, 0;
    %jmp T_18.1;
T_18.0 ;
    %load/vec4 v0x55aabcec1c70_0;
    %assign/vec4 v0x55aabcec1d30_0, 0;
    %load/vec4 v0x55aabcec1e00_0;
    %assign/vec4 v0x55aabcec1f50_0, 0;
    %load/vec4 v0x55aabcec1aa0_0;
    %assign/vec4 v0x55aabcec1bb0_0, 0;
    %load/vec4 v0x55aabcec1720_0;
    %assign/vec4 v0x55aabcec1820_0, 0;
    %load/vec4 v0x55aabcec2170_0;
    %assign/vec4 v0x55aabcec2250_0, 0;
    %load/vec4 v0x55aabcec1900_0;
    %assign/vec4 v0x55aabcec19c0_0, 0;
T_18.1 ;
    %jmp T_18;
    .thread T_18;
    .scope S_0x55aabcebd100;
T_19 ;
    %wait E_0x55aabcebd400;
    %pushi/vec4 1, 0, 1;
    %store/vec4 v0x55aabcebdb10_0, 0, 1;
    %pushi/vec4 1, 0, 1;
    %store/vec4 v0x55aabcebd8c0_0, 0, 1;
    %pushi/vec4 0, 0, 1;
    %store/vec4 v0x55aabcebd570_0, 0, 1;
    %pushi/vec4 0, 0, 1;
    %store/vec4 v0x55aabcebd7d0_0, 0, 1;
    %load/vec4 v0x55aabcebe0d0_0;
    %flag_set/vec4 8;
    %jmp/0xz  T_19.0, 8;
    %pushi/vec4 0, 0, 1;
    %store/vec4 v0x55aabcebdb10_0, 0, 1;
    %pushi/vec4 0, 0, 1;
    %store/vec4 v0x55aabcebd8c0_0, 0, 1;
    %pushi/vec4 1, 0, 1;
    %store/vec4 v0x55aabcebd570_0, 0, 1;
T_19.0 ;
    %load/vec4 v0x55aabcebd480_0;
    %flag_set/vec4 8;
    %jmp/0xz  T_19.2, 8;
    %pushi/vec4 1, 0, 1;
    %store/vec4 v0x55aabcebd7d0_0, 0, 1;
T_19.2 ;
    %jmp T_19;
    .thread T_19, $push;
    .scope S_0x55aabcebc5f0;
T_20 ;
    %wait E_0x55aabcebc780;
    %load/vec4 v0x55aabcebc820_0;
    %load/vec4 v0x55aabcebc910_0;
    %pushi/vec4 0, 0, 5;
    %cmp/ne;
    %flag_get/vec4 4;
    %and;
    %load/vec4 v0x55aabcebc910_0;
    %load/vec4 v0x55aabcebcc50_0;
    %cmp/e;
    %flag_get/vec4 4;
    %and;
    %flag_set/vec4 8;
    %jmp/0xz  T_20.0, 8;
    %pushi/vec4 1, 0, 2;
    %store/vec4 v0x55aabcebc9e0_0, 0, 2;
    %jmp T_20.1;
T_20.0 ;
    %load/vec4 v0x55aabcebcdb0_0;
    %load/vec4 v0x55aabcebce70_0;
    %pushi/vec4 0, 0, 5;
    %cmp/ne;
    %flag_get/vec4 4;
    %and;
    %load/vec4 v0x55aabcebce70_0;
    %load/vec4 v0x55aabcebcc50_0;
    %cmp/e;
    %flag_get/vec4 4;
    %and;
    %flag_set/vec4 8;
    %jmp/0xz  T_20.2, 8;
    %pushi/vec4 2, 0, 2;
    %store/vec4 v0x55aabcebc9e0_0, 0, 2;
    %jmp T_20.3;
T_20.2 ;
    %pushi/vec4 0, 0, 2;
    %store/vec4 v0x55aabcebc9e0_0, 0, 2;
T_20.3 ;
T_20.1 ;
    %load/vec4 v0x55aabcebc820_0;
    %load/vec4 v0x55aabcebc910_0;
    %pushi/vec4 0, 0, 5;
    %cmp/ne;
    %flag_get/vec4 4;
    %and;
    %load/vec4 v0x55aabcebc910_0;
    %load/vec4 v0x55aabcebccf0_0;
    %cmp/e;
    %flag_get/vec4 4;
    %and;
    %flag_set/vec4 8;
    %jmp/0xz  T_20.4, 8;
    %pushi/vec4 1, 0, 2;
    %store/vec4 v0x55aabcebcae0_0, 0, 2;
    %jmp T_20.5;
T_20.4 ;
    %load/vec4 v0x55aabcebcdb0_0;
    %load/vec4 v0x55aabcebce70_0;
    %pushi/vec4 0, 0, 5;
    %cmp/ne;
    %flag_get/vec4 4;
    %and;
    %load/vec4 v0x55aabcebce70_0;
    %load/vec4 v0x55aabcebccf0_0;
    %cmp/e;
    %flag_get/vec4 4;
    %and;
    %flag_set/vec4 8;
    %jmp/0xz  T_20.6, 8;
    %pushi/vec4 2, 0, 2;
    %store/vec4 v0x55aabcebcae0_0, 0, 2;
    %jmp T_20.7;
T_20.6 ;
    %pushi/vec4 0, 0, 2;
    %store/vec4 v0x55aabcebcae0_0, 0, 2;
T_20.7 ;
T_20.5 ;
    %jmp T_20;
    .thread T_20, $push;
    .scope S_0x55aabce435e0;
T_21 ;
    %wait E_0x55aabce3d050;
    %load/vec4 v0x55aabcf2d480_0;
    %nor/r;
    %flag_set/vec4 8;
    %jmp/0xz  T_21.0, 8;
    %pushi/vec4 1, 0, 1;
    %assign/vec4 v0x55aabcf2d520_0, 0;
    %jmp T_21.1;
T_21.0 ;
    %pushi/vec4 0, 0, 1;
    %assign/vec4 v0x55aabcf2d520_0, 0;
T_21.1 ;
    %jmp T_21;
    .thread T_21;
    .scope S_0x55aabcc97fc0;
T_22 ;
    %pushi/vec4 0, 0, 32;
    %store/vec4 v0x55aabcf2dd00_0, 0, 32;
    %end;
    .thread T_22, $init;
    .scope S_0x55aabcc97fc0;
T_23 ;
    %delay 5000, 0;
    %load/vec4 v0x55aabcf2d9c0_0;
    %inv;
    %store/vec4 v0x55aabcf2d9c0_0, 0, 1;
    %jmp T_23;
    .thread T_23;
    .scope S_0x55aabcc97fc0;
T_24 ;
    %wait E_0x55aabce3cf70;
    %load/vec4 v0x55aabcf27ca0_0;
    %ix/getv/s 4, v0x55aabcf2dd00_0;
    %load/vec4a v0x55aabcf2dfb0, 4;
    %cmp/ne;
    %jmp/0xz  T_24.0, 6;
    %vpi_call/w 6 43 "$display", "\342\235\227 PC mismatch at cycle %0d: DUT = %h, Golden = %h", v0x55aabcf2dd00_0, v0x55aabcf27ca0_0, &A<v0x55aabcf2dfb0, v0x55aabcf2dd00_0 > {0 0 0};
    %load/vec4 v0x55aabcf2db60_0;
    %addi 1, 0, 32;
    %store/vec4 v0x55aabcf2db60_0, 0, 32;
T_24.0 ;
    %fork t_3, S_0x55aabcdad800;
    %jmp t_2;
    .scope S_0x55aabcdad800;
t_3 ;
    %pushi/vec4 0, 0, 32;
    %store/vec4 v0x55aabce43110_0, 0, 32;
T_24.2 ;
    %load/vec4 v0x55aabce43110_0;
    %cmpi/s 32, 0, 32;
    %jmp/0xz T_24.3, 5;
    %ix/getv/s 4, v0x55aabce43110_0;
    %load/vec4a v0x55aabcead8c0, 4;
    %load/vec4 v0x55aabce43110_0;
    %pad/s 39;
    %pad/s 46;
    %muli 112, 0, 46;
    %pad/s 47;
    %load/vec4 v0x55aabcf2dd00_0;
    %pad/s 47;
    %add;
    %ix/vec4/s 4;
    %load/vec4a v0x55aabcf2e150, 4;
    %cmp/ne;
    %jmp/0xz  T_24.4, 6;
    %load/vec4 v0x55aabce43110_0;
    %pad/s 39;
    %pad/s 46;
    %muli 112, 0, 46;
    %pad/s 47;
    %load/vec4 v0x55aabcf2dd00_0;
    %pad/s 47;
    %add;
    %ix/vec4/s 4;
    %load/vec4a v0x55aabcf2e150, 4;
    %vpi_call/w 6 49 "$display", "\342\235\227 x%0d mismatch at cycle %0d: DUT = %h, Golden = %h", v0x55aabce43110_0, v0x55aabcf2dd00_0, &A<v0x55aabcead8c0, v0x55aabce43110_0 >, S<0,vec4,u32> {1 0 0};
    %load/vec4 v0x55aabcf2db60_0;
    %addi 1, 0, 32;
    %store/vec4 v0x55aabcf2db60_0, 0, 32;
T_24.4 ;
    ; show_stmt_assign_vector: Get l-value for compressed += operand
    %load/vec4 v0x55aabce43110_0;
    %pushi/vec4 1, 0, 32;
    %add;
    %store/vec4 v0x55aabce43110_0, 0, 32;
    %jmp T_24.2;
T_24.3 ;
    %end;
    .scope S_0x55aabcc97fc0;
t_2 %join;
    %fork t_5, S_0x55aabccaa180;
    %jmp t_4;
    .scope S_0x55aabccaa180;
t_5 ;
    %pushi/vec4 0, 0, 32;
    %store/vec4 v0x55aabce43280_0, 0, 32;
T_24.6 ;
    %load/vec4 v0x55aabce43280_0;
    %cmpi/s 256, 0, 32;
    %jmp/0xz T_24.7, 5;
    %ix/getv/s 4, v0x55aabce43280_0;
    %load/vec4a v0x55aabce460a0, 4;
    %load/vec4 v0x55aabce43280_0;
    %pad/s 39;
    %pad/s 46;
    %muli 112, 0, 46;
    %pad/s 47;
    %load/vec4 v0x55aabcf2dd00_0;
    %pad/s 47;
    %add;
    %ix/vec4/s 4;
    %load/vec4a v0x55aabcf2de30, 4;
    %cmp/ne;
    %jmp/0xz  T_24.8, 6;
    %load/vec4 v0x55aabce43280_0;
    %pad/s 39;
    %pad/s 46;
    %muli 112, 0, 46;
    %pad/s 47;
    %load/vec4 v0x55aabcf2dd00_0;
    %pad/s 47;
    %add;
    %ix/vec4/s 4;
    %load/vec4a v0x55aabcf2de30, 4;
    %vpi_call/w 6 56 "$display", "\342\235\227 Dmem[%0d] mismatch at cycle %0d: DUT = %h, Golden = %h", v0x55aabce43280_0, v0x55aabcf2dd00_0, &A<v0x55aabce460a0, v0x55aabce43280_0 >, S<0,vec4,u32> {1 0 0};
    %load/vec4 v0x55aabcf2db60_0;
    %addi 1, 0, 32;
    %store/vec4 v0x55aabcf2db60_0, 0, 32;
T_24.8 ;
    ; show_stmt_assign_vector: Get l-value for compressed += operand
    %load/vec4 v0x55aabce43280_0;
    %pushi/vec4 1, 0, 32;
    %add;
    %store/vec4 v0x55aabce43280_0, 0, 32;
    %jmp T_24.6;
T_24.7 ;
    %end;
    .scope S_0x55aabcc97fc0;
t_4 %join;
    %load/vec4 v0x55aabcf2dd00_0;
    %addi 1, 0, 32;
    %store/vec4 v0x55aabcf2dd00_0, 0, 32;
    %jmp T_24;
    .thread T_24;
    .scope S_0x55aabcc97fc0;
T_25 ;
    %vpi_call/w 6 64 "$dumpfile", "wave.vcd" {0 0 0};
    %vpi_call/w 6 65 "$dumpvars", 32'sb00000000000000000000000000000000, S_0x55aabcc97fc0 {0 0 0};
    %vpi_call/w 6 66 "$readmemh", "./mem/imem2.hex", v0x55aabcea2260 {0 0 0};
    %vpi_call/w 6 67 "$readmemh", "./mem/dmem_init2.hex", v0x55aabce460a0 {0 0 0};
    %end;
    .thread T_25;
    .scope S_0x55aabcc97fc0;
T_26 ;
    %pushi/vec4 0, 0, 1;
    %store/vec4 v0x55aabcf2d9c0_0, 0, 1;
    %pushi/vec4 0, 0, 32;
    %store/vec4 v0x55aabcf2e2d0_0, 0, 32;
    %vpi_call/w 6 74 "$display", "\012--- Verifying Data Memory ---" {0 0 0};
    %vpi_func 6 75 "$fopen" 32, "./mem/golden_output2.txt", "r" {0 0 0};
    %store/vec4 v0x55aabcf2dc20_0, 0, 32;
    %load/vec4 v0x55aabcf2dc20_0;
    %cmpi/e 0, 0, 32;
    %jmp/0xz  T_26.0, 4;
    %vpi_call/w 6 77 "$display", "\342\235\214 ERROR: Cannot open golden_output2.txt" {0 0 0};
    %vpi_call/w 6 78 "$finish" {0 0 0};
T_26.0 ;
T_26.2 ;
    %vpi_func 6 81 "$feof" 32, v0x55aabcf2dc20_0 {0 0 0};
    %nor/r;
    %flag_set/vec4 8;
    %jmp/0xz T_26.3, 8;
    %pushi/vec4 0, 0, 32; draw_string_vec4
    %pushi/vec4 0, 0, 32; draw_string_vec4
    %concat/vec4; draw_string_vec4
    %pushi/vec4 0, 0, 32; draw_string_vec4
    %concat/vec4; draw_string_vec4
    %pushi/vec4 0, 0, 32; draw_string_vec4
    %concat/vec4; draw_string_vec4
    %pushi/vec4 0, 0, 32; draw_string_vec4
    %concat/vec4; draw_string_vec4
    %pushi/vec4 0, 0, 32; draw_string_vec4
    %concat/vec4; draw_string_vec4
    %pushi/vec4 0, 0, 32; draw_string_vec4
    %concat/vec4; draw_string_vec4
    %pushi/vec4 0, 0, 32; draw_string_vec4
    %concat/vec4; draw_string_vec4
    %pushi/vec4 0, 0, 32; draw_string_vec4
    %concat/vec4; draw_string_vec4
    %pushi/vec4 0, 0, 32; draw_string_vec4
    %concat/vec4; draw_string_vec4
    %pushi/vec4 0, 0, 32; draw_string_vec4
    %concat/vec4; draw_string_vec4
    %pushi/vec4 0, 0, 32; draw_string_vec4
    %concat/vec4; draw_string_vec4
    %pushi/vec4 0, 0, 32; draw_string_vec4
    %concat/vec4; draw_string_vec4
    %pushi/vec4 0, 0, 32; draw_string_vec4
    %concat/vec4; draw_string_vec4
    %pushi/vec4 0, 0, 32; draw_string_vec4
    %concat/vec4; draw_string_vec4
    %pushi/vec4 0, 0, 32; draw_string_vec4
    %concat/vec4; draw_string_vec4
    %pushi/vec4 0, 0, 32; draw_string_vec4
    %concat/vec4; draw_string_vec4
    %pushi/vec4 0, 0, 32; draw_string_vec4
    %concat/vec4; draw_string_vec4
    %pushi/vec4 0, 0, 32; draw_string_vec4
    %concat/vec4; draw_string_vec4
    %pushi/vec4 0, 0, 32; draw_string_vec4
    %concat/vec4; draw_string_vec4
    %pushi/vec4 0, 0, 32; draw_string_vec4
    %concat/vec4; draw_string_vec4
    %pushi/vec4 0, 0, 32; draw_string_vec4
    %concat/vec4; draw_string_vec4
    %pushi/vec4 0, 0, 32; draw_string_vec4
    %concat/vec4; draw_string_vec4
    %pushi/vec4 0, 0, 32; draw_string_vec4
    %concat/vec4; draw_string_vec4
    %pushi/vec4 0, 0, 32; draw_string_vec4
    %concat/vec4; draw_string_vec4
    %pushi/vec4 0, 0, 32; draw_string_vec4
    %concat/vec4; draw_string_vec4
    %pushi/vec4 0, 0, 32; draw_string_vec4
    %concat/vec4; draw_string_vec4
    %pushi/vec4 0, 0, 32; draw_string_vec4
    %concat/vec4; draw_string_vec4
    %pushi/vec4 0, 0, 32; draw_string_vec4
    %concat/vec4; draw_string_vec4
    %pushi/vec4 0, 0, 32; draw_string_vec4
    %concat/vec4; draw_string_vec4
    %pushi/vec4 0, 0, 32; draw_string_vec4
    %concat/vec4; draw_string_vec4
    %pushi/vec4 0, 0, 32; draw_string_vec4
    %concat/vec4; draw_string_vec4
    %pushi/vec4 0, 0, 32; draw_string_vec4
    %concat/vec4; draw_string_vec4
    %pushi/vec4 0, 0, 32; draw_string_vec4
    %concat/vec4; draw_string_vec4
    %pushi/vec4 0, 0, 32; draw_string_vec4
    %concat/vec4; draw_string_vec4
    %pushi/vec4 0, 0, 32; draw_string_vec4
    %concat/vec4; draw_string_vec4
    %pushi/vec4 0, 0, 32; draw_string_vec4
    %concat/vec4; draw_string_vec4
    %pushi/vec4 0, 0, 32; draw_string_vec4
    %concat/vec4; draw_string_vec4
    %pushi/vec4 0, 0, 32; draw_string_vec4
    %concat/vec4; draw_string_vec4
    %pushi/vec4 0, 0, 32; draw_string_vec4
    %concat/vec4; draw_string_vec4
    %pushi/vec4 0, 0, 32; draw_string_vec4
    %concat/vec4; draw_string_vec4
    %pushi/vec4 0, 0, 32; draw_string_vec4
    %concat/vec4; draw_string_vec4
    %pushi/vec4 0, 0, 32; draw_string_vec4
    %concat/vec4; draw_string_vec4
    %pushi/vec4 0, 0, 32; draw_string_vec4
    %concat/vec4; draw_string_vec4
    %pushi/vec4 0, 0, 32; draw_string_vec4
    %concat/vec4; draw_string_vec4
    %pushi/vec4 0, 0, 32; draw_string_vec4
    %concat/vec4; draw_string_vec4
    %pushi/vec4 0, 0, 32; draw_string_vec4
    %concat/vec4; draw_string_vec4
    %pushi/vec4 0, 0, 32; draw_string_vec4
    %concat/vec4; draw_string_vec4
    %pushi/vec4 0, 0, 32; draw_string_vec4
    %concat/vec4; draw_string_vec4
    %pushi/vec4 0, 0, 32; draw_string_vec4
    %concat/vec4; draw_string_vec4
    %pushi/vec4 0, 0, 32; draw_string_vec4
    %concat/vec4; draw_string_vec4
    %pushi/vec4 0, 0, 32; draw_string_vec4
    %concat/vec4; draw_string_vec4
    %pushi/vec4 0, 0, 32; draw_string_vec4
    %concat/vec4; draw_string_vec4
    %pushi/vec4 0, 0, 32; draw_string_vec4
    %concat/vec4; draw_string_vec4
    %pushi/vec4 0, 0, 32; draw_string_vec4
    %concat/vec4; draw_string_vec4
    %pushi/vec4 0, 0, 32; draw_string_vec4
    %concat/vec4; draw_string_vec4
    %pushi/vec4 0, 0, 32; draw_string_vec4
    %concat/vec4; draw_string_vec4
    %pushi/vec4 0, 0, 32; draw_string_vec4
    %concat/vec4; draw_string_vec4
    %pushi/vec4 0, 0, 32; draw_string_vec4
    %concat/vec4; draw_string_vec4
    %pushi/vec4 0, 0, 32; draw_string_vec4
    %concat/vec4; draw_string_vec4
    %pushi/vec4 0, 0, 32; draw_string_vec4
    %concat/vec4; draw_string_vec4
    %pushi/vec4 0, 0, 32; draw_string_vec4
    %concat/vec4; draw_string_vec4
    %pushi/vec4 0, 0, 32; draw_string_vec4
    %concat/vec4; draw_string_vec4
    %pushi/vec4 0, 0, 32; draw_string_vec4
    %concat/vec4; draw_string_vec4
    %pushi/vec4 0, 0, 32; draw_string_vec4
    %concat/vec4; draw_string_vec4
    %pushi/vec4 0, 0, 32; draw_string_vec4
    %concat/vec4; draw_string_vec4
    %pushi/vec4 0, 0, 32; draw_string_vec4
    %concat/vec4; draw_string_vec4
    %pushi/vec4 0, 0, 32; draw_string_vec4
    %concat/vec4; draw_string_vec4
    %pushi/vec4 0, 0, 32; draw_string_vec4
    %concat/vec4; draw_string_vec4
    %pushi/vec4 0, 0, 32; draw_string_vec4
    %concat/vec4; draw_string_vec4
    %pushi/vec4 0, 0, 32; draw_string_vec4
    %concat/vec4; draw_string_vec4
    %pushi/vec4 0, 0, 32; draw_string_vec4
    %concat/vec4; draw_string_vec4
    %pushi/vec4 0, 0, 32; draw_string_vec4
    %concat/vec4; draw_string_vec4
    %pushi/vec4 0, 0, 32; draw_string_vec4
    %concat/vec4; draw_string_vec4
    %pushi/vec4 0, 0, 32; draw_string_vec4
    %concat/vec4; draw_string_vec4
    %pushi/vec4 0, 0, 32; draw_string_vec4
    %concat/vec4; draw_string_vec4
    %pushi/vec4 0, 0, 32; draw_string_vec4
    %concat/vec4; draw_string_vec4
    %pushi/vec4 0, 0, 32; draw_string_vec4
    %concat/vec4; draw_string_vec4
    %pushi/vec4 0, 0, 32; draw_string_vec4
    %concat/vec4; draw_string_vec4
    %pushi/vec4 0, 0, 32; draw_string_vec4
    %concat/vec4; draw_string_vec4
    %pushi/vec4 0, 0, 32; draw_string_vec4
    %concat/vec4; draw_string_vec4
    %pushi/vec4 0, 0, 32; draw_string_vec4
    %concat/vec4; draw_string_vec4
    %pushi/vec4 0, 0, 32; draw_string_vec4
    %concat/vec4; draw_string_vec4
    %pushi/vec4 0, 0, 32; draw_string_vec4
    %concat/vec4; draw_string_vec4
    %pushi/vec4 0, 0, 32; draw_string_vec4
    %concat/vec4; draw_string_vec4
    %pushi/vec4 0, 0, 32; draw_string_vec4
    %concat/vec4; draw_string_vec4
    %pushi/vec4 0, 0, 32; draw_string_vec4
    %concat/vec4; draw_string_vec4
    %pushi/vec4 0, 0, 32; draw_string_vec4
    %concat/vec4; draw_string_vec4
    %pushi/vec4 0, 0, 32; draw_string_vec4
    %concat/vec4; draw_string_vec4
    %pushi/vec4 0, 0, 32; draw_string_vec4
    %concat/vec4; draw_string_vec4
    %pushi/vec4 0, 0, 32; draw_string_vec4
    %concat/vec4; draw_string_vec4
    %pushi/vec4 0, 0, 32; draw_string_vec4
    %concat/vec4; draw_string_vec4
    %pushi/vec4 0, 0, 32; draw_string_vec4
    %concat/vec4; draw_string_vec4
    %pushi/vec4 0, 0, 32; draw_string_vec4
    %concat/vec4; draw_string_vec4
    %pushi/vec4 0, 0, 32; draw_string_vec4
    %concat/vec4; draw_string_vec4
    %pushi/vec4 0, 0, 32; draw_string_vec4
    %concat/vec4; draw_string_vec4
    %pushi/vec4 0, 0, 32; draw_string_vec4
    %concat/vec4; draw_string_vec4
    %pushi/vec4 0, 0, 32; draw_string_vec4
    %concat/vec4; draw_string_vec4
    %pushi/vec4 0, 0, 32; draw_string_vec4
    %concat/vec4; draw_string_vec4
    %pushi/vec4 0, 0, 32; draw_string_vec4
    %concat/vec4; draw_string_vec4
    %pushi/vec4 0, 0, 32; draw_string_vec4
    %concat/vec4; draw_string_vec4
    %pushi/vec4 0, 0, 32; draw_string_vec4
    %concat/vec4; draw_string_vec4
    %pushi/vec4 0, 0, 32; draw_string_vec4
    %concat/vec4; draw_string_vec4
    %pushi/vec4 0, 0, 32; draw_string_vec4
    %concat/vec4; draw_string_vec4
    %pushi/vec4 0, 0, 32; draw_string_vec4
    %concat/vec4; draw_string_vec4
    %pushi/vec4 0, 0, 32; draw_string_vec4
    %concat/vec4; draw_string_vec4
    %pushi/vec4 0, 0, 32; draw_string_vec4
    %concat/vec4; draw_string_vec4
    %pushi/vec4 0, 0, 32; draw_string_vec4
    %concat/vec4; draw_string_vec4
    %pushi/vec4 0, 0, 32; draw_string_vec4
    %concat/vec4; draw_string_vec4
    %pushi/vec4 0, 0, 32; draw_string_vec4
    %concat/vec4; draw_string_vec4
    %pushi/vec4 0, 0, 32; draw_string_vec4
    %concat/vec4; draw_string_vec4
    %pushi/vec4 0, 0, 32; draw_string_vec4
    %concat/vec4; draw_string_vec4
    %pushi/vec4 0, 0, 32; draw_string_vec4
    %concat/vec4; draw_string_vec4
    %pushi/vec4 0, 0, 32; draw_string_vec4
    %concat/vec4; draw_string_vec4
    %pushi/vec4 0, 0, 32; draw_string_vec4
    %concat/vec4; draw_string_vec4
    %pushi/vec4 0, 0, 32; draw_string_vec4
    %concat/vec4; draw_string_vec4
    %pushi/vec4 0, 0, 32; draw_string_vec4
    %concat/vec4; draw_string_vec4
    %pushi/vec4 0, 0, 32; draw_string_vec4
    %concat/vec4; draw_string_vec4
    %pushi/vec4 0, 0, 32; draw_string_vec4
    %concat/vec4; draw_string_vec4
    %pushi/vec4 0, 0, 32; draw_string_vec4
    %concat/vec4; draw_string_vec4
    %pushi/vec4 0, 0, 32; draw_string_vec4
    %concat/vec4; draw_string_vec4
    %pushi/vec4 0, 0, 32; draw_string_vec4
    %concat/vec4; draw_string_vec4
    %pushi/vec4 0, 0, 32; draw_string_vec4
    %concat/vec4; draw_string_vec4
    %pushi/vec4 0, 0, 32; draw_string_vec4
    %concat/vec4; draw_string_vec4
    %pushi/vec4 0, 0, 32; draw_string_vec4
    %concat/vec4; draw_string_vec4
    %pushi/vec4 0, 0, 32; draw_string_vec4
    %concat/vec4; draw_string_vec4
    %pushi/vec4 0, 0, 32; draw_string_vec4
    %concat/vec4; draw_string_vec4
    %pushi/vec4 0, 0, 32; draw_string_vec4
    %concat/vec4; draw_string_vec4
    %pushi/vec4 0, 0, 32; draw_string_vec4
    %concat/vec4; draw_string_vec4
    %pushi/vec4 0, 0, 32; draw_string_vec4
    %concat/vec4; draw_string_vec4
    %pushi/vec4 0, 0, 32; draw_string_vec4
    %concat/vec4; draw_string_vec4
    %pushi/vec4 0, 0, 32; draw_string_vec4
    %concat/vec4; draw_string_vec4
    %pushi/vec4 0, 0, 32; draw_string_vec4
    %concat/vec4; draw_string_vec4
    %pushi/vec4 0, 0, 32; draw_string_vec4
    %concat/vec4; draw_string_vec4
    %pushi/vec4 0, 0, 32; draw_string_vec4
    %concat/vec4; draw_string_vec4
    %pushi/vec4 0, 0, 32; draw_string_vec4
    %concat/vec4; draw_string_vec4
    %pushi/vec4 0, 0, 32; draw_string_vec4
    %concat/vec4; draw_string_vec4
    %pushi/vec4 0, 0, 32; draw_string_vec4
    %concat/vec4; draw_string_vec4
    %pushi/vec4 0, 0, 32; draw_string_vec4
    %concat/vec4; draw_string_vec4
    %pushi/vec4 0, 0, 32; draw_string_vec4
    %concat/vec4; draw_string_vec4
    %pushi/vec4 0, 0, 32; draw_string_vec4
    %concat/vec4; draw_string_vec4
    %pushi/vec4 0, 0, 32; draw_string_vec4
    %concat/vec4; draw_string_vec4
    %pushi/vec4 0, 0, 32; draw_string_vec4
    %concat/vec4; draw_string_vec4
    %pushi/vec4 0, 0, 32; draw_string_vec4
    %concat/vec4; draw_string_vec4
    %pushi/vec4 0, 0, 32; draw_string_vec4
    %concat/vec4; draw_string_vec4
    %pushi/vec4 0, 0, 32; draw_string_vec4
    %concat/vec4; draw_string_vec4
    %pushi/vec4 0, 0, 32; draw_string_vec4
    %concat/vec4; draw_string_vec4
    %pushi/vec4 0, 0, 32; draw_string_vec4
    %concat/vec4; draw_string_vec4
    %pushi/vec4 0, 0, 32; draw_string_vec4
    %concat/vec4; draw_string_vec4
    %pushi/vec4 0, 0, 32; draw_string_vec4
    %concat/vec4; draw_string_vec4
    %pushi/vec4 0, 0, 32; draw_string_vec4
    %concat/vec4; draw_string_vec4
    %pushi/vec4 0, 0, 32; draw_string_vec4
    %concat/vec4; draw_string_vec4
    %pushi/vec4 0, 0, 32; draw_string_vec4
    %concat/vec4; draw_string_vec4
    %pushi/vec4 0, 0, 32; draw_string_vec4
    %concat/vec4; draw_string_vec4
    %pushi/vec4 0, 0, 32; draw_string_vec4
    %concat/vec4; draw_string_vec4
    %pushi/vec4 0, 0, 32; draw_string_vec4
    %concat/vec4; draw_string_vec4
    %pushi/vec4 0, 0, 32; draw_string_vec4
    %concat/vec4; draw_string_vec4
    %pushi/vec4 0, 0, 32; draw_string_vec4
    %concat/vec4; draw_string_vec4
    %pushi/vec4 0, 0, 32; draw_string_vec4
    %concat/vec4; draw_string_vec4
    %pushi/vec4 0, 0, 32; draw_string_vec4
    %concat/vec4; draw_string_vec4
    %pushi/vec4 0, 0, 32; draw_string_vec4
    %concat/vec4; draw_string_vec4
    %pushi/vec4 0, 0, 32; draw_string_vec4
    %concat/vec4; draw_string_vec4
    %pushi/vec4 0, 0, 32; draw_string_vec4
    %concat/vec4; draw_string_vec4
    %pushi/vec4 0, 0, 32; draw_string_vec4
    %concat/vec4; draw_string_vec4
    %pushi/vec4 0, 0, 32; draw_string_vec4
    %concat/vec4; draw_string_vec4
    %pushi/vec4 0, 0, 32; draw_string_vec4
    %concat/vec4; draw_string_vec4
    %pushi/vec4 0, 0, 32; draw_string_vec4
    %concat/vec4; draw_string_vec4
    %pushi/vec4 0, 0, 32; draw_string_vec4
    %concat/vec4; draw_string_vec4
    %pushi/vec4 0, 0, 32; draw_string_vec4
    %concat/vec4; draw_string_vec4
    %pushi/vec4 0, 0, 32; draw_string_vec4
    %concat/vec4; draw_string_vec4
    %pushi/vec4 0, 0, 32; draw_string_vec4
    %concat/vec4; draw_string_vec4
    %pushi/vec4 0, 0, 32; draw_string_vec4
    %concat/vec4; draw_string_vec4
    %pushi/vec4 0, 0, 32; draw_string_vec4
    %concat/vec4; draw_string_vec4
    %pushi/vec4 0, 0, 32; draw_string_vec4
    %concat/vec4; draw_string_vec4
    %pushi/vec4 0, 0, 32; draw_string_vec4
    %concat/vec4; draw_string_vec4
    %pushi/vec4 0, 0, 32; draw_string_vec4
    %concat/vec4; draw_string_vec4
    %pushi/vec4 0, 0, 32; draw_string_vec4
    %concat/vec4; draw_string_vec4
    %pushi/vec4 0, 0, 32; draw_string_vec4
    %concat/vec4; draw_string_vec4
    %pushi/vec4 0, 0, 32; draw_string_vec4
    %concat/vec4; draw_string_vec4
    %pushi/vec4 0, 0, 32; draw_string_vec4
    %concat/vec4; draw_string_vec4
    %pushi/vec4 0, 0, 32; draw_string_vec4
    %concat/vec4; draw_string_vec4
    %pushi/vec4 0, 0, 32; draw_string_vec4
    %concat/vec4; draw_string_vec4
    %pushi/vec4 0, 0, 32; draw_string_vec4
    %concat/vec4; draw_string_vec4
    %pushi/vec4 0, 0, 32; draw_string_vec4
    %concat/vec4; draw_string_vec4
    %pushi/vec4 0, 0, 32; draw_string_vec4
    %concat/vec4; draw_string_vec4
    %pushi/vec4 0, 0, 32; draw_string_vec4
    %concat/vec4; draw_string_vec4
    %pushi/vec4 0, 0, 32; draw_string_vec4
    %concat/vec4; draw_string_vec4
    %pushi/vec4 0, 0, 32; draw_string_vec4
    %concat/vec4; draw_string_vec4
    %pushi/vec4 0, 0, 32; draw_string_vec4
    %concat/vec4; draw_string_vec4
    %pushi/vec4 0, 0, 32; draw_string_vec4
    %concat/vec4; draw_string_vec4
    %pushi/vec4 0, 0, 32; draw_string_vec4
    %concat/vec4; draw_string_vec4
    %pushi/vec4 0, 0, 32; draw_string_vec4
    %concat/vec4; draw_string_vec4
    %pushi/vec4 0, 0, 32; draw_string_vec4
    %concat/vec4; draw_string_vec4
    %pushi/vec4 0, 0, 32; draw_string_vec4
    %concat/vec4; draw_string_vec4
    %pushi/vec4 0, 0, 32; draw_string_vec4
    %concat/vec4; draw_string_vec4
    %pushi/vec4 0, 0, 32; draw_string_vec4
    %concat/vec4; draw_string_vec4
    %pushi/vec4 0, 0, 32; draw_string_vec4
    %concat/vec4; draw_string_vec4
    %pushi/vec4 0, 0, 32; draw_string_vec4
    %concat/vec4; draw_string_vec4
    %pushi/vec4 0, 0, 32; draw_string_vec4
    %concat/vec4; draw_string_vec4
    %pushi/vec4 0, 0, 32; draw_string_vec4
    %concat/vec4; draw_string_vec4
    %pushi/vec4 0, 0, 32; draw_string_vec4
    %concat/vec4; draw_string_vec4
    %pushi/vec4 0, 0, 32; draw_string_vec4
    %concat/vec4; draw_string_vec4
    %pushi/vec4 0, 0, 32; draw_string_vec4
    %concat/vec4; draw_string_vec4
    %pushi/vec4 0, 0, 32; draw_string_vec4
    %concat/vec4; draw_string_vec4
    %pushi/vec4 0, 0, 32; draw_string_vec4
    %concat/vec4; draw_string_vec4
    %pushi/vec4 0, 0, 32; draw_string_vec4
    %concat/vec4; draw_string_vec4
    %pushi/vec4 0, 0, 32; draw_string_vec4
    %concat/vec4; draw_string_vec4
    %pushi/vec4 0, 0, 32; draw_string_vec4
    %concat/vec4; draw_string_vec4
    %pushi/vec4 0, 0, 32; draw_string_vec4
    %concat/vec4; draw_string_vec4
    %pushi/vec4 0, 0, 32; draw_string_vec4
    %concat/vec4; draw_string_vec4
    %pushi/vec4 0, 0, 32; draw_string_vec4
    %concat/vec4; draw_string_vec4
    %pushi/vec4 0, 0, 32; draw_string_vec4
    %concat/vec4; draw_string_vec4
    %pushi/vec4 0, 0, 32; draw_string_vec4
    %concat/vec4; draw_string_vec4
    %pushi/vec4 0, 0, 32; draw_string_vec4
    %concat/vec4; draw_string_vec4
    %pushi/vec4 0, 0, 32; draw_string_vec4
    %concat/vec4; draw_string_vec4
    %pushi/vec4 0, 0, 32; draw_string_vec4
    %concat/vec4; draw_string_vec4
    %pushi/vec4 0, 0, 32; draw_string_vec4
    %concat/vec4; draw_string_vec4
    %pushi/vec4 0, 0, 32; draw_string_vec4
    %concat/vec4; draw_string_vec4
    %pushi/vec4 0, 0, 32; draw_string_vec4
    %concat/vec4; draw_string_vec4
    %pushi/vec4 0, 0, 32; draw_string_vec4
    %concat/vec4; draw_string_vec4
    %pushi/vec4 0, 0, 32; draw_string_vec4
    %concat/vec4; draw_string_vec4
    %pushi/vec4 0, 0, 32; draw_string_vec4
    %concat/vec4; draw_string_vec4
    %pushi/vec4 0, 0, 32; draw_string_vec4
    %concat/vec4; draw_string_vec4
    %pushi/vec4 0, 0, 32; draw_string_vec4
    %concat/vec4; draw_string_vec4
    %pushi/vec4 0, 0, 32; draw_string_vec4
    %concat/vec4; draw_string_vec4
    %pushi/vec4 0, 0, 32; draw_string_vec4
    %concat/vec4; draw_string_vec4
    %pushi/vec4 0, 0, 32; draw_string_vec4
    %concat/vec4; draw_string_vec4
    %pushi/vec4 0, 0, 32; draw_string_vec4
    %concat/vec4; draw_string_vec4
    %pushi/vec4 0, 0, 32; draw_string_vec4
    %concat/vec4; draw_string_vec4
    %pushi/vec4 0, 0, 32; draw_string_vec4
    %concat/vec4; draw_string_vec4
    %pushi/vec4 0, 0, 32; draw_string_vec4
    %concat/vec4; draw_string_vec4
    %pushi/vec4 0, 0, 32; draw_string_vec4
    %concat/vec4; draw_string_vec4
    %pushi/vec4 0, 0, 32; draw_string_vec4
    %concat/vec4; draw_string_vec4
    %pushi/vec4 0, 0, 32; draw_string_vec4
    %concat/vec4; draw_string_vec4
    %pushi/vec4 0, 0, 32; draw_string_vec4
    %concat/vec4; draw_string_vec4
    %pushi/vec4 0, 0, 32; draw_string_vec4
    %concat/vec4; draw_string_vec4
    %pushi/vec4 0, 0, 32; draw_string_vec4
    %concat/vec4; draw_string_vec4
    %pushi/vec4 0, 0, 32; draw_string_vec4
    %concat/vec4; draw_string_vec4
    %pushi/vec4 0, 0, 32; draw_string_vec4
    %concat/vec4; draw_string_vec4
    %pushi/vec4 0, 0, 32; draw_string_vec4
    %concat/vec4; draw_string_vec4
    %pushi/vec4 0, 0, 32; draw_string_vec4
    %concat/vec4; draw_string_vec4
    %pushi/vec4 0, 0, 32; draw_string_vec4
    %concat/vec4; draw_string_vec4
    %pushi/vec4 0, 0, 32; draw_string_vec4
    %concat/vec4; draw_string_vec4
    %pushi/vec4 0, 0, 32; draw_string_vec4
    %concat/vec4; draw_string_vec4
    %pushi/vec4 0, 0, 32; draw_string_vec4
    %concat/vec4; draw_string_vec4
    %pushi/vec4 0, 0, 32; draw_string_vec4
    %concat/vec4; draw_string_vec4
    %pushi/vec4 0, 0, 32; draw_string_vec4
    %concat/vec4; draw_string_vec4
    %pushi/vec4 0, 0, 32; draw_string_vec4
    %concat/vec4; draw_string_vec4
    %pushi/vec4 0, 0, 32; draw_string_vec4
    %concat/vec4; draw_string_vec4
    %pushi/vec4 0, 0, 32; draw_string_vec4
    %concat/vec4; draw_string_vec4
    %pushi/vec4 0, 0, 32; draw_string_vec4
    %concat/vec4; draw_string_vec4
    %pushi/vec4 0, 0, 32; draw_string_vec4
    %concat/vec4; draw_string_vec4
    %pushi/vec4 0, 0, 32; draw_string_vec4
    %concat/vec4; draw_string_vec4
    %pushi/vec4 0, 0, 32; draw_string_vec4
    %concat/vec4; draw_string_vec4
    %pushi/vec4 0, 0, 32; draw_string_vec4
    %concat/vec4; draw_string_vec4
    %pushi/vec4 0, 0, 32; draw_string_vec4
    %concat/vec4; draw_string_vec4
    %pushi/vec4 0, 0, 32; draw_string_vec4
    %concat/vec4; draw_string_vec4
    %pushi/vec4 0, 0, 32; draw_string_vec4
    %concat/vec4; draw_string_vec4
    %pushi/vec4 0, 0, 32; draw_string_vec4
    %concat/vec4; draw_string_vec4
    %pushi/vec4 0, 0, 32; draw_string_vec4
    %concat/vec4; draw_string_vec4
    %pushi/vec4 0, 0, 32; draw_string_vec4
    %concat/vec4; draw_string_vec4
    %pushi/vec4 0, 0, 32; draw_string_vec4
    %concat/vec4; draw_string_vec4
    %pushi/vec4 0, 0, 32; draw_string_vec4
    %concat/vec4; draw_string_vec4
    %pushi/vec4 0, 0, 32; draw_string_vec4
    %concat/vec4; draw_string_vec4
    %pushi/vec4 0, 0, 32; draw_string_vec4
    %concat/vec4; draw_string_vec4
    %pushi/vec4 0, 0, 32; draw_string_vec4
    %concat/vec4; draw_string_vec4
    %pushi/vec4 0, 0, 32; draw_string_vec4
    %concat/vec4; draw_string_vec4
    %pushi/vec4 0, 0, 32; draw_string_vec4
    %concat/vec4; draw_string_vec4
    %pushi/vec4 0, 0, 32; draw_string_vec4
    %concat/vec4; draw_string_vec4
    %pushi/vec4 0, 0, 32; draw_string_vec4
    %concat/vec4; draw_string_vec4
    %pushi/vec4 0, 0, 32; draw_string_vec4
    %concat/vec4; draw_string_vec4
    %pushi/vec4 0, 0, 32; draw_string_vec4
    %concat/vec4; draw_string_vec4
    %pushi/vec4 0, 0, 32; draw_string_vec4
    %concat/vec4; draw_string_vec4
    %pushi/vec4 0, 0, 32; draw_string_vec4
    %concat/vec4; draw_string_vec4
    %pushi/vec4 0, 0, 32; draw_string_vec4
    %concat/vec4; draw_string_vec4
    %pushi/vec4 0, 0, 32; draw_string_vec4
    %concat/vec4; draw_string_vec4
    %pushi/vec4 0, 0, 32; draw_string_vec4
    %concat/vec4; draw_string_vec4
    %pushi/vec4 0, 0, 32; draw_string_vec4
    %concat/vec4; draw_string_vec4
    %pushi/vec4 0, 0, 32; draw_string_vec4
    %concat/vec4; draw_string_vec4
    %pushi/vec4 0, 0, 32; draw_string_vec4
    %concat/vec4; draw_string_vec4
    %pushi/vec4 0, 0, 32; draw_string_vec4
    %concat/vec4; draw_string_vec4
    %pushi/vec4 0, 0, 32; draw_string_vec4
    %concat/vec4; draw_string_vec4
    %pushi/vec4 0, 0, 32; draw_string_vec4
    %concat/vec4; draw_string_vec4
    %pushi/vec4 0, 0, 32; draw_string_vec4
    %concat/vec4; draw_string_vec4
    %pushi/vec4 0, 0, 32; draw_string_vec4
    %concat/vec4; draw_string_vec4
    %pushi/vec4 0, 0, 32; draw_string_vec4
    %concat/vec4; draw_string_vec4
    %pushi/vec4 0, 0, 32; draw_string_vec4
    %concat/vec4; draw_string_vec4
    %pushi/vec4 0, 0, 32; draw_string_vec4
    %concat/vec4; draw_string_vec4
    %pushi/vec4 0, 0, 32; draw_string_vec4
    %concat/vec4; draw_string_vec4
    %pushi/vec4 0, 0, 32; draw_string_vec4
    %concat/vec4; draw_string_vec4
    %pushi/vec4 0, 0, 32; draw_string_vec4
    %concat/vec4; draw_string_vec4
    %pushi/vec4 0, 0, 32; draw_string_vec4
    %concat/vec4; draw_string_vec4
    %pushi/vec4 0, 0, 32; draw_string_vec4
    %concat/vec4; draw_string_vec4
    %pushi/vec4 0, 0, 32; draw_string_vec4
    %concat/vec4; draw_string_vec4
    %pushi/vec4 0, 0, 32; draw_string_vec4
    %concat/vec4; draw_string_vec4
    %pushi/vec4 0, 0, 32; draw_string_vec4
    %concat/vec4; draw_string_vec4
    %pushi/vec4 0, 0, 32; draw_string_vec4
    %concat/vec4; draw_string_vec4
    %pushi/vec4 0, 0, 32; draw_string_vec4
    %concat/vec4; draw_string_vec4
    %pushi/vec4 0, 0, 32; draw_string_vec4
    %concat/vec4; draw_string_vec4
    %pushi/vec4 0, 0, 32; draw_string_vec4
    %concat/vec4; draw_string_vec4
    %pushi/vec4 0, 0, 32; draw_string_vec4
    %concat/vec4; draw_string_vec4
    %pushi/vec4 0, 0, 32; draw_string_vec4
    %concat/vec4; draw_string_vec4
    %pushi/vec4 0, 0, 32; draw_string_vec4
    %concat/vec4; draw_string_vec4
    %pushi/vec4 0, 0, 32; draw_string_vec4
    %concat/vec4; draw_string_vec4
    %pushi/vec4 0, 0, 32; draw_string_vec4
    %concat/vec4; draw_string_vec4
    %pushi/vec4 0, 0, 32; draw_string_vec4
    %concat/vec4; draw_string_vec4
    %pushi/vec4 0, 0, 32; draw_string_vec4
    %concat/vec4; draw_string_vec4
    %pushi/vec4 0, 0, 32; draw_string_vec4
    %concat/vec4; draw_string_vec4
    %pushi/vec4 0, 0, 32; draw_string_vec4
    %concat/vec4; draw_string_vec4
    %pushi/vec4 0, 0, 32; draw_string_vec4
    %concat/vec4; draw_string_vec4
    %pushi/vec4 0, 0, 32; draw_string_vec4
    %concat/vec4; draw_string_vec4
    %pushi/vec4 0, 0, 32; draw_string_vec4
    %concat/vec4; draw_string_vec4
    %pushi/vec4 0, 0, 32; draw_string_vec4
    %concat/vec4; draw_string_vec4
    %pushi/vec4 0, 0, 32; draw_string_vec4
    %concat/vec4; draw_string_vec4
    %pushi/vec4 0, 0, 32; draw_string_vec4
    %concat/vec4; draw_string_vec4
    %pushi/vec4 0, 0, 32; draw_string_vec4
    %concat/vec4; draw_string_vec4
    %pushi/vec4 0, 0, 32; draw_string_vec4
    %concat/vec4; draw_string_vec4
    %pushi/vec4 0, 0, 32; draw_string_vec4
    %concat/vec4; draw_string_vec4
    %pushi/vec4 0, 0, 32; draw_string_vec4
    %concat/vec4; draw_string_vec4
    %pushi/vec4 0, 0, 32; draw_string_vec4
    %concat/vec4; draw_string_vec4
    %pushi/vec4 0, 0, 32; draw_string_vec4
    %concat/vec4; draw_string_vec4
    %pushi/vec4 0, 0, 32; draw_string_vec4
    %concat/vec4; draw_string_vec4
    %pushi/vec4 0, 0, 32; draw_string_vec4
    %concat/vec4; draw_string_vec4
    %pushi/vec4 0, 0, 32; draw_string_vec4
    %concat/vec4; draw_string_vec4
    %pushi/vec4 0, 0, 32; draw_string_vec4
    %concat/vec4; draw_string_vec4
    %pushi/vec4 0, 0, 32; draw_string_vec4
    %concat/vec4; draw_string_vec4
    %pushi/vec4 0, 0, 32; draw_string_vec4
    %concat/vec4; draw_string_vec4
    %pushi/vec4 0, 0, 32; draw_string_vec4
    %concat/vec4; draw_string_vec4
    %pushi/vec4 0, 0, 32; draw_string_vec4
    %concat/vec4; draw_string_vec4
    %pushi/vec4 0, 0, 32; draw_string_vec4
    %concat/vec4; draw_string_vec4
    %pushi/vec4 0, 0, 32; draw_string_vec4
    %concat/vec4; draw_string_vec4
    %pushi/vec4 0, 0, 32; draw_string_vec4
    %concat/vec4; draw_string_vec4
    %pushi/vec4 0, 0, 32; draw_string_vec4
    %concat/vec4; draw_string_vec4
    %pushi/vec4 0, 0, 32; draw_string_vec4
    %concat/vec4; draw_string_vec4
    %pushi/vec4 0, 0, 32; draw_string_vec4
    %concat/vec4; draw_string_vec4
    %pushi/vec4 0, 0, 32; draw_string_vec4
    %concat/vec4; draw_string_vec4
    %pushi/vec4 0, 0, 32; draw_string_vec4
    %concat/vec4; draw_string_vec4
    %pushi/vec4 0, 0, 32; draw_string_vec4
    %concat/vec4; draw_string_vec4
    %pushi/vec4 0, 0, 32; draw_string_vec4
    %concat/vec4; draw_string_vec4
    %pushi/vec4 0, 0, 32; draw_string_vec4
    %concat/vec4; draw_string_vec4
    %pushi/vec4 0, 0, 32; draw_string_vec4
    %concat/vec4; draw_string_vec4
    %pushi/vec4 0, 0, 32; draw_string_vec4
    %concat/vec4; draw_string_vec4
    %pushi/vec4 0, 0, 32; draw_string_vec4
    %concat/vec4; draw_string_vec4
    %pushi/vec4 0, 0, 32; draw_string_vec4
    %concat/vec4; draw_string_vec4
    %pushi/vec4 0, 0, 32; draw_string_vec4
    %concat/vec4; draw_string_vec4
    %pushi/vec4 0, 0, 32; draw_string_vec4
    %concat/vec4; draw_string_vec4
    %pushi/vec4 0, 0, 32; draw_string_vec4
    %concat/vec4; draw_string_vec4
    %pushi/vec4 0, 0, 32; draw_string_vec4
    %concat/vec4; draw_string_vec4
    %pushi/vec4 0, 0, 32; draw_string_vec4
    %concat/vec4; draw_string_vec4
    %pushi/vec4 0, 0, 32; draw_string_vec4
    %concat/vec4; draw_string_vec4
    %pushi/vec4 0, 0, 32; draw_string_vec4
    %concat/vec4; draw_string_vec4
    %pushi/vec4 0, 0, 32; draw_string_vec4
    %concat/vec4; draw_string_vec4
    %pushi/vec4 0, 0, 32; draw_string_vec4
    %concat/vec4; draw_string_vec4
    %pushi/vec4 0, 0, 32; draw_string_vec4
    %concat/vec4; draw_string_vec4
    %pushi/vec4 0, 0, 32; draw_string_vec4
    %concat/vec4; draw_string_vec4
    %pushi/vec4 0, 0, 32; draw_string_vec4
    %concat/vec4; draw_string_vec4
    %pushi/vec4 0, 0, 32; draw_string_vec4
    %concat/vec4; draw_string_vec4
    %pushi/vec4 0, 0, 32; draw_string_vec4
    %concat/vec4; draw_string_vec4
    %pushi/vec4 0, 0, 32; draw_string_vec4
    %concat/vec4; draw_string_vec4
    %pushi/vec4 0, 0, 32; draw_string_vec4
    %concat/vec4; draw_string_vec4
    %pushi/vec4 0, 0, 32; draw_string_vec4
    %concat/vec4; draw_string_vec4
    %pushi/vec4 0, 0, 32; draw_string_vec4
    %concat/vec4; draw_string_vec4
    %pushi/vec4 0, 0, 32; draw_string_vec4
    %concat/vec4; draw_string_vec4
    %pushi/vec4 0, 0, 32; draw_string_vec4
    %concat/vec4; draw_string_vec4
    %pushi/vec4 0, 0, 32; draw_string_vec4
    %concat/vec4; draw_string_vec4
    %pushi/vec4 0, 0, 32; draw_string_vec4
    %concat/vec4; draw_string_vec4
    %pushi/vec4 0, 0, 32; draw_string_vec4
    %concat/vec4; draw_string_vec4
    %pushi/vec4 0, 0, 32; draw_string_vec4
    %concat/vec4; draw_string_vec4
    %pushi/vec4 0, 0, 32; draw_string_vec4
    %concat/vec4; draw_string_vec4
    %pushi/vec4 0, 0, 32; draw_string_vec4
    %concat/vec4; draw_string_vec4
    %pushi/vec4 0, 0, 32; draw_string_vec4
    %concat/vec4; draw_string_vec4
    %pushi/vec4 0, 0, 32; draw_string_vec4
    %concat/vec4; draw_string_vec4
    %pushi/vec4 0, 0, 32; draw_string_vec4
    %concat/vec4; draw_string_vec4
    %pushi/vec4 0, 0, 32; draw_string_vec4
    %concat/vec4; draw_string_vec4
    %pushi/vec4 0, 0, 32; draw_string_vec4
    %concat/vec4; draw_string_vec4
    %pushi/vec4 0, 0, 32; draw_string_vec4
    %concat/vec4; draw_string_vec4
    %pushi/vec4 0, 0, 32; draw_string_vec4
    %concat/vec4; draw_string_vec4
    %pushi/vec4 0, 0, 32; draw_string_vec4
    %concat/vec4; draw_string_vec4
    %pushi/vec4 0, 0, 32; draw_string_vec4
    %concat/vec4; draw_string_vec4
    %pushi/vec4 0, 0, 32; draw_string_vec4
    %concat/vec4; draw_string_vec4
    %pushi/vec4 0, 0, 32; draw_string_vec4
    %concat/vec4; draw_string_vec4
    %pushi/vec4 0, 0, 32; draw_string_vec4
    %concat/vec4; draw_string_vec4
    %pushi/vec4 0, 0, 32; draw_string_vec4
    %concat/vec4; draw_string_vec4
    %pushi/vec4 0, 0, 32; draw_string_vec4
    %concat/vec4; draw_string_vec4
    %pushi/vec4 0, 0, 32; draw_string_vec4
    %concat/vec4; draw_string_vec4
    %pushi/vec4 0, 0, 32; draw_string_vec4
    %concat/vec4; draw_string_vec4
    %pushi/vec4 0, 0, 32; draw_string_vec4
    %concat/vec4; draw_string_vec4
    %pushi/vec4 0, 0, 32; draw_string_vec4
    %concat/vec4; draw_string_vec4
    %pushi/vec4 0, 0, 32; draw_string_vec4
    %concat/vec4; draw_string_vec4
    %pushi/vec4 0, 0, 32; draw_string_vec4
    %concat/vec4; draw_string_vec4
    %pushi/vec4 0, 0, 32; draw_string_vec4
    %concat/vec4; draw_string_vec4
    %pushi/vec4 0, 0, 32; draw_string_vec4
    %concat/vec4; draw_string_vec4
    %pushi/vec4 0, 0, 32; draw_string_vec4
    %concat/vec4; draw_string_vec4
    %pushi/vec4 0, 0, 32; draw_string_vec4
    %concat/vec4; draw_string_vec4
    %pushi/vec4 0, 0, 32; draw_string_vec4
    %concat/vec4; draw_string_vec4
    %pushi/vec4 0, 0, 32; draw_string_vec4
    %concat/vec4; draw_string_vec4
    %pushi/vec4 0, 0, 32; draw_string_vec4
    %concat/vec4; draw_string_vec4
    %pushi/vec4 0, 0, 32; draw_string_vec4
    %concat/vec4; draw_string_vec4
    %pushi/vec4 0, 0, 32; draw_string_vec4
    %concat/vec4; draw_string_vec4
    %pushi/vec4 0, 0, 32; draw_string_vec4
    %concat/vec4; draw_string_vec4
    %pushi/vec4 0, 0, 32; draw_string_vec4
    %concat/vec4; draw_string_vec4
    %pushi/vec4 0, 0, 32; draw_string_vec4
    %concat/vec4; draw_string_vec4
    %pushi/vec4 0, 0, 32; draw_string_vec4
    %concat/vec4; draw_string_vec4
    %pushi/vec4 0, 0, 32; draw_string_vec4
    %concat/vec4; draw_string_vec4
    %pushi/vec4 0, 0, 32; draw_string_vec4
    %concat/vec4; draw_string_vec4
    %pushi/vec4 0, 0, 32; draw_string_vec4
    %concat/vec4; draw_string_vec4
    %pushi/vec4 0, 0, 32; draw_string_vec4
    %concat/vec4; draw_string_vec4
    %pushi/vec4 0, 0, 32; draw_string_vec4
    %concat/vec4; draw_string_vec4
    %pushi/vec4 0, 0, 32; draw_string_vec4
    %concat/vec4; draw_string_vec4
    %pushi/vec4 0, 0, 32; draw_string_vec4
    %concat/vec4; draw_string_vec4
    %pushi/vec4 0, 0, 32; draw_string_vec4
    %concat/vec4; draw_string_vec4
    %pushi/vec4 0, 0, 32; draw_string_vec4
    %concat/vec4; draw_string_vec4
    %pushi/vec4 0, 0, 32; draw_string_vec4
    %concat/vec4; draw_string_vec4
    %pushi/vec4 0, 0, 32; draw_string_vec4
    %concat/vec4; draw_string_vec4
    %pushi/vec4 0, 0, 32; draw_string_vec4
    %concat/vec4; draw_string_vec4
    %pushi/vec4 0, 0, 32; draw_string_vec4
    %concat/vec4; draw_string_vec4
    %pushi/vec4 0, 0, 32; draw_string_vec4
    %concat/vec4; draw_string_vec4
    %pushi/vec4 0, 0, 32; draw_string_vec4
    %concat/vec4; draw_string_vec4
    %pushi/vec4 0, 0, 32; draw_string_vec4
    %concat/vec4; draw_string_vec4
    %pushi/vec4 0, 0, 32; draw_string_vec4
    %concat/vec4; draw_string_vec4
    %pushi/vec4 0, 0, 32; draw_string_vec4
    %concat/vec4; draw_string_vec4
    %pushi/vec4 0, 0, 32; draw_string_vec4
    %concat/vec4; draw_string_vec4
    %pushi/vec4 0, 0, 32; draw_string_vec4
    %concat/vec4; draw_string_vec4
    %pushi/vec4 0, 0, 32; draw_string_vec4
    %concat/vec4; draw_string_vec4
    %pushi/vec4 0, 0, 32; draw_string_vec4
    %concat/vec4; draw_string_vec4
    %pushi/vec4 0, 0, 32; draw_string_vec4
    %concat/vec4; draw_string_vec4
    %pushi/vec4 0, 0, 32; draw_string_vec4
    %concat/vec4; draw_string_vec4
    %pushi/vec4 0, 0, 32; draw_string_vec4
    %concat/vec4; draw_string_vec4
    %pushi/vec4 0, 0, 32; draw_string_vec4
    %concat/vec4; draw_string_vec4
    %pushi/vec4 0, 0, 32; draw_string_vec4
    %concat/vec4; draw_string_vec4
    %pushi/vec4 0, 0, 32; draw_string_vec4
    %concat/vec4; draw_string_vec4
    %pushi/vec4 0, 0, 32; draw_string_vec4
    %concat/vec4; draw_string_vec4
    %pushi/vec4 0, 0, 32; draw_string_vec4
    %concat/vec4; draw_string_vec4
    %pushi/vec4 0, 0, 32; draw_string_vec4
    %concat/vec4; draw_string_vec4
    %pushi/vec4 0, 0, 32; draw_string_vec4
    %concat/vec4; draw_string_vec4
    %pushi/vec4 0, 0, 32; draw_string_vec4
    %concat/vec4; draw_string_vec4
    %pushi/vec4 0, 0, 32; draw_string_vec4
    %concat/vec4; draw_string_vec4
    %pushi/vec4 0, 0, 32; draw_string_vec4
    %concat/vec4; draw_string_vec4
    %pushi/vec4 0, 0, 32; draw_string_vec4
    %concat/vec4; draw_string_vec4
    %pushi/vec4 0, 0, 32; draw_string_vec4
    %concat/vec4; draw_string_vec4
    %pushi/vec4 0, 0, 32; draw_string_vec4
    %concat/vec4; draw_string_vec4
    %pushi/vec4 0, 0, 32; draw_string_vec4
    %concat/vec4; draw_string_vec4
    %pushi/vec4 0, 0, 32; draw_string_vec4
    %concat/vec4; draw_string_vec4
    %pushi/vec4 0, 0, 32; draw_string_vec4
    %concat/vec4; draw_string_vec4
    %pushi/vec4 0, 0, 32; draw_string_vec4
    %concat/vec4; draw_string_vec4
    %pushi/vec4 0, 0, 32; draw_string_vec4
    %concat/vec4; draw_string_vec4
    %pushi/vec4 0, 0, 32; draw_string_vec4
    %concat/vec4; draw_string_vec4
    %pushi/vec4 0, 0, 32; draw_string_vec4
    %concat/vec4; draw_string_vec4
    %pushi/vec4 0, 0, 32; draw_string_vec4
    %concat/vec4; draw_string_vec4
    %pushi/vec4 0, 0, 32; draw_string_vec4
    %concat/vec4; draw_string_vec4
    %pushi/vec4 0, 0, 32; draw_string_vec4
    %concat/vec4; draw_string_vec4
    %pushi/vec4 0, 0, 32; draw_string_vec4
    %concat/vec4; draw_string_vec4
    %pushi/vec4 0, 0, 32; draw_string_vec4
    %concat/vec4; draw_string_vec4
    %pushi/vec4 0, 0, 32; draw_string_vec4
    %concat/vec4; draw_string_vec4
    %pushi/vec4 0, 0, 32; draw_string_vec4
    %concat/vec4; draw_string_vec4
    %pushi/vec4 0, 0, 32; draw_string_vec4
    %concat/vec4; draw_string_vec4
    %pushi/vec4 0, 0, 32; draw_string_vec4
    %concat/vec4; draw_string_vec4
    %pushi/vec4 0, 0, 32; draw_string_vec4
    %concat/vec4; draw_string_vec4
    %pushi/vec4 0, 0, 32; draw_string_vec4
    %concat/vec4; draw_string_vec4
    %pushi/vec4 0, 0, 32; draw_string_vec4
    %concat/vec4; draw_string_vec4
    %pushi/vec4 0, 0, 32; draw_string_vec4
    %concat/vec4; draw_string_vec4
    %pushi/vec4 0, 0, 32; draw_string_vec4
    %concat/vec4; draw_string_vec4
    %pushi/vec4 0, 0, 32; draw_string_vec4
    %concat/vec4; draw_string_vec4
    %pushi/vec4 0, 0, 32; draw_string_vec4
    %concat/vec4; draw_string_vec4
    %pushi/vec4 0, 0, 32; draw_string_vec4
    %concat/vec4; draw_string_vec4
    %pushi/vec4 0, 0, 32; draw_string_vec4
    %concat/vec4; draw_string_vec4
    %pushi/vec4 0, 0, 32; draw_string_vec4
    %concat/vec4; draw_string_vec4
    %pushi/vec4 0, 0, 32; draw_string_vec4
    %concat/vec4; draw_string_vec4
    %pushi/vec4 0, 0, 32; draw_string_vec4
    %concat/vec4; draw_string_vec4
    %pushi/vec4 0, 0, 32; draw_string_vec4
    %concat/vec4; draw_string_vec4
    %pushi/vec4 0, 0, 32; draw_string_vec4
    %concat/vec4; draw_string_vec4
    %pushi/vec4 0, 0, 32; draw_string_vec4
    %concat/vec4; draw_string_vec4
    %pushi/vec4 0, 0, 32; draw_string_vec4
    %concat/vec4; draw_string_vec4
    %pushi/vec4 0, 0, 32; draw_string_vec4
    %concat/vec4; draw_string_vec4
    %pushi/vec4 0, 0, 32; draw_string_vec4
    %concat/vec4; draw_string_vec4
    %pushi/vec4 0, 0, 32; draw_string_vec4
    %concat/vec4; draw_string_vec4
    %pushi/vec4 0, 0, 32; draw_string_vec4
    %concat/vec4; draw_string_vec4
    %pushi/vec4 0, 0, 32; draw_string_vec4
    %concat/vec4; draw_string_vec4
    %pushi/vec4 0, 0, 32; draw_string_vec4
    %concat/vec4; draw_string_vec4
    %pushi/vec4 0, 0, 32; draw_string_vec4
    %concat/vec4; draw_string_vec4
    %pushi/vec4 0, 0, 32; draw_string_vec4
    %concat/vec4; draw_string_vec4
    %pushi/vec4 0, 0, 32; draw_string_vec4
    %concat/vec4; draw_string_vec4
    %pushi/vec4 0, 0, 32; draw_string_vec4
    %concat/vec4; draw_string_vec4
    %pushi/vec4 0, 0, 32; draw_string_vec4
    %concat/vec4; draw_string_vec4
    %pushi/vec4 0, 0, 32; draw_string_vec4
    %concat/vec4; draw_string_vec4
    %pushi/vec4 0, 0, 32; draw_string_vec4
    %concat/vec4; draw_string_vec4
    %pushi/vec4 0, 0, 32; draw_string_vec4
    %concat/vec4; draw_string_vec4
    %pushi/vec4 0, 0, 32; draw_string_vec4
    %concat/vec4; draw_string_vec4
    %pushi/vec4 0, 0, 32; draw_string_vec4
    %concat/vec4; draw_string_vec4
    %pushi/vec4 0, 0, 32; draw_string_vec4
    %concat/vec4; draw_string_vec4
    %pushi/vec4 0, 0, 32; draw_string_vec4
    %concat/vec4; draw_string_vec4
    %pushi/vec4 0, 0, 32; draw_string_vec4
    %concat/vec4; draw_string_vec4
    %pushi/vec4 0, 0, 32; draw_string_vec4
    %concat/vec4; draw_string_vec4
    %pushi/vec4 0, 0, 32; draw_string_vec4
    %concat/vec4; draw_string_vec4
    %pushi/vec4 0, 0, 32; draw_string_vec4
    %concat/vec4; draw_string_vec4
    %pushi/vec4 0, 0, 32; draw_string_vec4
    %concat/vec4; draw_string_vec4
    %pushi/vec4 0, 0, 32; draw_string_vec4
    %concat/vec4; draw_string_vec4
    %pushi/vec4 0, 0, 32; draw_string_vec4
    %concat/vec4; draw_string_vec4
    %pushi/vec4 0, 0, 32; draw_string_vec4
    %concat/vec4; draw_string_vec4
    %pushi/vec4 0, 0, 32; draw_string_vec4
    %concat/vec4; draw_string_vec4
    %pushi/vec4 0, 0, 32; draw_string_vec4
    %concat/vec4; draw_string_vec4
    %pushi/vec4 0, 0, 32; draw_string_vec4
    %concat/vec4; draw_string_vec4
    %pushi/vec4 0, 0, 32; draw_string_vec4
    %concat/vec4; draw_string_vec4
    %pushi/vec4 0, 0, 32; draw_string_vec4
    %concat/vec4; draw_string_vec4
    %pushi/vec4 0, 0, 32; draw_string_vec4
    %concat/vec4; draw_string_vec4
    %pushi/vec4 0, 0, 32; draw_string_vec4
    %concat/vec4; draw_string_vec4
    %pushi/vec4 0, 0, 32; draw_string_vec4
    %concat/vec4; draw_string_vec4
    %pushi/vec4 0, 0, 32; draw_string_vec4
    %concat/vec4; draw_string_vec4
    %pushi/vec4 0, 0, 32; draw_string_vec4
    %concat/vec4; draw_string_vec4
    %pushi/vec4 0, 0, 32; draw_string_vec4
    %concat/vec4; draw_string_vec4
    %pushi/vec4 0, 0, 32; draw_string_vec4
    %concat/vec4; draw_string_vec4
    %pushi/vec4 0, 0, 32; draw_string_vec4
    %concat/vec4; draw_string_vec4
    %pushi/vec4 0, 0, 32; draw_string_vec4
    %concat/vec4; draw_string_vec4
    %pushi/vec4 0, 0, 32; draw_string_vec4
    %concat/vec4; draw_string_vec4
    %pushi/vec4 0, 0, 32; draw_string_vec4
    %concat/vec4; draw_string_vec4
    %pushi/vec4 0, 0, 32; draw_string_vec4
    %concat/vec4; draw_string_vec4
    %pushi/vec4 0, 0, 32; draw_string_vec4
    %concat/vec4; draw_string_vec4
    %pushi/vec4 0, 0, 32; draw_string_vec4
    %concat/vec4; draw_string_vec4
    %pushi/vec4 0, 0, 32; draw_string_vec4
    %concat/vec4; draw_string_vec4
    %pushi/vec4 0, 0, 32; draw_string_vec4
    %concat/vec4; draw_string_vec4
    %pushi/vec4 0, 0, 32; draw_string_vec4
    %concat/vec4; draw_string_vec4
    %pushi/vec4 0, 0, 32; draw_string_vec4
    %concat/vec4; draw_string_vec4
    %pushi/vec4 0, 0, 32; draw_string_vec4
    %concat/vec4; draw_string_vec4
    %pushi/vec4 0, 0, 32; draw_string_vec4
    %concat/vec4; draw_string_vec4
    %pushi/vec4 0, 0, 32; draw_string_vec4
    %concat/vec4; draw_string_vec4
    %pushi/vec4 0, 0, 32; draw_string_vec4
    %concat/vec4; draw_string_vec4
    %pushi/vec4 0, 0, 32; draw_string_vec4
    %concat/vec4; draw_string_vec4
    %pushi/vec4 0, 0, 32; draw_string_vec4
    %concat/vec4; draw_string_vec4
    %pushi/vec4 0, 0, 32; draw_string_vec4
    %concat/vec4; draw_string_vec4
    %pushi/vec4 0, 0, 32; draw_string_vec4
    %concat/vec4; draw_string_vec4
    %pushi/vec4 0, 0, 32; draw_string_vec4
    %concat/vec4; draw_string_vec4
    %pushi/vec4 0, 0, 32; draw_string_vec4
    %concat/vec4; draw_string_vec4
    %pushi/vec4 0, 0, 32; draw_string_vec4
    %concat/vec4; draw_string_vec4
    %pushi/vec4 0, 0, 32; draw_string_vec4
    %concat/vec4; draw_string_vec4
    %pushi/vec4 0, 0, 32; draw_string_vec4
    %concat/vec4; draw_string_vec4
    %pushi/vec4 0, 0, 32; draw_string_vec4
    %concat/vec4; draw_string_vec4
    %pushi/vec4 0, 0, 32; draw_string_vec4
    %concat/vec4; draw_string_vec4
    %pushi/vec4 0, 0, 32; draw_string_vec4
    %concat/vec4; draw_string_vec4
    %pushi/vec4 0, 0, 32; draw_string_vec4
    %concat/vec4; draw_string_vec4
    %pushi/vec4 0, 0, 32; draw_string_vec4
    %concat/vec4; draw_string_vec4
    %pushi/vec4 0, 0, 32; draw_string_vec4
    %concat/vec4; draw_string_vec4
    %pushi/vec4 0, 0, 32; draw_string_vec4
    %concat/vec4; draw_string_vec4
    %pushi/vec4 0, 0, 32; draw_string_vec4
    %concat/vec4; draw_string_vec4
    %pushi/vec4 0, 0, 32; draw_string_vec4
    %concat/vec4; draw_string_vec4
    %pushi/vec4 0, 0, 32; draw_string_vec4
    %concat/vec4; draw_string_vec4
    %pushi/vec4 0, 0, 32; draw_string_vec4
    %concat/vec4; draw_string_vec4
    %pushi/vec4 0, 0, 32; draw_string_vec4
    %concat/vec4; draw_string_vec4
    %pushi/vec4 0, 0, 32; draw_string_vec4
    %concat/vec4; draw_string_vec4
    %pushi/vec4 0, 0, 32; draw_string_vec4
    %concat/vec4; draw_string_vec4
    %pushi/vec4 0, 0, 32; draw_string_vec4
    %concat/vec4; draw_string_vec4
    %pushi/vec4 0, 0, 32; draw_string_vec4
    %concat/vec4; draw_string_vec4
    %pushi/vec4 0, 0, 32; draw_string_vec4
    %concat/vec4; draw_string_vec4
    %pushi/vec4 0, 0, 32; draw_string_vec4
    %concat/vec4; draw_string_vec4
    %pushi/vec4 0, 0, 32; draw_string_vec4
    %concat/vec4; draw_string_vec4
    %pushi/vec4 0, 0, 32; draw_string_vec4
    %concat/vec4; draw_string_vec4
    %pushi/vec4 0, 0, 32; draw_string_vec4
    %concat/vec4; draw_string_vec4
    %pushi/vec4 0, 0, 32; draw_string_vec4
    %concat/vec4; draw_string_vec4
    %pushi/vec4 0, 0, 32; draw_string_vec4
    %concat/vec4; draw_string_vec4
    %pushi/vec4 0, 0, 32; draw_string_vec4
    %concat/vec4; draw_string_vec4
    %pushi/vec4 0, 0, 32; draw_string_vec4
    %concat/vec4; draw_string_vec4
    %pushi/vec4 0, 0, 32; draw_string_vec4
    %concat/vec4; draw_string_vec4
    %pushi/vec4 0, 0, 32; draw_string_vec4
    %concat/vec4; draw_string_vec4
    %pushi/vec4 0, 0, 32; draw_string_vec4
    %concat/vec4; draw_string_vec4
    %pushi/vec4 0, 0, 32; draw_string_vec4
    %concat/vec4; draw_string_vec4
    %pushi/vec4 0, 0, 32; draw_string_vec4
    %concat/vec4; draw_string_vec4
    %pushi/vec4 0, 0, 32; draw_string_vec4
    %concat/vec4; draw_string_vec4
    %pushi/vec4 0, 0, 32; draw_string_vec4
    %concat/vec4; draw_string_vec4
    %pushi/vec4 0, 0, 32; draw_string_vec4
    %concat/vec4; draw_string_vec4
    %pushi/vec4 0, 0, 32; draw_string_vec4
    %concat/vec4; draw_string_vec4
    %pushi/vec4 0, 0, 32; draw_string_vec4
    %concat/vec4; draw_string_vec4
    %pushi/vec4 0, 0, 32; draw_string_vec4
    %concat/vec4; draw_string_vec4
    %pushi/vec4 0, 0, 32; draw_string_vec4
    %concat/vec4; draw_string_vec4
    %pushi/vec4 0, 0, 32; draw_string_vec4
    %concat/vec4; draw_string_vec4
    %pushi/vec4 0, 0, 32; draw_string_vec4
    %concat/vec4; draw_string_vec4
    %pushi/vec4 0, 0, 32; draw_string_vec4
    %concat/vec4; draw_string_vec4
    %pushi/vec4 0, 0, 32; draw_string_vec4
    %concat/vec4; draw_string_vec4
    %pushi/vec4 0, 0, 32; draw_string_vec4
    %concat/vec4; draw_string_vec4
    %pushi/vec4 0, 0, 32; draw_string_vec4
    %concat/vec4; draw_string_vec4
    %pushi/vec4 0, 0, 32; draw_string_vec4
    %concat/vec4; draw_string_vec4
    %pushi/vec4 0, 0, 32; draw_string_vec4
    %concat/vec4; draw_string_vec4
    %pushi/vec4 0, 0, 32; draw_string_vec4
    %concat/vec4; draw_string_vec4
    %pushi/vec4 0, 0, 32; draw_string_vec4
    %concat/vec4; draw_string_vec4
    %pushi/vec4 0, 0, 32; draw_string_vec4
    %concat/vec4; draw_string_vec4
    %pushi/vec4 0, 0, 32; draw_string_vec4
    %concat/vec4; draw_string_vec4
    %pushi/vec4 0, 0, 32; draw_string_vec4
    %concat/vec4; draw_string_vec4
    %pushi/vec4 0, 0, 32; draw_string_vec4
    %concat/vec4; draw_string_vec4
    %pushi/vec4 0, 0, 32; draw_string_vec4
    %concat/vec4; draw_string_vec4
    %pushi/vec4 0, 0, 32; draw_string_vec4
    %concat/vec4; draw_string_vec4
    %pushi/vec4 0, 0, 32; draw_string_vec4
    %concat/vec4; draw_string_vec4
    %pushi/vec4 0, 0, 32; draw_string_vec4
    %concat/vec4; draw_string_vec4
    %pushi/vec4 0, 0, 32; draw_string_vec4
    %concat/vec4; draw_string_vec4
    %pushi/vec4 0, 0, 32; draw_string_vec4
    %concat/vec4; draw_string_vec4
    %pushi/vec4 0, 0, 32; draw_string_vec4
    %concat/vec4; draw_string_vec4
    %pushi/vec4 0, 0, 32; draw_string_vec4
    %concat/vec4; draw_string_vec4
    %pushi/vec4 0, 0, 32; draw_string_vec4
    %concat/vec4; draw_string_vec4
    %pushi/vec4 0, 0, 32; draw_string_vec4
    %concat/vec4; draw_string_vec4
    %pushi/vec4 0, 0, 32; draw_string_vec4
    %concat/vec4; draw_string_vec4
    %pushi/vec4 0, 0, 32; draw_string_vec4
    %concat/vec4; draw_string_vec4
    %pushi/vec4 0, 0, 32; draw_string_vec4
    %concat/vec4; draw_string_vec4
    %pushi/vec4 0, 0, 32; draw_string_vec4
    %concat/vec4; draw_string_vec4
    %pushi/vec4 0, 0, 32; draw_string_vec4
    %concat/vec4; draw_string_vec4
    %pushi/vec4 0, 0, 32; draw_string_vec4
    %concat/vec4; draw_string_vec4
    %pushi/vec4 0, 0, 32; draw_string_vec4
    %concat/vec4; draw_string_vec4
    %pushi/vec4 0, 0, 32; draw_string_vec4
    %concat/vec4; draw_string_vec4
    %pushi/vec4 0, 0, 32; draw_string_vec4
    %concat/vec4; draw_string_vec4
    %pushi/vec4 0, 0, 32; draw_string_vec4
    %concat/vec4; draw_string_vec4
    %pushi/vec4 0, 0, 32; draw_string_vec4
    %concat/vec4; draw_string_vec4
    %pushi/vec4 0, 0, 32; draw_string_vec4
    %concat/vec4; draw_string_vec4
    %pushi/vec4 0, 0, 32; draw_string_vec4
    %concat/vec4; draw_string_vec4
    %pushi/vec4 0, 0, 32; draw_string_vec4
    %concat/vec4; draw_string_vec4
    %pushi/vec4 0, 0, 32; draw_string_vec4
    %concat/vec4; draw_string_vec4
    %pushi/vec4 0, 0, 32; draw_string_vec4
    %concat/vec4; draw_string_vec4
    %pushi/vec4 0, 0, 32; draw_string_vec4
    %concat/vec4; draw_string_vec4
    %pushi/vec4 0, 0, 32; draw_string_vec4
    %concat/vec4; draw_string_vec4
    %pushi/vec4 0, 0, 32; draw_string_vec4
    %concat/vec4; draw_string_vec4
    %pushi/vec4 0, 0, 32; draw_string_vec4
    %concat/vec4; draw_string_vec4
    %pushi/vec4 0, 0, 32; draw_string_vec4
    %concat/vec4; draw_string_vec4
    %pushi/vec4 0, 0, 32; draw_string_vec4
    %concat/vec4; draw_string_vec4
    %pushi/vec4 0, 0, 32; draw_string_vec4
    %concat/vec4; draw_string_vec4
    %pushi/vec4 0, 0, 32; draw_string_vec4
    %concat/vec4; draw_string_vec4
    %pushi/vec4 0, 0, 32; draw_string_vec4
    %concat/vec4; draw_string_vec4
    %pushi/vec4 0, 0, 32; draw_string_vec4
    %concat/vec4; draw_string_vec4
    %pushi/vec4 0, 0, 32; draw_string_vec4
    %concat/vec4; draw_string_vec4
    %pushi/vec4 0, 0, 32; draw_string_vec4
    %concat/vec4; draw_string_vec4
    %pushi/vec4 0, 0, 32; draw_string_vec4
    %concat/vec4; draw_string_vec4
    %pushi/vec4 0, 0, 32; draw_string_vec4
    %concat/vec4; draw_string_vec4
    %pushi/vec4 0, 0, 32; draw_string_vec4
    %concat/vec4; draw_string_vec4
    %pushi/vec4 0, 0, 32; draw_string_vec4
    %concat/vec4; draw_string_vec4
    %pushi/vec4 0, 0, 32; draw_string_vec4
    %concat/vec4; draw_string_vec4
    %pushi/vec4 0, 0, 32; draw_string_vec4
    %concat/vec4; draw_string_vec4
    %pushi/vec4 0, 0, 32; draw_string_vec4
    %concat/vec4; draw_string_vec4
    %pushi/vec4 0, 0, 32; draw_string_vec4
    %concat/vec4; draw_string_vec4
    %pushi/vec4 0, 0, 32; draw_string_vec4
    %concat/vec4; draw_string_vec4
    %pushi/vec4 0, 0, 32; draw_string_vec4
    %concat/vec4; draw_string_vec4
    %pushi/vec4 0, 0, 32; draw_string_vec4
    %concat/vec4; draw_string_vec4
    %pushi/vec4 0, 0, 32; draw_string_vec4
    %concat/vec4; draw_string_vec4
    %pushi/vec4 0, 0, 32; draw_string_vec4
    %concat/vec4; draw_string_vec4
    %pushi/vec4 0, 0, 32; draw_string_vec4
    %concat/vec4; draw_string_vec4
    %pushi/vec4 0, 0, 32; draw_string_vec4
    %concat/vec4; draw_string_vec4
    %pushi/vec4 0, 0, 32; draw_string_vec4
    %concat/vec4; draw_string_vec4
    %pushi/vec4 0, 0, 32; draw_string_vec4
    %concat/vec4; draw_string_vec4
    %pushi/vec4 0, 0, 32; draw_string_vec4
    %concat/vec4; draw_string_vec4
    %pushi/vec4 0, 0, 32; draw_string_vec4
    %concat/vec4; draw_string_vec4
    %pushi/vec4 0, 0, 32; draw_string_vec4
    %concat/vec4; draw_string_vec4
    %pushi/vec4 0, 0, 32; draw_string_vec4
    %concat/vec4; draw_string_vec4
    %pushi/vec4 0, 0, 32; draw_string_vec4
    %concat/vec4; draw_string_vec4
    %pushi/vec4 0, 0, 32; draw_string_vec4
    %concat/vec4; draw_string_vec4
    %pushi/vec4 0, 0, 32; draw_string_vec4
    %concat/vec4; draw_string_vec4
    %pushi/vec4 0, 0, 32; draw_string_vec4
    %concat/vec4; draw_string_vec4
    %pushi/vec4 0, 0, 32; draw_string_vec4
    %concat/vec4; draw_string_vec4
    %pushi/vec4 0, 0, 32; draw_string_vec4
    %concat/vec4; draw_string_vec4
    %pushi/vec4 0, 0, 32; draw_string_vec4
    %concat/vec4; draw_string_vec4
    %pushi/vec4 0, 0, 32; draw_string_vec4
    %concat/vec4; draw_string_vec4
    %pushi/vec4 0, 0, 32; draw_string_vec4
    %concat/vec4; draw_string_vec4
    %pushi/vec4 0, 0, 32; draw_string_vec4
    %concat/vec4; draw_string_vec4
    %pushi/vec4 0, 0, 32; draw_string_vec4
    %concat/vec4; draw_string_vec4
    %pushi/vec4 0, 0, 32; draw_string_vec4
    %concat/vec4; draw_string_vec4
    %pushi/vec4 0, 0, 32; draw_string_vec4
    %concat/vec4; draw_string_vec4
    %pushi/vec4 0, 0, 32; draw_string_vec4
    %concat/vec4; draw_string_vec4
    %pushi/vec4 0, 0, 32; draw_string_vec4
    %concat/vec4; draw_string_vec4
    %pushi/vec4 0, 0, 32; draw_string_vec4
    %concat/vec4; draw_string_vec4
    %pushi/vec4 0, 0, 32; draw_string_vec4
    %concat/vec4; draw_string_vec4
    %pushi/vec4 0, 0, 32; draw_string_vec4
    %concat/vec4; draw_string_vec4
    %pushi/vec4 0, 0, 32; draw_string_vec4
    %concat/vec4; draw_string_vec4
    %pushi/vec4 0, 0, 32; draw_string_vec4
    %concat/vec4; draw_string_vec4
    %pushi/vec4 0, 0, 32; draw_string_vec4
    %concat/vec4; draw_string_vec4
    %pushi/vec4 0, 0, 32; draw_string_vec4
    %concat/vec4; draw_string_vec4
    %pushi/vec4 0, 0, 32; draw_string_vec4
    %concat/vec4; draw_string_vec4
    %pushi/vec4 0, 0, 32; draw_string_vec4
    %concat/vec4; draw_string_vec4
    %pushi/vec4 0, 0, 32; draw_string_vec4
    %concat/vec4; draw_string_vec4
    %pushi/vec4 0, 0, 32; draw_string_vec4
    %concat/vec4; draw_string_vec4
    %pushi/vec4 0, 0, 32; draw_string_vec4
    %concat/vec4; draw_string_vec4
    %pushi/vec4 0, 0, 32; draw_string_vec4
    %concat/vec4; draw_string_vec4
    %pushi/vec4 0, 0, 32; draw_string_vec4
    %concat/vec4; draw_string_vec4
    %pushi/vec4 0, 0, 32; draw_string_vec4
    %concat/vec4; draw_string_vec4
    %pushi/vec4 0, 0, 32; draw_string_vec4
    %concat/vec4; draw_string_vec4
    %pushi/vec4 0, 0, 32; draw_string_vec4
    %concat/vec4; draw_string_vec4
    %pushi/vec4 0, 0, 32; draw_string_vec4
    %concat/vec4; draw_string_vec4
    %pushi/vec4 0, 0, 32; draw_string_vec4
    %concat/vec4; draw_string_vec4
    %pushi/vec4 0, 0, 32; draw_string_vec4
    %concat/vec4; draw_string_vec4
    %pushi/vec4 0, 0, 32; draw_string_vec4
    %concat/vec4; draw_string_vec4
    %pushi/vec4 0, 0, 32; draw_string_vec4
    %concat/vec4; draw_string_vec4
    %pushi/vec4 0, 0, 32; draw_string_vec4
    %concat/vec4; draw_string_vec4
    %pushi/vec4 0, 0, 32; draw_string_vec4
    %concat/vec4; draw_string_vec4
    %pushi/vec4 0, 0, 32; draw_string_vec4
    %concat/vec4; draw_string_vec4
    %pushi/vec4 0, 0, 32; draw_string_vec4
    %concat/vec4; draw_string_vec4
    %pushi/vec4 0, 0, 32; draw_string_vec4
    %concat/vec4; draw_string_vec4
    %pushi/vec4 0, 0, 32; draw_string_vec4
    %concat/vec4; draw_string_vec4
    %pushi/vec4 0, 0, 32; draw_string_vec4
    %concat/vec4; draw_string_vec4
    %pushi/vec4 0, 0, 32; draw_string_vec4
    %concat/vec4; draw_string_vec4
    %pushi/vec4 0, 0, 32; draw_string_vec4
    %concat/vec4; draw_string_vec4
    %pushi/vec4 0, 0, 32; draw_string_vec4
    %concat/vec4; draw_string_vec4
    %pushi/vec4 0, 0, 32; draw_string_vec4
    %concat/vec4; draw_string_vec4
    %pushi/vec4 0, 0, 32; draw_string_vec4
    %concat/vec4; draw_string_vec4
    %pushi/vec4 0, 0, 32; draw_string_vec4
    %concat/vec4; draw_string_vec4
    %pushi/vec4 0, 0, 32; draw_string_vec4
    %concat/vec4; draw_string_vec4
    %pushi/vec4 0, 0, 32; draw_string_vec4
    %concat/vec4; draw_string_vec4
    %pushi/vec4 0, 0, 32; draw_string_vec4
    %concat/vec4; draw_string_vec4
    %pushi/vec4 0, 0, 32; draw_string_vec4
    %concat/vec4; draw_string_vec4
    %pushi/vec4 0, 0, 32; draw_string_vec4
    %concat/vec4; draw_string_vec4
    %pushi/vec4 0, 0, 32; draw_string_vec4
    %concat/vec4; draw_string_vec4
    %pushi/vec4 0, 0, 32; draw_string_vec4
    %concat/vec4; draw_string_vec4
    %pushi/vec4 0, 0, 32; draw_string_vec4
    %concat/vec4; draw_string_vec4
    %pushi/vec4 0, 0, 32; draw_string_vec4
    %concat/vec4; draw_string_vec4
    %pushi/vec4 0, 0, 32; draw_string_vec4
    %concat/vec4; draw_string_vec4
    %pushi/vec4 0, 0, 32; draw_string_vec4
    %concat/vec4; draw_string_vec4
    %pushi/vec4 0, 0, 32; draw_string_vec4
    %concat/vec4; draw_string_vec4
    %pushi/vec4 0, 0, 32; draw_string_vec4
    %concat/vec4; draw_string_vec4
    %pushi/vec4 0, 0, 32; draw_string_vec4
    %concat/vec4; draw_string_vec4
    %pushi/vec4 0, 0, 32; draw_string_vec4
    %concat/vec4; draw_string_vec4
    %pushi/vec4 0, 0, 32; draw_string_vec4
    %concat/vec4; draw_string_vec4
    %pushi/vec4 0, 0, 32; draw_string_vec4
    %concat/vec4; draw_string_vec4
    %pushi/vec4 0, 0, 32; draw_string_vec4
    %concat/vec4; draw_string_vec4
    %pushi/vec4 0, 0, 32; draw_string_vec4
    %concat/vec4; draw_string_vec4
    %pushi/vec4 0, 0, 32; draw_string_vec4
    %concat/vec4; draw_string_vec4
    %pushi/vec4 0, 0, 32; draw_string_vec4
    %concat/vec4; draw_string_vec4
    %pushi/vec4 0, 0, 32; draw_string_vec4
    %concat/vec4; draw_string_vec4
    %pushi/vec4 0, 0, 32; draw_string_vec4
    %concat/vec4; draw_string_vec4
    %pushi/vec4 0, 0, 32; draw_string_vec4
    %concat/vec4; draw_string_vec4
    %pushi/vec4 0, 0, 32; draw_string_vec4
    %concat/vec4; draw_string_vec4
    %pushi/vec4 0, 0, 32; draw_string_vec4
    %concat/vec4; draw_string_vec4
    %pushi/vec4 0, 0, 32; draw_string_vec4
    %concat/vec4; draw_string_vec4
    %pushi/vec4 0, 0, 32; draw_string_vec4
    %concat/vec4; draw_string_vec4
    %pushi/vec4 0, 0, 32; draw_string_vec4
    %concat/vec4; draw_string_vec4
    %pushi/vec4 0, 0, 32; draw_string_vec4
    %concat/vec4; draw_string_vec4
    %pushi/vec4 0, 0, 32; draw_string_vec4
    %concat/vec4; draw_string_vec4
    %pushi/vec4 0, 0, 32; draw_string_vec4
    %concat/vec4; draw_string_vec4
    %pushi/vec4 0, 0, 32; draw_string_vec4
    %concat/vec4; draw_string_vec4
    %pushi/vec4 0, 0, 32; draw_string_vec4
    %concat/vec4; draw_string_vec4
    %pushi/vec4 0, 0, 32; draw_string_vec4
    %concat/vec4; draw_string_vec4
    %pushi/vec4 0, 0, 32; draw_string_vec4
    %concat/vec4; draw_string_vec4
    %pushi/vec4 0, 0, 32; draw_string_vec4
    %concat/vec4; draw_string_vec4
    %pushi/vec4 0, 0, 32; draw_string_vec4
    %concat/vec4; draw_string_vec4
    %pushi/vec4 0, 0, 32; draw_string_vec4
    %concat/vec4; draw_string_vec4
    %pushi/vec4 0, 0, 32; draw_string_vec4
    %concat/vec4; draw_string_vec4
    %pushi/vec4 0, 0, 32; draw_string_vec4
    %concat/vec4; draw_string_vec4
    %pushi/vec4 0, 0, 32; draw_string_vec4
    %concat/vec4; draw_string_vec4
    %pushi/vec4 0, 0, 32; draw_string_vec4
    %concat/vec4; draw_string_vec4
    %pushi/vec4 0, 0, 32; draw_string_vec4
    %concat/vec4; draw_string_vec4
    %pushi/vec4 0, 0, 32; draw_string_vec4
    %concat/vec4; draw_string_vec4
    %pushi/vec4 0, 0, 32; draw_string_vec4
    %concat/vec4; draw_string_vec4
    %pushi/vec4 0, 0, 32; draw_string_vec4
    %concat/vec4; draw_string_vec4
    %pushi/vec4 0, 0, 32; draw_string_vec4
    %concat/vec4; draw_string_vec4
    %pushi/vec4 0, 0, 32; draw_string_vec4
    %concat/vec4; draw_string_vec4
    %pushi/vec4 0, 0, 32; draw_string_vec4
    %concat/vec4; draw_string_vec4
    %pushi/vec4 0, 0, 32; draw_string_vec4
    %concat/vec4; draw_string_vec4
    %pushi/vec4 0, 0, 32; draw_string_vec4
    %concat/vec4; draw_string_vec4
    %pushi/vec4 0, 0, 32; draw_string_vec4
    %concat/vec4; draw_string_vec4
    %pushi/vec4 0, 0, 32; draw_string_vec4
    %concat/vec4; draw_string_vec4
    %pushi/vec4 0, 0, 32; draw_string_vec4
    %concat/vec4; draw_string_vec4
    %pushi/vec4 0, 0, 32; draw_string_vec4
    %concat/vec4; draw_string_vec4
    %pushi/vec4 0, 0, 32; draw_string_vec4
    %concat/vec4; draw_string_vec4
    %pushi/vec4 0, 0, 32; draw_string_vec4
    %concat/vec4; draw_string_vec4
    %pushi/vec4 0, 0, 32; draw_string_vec4
    %concat/vec4; draw_string_vec4
    %pushi/vec4 0, 0, 32; draw_string_vec4
    %concat/vec4; draw_string_vec4
    %pushi/vec4 0, 0, 32; draw_string_vec4
    %concat/vec4; draw_string_vec4
    %pushi/vec4 0, 0, 32; draw_string_vec4
    %concat/vec4; draw_string_vec4
    %pushi/vec4 0, 0, 32; draw_string_vec4
    %concat/vec4; draw_string_vec4
    %pushi/vec4 0, 0, 32; draw_string_vec4
    %concat/vec4; draw_string_vec4
    %pushi/vec4 0, 0, 32; draw_string_vec4
    %concat/vec4; draw_string_vec4
    %pushi/vec4 0, 0, 32; draw_string_vec4
    %concat/vec4; draw_string_vec4
    %pushi/vec4 0, 0, 32; draw_string_vec4
    %concat/vec4; draw_string_vec4
    %pushi/vec4 0, 0, 32; draw_string_vec4
    %concat/vec4; draw_string_vec4
    %pushi/vec4 0, 0, 32; draw_string_vec4
    %concat/vec4; draw_string_vec4
    %pushi/vec4 0, 0, 32; draw_string_vec4
    %concat/vec4; draw_string_vec4
    %pushi/vec4 0, 0, 32; draw_string_vec4
    %concat/vec4; draw_string_vec4
    %pushi/vec4 0, 0, 32; draw_string_vec4
    %concat/vec4; draw_string_vec4
    %pushi/vec4 0, 0, 32; draw_string_vec4
    %concat/vec4; draw_string_vec4
    %pushi/vec4 0, 0, 32; draw_string_vec4
    %concat/vec4; draw_string_vec4
    %pushi/vec4 0, 0, 32; draw_string_vec4
    %concat/vec4; draw_string_vec4
    %pushi/vec4 0, 0, 32; draw_string_vec4
    %concat/vec4; draw_string_vec4
    %pushi/vec4 0, 0, 32; draw_string_vec4
    %concat/vec4; draw_string_vec4
    %pushi/vec4 0, 0, 32; draw_string_vec4
    %concat/vec4; draw_string_vec4
    %pushi/vec4 0, 0, 32; draw_string_vec4
    %concat/vec4; draw_string_vec4
    %pushi/vec4 0, 0, 32; draw_string_vec4
    %concat/vec4; draw_string_vec4
    %pushi/vec4 0, 0, 32; draw_string_vec4
    %concat/vec4; draw_string_vec4
    %pushi/vec4 0, 0, 32; draw_string_vec4
    %concat/vec4; draw_string_vec4
    %pushi/vec4 0, 0, 32; draw_string_vec4
    %concat/vec4; draw_string_vec4
    %pushi/vec4 0, 0, 32; draw_string_vec4
    %concat/vec4; draw_string_vec4
    %pushi/vec4 0, 0, 32; draw_string_vec4
    %concat/vec4; draw_string_vec4
    %pushi/vec4 0, 0, 32; draw_string_vec4
    %concat/vec4; draw_string_vec4
    %pushi/vec4 0, 0, 32; draw_string_vec4
    %concat/vec4; draw_string_vec4
    %pushi/vec4 0, 0, 32; draw_string_vec4
    %concat/vec4; draw_string_vec4
    %pushi/vec4 0, 0, 32; draw_string_vec4
    %concat/vec4; draw_string_vec4
    %pushi/vec4 0, 0, 32; draw_string_vec4
    %concat/vec4; draw_string_vec4
    %pushi/vec4 0, 0, 32; draw_string_vec4
    %concat/vec4; draw_string_vec4
    %pushi/vec4 0, 0, 32; draw_string_vec4
    %concat/vec4; draw_string_vec4
    %pushi/vec4 0, 0, 32; draw_string_vec4
    %concat/vec4; draw_string_vec4
    %pushi/vec4 0, 0, 32; draw_string_vec4
    %concat/vec4; draw_string_vec4
    %pushi/vec4 0, 0, 32; draw_string_vec4
    %concat/vec4; draw_string_vec4
    %pushi/vec4 0, 0, 32; draw_string_vec4
    %concat/vec4; draw_string_vec4
    %pushi/vec4 0, 0, 32; draw_string_vec4
    %concat/vec4; draw_string_vec4
    %pushi/vec4 0, 0, 32; draw_string_vec4
    %concat/vec4; draw_string_vec4
    %pushi/vec4 0, 0, 32; draw_string_vec4
    %concat/vec4; draw_string_vec4
    %pushi/vec4 0, 0, 32; draw_string_vec4
    %concat/vec4; draw_string_vec4
    %pushi/vec4 0, 0, 32; draw_string_vec4
    %concat/vec4; draw_string_vec4
    %pushi/vec4 0, 0, 32; draw_string_vec4
    %concat/vec4; draw_string_vec4
    %pushi/vec4 0, 0, 32; draw_string_vec4
    %concat/vec4; draw_string_vec4
    %pushi/vec4 0, 0, 32; draw_string_vec4
    %concat/vec4; draw_string_vec4
    %pushi/vec4 0, 0, 32; draw_string_vec4
    %concat/vec4; draw_string_vec4
    %pushi/vec4 0, 0, 32; draw_string_vec4
    %concat/vec4; draw_string_vec4
    %pushi/vec4 0, 0, 32; draw_string_vec4
    %concat/vec4; draw_string_vec4
    %pushi/vec4 0, 0, 32; draw_string_vec4
    %concat/vec4; draw_string_vec4
    %pushi/vec4 0, 0, 32; draw_string_vec4
    %concat/vec4; draw_string_vec4
    %pushi/vec4 0, 0, 32; draw_string_vec4
    %concat/vec4; draw_string_vec4
    %pushi/vec4 0, 0, 32; draw_string_vec4
    %concat/vec4; draw_string_vec4
    %pushi/vec4 0, 0, 32; draw_string_vec4
    %concat/vec4; draw_string_vec4
    %pushi/vec4 0, 0, 32; draw_string_vec4
    %concat/vec4; draw_string_vec4
    %pushi/vec4 0, 0, 32; draw_string_vec4
    %concat/vec4; draw_string_vec4
    %pushi/vec4 0, 0, 32; draw_string_vec4
    %concat/vec4; draw_string_vec4
    %pushi/vec4 0, 0, 32; draw_string_vec4
    %concat/vec4; draw_string_vec4
    %pushi/vec4 0, 0, 32; draw_string_vec4
    %concat/vec4; draw_string_vec4
    %pushi/vec4 0, 0, 32; draw_string_vec4
    %concat/vec4; draw_string_vec4
    %pushi/vec4 0, 0, 32; draw_string_vec4
    %concat/vec4; draw_string_vec4
    %pushi/vec4 0, 0, 32; draw_string_vec4
    %concat/vec4; draw_string_vec4
    %pushi/vec4 0, 0, 32; draw_string_vec4
    %concat/vec4; draw_string_vec4
    %pushi/vec4 0, 0, 32; draw_string_vec4
    %concat/vec4; draw_string_vec4
    %pushi/vec4 0, 0, 32; draw_string_vec4
    %concat/vec4; draw_string_vec4
    %pushi/vec4 0, 0, 32; draw_string_vec4
    %concat/vec4; draw_string_vec4
    %pushi/vec4 0, 0, 32; draw_string_vec4
    %concat/vec4; draw_string_vec4
    %pushi/vec4 0, 0, 32; draw_string_vec4
    %concat/vec4; draw_string_vec4
    %pushi/vec4 0, 0, 32; draw_string_vec4
    %concat/vec4; draw_string_vec4
    %pushi/vec4 0, 0, 32; draw_string_vec4
    %concat/vec4; draw_string_vec4
    %pushi/vec4 0, 0, 32; draw_string_vec4
    %concat/vec4; draw_string_vec4
    %pushi/vec4 0, 0, 32; draw_string_vec4
    %concat/vec4; draw_string_vec4
    %pushi/vec4 0, 0, 32; draw_string_vec4
    %concat/vec4; draw_string_vec4
    %pushi/vec4 0, 0, 32; draw_string_vec4
    %concat/vec4; draw_string_vec4
    %pushi/vec4 0, 0, 32; draw_string_vec4
    %concat/vec4; draw_string_vec4
    %pushi/vec4 0, 0, 32; draw_string_vec4
    %concat/vec4; draw_string_vec4
    %pushi/vec4 0, 0, 32; draw_string_vec4
    %concat/vec4; draw_string_vec4
    %pushi/vec4 0, 0, 32; draw_string_vec4
    %concat/vec4; draw_string_vec4
    %pushi/vec4 0, 0, 32; draw_string_vec4
    %concat/vec4; draw_string_vec4
    %pushi/vec4 0, 0, 32; draw_string_vec4
    %concat/vec4; draw_string_vec4
    %pushi/vec4 0, 0, 32; draw_string_vec4
    %concat/vec4; draw_string_vec4
    %pushi/vec4 0, 0, 32; draw_string_vec4
    %concat/vec4; draw_string_vec4
    %pushi/vec4 0, 0, 32; draw_string_vec4
    %concat/vec4; draw_string_vec4
    %pushi/vec4 0, 0, 32; draw_string_vec4
    %concat/vec4; draw_string_vec4
    %pushi/vec4 0, 0, 32; draw_string_vec4
    %concat/vec4; draw_string_vec4
    %pushi/vec4 0, 0, 32; draw_string_vec4
    %concat/vec4; draw_string_vec4
    %pushi/vec4 0, 0, 32; draw_string_vec4
    %concat/vec4; draw_string_vec4
    %pushi/vec4 0, 0, 32; draw_string_vec4
    %concat/vec4; draw_string_vec4
    %pushi/vec4 0, 0, 32; draw_string_vec4
    %concat/vec4; draw_string_vec4
    %pushi/vec4 0, 0, 32; draw_string_vec4
    %concat/vec4; draw_string_vec4
    %pushi/vec4 0, 0, 32; draw_string_vec4
    %concat/vec4; draw_string_vec4
    %pushi/vec4 0, 0, 32; draw_string_vec4
    %concat/vec4; draw_string_vec4
    %pushi/vec4 0, 0, 32; draw_string_vec4
    %concat/vec4; draw_string_vec4
    %pushi/vec4 0, 0, 32; draw_string_vec4
    %concat/vec4; draw_string_vec4
    %pushi/vec4 0, 0, 32; draw_string_vec4
    %concat/vec4; draw_string_vec4
    %pushi/vec4 0, 0, 32; draw_string_vec4
    %concat/vec4; draw_string_vec4
    %pushi/vec4 0, 0, 32; draw_string_vec4
    %concat/vec4; draw_string_vec4
    %pushi/vec4 0, 0, 32; draw_string_vec4
    %concat/vec4; draw_string_vec4
    %pushi/vec4 0, 0, 32; draw_string_vec4
    %concat/vec4; draw_string_vec4
    %pushi/vec4 0, 0, 32; draw_string_vec4
    %concat/vec4; draw_string_vec4
    %pushi/vec4 0, 0, 32; draw_string_vec4
    %concat/vec4; draw_string_vec4
    %pushi/vec4 0, 0, 32; draw_string_vec4
    %concat/vec4; draw_string_vec4
    %pushi/vec4 0, 0, 32; draw_string_vec4
    %concat/vec4; draw_string_vec4
    %pushi/vec4 0, 0, 32; draw_string_vec4
    %concat/vec4; draw_string_vec4
    %pushi/vec4 0, 0, 32; draw_string_vec4
    %concat/vec4; draw_string_vec4
    %pushi/vec4 0, 0, 32; draw_string_vec4
    %concat/vec4; draw_string_vec4
    %pushi/vec4 0, 0, 32; draw_string_vec4
    %concat/vec4; draw_string_vec4
    %pushi/vec4 0, 0, 32; draw_string_vec4
    %concat/vec4; draw_string_vec4
    %pushi/vec4 0, 0, 32; draw_string_vec4
    %concat/vec4; draw_string_vec4
    %pushi/vec4 0, 0, 32; draw_string_vec4
    %concat/vec4; draw_string_vec4
    %pushi/vec4 0, 0, 32; draw_string_vec4
    %concat/vec4; draw_string_vec4
    %pushi/vec4 0, 0, 32; draw_string_vec4
    %concat/vec4; draw_string_vec4
    %pushi/vec4 0, 0, 32; draw_string_vec4
    %concat/vec4; draw_string_vec4
    %pushi/vec4 0, 0, 32; draw_string_vec4
    %concat/vec4; draw_string_vec4
    %pushi/vec4 0, 0, 32; draw_string_vec4
    %concat/vec4; draw_string_vec4
    %pushi/vec4 0, 0, 32; draw_string_vec4
    %concat/vec4; draw_string_vec4
    %pushi/vec4 0, 0, 32; draw_string_vec4
    %concat/vec4; draw_string_vec4
    %pushi/vec4 0, 0, 32; draw_string_vec4
    %concat/vec4; draw_string_vec4
    %pushi/vec4 0, 0, 32; draw_string_vec4
    %concat/vec4; draw_string_vec4
    %pushi/vec4 0, 0, 32; draw_string_vec4
    %concat/vec4; draw_string_vec4
    %pushi/vec4 0, 0, 32; draw_string_vec4
    %concat/vec4; draw_string_vec4
    %pushi/vec4 0, 0, 32; draw_string_vec4
    %concat/vec4; draw_string_vec4
    %pushi/vec4 0, 0, 32; draw_string_vec4
    %concat/vec4; draw_string_vec4
    %pushi/vec4 0, 0, 32; draw_string_vec4
    %concat/vec4; draw_string_vec4
    %pushi/vec4 0, 0, 32; draw_string_vec4
    %concat/vec4; draw_string_vec4
    %pushi/vec4 0, 0, 32; draw_string_vec4
    %concat/vec4; draw_string_vec4
    %pushi/vec4 0, 0, 32; draw_string_vec4
    %concat/vec4; draw_string_vec4
    %pushi/vec4 0, 0, 32; draw_string_vec4
    %concat/vec4; draw_string_vec4
    %pushi/vec4 0, 0, 32; draw_string_vec4
    %concat/vec4; draw_string_vec4
    %pushi/vec4 0, 0, 32; draw_string_vec4
    %concat/vec4; draw_string_vec4
    %pushi/vec4 0, 0, 32; draw_string_vec4
    %concat/vec4; draw_string_vec4
    %pushi/vec4 0, 0, 32; draw_string_vec4
    %concat/vec4; draw_string_vec4
    %pushi/vec4 0, 0, 32; draw_string_vec4
    %concat/vec4; draw_string_vec4
    %pushi/vec4 0, 0, 32; draw_string_vec4
    %concat/vec4; draw_string_vec4
    %pushi/vec4 0, 0, 32; draw_string_vec4
    %concat/vec4; draw_string_vec4
    %pushi/vec4 0, 0, 32; draw_string_vec4
    %concat/vec4; draw_string_vec4
    %pushi/vec4 0, 0, 32; draw_string_vec4
    %concat/vec4; draw_string_vec4
    %pushi/vec4 0, 0, 32; draw_string_vec4
    %concat/vec4; draw_string_vec4
    %pushi/vec4 0, 0, 32; draw_string_vec4
    %concat/vec4; draw_string_vec4
    %pushi/vec4 0, 0, 32; draw_string_vec4
    %concat/vec4; draw_string_vec4
    %pushi/vec4 0, 0, 32; draw_string_vec4
    %concat/vec4; draw_string_vec4
    %pushi/vec4 0, 0, 32; draw_string_vec4
    %concat/vec4; draw_string_vec4
    %pushi/vec4 0, 0, 32; draw_string_vec4
    %concat/vec4; draw_string_vec4
    %pushi/vec4 0, 0, 32; draw_string_vec4
    %concat/vec4; draw_string_vec4
    %pushi/vec4 0, 0, 32; draw_string_vec4
    %concat/vec4; draw_string_vec4
    %pushi/vec4 0, 0, 32; draw_string_vec4
    %concat/vec4; draw_string_vec4
    %pushi/vec4 0, 0, 32; draw_string_vec4
    %concat/vec4; draw_string_vec4
    %pushi/vec4 0, 0, 32; draw_string_vec4
    %concat/vec4; draw_string_vec4
    %pushi/vec4 0, 0, 32; draw_string_vec4
    %concat/vec4; draw_string_vec4
    %pushi/vec4 0, 0, 32; draw_string_vec4
    %concat/vec4; draw_string_vec4
    %pushi/vec4 0, 0, 32; draw_string_vec4
    %concat/vec4; draw_string_vec4
    %pushi/vec4 0, 0, 32; draw_string_vec4
    %concat/vec4; draw_string_vec4
    %pushi/vec4 0, 0, 32; draw_string_vec4
    %concat/vec4; draw_string_vec4
    %pushi/vec4 0, 0, 32; draw_string_vec4
    %concat/vec4; draw_string_vec4
    %pushi/vec4 0, 0, 32; draw_string_vec4
    %concat/vec4; draw_string_vec4
    %pushi/vec4 0, 0, 32; draw_string_vec4
    %concat/vec4; draw_string_vec4
    %pushi/vec4 0, 0, 32; draw_string_vec4
    %concat/vec4; draw_string_vec4
    %pushi/vec4 0, 0, 32; draw_string_vec4
    %concat/vec4; draw_string_vec4
    %pushi/vec4 0, 0, 32; draw_string_vec4
    %concat/vec4; draw_string_vec4
    %pushi/vec4 0, 0, 32; draw_string_vec4
    %concat/vec4; draw_string_vec4
    %pushi/vec4 0, 0, 32; draw_string_vec4
    %concat/vec4; draw_string_vec4
    %pushi/vec4 0, 0, 32; draw_string_vec4
    %concat/vec4; draw_string_vec4
    %pushi/vec4 0, 0, 32; draw_string_vec4
    %concat/vec4; draw_string_vec4
    %pushi/vec4 0, 0, 32; draw_string_vec4
    %concat/vec4; draw_string_vec4
    %pushi/vec4 0, 0, 32; draw_string_vec4
    %concat/vec4; draw_string_vec4
    %pushi/vec4 0, 0, 32; draw_string_vec4
    %concat/vec4; draw_string_vec4
    %pushi/vec4 0, 0, 32; draw_string_vec4
    %concat/vec4; draw_string_vec4
    %pushi/vec4 0, 0, 32; draw_string_vec4
    %concat/vec4; draw_string_vec4
    %pushi/vec4 0, 0, 32; draw_string_vec4
    %concat/vec4; draw_string_vec4
    %pushi/vec4 0, 0, 32; draw_string_vec4
    %concat/vec4; draw_string_vec4
    %pushi/vec4 0, 0, 32; draw_string_vec4
    %concat/vec4; draw_string_vec4
    %pushi/vec4 0, 0, 32; draw_string_vec4
    %concat/vec4; draw_string_vec4
    %pushi/vec4 0, 0, 32; draw_string_vec4
    %concat/vec4; draw_string_vec4
    %pushi/vec4 0, 0, 32; draw_string_vec4
    %concat/vec4; draw_string_vec4
    %pushi/vec4 0, 0, 32; draw_string_vec4
    %concat/vec4; draw_string_vec4
    %pushi/vec4 0, 0, 32; draw_string_vec4
    %concat/vec4; draw_string_vec4
    %pushi/vec4 0, 0, 32; draw_string_vec4
    %concat/vec4; draw_string_vec4
    %pushi/vec4 0, 0, 32; draw_string_vec4
    %concat/vec4; draw_string_vec4
    %pushi/vec4 0, 0, 32; draw_string_vec4
    %concat/vec4; draw_string_vec4
    %pushi/vec4 0, 0, 32; draw_string_vec4
    %concat/vec4; draw_string_vec4
    %pushi/vec4 0, 0, 32; draw_string_vec4
    %concat/vec4; draw_string_vec4
    %pushi/vec4 0, 0, 32; draw_string_vec4
    %concat/vec4; draw_string_vec4
    %pushi/vec4 0, 0, 32; draw_string_vec4
    %concat/vec4; draw_string_vec4
    %pushi/vec4 0, 0, 32; draw_string_vec4
    %concat/vec4; draw_string_vec4
    %pushi/vec4 0, 0, 32; draw_string_vec4
    %concat/vec4; draw_string_vec4
    %pushi/vec4 0, 0, 32; draw_string_vec4
    %concat/vec4; draw_string_vec4
    %pushi/vec4 0, 0, 32; draw_string_vec4
    %concat/vec4; draw_string_vec4
    %pushi/vec4 0, 0, 32; draw_string_vec4
    %concat/vec4; draw_string_vec4
    %pushi/vec4 0, 0, 32; draw_string_vec4
    %concat/vec4; draw_string_vec4
    %pushi/vec4 0, 0, 32; draw_string_vec4
    %concat/vec4; draw_string_vec4
    %pushi/vec4 0, 0, 32; draw_string_vec4
    %concat/vec4; draw_string_vec4
    %pushi/vec4 0, 0, 32; draw_string_vec4
    %concat/vec4; draw_string_vec4
    %pushi/vec4 0, 0, 32; draw_string_vec4
    %concat/vec4; draw_string_vec4
    %pushi/vec4 0, 0, 32; draw_string_vec4
    %concat/vec4; draw_string_vec4
    %pushi/vec4 0, 0, 32; draw_string_vec4
    %concat/vec4; draw_string_vec4
    %pushi/vec4 0, 0, 32; draw_string_vec4
    %concat/vec4; draw_string_vec4
    %pushi/vec4 0, 0, 32; draw_string_vec4
    %concat/vec4; draw_string_vec4
    %pushi/vec4 0, 0, 32; draw_string_vec4
    %concat/vec4; draw_string_vec4
    %pushi/vec4 0, 0, 32; draw_string_vec4
    %concat/vec4; draw_string_vec4
    %pushi/vec4 0, 0, 32; draw_string_vec4
    %concat/vec4; draw_string_vec4
    %pushi/vec4 0, 0, 32; draw_string_vec4
    %concat/vec4; draw_string_vec4
    %pushi/vec4 0, 0, 32; draw_string_vec4
    %concat/vec4; draw_string_vec4
    %pushi/vec4 0, 0, 32; draw_string_vec4
    %concat/vec4; draw_string_vec4
    %pushi/vec4 0, 0, 32; draw_string_vec4
    %concat/vec4; draw_string_vec4
    %pushi/vec4 0, 0, 32; draw_string_vec4
    %concat/vec4; draw_string_vec4
    %pushi/vec4 0, 0, 32; draw_string_vec4
    %concat/vec4; draw_string_vec4
    %pushi/vec4 0, 0, 32; draw_string_vec4
    %concat/vec4; draw_string_vec4
    %pushi/vec4 0, 0, 32; draw_string_vec4
    %concat/vec4; draw_string_vec4
    %pushi/vec4 0, 0, 32; draw_string_vec4
    %concat/vec4; draw_string_vec4
    %pushi/vec4 0, 0, 32; draw_string_vec4
    %concat/vec4; draw_string_vec4
    %pushi/vec4 0, 0, 32; draw_string_vec4
    %concat/vec4; draw_string_vec4
    %pushi/vec4 0, 0, 32; draw_string_vec4
    %concat/vec4; draw_string_vec4
    %pushi/vec4 0, 0, 32; draw_string_vec4
    %concat/vec4; draw_string_vec4
    %pushi/vec4 0, 0, 32; draw_string_vec4
    %concat/vec4; draw_string_vec4
    %pushi/vec4 0, 0, 32; draw_string_vec4
    %concat/vec4; draw_string_vec4
    %pushi/vec4 0, 0, 32; draw_string_vec4
    %concat/vec4; draw_string_vec4
    %pushi/vec4 0, 0, 32; draw_string_vec4
    %concat/vec4; draw_string_vec4
    %pushi/vec4 0, 0, 32; draw_string_vec4
    %concat/vec4; draw_string_vec4
    %pushi/vec4 0, 0, 32; draw_string_vec4
    %concat/vec4; draw_string_vec4
    %pushi/vec4 0, 0, 32; draw_string_vec4
    %concat/vec4; draw_string_vec4
    %pushi/vec4 0, 0, 32; draw_string_vec4
    %concat/vec4; draw_string_vec4
    %pushi/vec4 0, 0, 32; draw_string_vec4
    %concat/vec4; draw_string_vec4
    %pushi/vec4 0, 0, 32; draw_string_vec4
    %concat/vec4; draw_string_vec4
    %pushi/vec4 0, 0, 32; draw_string_vec4
    %concat/vec4; draw_string_vec4
    %pushi/vec4 0, 0, 32; draw_string_vec4
    %concat/vec4; draw_string_vec4
    %pushi/vec4 0, 0, 32; draw_string_vec4
    %concat/vec4; draw_string_vec4
    %pushi/vec4 0, 0, 32; draw_string_vec4
    %concat/vec4; draw_string_vec4
    %pushi/vec4 0, 0, 32; draw_string_vec4
    %concat/vec4; draw_string_vec4
    %pushi/vec4 0, 0, 32; draw_string_vec4
    %concat/vec4; draw_string_vec4
    %pushi/vec4 0, 0, 32; draw_string_vec4
    %concat/vec4; draw_string_vec4
    %pushi/vec4 0, 0, 32; draw_string_vec4
    %concat/vec4; draw_string_vec4
    %pushi/vec4 0, 0, 32; draw_string_vec4
    %concat/vec4; draw_string_vec4
    %pushi/vec4 0, 0, 32; draw_string_vec4
    %concat/vec4; draw_string_vec4
    %pushi/vec4 0, 0, 32; draw_string_vec4
    %concat/vec4; draw_string_vec4
    %pushi/vec4 0, 0, 32; draw_string_vec4
    %concat/vec4; draw_string_vec4
    %pushi/vec4 0, 0, 32; draw_string_vec4
    %concat/vec4; draw_string_vec4
    %pushi/vec4 0, 0, 32; draw_string_vec4
    %concat/vec4; draw_string_vec4
    %pushi/vec4 0, 0, 32; draw_string_vec4
    %concat/vec4; draw_string_vec4
    %pushi/vec4 0, 0, 32; draw_string_vec4
    %concat/vec4; draw_string_vec4
    %pushi/vec4 0, 0, 32; draw_string_vec4
    %concat/vec4; draw_string_vec4
    %pushi/vec4 0, 0, 32; draw_string_vec4
    %concat/vec4; draw_string_vec4
    %pushi/vec4 0, 0, 32; draw_string_vec4
    %concat/vec4; draw_string_vec4
    %pushi/vec4 0, 0, 32; draw_string_vec4
    %concat/vec4; draw_string_vec4
    %pushi/vec4 0, 0, 32; draw_string_vec4
    %concat/vec4; draw_string_vec4
    %pushi/vec4 0, 0, 32; draw_string_vec4
    %concat/vec4; draw_string_vec4
    %pushi/vec4 0, 0, 32; draw_string_vec4
    %concat/vec4; draw_string_vec4
    %pushi/vec4 0, 0, 32; draw_string_vec4
    %concat/vec4; draw_string_vec4
    %pushi/vec4 0, 0, 32; draw_string_vec4
    %concat/vec4; draw_string_vec4
    %pushi/vec4 0, 0, 32; draw_string_vec4
    %concat/vec4; draw_string_vec4
    %pushi/vec4 0, 0, 32; draw_string_vec4
    %concat/vec4; draw_string_vec4
    %pushi/vec4 0, 0, 32; draw_string_vec4
    %concat/vec4; draw_string_vec4
    %pushi/vec4 0, 0, 32; draw_string_vec4
    %concat/vec4; draw_string_vec4
    %pushi/vec4 0, 0, 32; draw_string_vec4
    %concat/vec4; draw_string_vec4
    %pushi/vec4 0, 0, 32; draw_string_vec4
    %concat/vec4; draw_string_vec4
    %pushi/vec4 0, 0, 32; draw_string_vec4
    %concat/vec4; draw_string_vec4
    %pushi/vec4 0, 0, 32; draw_string_vec4
    %concat/vec4; draw_string_vec4
    %pushi/vec4 0, 0, 32; draw_string_vec4
    %concat/vec4; draw_string_vec4
    %pushi/vec4 0, 0, 32; draw_string_vec4
    %concat/vec4; draw_string_vec4
    %pushi/vec4 0, 0, 32; draw_string_vec4
    %concat/vec4; draw_string_vec4
    %pushi/vec4 0, 0, 32; draw_string_vec4
    %concat/vec4; draw_string_vec4
    %pushi/vec4 0, 0, 32; draw_string_vec4
    %concat/vec4; draw_string_vec4
    %pushi/vec4 0, 0, 32; draw_string_vec4
    %concat/vec4; draw_string_vec4
    %pushi/vec4 0, 0, 32; draw_string_vec4
    %concat/vec4; draw_string_vec4
    %pushi/vec4 0, 0, 32; draw_string_vec4
    %concat/vec4; draw_string_vec4
    %pushi/vec4 0, 0, 32; draw_string_vec4
    %concat/vec4; draw_string_vec4
    %pushi/vec4 0, 0, 32; draw_string_vec4
    %concat/vec4; draw_string_vec4
    %pushi/vec4 0, 0, 32; draw_string_vec4
    %concat/vec4; draw_string_vec4
    %pushi/vec4 0, 0, 32; draw_string_vec4
    %concat/vec4; draw_string_vec4
    %pushi/vec4 0, 0, 32; draw_string_vec4
    %concat/vec4; draw_string_vec4
    %pushi/vec4 0, 0, 32; draw_string_vec4
    %concat/vec4; draw_string_vec4
    %pushi/vec4 0, 0, 32; draw_string_vec4
    %concat/vec4; draw_string_vec4
    %pushi/vec4 0, 0, 32; draw_string_vec4
    %concat/vec4; draw_string_vec4
    %pushi/vec4 0, 0, 32; draw_string_vec4
    %concat/vec4; draw_string_vec4
    %pushi/vec4 0, 0, 32; draw_string_vec4
    %concat/vec4; draw_string_vec4
    %pushi/vec4 0, 0, 32; draw_string_vec4
    %concat/vec4; draw_string_vec4
    %pushi/vec4 0, 0, 32; draw_string_vec4
    %concat/vec4; draw_string_vec4
    %pushi/vec4 0, 0, 32; draw_string_vec4
    %concat/vec4; draw_string_vec4
    %pushi/vec4 0, 0, 32; draw_string_vec4
    %concat/vec4; draw_string_vec4
    %pushi/vec4 0, 0, 32; draw_string_vec4
    %concat/vec4; draw_string_vec4
    %pushi/vec4 0, 0, 32; draw_string_vec4
    %concat/vec4; draw_string_vec4
    %pushi/vec4 0, 0, 32; draw_string_vec4
    %concat/vec4; draw_string_vec4
    %pushi/vec4 0, 0, 32; draw_string_vec4
    %concat/vec4; draw_string_vec4
    %pushi/vec4 0, 0, 32; draw_string_vec4
    %concat/vec4; draw_string_vec4
    %pushi/vec4 0, 0, 32; draw_string_vec4
    %concat/vec4; draw_string_vec4
    %pushi/vec4 0, 0, 32; draw_string_vec4
    %concat/vec4; draw_string_vec4
    %pushi/vec4 0, 0, 32; draw_string_vec4
    %concat/vec4; draw_string_vec4
    %pushi/vec4 0, 0, 32; draw_string_vec4
    %concat/vec4; draw_string_vec4
    %pushi/vec4 0, 0, 32; draw_string_vec4
    %concat/vec4; draw_string_vec4
    %pushi/vec4 0, 0, 32; draw_string_vec4
    %concat/vec4; draw_string_vec4
    %pushi/vec4 0, 0, 32; draw_string_vec4
    %concat/vec4; draw_string_vec4
    %pushi/vec4 0, 0, 32; draw_string_vec4
    %concat/vec4; draw_string_vec4
    %pushi/vec4 0, 0, 32; draw_string_vec4
    %concat/vec4; draw_string_vec4
    %pushi/vec4 0, 0, 32; draw_string_vec4
    %concat/vec4; draw_string_vec4
    %pushi/vec4 0, 0, 32; draw_string_vec4
    %concat/vec4; draw_string_vec4
    %pushi/vec4 0, 0, 32; draw_string_vec4
    %concat/vec4; draw_string_vec4
    %pushi/vec4 0, 0, 32; draw_string_vec4
    %concat/vec4; draw_string_vec4
    %pushi/vec4 0, 0, 32; draw_string_vec4
    %concat/vec4; draw_string_vec4
    %pushi/vec4 0, 0, 32; draw_string_vec4
    %concat/vec4; draw_string_vec4
    %pushi/vec4 0, 0, 32; draw_string_vec4
    %concat/vec4; draw_string_vec4
    %pushi/vec4 0, 0, 32; draw_string_vec4
    %concat/vec4; draw_string_vec4
    %pushi/vec4 0, 0, 32; draw_string_vec4
    %concat/vec4; draw_string_vec4
    %pushi/vec4 0, 0, 32; draw_string_vec4
    %concat/vec4; draw_string_vec4
    %pushi/vec4 0, 0, 32; draw_string_vec4
    %concat/vec4; draw_string_vec4
    %pushi/vec4 0, 0, 32; draw_string_vec4
    %concat/vec4; draw_string_vec4
    %pushi/vec4 0, 0, 32; draw_string_vec4
    %concat/vec4; draw_string_vec4
    %pushi/vec4 0, 0, 32; draw_string_vec4
    %concat/vec4; draw_string_vec4
    %pushi/vec4 0, 0, 32; draw_string_vec4
    %concat/vec4; draw_string_vec4
    %pushi/vec4 0, 0, 32; draw_string_vec4
    %concat/vec4; draw_string_vec4
    %pushi/vec4 0, 0, 32; draw_string_vec4
    %concat/vec4; draw_string_vec4
    %pushi/vec4 0, 0, 32; draw_string_vec4
    %concat/vec4; draw_string_vec4
    %pushi/vec4 0, 0, 32; draw_string_vec4
    %concat/vec4; draw_string_vec4
    %pushi/vec4 0, 0, 32; draw_string_vec4
    %concat/vec4; draw_string_vec4
    %pushi/vec4 0, 0, 32; draw_string_vec4
    %concat/vec4; draw_string_vec4
    %pushi/vec4 0, 0, 32; draw_string_vec4
    %concat/vec4; draw_string_vec4
    %pushi/vec4 0, 0, 32; draw_string_vec4
    %concat/vec4; draw_string_vec4
    %pushi/vec4 0, 0, 32; draw_string_vec4
    %concat/vec4; draw_string_vec4
    %pushi/vec4 0, 0, 32; draw_string_vec4
    %concat/vec4; draw_string_vec4
    %pushi/vec4 0, 0, 32; draw_string_vec4
    %concat/vec4; draw_string_vec4
    %pushi/vec4 0, 0, 32; draw_string_vec4
    %concat/vec4; draw_string_vec4
    %pushi/vec4 0, 0, 32; draw_string_vec4
    %concat/vec4; draw_string_vec4
    %pushi/vec4 0, 0, 32; draw_string_vec4
    %concat/vec4; draw_string_vec4
    %pushi/vec4 0, 0, 32; draw_string_vec4
    %concat/vec4; draw_string_vec4
    %pushi/vec4 0, 0, 32; draw_string_vec4
    %concat/vec4; draw_string_vec4
    %pushi/vec4 0, 0, 32; draw_string_vec4
    %concat/vec4; draw_string_vec4
    %pushi/vec4 0, 0, 32; draw_string_vec4
    %concat/vec4; draw_string_vec4
    %pushi/vec4 0, 0, 32; draw_string_vec4
    %concat/vec4; draw_string_vec4
    %pushi/vec4 0, 0, 32; draw_string_vec4
    %concat/vec4; draw_string_vec4
    %pushi/vec4 0, 0, 32; draw_string_vec4
    %concat/vec4; draw_string_vec4
    %pushi/vec4 0, 0, 32; draw_string_vec4
    %concat/vec4; draw_string_vec4
    %pushi/vec4 0, 0, 32; draw_string_vec4
    %concat/vec4; draw_string_vec4
    %pushi/vec4 0, 0, 32; draw_string_vec4
    %concat/vec4; draw_string_vec4
    %pushi/vec4 0, 0, 32; draw_string_vec4
    %concat/vec4; draw_string_vec4
    %pushi/vec4 0, 0, 32; draw_string_vec4
    %concat/vec4; draw_string_vec4
    %pushi/vec4 0, 0, 32; draw_string_vec4
    %concat/vec4; draw_string_vec4
    %pushi/vec4 0, 0, 32; draw_string_vec4
    %concat/vec4; draw_string_vec4
    %pushi/vec4 0, 0, 32; draw_string_vec4
    %concat/vec4; draw_string_vec4
    %pushi/vec4 0, 0, 32; draw_string_vec4
    %concat/vec4; draw_string_vec4
    %pushi/vec4 0, 0, 32; draw_string_vec4
    %concat/vec4; draw_string_vec4
    %pushi/vec4 0, 0, 32; draw_string_vec4
    %concat/vec4; draw_string_vec4
    %pushi/vec4 0, 0, 32; draw_string_vec4
    %concat/vec4; draw_string_vec4
    %pushi/vec4 0, 0, 32; draw_string_vec4
    %concat/vec4; draw_string_vec4
    %pushi/vec4 0, 0, 32; draw_string_vec4
    %concat/vec4; draw_string_vec4
    %pushi/vec4 0, 0, 32; draw_string_vec4
    %concat/vec4; draw_string_vec4
    %pushi/vec4 0, 0, 32; draw_string_vec4
    %concat/vec4; draw_string_vec4
    %pushi/vec4 0, 0, 32; draw_string_vec4
    %concat/vec4; draw_string_vec4
    %pushi/vec4 0, 0, 32; draw_string_vec4
    %concat/vec4; draw_string_vec4
    %pushi/vec4 0, 0, 32; draw_string_vec4
    %concat/vec4; draw_string_vec4
    %pushi/vec4 0, 0, 32; draw_string_vec4
    %concat/vec4; draw_string_vec4
    %pushi/vec4 0, 0, 32; draw_string_vec4
    %concat/vec4; draw_string_vec4
    %pushi/vec4 0, 0, 32; draw_string_vec4
    %concat/vec4; draw_string_vec4
    %pushi/vec4 0, 0, 32; draw_string_vec4
    %concat/vec4; draw_string_vec4
    %pushi/vec4 0, 0, 32; draw_string_vec4
    %concat/vec4; draw_string_vec4
    %pushi/vec4 0, 0, 32; draw_string_vec4
    %concat/vec4; draw_string_vec4
    %pushi/vec4 0, 0, 32; draw_string_vec4
    %concat/vec4; draw_string_vec4
    %pushi/vec4 0, 0, 32; draw_string_vec4
    %concat/vec4; draw_string_vec4
    %pushi/vec4 0, 0, 32; draw_string_vec4
    %concat/vec4; draw_string_vec4
    %pushi/vec4 0, 0, 32; draw_string_vec4
    %concat/vec4; draw_string_vec4
    %pushi/vec4 0, 0, 32; draw_string_vec4
    %concat/vec4; draw_string_vec4
    %pushi/vec4 0, 0, 32; draw_string_vec4
    %concat/vec4; draw_string_vec4
    %pushi/vec4 0, 0, 32; draw_string_vec4
    %concat/vec4; draw_string_vec4
    %pushi/vec4 0, 0, 32; draw_string_vec4
    %concat/vec4; draw_string_vec4
    %pushi/vec4 0, 0, 32; draw_string_vec4
    %concat/vec4; draw_string_vec4
    %pushi/vec4 0, 0, 32; draw_string_vec4
    %concat/vec4; draw_string_vec4
    %pushi/vec4 0, 0, 32; draw_string_vec4
    %concat/vec4; draw_string_vec4
    %pushi/vec4 0, 0, 32; draw_string_vec4
    %concat/vec4; draw_string_vec4
    %pushi/vec4 0, 0, 32; draw_string_vec4
    %concat/vec4; draw_string_vec4
    %pushi/vec4 0, 0, 32; draw_string_vec4
    %concat/vec4; draw_string_vec4
    %pushi/vec4 0, 0, 32; draw_string_vec4
    %concat/vec4; draw_string_vec4
    %pushi/vec4 0, 0, 32; draw_string_vec4
    %concat/vec4; draw_string_vec4
    %pushi/vec4 0, 0, 32; draw_string_vec4
    %concat/vec4; draw_string_vec4
    %pushi/vec4 0, 0, 32; draw_string_vec4
    %concat/vec4; draw_string_vec4
    %pushi/vec4 0, 0, 32; draw_string_vec4
    %concat/vec4; draw_string_vec4
    %pushi/vec4 0, 0, 32; draw_string_vec4
    %concat/vec4; draw_string_vec4
    %pushi/vec4 0, 0, 32; draw_string_vec4
    %concat/vec4; draw_string_vec4
    %pushi/vec4 0, 0, 32; draw_string_vec4
    %concat/vec4; draw_string_vec4
    %pushi/vec4 0, 0, 32; draw_string_vec4
    %concat/vec4; draw_string_vec4
    %pushi/vec4 0, 0, 32; draw_string_vec4
    %concat/vec4; draw_string_vec4
    %pushi/vec4 0, 0, 32; draw_string_vec4
    %concat/vec4; draw_string_vec4
    %pushi/vec4 0, 0, 32; draw_string_vec4
    %concat/vec4; draw_string_vec4
    %pushi/vec4 0, 0, 32; draw_string_vec4
    %concat/vec4; draw_string_vec4
    %pushi/vec4 0, 0, 32; draw_string_vec4
    %concat/vec4; draw_string_vec4
    %pushi/vec4 0, 0, 32; draw_string_vec4
    %concat/vec4; draw_string_vec4
    %pushi/vec4 0, 0, 32; draw_string_vec4
    %concat/vec4; draw_string_vec4
    %pushi/vec4 0, 0, 32; draw_string_vec4
    %concat/vec4; draw_string_vec4
    %pushi/vec4 0, 0, 32; draw_string_vec4
    %concat/vec4; draw_string_vec4
    %pushi/vec4 0, 0, 32; draw_string_vec4
    %concat/vec4; draw_string_vec4
    %pushi/vec4 0, 0, 32; draw_string_vec4
    %concat/vec4; draw_string_vec4
    %pushi/vec4 0, 0, 32; draw_string_vec4
    %concat/vec4; draw_string_vec4
    %pushi/vec4 0, 0, 32; draw_string_vec4
    %concat/vec4; draw_string_vec4
    %pushi/vec4 0, 0, 32; draw_string_vec4
    %concat/vec4; draw_string_vec4
    %pushi/vec4 0, 0, 32; draw_string_vec4
    %concat/vec4; draw_string_vec4
    %pushi/vec4 0, 0, 32; draw_string_vec4
    %concat/vec4; draw_string_vec4
    %pushi/vec4 0, 0, 32; draw_string_vec4
    %concat/vec4; draw_string_vec4
    %pushi/vec4 0, 0, 32; draw_string_vec4
    %concat/vec4; draw_string_vec4
    %pushi/vec4 0, 0, 32; draw_string_vec4
    %concat/vec4; draw_string_vec4
    %pushi/vec4 0, 0, 32; draw_string_vec4
    %concat/vec4; draw_string_vec4
    %pushi/vec4 0, 0, 32; draw_string_vec4
    %concat/vec4; draw_string_vec4
    %pushi/vec4 0, 0, 32; draw_string_vec4
    %concat/vec4; draw_string_vec4
    %pushi/vec4 0, 0, 32; draw_string_vec4
    %concat/vec4; draw_string_vec4
    %pushi/vec4 0, 0, 32; draw_string_vec4
    %concat/vec4; draw_string_vec4
    %pushi/vec4 0, 0, 32; draw_string_vec4
    %concat/vec4; draw_string_vec4
    %pushi/vec4 0, 0, 32; draw_string_vec4
    %concat/vec4; draw_string_vec4
    %pushi/vec4 0, 0, 32; draw_string_vec4
    %concat/vec4; draw_string_vec4
    %pushi/vec4 0, 0, 32; draw_string_vec4
    %concat/vec4; draw_string_vec4
    %pushi/vec4 0, 0, 32; draw_string_vec4
    %concat/vec4; draw_string_vec4
    %pushi/vec4 0, 0, 32; draw_string_vec4
    %concat/vec4; draw_string_vec4
    %pushi/vec4 0, 0, 32; draw_string_vec4
    %concat/vec4; draw_string_vec4
    %pushi/vec4 0, 0, 32; draw_string_vec4
    %concat/vec4; draw_string_vec4
    %pushi/vec4 0, 0, 32; draw_string_vec4
    %concat/vec4; draw_string_vec4
    %pushi/vec4 0, 0, 32; draw_string_vec4
    %concat/vec4; draw_string_vec4
    %pushi/vec4 0, 0, 32; draw_string_vec4
    %concat/vec4; draw_string_vec4
    %pushi/vec4 0, 0, 32; draw_string_vec4
    %concat/vec4; draw_string_vec4
    %pushi/vec4 0, 0, 32; draw_string_vec4
    %concat/vec4; draw_string_vec4
    %pushi/vec4 0, 0, 32; draw_string_vec4
    %concat/vec4; draw_string_vec4
    %pushi/vec4 0, 0, 32; draw_string_vec4
    %concat/vec4; draw_string_vec4
    %pushi/vec4 0, 0, 32; draw_string_vec4
    %concat/vec4; draw_string_vec4
    %pushi/vec4 0, 0, 32; draw_string_vec4
    %concat/vec4; draw_string_vec4
    %pushi/vec4 0, 0, 32; draw_string_vec4
    %concat/vec4; draw_string_vec4
    %pushi/vec4 0, 0, 32; draw_string_vec4
    %concat/vec4; draw_string_vec4
    %pushi/vec4 0, 0, 32; draw_string_vec4
    %concat/vec4; draw_string_vec4
    %pushi/vec4 0, 0, 32; draw_string_vec4
    %concat/vec4; draw_string_vec4
    %pushi/vec4 0, 0, 32; draw_string_vec4
    %concat/vec4; draw_string_vec4
    %pushi/vec4 0, 0, 32; draw_string_vec4
    %concat/vec4; draw_string_vec4
    %pushi/vec4 0, 0, 32; draw_string_vec4
    %concat/vec4; draw_string_vec4
    %pushi/vec4 0, 0, 32; draw_string_vec4
    %concat/vec4; draw_string_vec4
    %pushi/vec4 0, 0, 32; draw_string_vec4
    %concat/vec4; draw_string_vec4
    %pushi/vec4 0, 0, 32; draw_string_vec4
    %concat/vec4; draw_string_vec4
    %pushi/vec4 0, 0, 32; draw_string_vec4
    %concat/vec4; draw_string_vec4
    %pushi/vec4 0, 0, 32; draw_string_vec4
    %concat/vec4; draw_string_vec4
    %pushi/vec4 0, 0, 32; draw_string_vec4
    %concat/vec4; draw_string_vec4
    %pushi/vec4 0, 0, 32; draw_string_vec4
    %concat/vec4; draw_string_vec4
    %pushi/vec4 0, 0, 32; draw_string_vec4
    %concat/vec4; draw_string_vec4
    %pushi/vec4 0, 0, 32; draw_string_vec4
    %concat/vec4; draw_string_vec4
    %pushi/vec4 0, 0, 32; draw_string_vec4
    %concat/vec4; draw_string_vec4
    %pushi/vec4 0, 0, 32; draw_string_vec4
    %concat/vec4; draw_string_vec4
    %pushi/vec4 0, 0, 32; draw_string_vec4
    %concat/vec4; draw_string_vec4
    %pushi/vec4 0, 0, 32; draw_string_vec4
    %concat/vec4; draw_string_vec4
    %pushi/vec4 0, 0, 32; draw_string_vec4
    %concat/vec4; draw_string_vec4
    %pushi/vec4 0, 0, 32; draw_string_vec4
    %concat/vec4; draw_string_vec4
    %pushi/vec4 0, 0, 32; draw_string_vec4
    %concat/vec4; draw_string_vec4
    %pushi/vec4 0, 0, 32; draw_string_vec4
    %concat/vec4; draw_string_vec4
    %pushi/vec4 0, 0, 32; draw_string_vec4
    %concat/vec4; draw_string_vec4
    %pushi/vec4 0, 0, 32; draw_string_vec4
    %concat/vec4; draw_string_vec4
    %pushi/vec4 0, 0, 32; draw_string_vec4
    %concat/vec4; draw_string_vec4
    %pushi/vec4 0, 0, 32; draw_string_vec4
    %concat/vec4; draw_string_vec4
    %pushi/vec4 0, 0, 32; draw_string_vec4
    %concat/vec4; draw_string_vec4
    %pushi/vec4 0, 0, 32; draw_string_vec4
    %concat/vec4; draw_string_vec4
    %pushi/vec4 0, 0, 32; draw_string_vec4
    %concat/vec4; draw_string_vec4
    %pushi/vec4 0, 0, 32; draw_string_vec4
    %concat/vec4; draw_string_vec4
    %pushi/vec4 0, 0, 32; draw_string_vec4
    %concat/vec4; draw_string_vec4
    %pushi/vec4 0, 0, 32; draw_string_vec4
    %concat/vec4; draw_string_vec4
    %pushi/vec4 0, 0, 32; draw_string_vec4
    %concat/vec4; draw_string_vec4
    %pushi/vec4 0, 0, 32; draw_string_vec4
    %concat/vec4; draw_string_vec4
    %pushi/vec4 0, 0, 32; draw_string_vec4
    %concat/vec4; draw_string_vec4
    %pushi/vec4 0, 0, 32; draw_string_vec4
    %concat/vec4; draw_string_vec4
    %pushi/vec4 0, 0, 32; draw_string_vec4
    %concat/vec4; draw_string_vec4
    %pushi/vec4 0, 0, 32; draw_string_vec4
    %concat/vec4; draw_string_vec4
    %pushi/vec4 0, 0, 32; draw_string_vec4
    %concat/vec4; draw_string_vec4
    %pushi/vec4 0, 0, 32; draw_string_vec4
    %concat/vec4; draw_string_vec4
    %pushi/vec4 0, 0, 32; draw_string_vec4
    %concat/vec4; draw_string_vec4
    %pushi/vec4 0, 0, 32; draw_string_vec4
    %concat/vec4; draw_string_vec4
    %pushi/vec4 0, 0, 32; draw_string_vec4
    %concat/vec4; draw_string_vec4
    %pushi/vec4 0, 0, 32; draw_string_vec4
    %concat/vec4; draw_string_vec4
    %pushi/vec4 0, 0, 32; draw_string_vec4
    %concat/vec4; draw_string_vec4
    %pushi/vec4 0, 0, 32; draw_string_vec4
    %concat/vec4; draw_string_vec4
    %pushi/vec4 0, 0, 32; draw_string_vec4
    %concat/vec4; draw_string_vec4
    %pushi/vec4 0, 0, 32; draw_string_vec4
    %concat/vec4; draw_string_vec4
    %pushi/vec4 0, 0, 32; draw_string_vec4
    %concat/vec4; draw_string_vec4
    %pushi/vec4 0, 0, 32; draw_string_vec4
    %concat/vec4; draw_string_vec4
    %pushi/vec4 0, 0, 32; draw_string_vec4
    %concat/vec4; draw_string_vec4
    %pushi/vec4 0, 0, 32; draw_string_vec4
    %concat/vec4; draw_string_vec4
    %pushi/vec4 0, 0, 32; draw_string_vec4
    %concat/vec4; draw_string_vec4
    %pushi/vec4 0, 0, 32; draw_string_vec4
    %concat/vec4; draw_string_vec4
    %pushi/vec4 0, 0, 32; draw_string_vec4
    %concat/vec4; draw_string_vec4
    %pushi/vec4 0, 0, 32; draw_string_vec4
    %concat/vec4; draw_string_vec4
    %pushi/vec4 0, 0, 32; draw_string_vec4
    %concat/vec4; draw_string_vec4
    %pushi/vec4 0, 0, 32; draw_string_vec4
    %concat/vec4; draw_string_vec4
    %pushi/vec4 0, 0, 32; draw_string_vec4
    %concat/vec4; draw_string_vec4
    %pushi/vec4 0, 0, 32; draw_string_vec4
    %concat/vec4; draw_string_vec4
    %pushi/vec4 0, 0, 32; draw_string_vec4
    %concat/vec4; draw_string_vec4
    %pushi/vec4 0, 0, 32; draw_string_vec4
    %concat/vec4; draw_string_vec4
    %pushi/vec4 0, 0, 32; draw_string_vec4
    %concat/vec4; draw_string_vec4
    %pushi/vec4 0, 0, 32; draw_string_vec4
    %concat/vec4; draw_string_vec4
    %pushi/vec4 0, 0, 32; draw_string_vec4
    %concat/vec4; draw_string_vec4
    %pushi/vec4 0, 0, 32; draw_string_vec4
    %concat/vec4; draw_string_vec4
    %pushi/vec4 0, 0, 32; draw_string_vec4
    %concat/vec4; draw_string_vec4
    %pushi/vec4 0, 0, 32; draw_string_vec4
    %concat/vec4; draw_string_vec4
    %pushi/vec4 0, 0, 32; draw_string_vec4
    %concat/vec4; draw_string_vec4
    %pushi/vec4 0, 0, 32; draw_string_vec4
    %concat/vec4; draw_string_vec4
    %pushi/vec4 0, 0, 32; draw_string_vec4
    %concat/vec4; draw_string_vec4
    %pushi/vec4 0, 0, 32; draw_string_vec4
    %concat/vec4; draw_string_vec4
    %pushi/vec4 0, 0, 32; draw_string_vec4
    %concat/vec4; draw_string_vec4
    %pushi/vec4 0, 0, 32; draw_string_vec4
    %concat/vec4; draw_string_vec4
    %pushi/vec4 0, 0, 32; draw_string_vec4
    %concat/vec4; draw_string_vec4
    %pushi/vec4 0, 0, 32; draw_string_vec4
    %concat/vec4; draw_string_vec4
    %pushi/vec4 0, 0, 32; draw_string_vec4
    %concat/vec4; draw_string_vec4
    %pushi/vec4 0, 0, 32; draw_string_vec4
    %concat/vec4; draw_string_vec4
    %pushi/vec4 0, 0, 32; draw_string_vec4
    %concat/vec4; draw_string_vec4
    %pushi/vec4 0, 0, 32; draw_string_vec4
    %concat/vec4; draw_string_vec4
    %pushi/vec4 0, 0, 32; draw_string_vec4
    %concat/vec4; draw_string_vec4
    %pushi/vec4 0, 0, 32; draw_string_vec4
    %concat/vec4; draw_string_vec4
    %pushi/vec4 0, 0, 32; draw_string_vec4
    %concat/vec4; draw_string_vec4
    %pushi/vec4 0, 0, 32; draw_string_vec4
    %concat/vec4; draw_string_vec4
    %pushi/vec4 0, 0, 32; draw_string_vec4
    %concat/vec4; draw_string_vec4
    %pushi/vec4 0, 0, 32; draw_string_vec4
    %concat/vec4; draw_string_vec4
    %pushi/vec4 0, 0, 32; draw_string_vec4
    %concat/vec4; draw_string_vec4
    %pushi/vec4 0, 0, 32; draw_string_vec4
    %concat/vec4; draw_string_vec4
    %pushi/vec4 0, 0, 32; draw_string_vec4
    %concat/vec4; draw_string_vec4
    %pushi/vec4 0, 0, 32; draw_string_vec4
    %concat/vec4; draw_string_vec4
    %pushi/vec4 0, 0, 32; draw_string_vec4
    %concat/vec4; draw_string_vec4
    %pushi/vec4 0, 0, 32; draw_string_vec4
    %concat/vec4; draw_string_vec4
    %pushi/vec4 0, 0, 32; draw_string_vec4
    %concat/vec4; draw_string_vec4
    %pushi/vec4 0, 0, 32; draw_string_vec4
    %concat/vec4; draw_string_vec4
    %pushi/vec4 0, 0, 32; draw_string_vec4
    %concat/vec4; draw_string_vec4
    %pushi/vec4 0, 0, 32; draw_string_vec4
    %concat/vec4; draw_string_vec4
    %pushi/vec4 0, 0, 32; draw_string_vec4
    %concat/vec4; draw_string_vec4
    %pushi/vec4 0, 0, 32; draw_string_vec4
    %concat/vec4; draw_string_vec4
    %pushi/vec4 0, 0, 32; draw_string_vec4
    %concat/vec4; draw_string_vec4
    %pushi/vec4 0, 0, 32; draw_string_vec4
    %concat/vec4; draw_string_vec4
    %pushi/vec4 0, 0, 32; draw_string_vec4
    %concat/vec4; draw_string_vec4
    %pushi/vec4 0, 0, 32; draw_string_vec4
    %concat/vec4; draw_string_vec4
    %pushi/vec4 0, 0, 32; draw_string_vec4
    %concat/vec4; draw_string_vec4
    %pushi/vec4 0, 0, 32; draw_string_vec4
    %concat/vec4; draw_string_vec4
    %pushi/vec4 0, 0, 32; draw_string_vec4
    %concat/vec4; draw_string_vec4
    %pushi/vec4 0, 0, 32; draw_string_vec4
    %concat/vec4; draw_string_vec4
    %pushi/vec4 0, 0, 32; draw_string_vec4
    %concat/vec4; draw_string_vec4
    %pushi/vec4 0, 0, 32; draw_string_vec4
    %concat/vec4; draw_string_vec4
    %pushi/vec4 0, 0, 32; draw_string_vec4
    %concat/vec4; draw_string_vec4
    %pushi/vec4 0, 0, 32; draw_string_vec4
    %concat/vec4; draw_string_vec4
    %pushi/vec4 0, 0, 32; draw_string_vec4
    %concat/vec4; draw_string_vec4
    %pushi/vec4 0, 0, 32; draw_string_vec4
    %concat/vec4; draw_string_vec4
    %pushi/vec4 0, 0, 32; draw_string_vec4
    %concat/vec4; draw_string_vec4
    %pushi/vec4 0, 0, 32; draw_string_vec4
    %concat/vec4; draw_string_vec4
    %pushi/vec4 0, 0, 32; draw_string_vec4
    %concat/vec4; draw_string_vec4
    %pushi/vec4 0, 0, 32; draw_string_vec4
    %concat/vec4; draw_string_vec4
    %pushi/vec4 0, 0, 32; draw_string_vec4
    %concat/vec4; draw_string_vec4
    %pushi/vec4 0, 0, 32; draw_string_vec4
    %concat/vec4; draw_string_vec4
    %pushi/vec4 0, 0, 32; draw_string_vec4
    %concat/vec4; draw_string_vec4
    %pushi/vec4 0, 0, 32; draw_string_vec4
    %concat/vec4; draw_string_vec4
    %pushi/vec4 0, 0, 32; draw_string_vec4
    %concat/vec4; draw_string_vec4
    %pushi/vec4 0, 0, 32; draw_string_vec4
    %concat/vec4; draw_string_vec4
    %pushi/vec4 0, 0, 32; draw_string_vec4
    %concat/vec4; draw_string_vec4
    %pushi/vec4 0, 0, 32; draw_string_vec4
    %concat/vec4; draw_string_vec4
    %pushi/vec4 0, 0, 32; draw_string_vec4
    %concat/vec4; draw_string_vec4
    %pushi/vec4 0, 0, 32; draw_string_vec4
    %concat/vec4; draw_string_vec4
    %pushi/vec4 0, 0, 32; draw_string_vec4
    %concat/vec4; draw_string_vec4
    %pushi/vec4 0, 0, 32; draw_string_vec4
    %concat/vec4; draw_string_vec4
    %pushi/vec4 0, 0, 32; draw_string_vec4
    %concat/vec4; draw_string_vec4
    %pushi/vec4 0, 0, 32; draw_string_vec4
    %concat/vec4; draw_string_vec4
    %pushi/vec4 0, 0, 32; draw_string_vec4
    %concat/vec4; draw_string_vec4
    %pushi/vec4 0, 0, 32; draw_string_vec4
    %concat/vec4; draw_string_vec4
    %pushi/vec4 0, 0, 32; draw_string_vec4
    %concat/vec4; draw_string_vec4
    %pushi/vec4 0, 0, 32; draw_string_vec4
    %concat/vec4; draw_string_vec4
    %pushi/vec4 0, 0, 32; draw_string_vec4
    %concat/vec4; draw_string_vec4
    %pushi/vec4 0, 0, 32; draw_string_vec4
    %concat/vec4; draw_string_vec4
    %pushi/vec4 0, 0, 32; draw_string_vec4
    %concat/vec4; draw_string_vec4
    %pushi/vec4 0, 0, 32; draw_string_vec4
    %concat/vec4; draw_string_vec4
    %pushi/vec4 0, 0, 32; draw_string_vec4
    %concat/vec4; draw_string_vec4
    %pushi/vec4 0, 0, 32; draw_string_vec4
    %concat/vec4; draw_string_vec4
    %pushi/vec4 0, 0, 32; draw_string_vec4
    %concat/vec4; draw_string_vec4
    %pushi/vec4 0, 0, 32; draw_string_vec4
    %concat/vec4; draw_string_vec4
    %pushi/vec4 0, 0, 32; draw_string_vec4
    %concat/vec4; draw_string_vec4
    %pushi/vec4 0, 0, 32; draw_string_vec4
    %concat/vec4; draw_string_vec4
    %pushi/vec4 0, 0, 32; draw_string_vec4
    %concat/vec4; draw_string_vec4
    %pushi/vec4 0, 0, 32; draw_string_vec4
    %concat/vec4; draw_string_vec4
    %pushi/vec4 0, 0, 32; draw_string_vec4
    %concat/vec4; draw_string_vec4
    %pushi/vec4 0, 0, 32; draw_string_vec4
    %concat/vec4; draw_string_vec4
    %pushi/vec4 0, 0, 32; draw_string_vec4
    %concat/vec4; draw_string_vec4
    %pushi/vec4 0, 0, 32; draw_string_vec4
    %concat/vec4; draw_string_vec4
    %pushi/vec4 0, 0, 32; draw_string_vec4
    %concat/vec4; draw_string_vec4
    %pushi/vec4 0, 0, 32; draw_string_vec4
    %concat/vec4; draw_string_vec4
    %pushi/vec4 0, 0, 32; draw_string_vec4
    %concat/vec4; draw_string_vec4
    %pushi/vec4 0, 0, 32; draw_string_vec4
    %concat/vec4; draw_string_vec4
    %pushi/vec4 0, 0, 32; draw_string_vec4
    %concat/vec4; draw_string_vec4
    %pushi/vec4 0, 0, 32; draw_string_vec4
    %concat/vec4; draw_string_vec4
    %pushi/vec4 0, 0, 32; draw_string_vec4
    %concat/vec4; draw_string_vec4
    %pushi/vec4 0, 0, 32; draw_string_vec4
    %concat/vec4; draw_string_vec4
    %pushi/vec4 0, 0, 32; draw_string_vec4
    %concat/vec4; draw_string_vec4
    %pushi/vec4 0, 0, 32; draw_string_vec4
    %concat/vec4; draw_string_vec4
    %pushi/vec4 0, 0, 32; draw_string_vec4
    %concat/vec4; draw_string_vec4
    %pushi/vec4 0, 0, 32; draw_string_vec4
    %concat/vec4; draw_string_vec4
    %pushi/vec4 0, 0, 32; draw_string_vec4
    %concat/vec4; draw_string_vec4
    %pushi/vec4 0, 0, 32; draw_string_vec4
    %concat/vec4; draw_string_vec4
    %pushi/vec4 0, 0, 32; draw_string_vec4
    %concat/vec4; draw_string_vec4
    %pushi/vec4 0, 0, 32; draw_string_vec4
    %concat/vec4; draw_string_vec4
    %pushi/vec4 0, 0, 32; draw_string_vec4
    %concat/vec4; draw_string_vec4
    %pushi/vec4 0, 0, 32; draw_string_vec4
    %concat/vec4; draw_string_vec4
    %pushi/vec4 0, 0, 32; draw_string_vec4
    %concat/vec4; draw_string_vec4
    %pushi/vec4 0, 0, 32; draw_string_vec4
    %concat/vec4; draw_string_vec4
    %pushi/vec4 0, 0, 32; draw_string_vec4
    %concat/vec4; draw_string_vec4
    %pushi/vec4 0, 0, 32; draw_string_vec4
    %concat/vec4; draw_string_vec4
    %pushi/vec4 0, 0, 32; draw_string_vec4
    %concat/vec4; draw_string_vec4
    %pushi/vec4 0, 0, 32; draw_string_vec4
    %concat/vec4; draw_string_vec4
    %pushi/vec4 0, 0, 32; draw_string_vec4
    %concat/vec4; draw_string_vec4
    %pushi/vec4 0, 0, 32; draw_string_vec4
    %concat/vec4; draw_string_vec4
    %pushi/vec4 0, 0, 32; draw_string_vec4
    %concat/vec4; draw_string_vec4
    %pushi/vec4 0, 0, 32; draw_string_vec4
    %concat/vec4; draw_string_vec4
    %pushi/vec4 0, 0, 32; draw_string_vec4
    %concat/vec4; draw_string_vec4
    %pushi/vec4 0, 0, 32; draw_string_vec4
    %concat/vec4; draw_string_vec4
    %pushi/vec4 0, 0, 32; draw_string_vec4
    %concat/vec4; draw_string_vec4
    %pushi/vec4 0, 0, 32; draw_string_vec4
    %concat/vec4; draw_string_vec4
    %pushi/vec4 0, 0, 32; draw_string_vec4
    %concat/vec4; draw_string_vec4
    %pushi/vec4 0, 0, 32; draw_string_vec4
    %concat/vec4; draw_string_vec4
    %pushi/vec4 0, 0, 32; draw_string_vec4
    %concat/vec4; draw_string_vec4
    %pushi/vec4 0, 0, 32; draw_string_vec4
    %concat/vec4; draw_string_vec4
    %pushi/vec4 0, 0, 32; draw_string_vec4
    %concat/vec4; draw_string_vec4
    %pushi/vec4 0, 0, 32; draw_string_vec4
    %concat/vec4; draw_string_vec4
    %pushi/vec4 0, 0, 32; draw_string_vec4
    %concat/vec4; draw_string_vec4
    %pushi/vec4 0, 0, 32; draw_string_vec4
    %concat/vec4; draw_string_vec4
    %pushi/vec4 0, 0, 32; draw_string_vec4
    %concat/vec4; draw_string_vec4
    %pushi/vec4 0, 0, 32; draw_string_vec4
    %concat/vec4; draw_string_vec4
    %pushi/vec4 0, 0, 32; draw_string_vec4
    %concat/vec4; draw_string_vec4
    %pushi/vec4 0, 0, 32; draw_string_vec4
    %concat/vec4; draw_string_vec4
    %pushi/vec4 0, 0, 32; draw_string_vec4
    %concat/vec4; draw_string_vec4
    %pushi/vec4 0, 0, 32; draw_string_vec4
    %concat/vec4; draw_string_vec4
    %pushi/vec4 0, 0, 32; draw_string_vec4
    %concat/vec4; draw_string_vec4
    %pushi/vec4 0, 0, 32; draw_string_vec4
    %concat/vec4; draw_string_vec4
    %pushi/vec4 0, 0, 32; draw_string_vec4
    %concat/vec4; draw_string_vec4
    %pushi/vec4 0, 0, 32; draw_string_vec4
    %concat/vec4; draw_string_vec4
    %pushi/vec4 0, 0, 32; draw_string_vec4
    %concat/vec4; draw_string_vec4
    %pushi/vec4 0, 0, 32; draw_string_vec4
    %concat/vec4; draw_string_vec4
    %pushi/vec4 0, 0, 32; draw_string_vec4
    %concat/vec4; draw_string_vec4
    %pushi/vec4 0, 0, 32; draw_string_vec4
    %concat/vec4; draw_string_vec4
    %pushi/vec4 0, 0, 32; draw_string_vec4
    %concat/vec4; draw_string_vec4
    %pushi/vec4 0, 0, 32; draw_string_vec4
    %concat/vec4; draw_string_vec4
    %pushi/vec4 0, 0, 32; draw_string_vec4
    %concat/vec4; draw_string_vec4
    %pushi/vec4 0, 0, 32; draw_string_vec4
    %concat/vec4; draw_string_vec4
    %pushi/vec4 0, 0, 32; draw_string_vec4
    %concat/vec4; draw_string_vec4
    %pushi/vec4 0, 0, 32; draw_string_vec4
    %concat/vec4; draw_string_vec4
    %pushi/vec4 0, 0, 32; draw_string_vec4
    %concat/vec4; draw_string_vec4
    %pushi/vec4 0, 0, 32; draw_string_vec4
    %concat/vec4; draw_string_vec4
    %pushi/vec4 0, 0, 32; draw_string_vec4
    %concat/vec4; draw_string_vec4
    %pushi/vec4 0, 0, 32; draw_string_vec4
    %concat/vec4; draw_string_vec4
    %pushi/vec4 0, 0, 32; draw_string_vec4
    %concat/vec4; draw_string_vec4
    %pushi/vec4 0, 0, 32; draw_string_vec4
    %concat/vec4; draw_string_vec4
    %pushi/vec4 0, 0, 32; draw_string_vec4
    %concat/vec4; draw_string_vec4
    %pushi/vec4 0, 0, 32; draw_string_vec4
    %concat/vec4; draw_string_vec4
    %pushi/vec4 0, 0, 32; draw_string_vec4
    %concat/vec4; draw_string_vec4
    %pushi/vec4 0, 0, 32; draw_string_vec4
    %concat/vec4; draw_string_vec4
    %pushi/vec4 0, 0, 32; draw_string_vec4
    %concat/vec4; draw_string_vec4
    %pushi/vec4 0, 0, 32; draw_string_vec4
    %concat/vec4; draw_string_vec4
    %pushi/vec4 0, 0, 32; draw_string_vec4
    %concat/vec4; draw_string_vec4
    %pushi/vec4 0, 0, 32; draw_string_vec4
    %concat/vec4; draw_string_vec4
    %pushi/vec4 0, 0, 32; draw_string_vec4
    %concat/vec4; draw_string_vec4
    %pushi/vec4 0, 0, 32; draw_string_vec4
    %concat/vec4; draw_string_vec4
    %pushi/vec4 0, 0, 32; draw_string_vec4
    %concat/vec4; draw_string_vec4
    %pushi/vec4 0, 0, 32; draw_string_vec4
    %concat/vec4; draw_string_vec4
    %pushi/vec4 0, 0, 32; draw_string_vec4
    %concat/vec4; draw_string_vec4
    %pushi/vec4 0, 0, 32; draw_string_vec4
    %concat/vec4; draw_string_vec4
    %pushi/vec4 0, 0, 32; draw_string_vec4
    %concat/vec4; draw_string_vec4
    %pushi/vec4 0, 0, 32; draw_string_vec4
    %concat/vec4; draw_string_vec4
    %pushi/vec4 0, 0, 32; draw_string_vec4
    %concat/vec4; draw_string_vec4
    %pushi/vec4 0, 0, 32; draw_string_vec4
    %concat/vec4; draw_string_vec4
    %pushi/vec4 0, 0, 32; draw_string_vec4
    %concat/vec4; draw_string_vec4
    %pushi/vec4 0, 0, 32; draw_string_vec4
    %concat/vec4; draw_string_vec4
    %pushi/vec4 0, 0, 32; draw_string_vec4
    %concat/vec4; draw_string_vec4
    %pushi/vec4 0, 0, 32; draw_string_vec4
    %concat/vec4; draw_string_vec4
    %pushi/vec4 0, 0, 32; draw_string_vec4
    %concat/vec4; draw_string_vec4
    %pushi/vec4 0, 0, 32; draw_string_vec4
    %concat/vec4; draw_string_vec4
    %pushi/vec4 0, 0, 32; draw_string_vec4
    %concat/vec4; draw_string_vec4
    %pushi/vec4 0, 0, 32; draw_string_vec4
    %concat/vec4; draw_string_vec4
    %pushi/vec4 0, 0, 32; draw_string_vec4
    %concat/vec4; draw_string_vec4
    %pushi/vec4 0, 0, 32; draw_string_vec4
    %concat/vec4; draw_string_vec4
    %pushi/vec4 0, 0, 32; draw_string_vec4
    %concat/vec4; draw_string_vec4
    %pushi/vec4 0, 0, 32; draw_string_vec4
    %concat/vec4; draw_string_vec4
    %pushi/vec4 0, 0, 32; draw_string_vec4
    %concat/vec4; draw_string_vec4
    %pushi/vec4 0, 0, 32; draw_string_vec4
    %concat/vec4; draw_string_vec4
    %pushi/vec4 0, 0, 32; draw_string_vec4
    %concat/vec4; draw_string_vec4
    %pushi/vec4 0, 0, 32; draw_string_vec4
    %concat/vec4; draw_string_vec4
    %pushi/vec4 0, 0, 32; draw_string_vec4
    %concat/vec4; draw_string_vec4
    %pushi/vec4 0, 0, 32; draw_string_vec4
    %concat/vec4; draw_string_vec4
    %pushi/vec4 0, 0, 32; draw_string_vec4
    %concat/vec4; draw_string_vec4
    %pushi/vec4 0, 0, 32; draw_string_vec4
    %concat/vec4; draw_string_vec4
    %pushi/vec4 0, 0, 32; draw_string_vec4
    %concat/vec4; draw_string_vec4
    %pushi/vec4 0, 0, 32; draw_string_vec4
    %concat/vec4; draw_string_vec4
    %pushi/vec4 0, 0, 32; draw_string_vec4
    %concat/vec4; draw_string_vec4
    %pushi/vec4 0, 0, 32; draw_string_vec4
    %concat/vec4; draw_string_vec4
    %pushi/vec4 0, 0, 32; draw_string_vec4
    %concat/vec4; draw_string_vec4
    %pushi/vec4 0, 0, 32; draw_string_vec4
    %concat/vec4; draw_string_vec4
    %pushi/vec4 0, 0, 32; draw_string_vec4
    %concat/vec4; draw_string_vec4
    %pushi/vec4 0, 0, 32; draw_string_vec4
    %concat/vec4; draw_string_vec4
    %pushi/vec4 0, 0, 32; draw_string_vec4
    %concat/vec4; draw_string_vec4
    %pushi/vec4 0, 0, 32; draw_string_vec4
    %concat/vec4; draw_string_vec4
    %pushi/vec4 0, 0, 32; draw_string_vec4
    %concat/vec4; draw_string_vec4
    %pushi/vec4 0, 0, 32; draw_string_vec4
    %concat/vec4; draw_string_vec4
    %pushi/vec4 0, 0, 32; draw_string_vec4
    %concat/vec4; draw_string_vec4
    %pushi/vec4 0, 0, 32; draw_string_vec4
    %concat/vec4; draw_string_vec4
    %pushi/vec4 0, 0, 32; draw_string_vec4
    %concat/vec4; draw_string_vec4
    %pushi/vec4 0, 0, 32; draw_string_vec4
    %concat/vec4; draw_string_vec4
    %pushi/vec4 0, 0, 32; draw_string_vec4
    %concat/vec4; draw_string_vec4
    %pushi/vec4 0, 0, 32; draw_string_vec4
    %concat/vec4; draw_string_vec4
    %pushi/vec4 0, 0, 32; draw_string_vec4
    %concat/vec4; draw_string_vec4
    %pushi/vec4 0, 0, 32; draw_string_vec4
    %concat/vec4; draw_string_vec4
    %pushi/vec4 0, 0, 32; draw_string_vec4
    %concat/vec4; draw_string_vec4
    %pushi/vec4 0, 0, 32; draw_string_vec4
    %concat/vec4; draw_string_vec4
    %pushi/vec4 0, 0, 32; draw_string_vec4
    %concat/vec4; draw_string_vec4
    %pushi/vec4 0, 0, 32; draw_string_vec4
    %concat/vec4; draw_string_vec4
    %pushi/vec4 0, 0, 32; draw_string_vec4
    %concat/vec4; draw_string_vec4
    %pushi/vec4 0, 0, 32; draw_string_vec4
    %concat/vec4; draw_string_vec4
    %pushi/vec4 0, 0, 32; draw_string_vec4
    %concat/vec4; draw_string_vec4
    %pushi/vec4 0, 0, 32; draw_string_vec4
    %concat/vec4; draw_string_vec4
    %pushi/vec4 0, 0, 32; draw_string_vec4
    %concat/vec4; draw_string_vec4
    %pushi/vec4 0, 0, 32; draw_string_vec4
    %concat/vec4; draw_string_vec4
    %pushi/vec4 0, 0, 32; draw_string_vec4
    %concat/vec4; draw_string_vec4
    %pushi/vec4 0, 0, 32; draw_string_vec4
    %concat/vec4; draw_string_vec4
    %pushi/vec4 0, 0, 32; draw_string_vec4
    %concat/vec4; draw_string_vec4
    %pushi/vec4 0, 0, 32; draw_string_vec4
    %concat/vec4; draw_string_vec4
    %pushi/vec4 0, 0, 32; draw_string_vec4
    %concat/vec4; draw_string_vec4
    %pushi/vec4 0, 0, 32; draw_string_vec4
    %concat/vec4; draw_string_vec4
    %pushi/vec4 0, 0, 32; draw_string_vec4
    %concat/vec4; draw_string_vec4
    %pushi/vec4 0, 0, 32; draw_string_vec4
    %concat/vec4; draw_string_vec4
    %pushi/vec4 0, 0, 32; draw_string_vec4
    %concat/vec4; draw_string_vec4
    %pushi/vec4 0, 0, 32; draw_string_vec4
    %concat/vec4; draw_string_vec4
    %pushi/vec4 0, 0, 32; draw_string_vec4
    %concat/vec4; draw_string_vec4
    %pushi/vec4 0, 0, 32; draw_string_vec4
    %concat/vec4; draw_string_vec4
    %pushi/vec4 0, 0, 32; draw_string_vec4
    %concat/vec4; draw_string_vec4
    %pushi/vec4 0, 0, 32; draw_string_vec4
    %concat/vec4; draw_string_vec4
    %pushi/vec4 0, 0, 32; draw_string_vec4
    %concat/vec4; draw_string_vec4
    %pushi/vec4 0, 0, 32; draw_string_vec4
    %concat/vec4; draw_string_vec4
    %pushi/vec4 0, 0, 32; draw_string_vec4
    %concat/vec4; draw_string_vec4
    %pushi/vec4 0, 0, 32; draw_string_vec4
    %concat/vec4; draw_string_vec4
    %pushi/vec4 0, 0, 32; draw_string_vec4
    %concat/vec4; draw_string_vec4
    %pushi/vec4 0, 0, 32; draw_string_vec4
    %concat/vec4; draw_string_vec4
    %pushi/vec4 0, 0, 32; draw_string_vec4
    %concat/vec4; draw_string_vec4
    %pushi/vec4 0, 0, 32; draw_string_vec4
    %concat/vec4; draw_string_vec4
    %pushi/vec4 0, 0, 32; draw_string_vec4
    %concat/vec4; draw_string_vec4
    %pushi/vec4 0, 0, 32; draw_string_vec4
    %concat/vec4; draw_string_vec4
    %pushi/vec4 0, 0, 32; draw_string_vec4
    %concat/vec4; draw_string_vec4
    %pushi/vec4 0, 0, 32; draw_string_vec4
    %concat/vec4; draw_string_vec4
    %pushi/vec4 0, 0, 32; draw_string_vec4
    %concat/vec4; draw_string_vec4
    %pushi/vec4 0, 0, 32; draw_string_vec4
    %concat/vec4; draw_string_vec4
    %pushi/vec4 0, 0, 32; draw_string_vec4
    %concat/vec4; draw_string_vec4
    %pushi/vec4 0, 0, 32; draw_string_vec4
    %concat/vec4; draw_string_vec4
    %pushi/vec4 0, 0, 32; draw_string_vec4
    %concat/vec4; draw_string_vec4
    %pushi/vec4 0, 0, 32; draw_string_vec4
    %concat/vec4; draw_string_vec4
    %pushi/vec4 0, 0, 32; draw_string_vec4
    %concat/vec4; draw_string_vec4
    %pushi/vec4 0, 0, 32; draw_string_vec4
    %concat/vec4; draw_string_vec4
    %pushi/vec4 0, 0, 32; draw_string_vec4
    %concat/vec4; draw_string_vec4
    %pushi/vec4 0, 0, 32; draw_string_vec4
    %concat/vec4; draw_string_vec4
    %pushi/vec4 0, 0, 32; draw_string_vec4
    %concat/vec4; draw_string_vec4
    %pushi/vec4 0, 0, 32; draw_string_vec4
    %concat/vec4; draw_string_vec4
    %pushi/vec4 0, 0, 32; draw_string_vec4
    %concat/vec4; draw_string_vec4
    %pushi/vec4 0, 0, 32; draw_string_vec4
    %concat/vec4; draw_string_vec4
    %pushi/vec4 0, 0, 32; draw_string_vec4
    %concat/vec4; draw_string_vec4
    %pushi/vec4 0, 0, 32; draw_string_vec4
    %concat/vec4; draw_string_vec4
    %pushi/vec4 0, 0, 32; draw_string_vec4
    %concat/vec4; draw_string_vec4
    %pushi/vec4 0, 0, 32; draw_string_vec4
    %concat/vec4; draw_string_vec4
    %pushi/vec4 0, 0, 32; draw_string_vec4
    %concat/vec4; draw_string_vec4
    %pushi/vec4 0, 0, 32; draw_string_vec4
    %concat/vec4; draw_string_vec4
    %pushi/vec4 0, 0, 32; draw_string_vec4
    %concat/vec4; draw_string_vec4
    %pushi/vec4 0, 0, 32; draw_string_vec4
    %concat/vec4; draw_string_vec4
    %pushi/vec4 0, 0, 32; draw_string_vec4
    %concat/vec4; draw_string_vec4
    %pushi/vec4 0, 0, 32; draw_string_vec4
    %concat/vec4; draw_string_vec4
    %pushi/vec4 0, 0, 32; draw_string_vec4
    %concat/vec4; draw_string_vec4
    %pushi/vec4 0, 0, 32; draw_string_vec4
    %concat/vec4; draw_string_vec4
    %pushi/vec4 0, 0, 32; draw_string_vec4
    %concat/vec4; draw_string_vec4
    %pushi/vec4 0, 0, 32; draw_string_vec4
    %concat/vec4; draw_string_vec4
    %pushi/vec4 0, 0, 32; draw_string_vec4
    %concat/vec4; draw_string_vec4
    %pushi/vec4 0, 0, 32; draw_string_vec4
    %concat/vec4; draw_string_vec4
    %pushi/vec4 0, 0, 32; draw_string_vec4
    %concat/vec4; draw_string_vec4
    %pushi/vec4 0, 0, 32; draw_string_vec4
    %concat/vec4; draw_string_vec4
    %pushi/vec4 0, 0, 32; draw_string_vec4
    %concat/vec4; draw_string_vec4
    %pushi/vec4 0, 0, 32; draw_string_vec4
    %concat/vec4; draw_string_vec4
    %pushi/vec4 0, 0, 32; draw_string_vec4
    %concat/vec4; draw_string_vec4
    %pushi/vec4 0, 0, 32; draw_string_vec4
    %concat/vec4; draw_string_vec4
    %pushi/vec4 0, 0, 32; draw_string_vec4
    %concat/vec4; draw_string_vec4
    %pushi/vec4 0, 0, 32; draw_string_vec4
    %concat/vec4; draw_string_vec4
    %pushi/vec4 0, 0, 32; draw_string_vec4
    %concat/vec4; draw_string_vec4
    %pushi/vec4 0, 0, 32; draw_string_vec4
    %concat/vec4; draw_string_vec4
    %pushi/vec4 0, 0, 32; draw_string_vec4
    %concat/vec4; draw_string_vec4
    %pushi/vec4 0, 0, 32; draw_string_vec4
    %concat/vec4; draw_string_vec4
    %pushi/vec4 0, 0, 32; draw_string_vec4
    %concat/vec4; draw_string_vec4
    %pushi/vec4 0, 0, 32; draw_string_vec4
    %concat/vec4; draw_string_vec4
    %pushi/vec4 0, 0, 32; draw_string_vec4
    %concat/vec4; draw_string_vec4
    %pushi/vec4 0, 0, 32; draw_string_vec4
    %concat/vec4; draw_string_vec4
    %pushi/vec4 0, 0, 32; draw_string_vec4
    %concat/vec4; draw_string_vec4
    %pushi/vec4 0, 0, 32; draw_string_vec4
    %concat/vec4; draw_string_vec4
    %pushi/vec4 0, 0, 32; draw_string_vec4
    %concat/vec4; draw_string_vec4
    %pushi/vec4 0, 0, 32; draw_string_vec4
    %concat/vec4; draw_string_vec4
    %pushi/vec4 0, 0, 32; draw_string_vec4
    %concat/vec4; draw_string_vec4
    %pushi/vec4 0, 0, 32; draw_string_vec4
    %concat/vec4; draw_string_vec4
    %pushi/vec4 0, 0, 32; draw_string_vec4
    %concat/vec4; draw_string_vec4
    %pushi/vec4 0, 0, 32; draw_string_vec4
    %concat/vec4; draw_string_vec4
    %pushi/vec4 0, 0, 32; draw_string_vec4
    %concat/vec4; draw_string_vec4
    %pushi/vec4 0, 0, 32; draw_string_vec4
    %concat/vec4; draw_string_vec4
    %pushi/vec4 0, 0, 32; draw_string_vec4
    %concat/vec4; draw_string_vec4
    %pushi/vec4 0, 0, 32; draw_string_vec4
    %concat/vec4; draw_string_vec4
    %pushi/vec4 0, 0, 32; draw_string_vec4
    %concat/vec4; draw_string_vec4
    %pushi/vec4 0, 0, 32; draw_string_vec4
    %concat/vec4; draw_string_vec4
    %pushi/vec4 0, 0, 32; draw_string_vec4
    %concat/vec4; draw_string_vec4
    %pushi/vec4 0, 0, 32; draw_string_vec4
    %concat/vec4; draw_string_vec4
    %pushi/vec4 0, 0, 32; draw_string_vec4
    %concat/vec4; draw_string_vec4
    %pushi/vec4 0, 0, 32; draw_string_vec4
    %concat/vec4; draw_string_vec4
    %pushi/vec4 0, 0, 32; draw_string_vec4
    %concat/vec4; draw_string_vec4
    %pushi/vec4 0, 0, 32; draw_string_vec4
    %concat/vec4; draw_string_vec4
    %pushi/vec4 0, 0, 32; draw_string_vec4
    %concat/vec4; draw_string_vec4
    %pushi/vec4 0, 0, 32; draw_string_vec4
    %concat/vec4; draw_string_vec4
    %pushi/vec4 0, 0, 32; draw_string_vec4
    %concat/vec4; draw_string_vec4
    %pushi/vec4 0, 0, 32; draw_string_vec4
    %concat/vec4; draw_string_vec4
    %pushi/vec4 0, 0, 32; draw_string_vec4
    %concat/vec4; draw_string_vec4
    %pushi/vec4 0, 0, 32; draw_string_vec4
    %concat/vec4; draw_string_vec4
    %pushi/vec4 0, 0, 32; draw_string_vec4
    %concat/vec4; draw_string_vec4
    %pushi/vec4 0, 0, 32; draw_string_vec4
    %concat/vec4; draw_string_vec4
    %pushi/vec4 0, 0, 32; draw_string_vec4
    %concat/vec4; draw_string_vec4
    %pushi/vec4 0, 0, 32; draw_string_vec4
    %concat/vec4; draw_string_vec4
    %pushi/vec4 0, 0, 32; draw_string_vec4
    %concat/vec4; draw_string_vec4
    %pushi/vec4 0, 0, 32; draw_string_vec4
    %concat/vec4; draw_string_vec4
    %pushi/vec4 0, 0, 32; draw_string_vec4
    %concat/vec4; draw_string_vec4
    %pushi/vec4 0, 0, 32; draw_string_vec4
    %concat/vec4; draw_string_vec4
    %pushi/vec4 0, 0, 32; draw_string_vec4
    %concat/vec4; draw_string_vec4
    %pushi/vec4 0, 0, 32; draw_string_vec4
    %concat/vec4; draw_string_vec4
    %pushi/vec4 0, 0, 32; draw_string_vec4
    %concat/vec4; draw_string_vec4
    %pushi/vec4 0, 0, 32; draw_string_vec4
    %concat/vec4; draw_string_vec4
    %pushi/vec4 0, 0, 32; draw_string_vec4
    %concat/vec4; draw_string_vec4
    %pushi/vec4 0, 0, 32; draw_string_vec4
    %concat/vec4; draw_string_vec4
    %pushi/vec4 0, 0, 32; draw_string_vec4
    %concat/vec4; draw_string_vec4
    %pushi/vec4 0, 0, 32; draw_string_vec4
    %concat/vec4; draw_string_vec4
    %pushi/vec4 0, 0, 32; draw_string_vec4
    %concat/vec4; draw_string_vec4
    %pushi/vec4 0, 0, 32; draw_string_vec4
    %concat/vec4; draw_string_vec4
    %pushi/vec4 0, 0, 32; draw_string_vec4
    %concat/vec4; draw_string_vec4
    %pushi/vec4 0, 0, 32; draw_string_vec4
    %concat/vec4; draw_string_vec4
    %pushi/vec4 0, 0, 32; draw_string_vec4
    %concat/vec4; draw_string_vec4
    %pushi/vec4 0, 0, 32; draw_string_vec4
    %concat/vec4; draw_string_vec4
    %pushi/vec4 0, 0, 32; draw_string_vec4
    %concat/vec4; draw_string_vec4
    %pushi/vec4 0, 0, 32; draw_string_vec4
    %concat/vec4; draw_string_vec4
    %pushi/vec4 0, 0, 32; draw_string_vec4
    %concat/vec4; draw_string_vec4
    %pushi/vec4 0, 0, 32; draw_string_vec4
    %concat/vec4; draw_string_vec4
    %pushi/vec4 0, 0, 32; draw_string_vec4
    %concat/vec4; draw_string_vec4
    %pushi/vec4 0, 0, 32; draw_string_vec4
    %concat/vec4; draw_string_vec4
    %pushi/vec4 0, 0, 32; draw_string_vec4
    %concat/vec4; draw_string_vec4
    %pushi/vec4 0, 0, 32; draw_string_vec4
    %concat/vec4; draw_string_vec4
    %pushi/vec4 0, 0, 32; draw_string_vec4
    %concat/vec4; draw_string_vec4
    %pushi/vec4 0, 0, 32; draw_string_vec4
    %concat/vec4; draw_string_vec4
    %pushi/vec4 0, 0, 32; draw_string_vec4
    %concat/vec4; draw_string_vec4
    %pushi/vec4 0, 0, 32; draw_string_vec4
    %concat/vec4; draw_string_vec4
    %pushi/vec4 0, 0, 32; draw_string_vec4
    %concat/vec4; draw_string_vec4
    %pushi/vec4 0, 0, 32; draw_string_vec4
    %concat/vec4; draw_string_vec4
    %pushi/vec4 0, 0, 32; draw_string_vec4
    %concat/vec4; draw_string_vec4
    %pushi/vec4 0, 0, 32; draw_string_vec4
    %concat/vec4; draw_string_vec4
    %pushi/vec4 0, 0, 32; draw_string_vec4
    %concat/vec4; draw_string_vec4
    %pushi/vec4 0, 0, 32; draw_string_vec4
    %concat/vec4; draw_string_vec4
    %pushi/vec4 0, 0, 32; draw_string_vec4
    %concat/vec4; draw_string_vec4
    %pushi/vec4 0, 0, 32; draw_string_vec4
    %concat/vec4; draw_string_vec4
    %pushi/vec4 0, 0, 32; draw_string_vec4
    %concat/vec4; draw_string_vec4
    %pushi/vec4 0, 0, 32; draw_string_vec4
    %concat/vec4; draw_string_vec4
    %pushi/vec4 0, 0, 32; draw_string_vec4
    %concat/vec4; draw_string_vec4
    %pushi/vec4 0, 0, 32; draw_string_vec4
    %concat/vec4; draw_string_vec4
    %pushi/vec4 0, 0, 32; draw_string_vec4
    %concat/vec4; draw_string_vec4
    %pushi/vec4 0, 0, 32; draw_string_vec4
    %concat/vec4; draw_string_vec4
    %pushi/vec4 0, 0, 32; draw_string_vec4
    %concat/vec4; draw_string_vec4
    %pushi/vec4 0, 0, 32; draw_string_vec4
    %concat/vec4; draw_string_vec4
    %pushi/vec4 0, 0, 32; draw_string_vec4
    %concat/vec4; draw_string_vec4
    %pushi/vec4 0, 0, 32; draw_string_vec4
    %concat/vec4; draw_string_vec4
    %pushi/vec4 0, 0, 32; draw_string_vec4
    %concat/vec4; draw_string_vec4
    %pushi/vec4 0, 0, 32; draw_string_vec4
    %concat/vec4; draw_string_vec4
    %pushi/vec4 0, 0, 32; draw_string_vec4
    %concat/vec4; draw_string_vec4
    %pushi/vec4 0, 0, 32; draw_string_vec4
    %concat/vec4; draw_string_vec4
    %pushi/vec4 0, 0, 32; draw_string_vec4
    %concat/vec4; draw_string_vec4
    %pushi/vec4 0, 0, 32; draw_string_vec4
    %concat/vec4; draw_string_vec4
    %pushi/vec4 0, 0, 32; draw_string_vec4
    %concat/vec4; draw_string_vec4
    %pushi/vec4 0, 0, 32; draw_string_vec4
    %concat/vec4; draw_string_vec4
    %pushi/vec4 0, 0, 32; draw_string_vec4
    %concat/vec4; draw_string_vec4
    %pushi/vec4 0, 0, 32; draw_string_vec4
    %concat/vec4; draw_string_vec4
    %pushi/vec4 0, 0, 32; draw_string_vec4
    %concat/vec4; draw_string_vec4
    %pushi/vec4 0, 0, 32; draw_string_vec4
    %concat/vec4; draw_string_vec4
    %pushi/vec4 0, 0, 32; draw_string_vec4
    %concat/vec4; draw_string_vec4
    %pushi/vec4 0, 0, 32; draw_string_vec4
    %concat/vec4; draw_string_vec4
    %pushi/vec4 0, 0, 32; draw_string_vec4
    %concat/vec4; draw_string_vec4
    %pushi/vec4 0, 0, 32; draw_string_vec4
    %concat/vec4; draw_string_vec4
    %pushi/vec4 0, 0, 32; draw_string_vec4
    %concat/vec4; draw_string_vec4
    %pushi/vec4 0, 0, 32; draw_string_vec4
    %concat/vec4; draw_string_vec4
    %pushi/vec4 0, 0, 32; draw_string_vec4
    %concat/vec4; draw_string_vec4
    %pushi/vec4 0, 0, 32; draw_string_vec4
    %concat/vec4; draw_string_vec4
    %pushi/vec4 0, 0, 32; draw_string_vec4
    %concat/vec4; draw_string_vec4
    %pushi/vec4 0, 0, 32; draw_string_vec4
    %concat/vec4; draw_string_vec4
    %pushi/vec4 0, 0, 32; draw_string_vec4
    %concat/vec4; draw_string_vec4
    %pushi/vec4 0, 0, 32; draw_string_vec4
    %concat/vec4; draw_string_vec4
    %pushi/vec4 0, 0, 32; draw_string_vec4
    %concat/vec4; draw_string_vec4
    %pushi/vec4 0, 0, 32; draw_string_vec4
    %concat/vec4; draw_string_vec4
    %pushi/vec4 0, 0, 32; draw_string_vec4
    %concat/vec4; draw_string_vec4
    %pushi/vec4 0, 0, 32; draw_string_vec4
    %concat/vec4; draw_string_vec4
    %pushi/vec4 0, 0, 32; draw_string_vec4
    %concat/vec4; draw_string_vec4
    %pushi/vec4 0, 0, 32; draw_string_vec4
    %concat/vec4; draw_string_vec4
    %pushi/vec4 0, 0, 32; draw_string_vec4
    %concat/vec4; draw_string_vec4
    %pushi/vec4 0, 0, 32; draw_string_vec4
    %concat/vec4; draw_string_vec4
    %pushi/vec4 0, 0, 32; draw_string_vec4
    %concat/vec4; draw_string_vec4
    %pushi/vec4 0, 0, 32; draw_string_vec4
    %concat/vec4; draw_string_vec4
    %pushi/vec4 0, 0, 32; draw_string_vec4
    %concat/vec4; draw_string_vec4
    %pushi/vec4 0, 0, 32; draw_string_vec4
    %concat/vec4; draw_string_vec4
    %pushi/vec4 0, 0, 32; draw_string_vec4
    %concat/vec4; draw_string_vec4
    %pushi/vec4 0, 0, 32; draw_string_vec4
    %concat/vec4; draw_string_vec4
    %pushi/vec4 0, 0, 32; draw_string_vec4
    %concat/vec4; draw_string_vec4
    %pushi/vec4 0, 0, 32; draw_string_vec4
    %concat/vec4; draw_string_vec4
    %pushi/vec4 0, 0, 32; draw_string_vec4
    %concat/vec4; draw_string_vec4
    %pushi/vec4 0, 0, 32; draw_string_vec4
    %concat/vec4; draw_string_vec4
    %pushi/vec4 0, 0, 32; draw_string_vec4
    %concat/vec4; draw_string_vec4
    %pushi/vec4 0, 0, 32; draw_string_vec4
    %concat/vec4; draw_string_vec4
    %pushi/vec4 0, 0, 32; draw_string_vec4
    %concat/vec4; draw_string_vec4
    %pushi/vec4 0, 0, 32; draw_string_vec4
    %concat/vec4; draw_string_vec4
    %pushi/vec4 0, 0, 32; draw_string_vec4
    %concat/vec4; draw_string_vec4
    %pushi/vec4 0, 0, 32; draw_string_vec4
    %concat/vec4; draw_string_vec4
    %pushi/vec4 0, 0, 32; draw_string_vec4
    %concat/vec4; draw_string_vec4
    %pushi/vec4 0, 0, 32; draw_string_vec4
    %concat/vec4; draw_string_vec4
    %pushi/vec4 0, 0, 32; draw_string_vec4
    %concat/vec4; draw_string_vec4
    %pushi/vec4 0, 0, 32; draw_string_vec4
    %concat/vec4; draw_string_vec4
    %pushi/vec4 0, 0, 32; draw_string_vec4
    %concat/vec4; draw_string_vec4
    %pushi/vec4 0, 0, 32; draw_string_vec4
    %concat/vec4; draw_string_vec4
    %pushi/vec4 0, 0, 32; draw_string_vec4
    %concat/vec4; draw_string_vec4
    %pushi/vec4 0, 0, 32; draw_string_vec4
    %concat/vec4; draw_string_vec4
    %pushi/vec4 0, 0, 32; draw_string_vec4
    %concat/vec4; draw_string_vec4
    %pushi/vec4 0, 0, 32; draw_string_vec4
    %concat/vec4; draw_string_vec4
    %pushi/vec4 0, 0, 32; draw_string_vec4
    %concat/vec4; draw_string_vec4
    %pushi/vec4 0, 0, 32; draw_string_vec4
    %concat/vec4; draw_string_vec4
    %pushi/vec4 0, 0, 32; draw_string_vec4
    %concat/vec4; draw_string_vec4
    %pushi/vec4 0, 0, 32; draw_string_vec4
    %concat/vec4; draw_string_vec4
    %pushi/vec4 0, 0, 32; draw_string_vec4
    %concat/vec4; draw_string_vec4
    %pushi/vec4 0, 0, 32; draw_string_vec4
    %concat/vec4; draw_string_vec4
    %pushi/vec4 0, 0, 32; draw_string_vec4
    %concat/vec4; draw_string_vec4
    %pushi/vec4 0, 0, 32; draw_string_vec4
    %concat/vec4; draw_string_vec4
    %pushi/vec4 0, 0, 32; draw_string_vec4
    %concat/vec4; draw_string_vec4
    %pushi/vec4 0, 0, 32; draw_string_vec4
    %concat/vec4; draw_string_vec4
    %pushi/vec4 0, 0, 32; draw_string_vec4
    %concat/vec4; draw_string_vec4
    %pushi/vec4 0, 0, 32; draw_string_vec4
    %concat/vec4; draw_string_vec4
    %pushi/vec4 0, 0, 32; draw_string_vec4
    %concat/vec4; draw_string_vec4
    %pushi/vec4 0, 0, 32; draw_string_vec4
    %concat/vec4; draw_string_vec4
    %pushi/vec4 0, 0, 32; draw_string_vec4
    %concat/vec4; draw_string_vec4
    %pushi/vec4 0, 0, 32; draw_string_vec4
    %concat/vec4; draw_string_vec4
    %pushi/vec4 0, 0, 32; draw_string_vec4
    %concat/vec4; draw_string_vec4
    %pushi/vec4 0, 0, 32; draw_string_vec4
    %concat/vec4; draw_string_vec4
    %pushi/vec4 0, 0, 32; draw_string_vec4
    %concat/vec4; draw_string_vec4
    %pushi/vec4 0, 0, 32; draw_string_vec4
    %concat/vec4; draw_string_vec4
    %pushi/vec4 0, 0, 32; draw_string_vec4
    %concat/vec4; draw_string_vec4
    %pushi/vec4 0, 0, 32; draw_string_vec4
    %concat/vec4; draw_string_vec4
    %pushi/vec4 0, 0, 32; draw_string_vec4
    %concat/vec4; draw_string_vec4
    %pushi/vec4 0, 0, 32; draw_string_vec4
    %concat/vec4; draw_string_vec4
    %pushi/vec4 0, 0, 32; draw_string_vec4
    %concat/vec4; draw_string_vec4
    %pushi/vec4 0, 0, 32; draw_string_vec4
    %concat/vec4; draw_string_vec4
    %pushi/vec4 0, 0, 32; draw_string_vec4
    %concat/vec4; draw_string_vec4
    %pushi/vec4 0, 0, 32; draw_string_vec4
    %concat/vec4; draw_string_vec4
    %pushi/vec4 0, 0, 32; draw_string_vec4
    %concat/vec4; draw_string_vec4
    %pushi/vec4 0, 0, 32; draw_string_vec4
    %concat/vec4; draw_string_vec4
    %pushi/vec4 0, 0, 32; draw_string_vec4
    %concat/vec4; draw_string_vec4
    %pushi/vec4 0, 0, 32; draw_string_vec4
    %concat/vec4; draw_string_vec4
    %pushi/vec4 0, 0, 32; draw_string_vec4
    %concat/vec4; draw_string_vec4
    %pushi/vec4 0, 0, 32; draw_string_vec4
    %concat/vec4; draw_string_vec4
    %pushi/vec4 0, 0, 32; draw_string_vec4
    %concat/vec4; draw_string_vec4
    %pushi/vec4 0, 0, 32; draw_string_vec4
    %concat/vec4; draw_string_vec4
    %pushi/vec4 0, 0, 32; draw_string_vec4
    %concat/vec4; draw_string_vec4
    %pushi/vec4 0, 0, 32; draw_string_vec4
    %concat/vec4; draw_string_vec4
    %pushi/vec4 0, 0, 32; draw_string_vec4
    %concat/vec4; draw_string_vec4
    %pushi/vec4 0, 0, 32; draw_string_vec4
    %concat/vec4; draw_string_vec4
    %pushi/vec4 0, 0, 32; draw_string_vec4
    %concat/vec4; draw_string_vec4
    %pushi/vec4 0, 0, 32; draw_string_vec4
    %concat/vec4; draw_string_vec4
    %pushi/vec4 0, 0, 32; draw_string_vec4
    %concat/vec4; draw_string_vec4
    %pushi/vec4 0, 0, 32; draw_string_vec4
    %concat/vec4; draw_string_vec4
    %pushi/vec4 0, 0, 32; draw_string_vec4
    %concat/vec4; draw_string_vec4
    %pushi/vec4 0, 0, 32; draw_string_vec4
    %concat/vec4; draw_string_vec4
    %pushi/vec4 0, 0, 32; draw_string_vec4
    %concat/vec4; draw_string_vec4
    %pushi/vec4 0, 0, 32; draw_string_vec4
    %concat/vec4; draw_string_vec4
    %pushi/vec4 0, 0, 32; draw_string_vec4
    %concat/vec4; draw_string_vec4
    %pushi/vec4 0, 0, 32; draw_string_vec4
    %concat/vec4; draw_string_vec4
    %pushi/vec4 0, 0, 32; draw_string_vec4
    %concat/vec4; draw_string_vec4
    %pushi/vec4 0, 0, 32; draw_string_vec4
    %concat/vec4; draw_string_vec4
    %pushi/vec4 0, 0, 32; draw_string_vec4
    %concat/vec4; draw_string_vec4
    %pushi/vec4 0, 0, 32; draw_string_vec4
    %concat/vec4; draw_string_vec4
    %pushi/vec4 0, 0, 32; draw_string_vec4
    %concat/vec4; draw_string_vec4
    %pushi/vec4 0, 0, 32; draw_string_vec4
    %concat/vec4; draw_string_vec4
    %pushi/vec4 0, 0, 32; draw_string_vec4
    %concat/vec4; draw_string_vec4
    %pushi/vec4 0, 0, 32; draw_string_vec4
    %concat/vec4; draw_string_vec4
    %pushi/vec4 0, 0, 32; draw_string_vec4
    %concat/vec4; draw_string_vec4
    %pushi/vec4 0, 0, 32; draw_string_vec4
    %concat/vec4; draw_string_vec4
    %pushi/vec4 0, 0, 32; draw_string_vec4
    %concat/vec4; draw_string_vec4
    %pushi/vec4 0, 0, 32; draw_string_vec4
    %concat/vec4; draw_string_vec4
    %pushi/vec4 0, 0, 32; draw_string_vec4
    %concat/vec4; draw_string_vec4
    %pushi/vec4 0, 0, 32; draw_string_vec4
    %concat/vec4; draw_string_vec4
    %pushi/vec4 0, 0, 32; draw_string_vec4
    %concat/vec4; draw_string_vec4
    %pushi/vec4 0, 0, 32; draw_string_vec4
    %concat/vec4; draw_string_vec4
    %pushi/vec4 0, 0, 32; draw_string_vec4
    %concat/vec4; draw_string_vec4
    %pushi/vec4 0, 0, 32; draw_string_vec4
    %concat/vec4; draw_string_vec4
    %pushi/vec4 0, 0, 32; draw_string_vec4
    %concat/vec4; draw_string_vec4
    %pushi/vec4 0, 0, 32; draw_string_vec4
    %concat/vec4; draw_string_vec4
    %pushi/vec4 0, 0, 32; draw_string_vec4
    %concat/vec4; draw_string_vec4
    %pushi/vec4 0, 0, 32; draw_string_vec4
    %concat/vec4; draw_string_vec4
    %pushi/vec4 0, 0, 32; draw_string_vec4
    %concat/vec4; draw_string_vec4
    %pushi/vec4 0, 0, 32; draw_string_vec4
    %concat/vec4; draw_string_vec4
    %pushi/vec4 0, 0, 32; draw_string_vec4
    %concat/vec4; draw_string_vec4
    %pushi/vec4 0, 0, 32; draw_string_vec4
    %concat/vec4; draw_string_vec4
    %pushi/vec4 0, 0, 32; draw_string_vec4
    %concat/vec4; draw_string_vec4
    %pushi/vec4 0, 0, 32; draw_string_vec4
    %concat/vec4; draw_string_vec4
    %pushi/vec4 0, 0, 32; draw_string_vec4
    %concat/vec4; draw_string_vec4
    %pushi/vec4 0, 0, 32; draw_string_vec4
    %concat/vec4; draw_string_vec4
    %pushi/vec4 0, 0, 32; draw_string_vec4
    %concat/vec4; draw_string_vec4
    %pushi/vec4 0, 0, 32; draw_string_vec4
    %concat/vec4; draw_string_vec4
    %pushi/vec4 0, 0, 32; draw_string_vec4
    %concat/vec4; draw_string_vec4
    %pushi/vec4 0, 0, 32; draw_string_vec4
    %concat/vec4; draw_string_vec4
    %pushi/vec4 0, 0, 32; draw_string_vec4
    %concat/vec4; draw_string_vec4
    %pushi/vec4 0, 0, 32; draw_string_vec4
    %concat/vec4; draw_string_vec4
    %pushi/vec4 0, 0, 32; draw_string_vec4
    %concat/vec4; draw_string_vec4
    %pushi/vec4 0, 0, 32; draw_string_vec4
    %concat/vec4; draw_string_vec4
    %pushi/vec4 0, 0, 32; draw_string_vec4
    %concat/vec4; draw_string_vec4
    %pushi/vec4 0, 0, 32; draw_string_vec4
    %concat/vec4; draw_string_vec4
    %pushi/vec4 0, 0, 32; draw_string_vec4
    %concat/vec4; draw_string_vec4
    %pushi/vec4 0, 0, 32; draw_string_vec4
    %concat/vec4; draw_string_vec4
    %pushi/vec4 0, 0, 32; draw_string_vec4
    %concat/vec4; draw_string_vec4
    %pushi/vec4 0, 0, 32; draw_string_vec4
    %concat/vec4; draw_string_vec4
    %pushi/vec4 0, 0, 32; draw_string_vec4
    %concat/vec4; draw_string_vec4
    %pushi/vec4 0, 0, 32; draw_string_vec4
    %concat/vec4; draw_string_vec4
    %pushi/vec4 0, 0, 32; draw_string_vec4
    %concat/vec4; draw_string_vec4
    %pushi/vec4 0, 0, 32; draw_string_vec4
    %concat/vec4; draw_string_vec4
    %pushi/vec4 0, 0, 32; draw_string_vec4
    %concat/vec4; draw_string_vec4
    %pushi/vec4 0, 0, 32; draw_string_vec4
    %concat/vec4; draw_string_vec4
    %pushi/vec4 0, 0, 32; draw_string_vec4
    %concat/vec4; draw_string_vec4
    %pushi/vec4 0, 0, 32; draw_string_vec4
    %concat/vec4; draw_string_vec4
    %pushi/vec4 0, 0, 32; draw_string_vec4
    %concat/vec4; draw_string_vec4
    %pushi/vec4 0, 0, 32; draw_string_vec4
    %concat/vec4; draw_string_vec4
    %pushi/vec4 0, 0, 32; draw_string_vec4
    %concat/vec4; draw_string_vec4
    %pushi/vec4 0, 0, 32; draw_string_vec4
    %concat/vec4; draw_string_vec4
    %pushi/vec4 0, 0, 32; draw_string_vec4
    %concat/vec4; draw_string_vec4
    %pushi/vec4 0, 0, 32; draw_string_vec4
    %concat/vec4; draw_string_vec4
    %pushi/vec4 0, 0, 32; draw_string_vec4
    %concat/vec4; draw_string_vec4
    %pushi/vec4 0, 0, 32; draw_string_vec4
    %concat/vec4; draw_string_vec4
    %pushi/vec4 0, 0, 32; draw_string_vec4
    %concat/vec4; draw_string_vec4
    %pushi/vec4 0, 0, 32; draw_string_vec4
    %concat/vec4; draw_string_vec4
    %pushi/vec4 0, 0, 32; draw_string_vec4
    %concat/vec4; draw_string_vec4
    %pushi/vec4 0, 0, 32; draw_string_vec4
    %concat/vec4; draw_string_vec4
    %pushi/vec4 0, 0, 32; draw_string_vec4
    %concat/vec4; draw_string_vec4
    %pushi/vec4 0, 0, 32; draw_string_vec4
    %concat/vec4; draw_string_vec4
    %pushi/vec4 0, 0, 32; draw_string_vec4
    %concat/vec4; draw_string_vec4
    %pushi/vec4 0, 0, 32; draw_string_vec4
    %concat/vec4; draw_string_vec4
    %pushi/vec4 0, 0, 32; draw_string_vec4
    %concat/vec4; draw_string_vec4
    %pushi/vec4 0, 0, 32; draw_string_vec4
    %concat/vec4; draw_string_vec4
    %pushi/vec4 0, 0, 32; draw_string_vec4
    %concat/vec4; draw_string_vec4
    %pushi/vec4 0, 0, 32; draw_string_vec4
    %concat/vec4; draw_string_vec4
    %pushi/vec4 0, 0, 32; draw_string_vec4
    %concat/vec4; draw_string_vec4
    %pushi/vec4 0, 0, 32; draw_string_vec4
    %concat/vec4; draw_string_vec4
    %pushi/vec4 0, 0, 32; draw_string_vec4
    %concat/vec4; draw_string_vec4
    %pushi/vec4 0, 0, 32; draw_string_vec4
    %concat/vec4; draw_string_vec4
    %pushi/vec4 0, 0, 32; draw_string_vec4
    %concat/vec4; draw_string_vec4
    %pushi/vec4 0, 0, 32; draw_string_vec4
    %concat/vec4; draw_string_vec4
    %pushi/vec4 0, 0, 32; draw_string_vec4
    %concat/vec4; draw_string_vec4
    %pushi/vec4 0, 0, 32; draw_string_vec4
    %concat/vec4; draw_string_vec4
    %pushi/vec4 0, 0, 32; draw_string_vec4
    %concat/vec4; draw_string_vec4
    %pushi/vec4 0, 0, 32; draw_string_vec4
    %concat/vec4; draw_string_vec4
    %pushi/vec4 0, 0, 32; draw_string_vec4
    %concat/vec4; draw_string_vec4
    %pushi/vec4 0, 0, 32; draw_string_vec4
    %concat/vec4; draw_string_vec4
    %pushi/vec4 0, 0, 32; draw_string_vec4
    %concat/vec4; draw_string_vec4
    %pushi/vec4 0, 0, 32; draw_string_vec4
    %concat/vec4; draw_string_vec4
    %pushi/vec4 0, 0, 32; draw_string_vec4
    %concat/vec4; draw_string_vec4
    %pushi/vec4 0, 0, 32; draw_string_vec4
    %concat/vec4; draw_string_vec4
    %pushi/vec4 0, 0, 32; draw_string_vec4
    %concat/vec4; draw_string_vec4
    %pushi/vec4 0, 0, 32; draw_string_vec4
    %concat/vec4; draw_string_vec4
    %pushi/vec4 0, 0, 32; draw_string_vec4
    %concat/vec4; draw_string_vec4
    %pushi/vec4 0, 0, 32; draw_string_vec4
    %concat/vec4; draw_string_vec4
    %pushi/vec4 0, 0, 32; draw_string_vec4
    %concat/vec4; draw_string_vec4
    %pushi/vec4 0, 0, 32; draw_string_vec4
    %concat/vec4; draw_string_vec4
    %pushi/vec4 0, 0, 32; draw_string_vec4
    %concat/vec4; draw_string_vec4
    %pushi/vec4 0, 0, 32; draw_string_vec4
    %concat/vec4; draw_string_vec4
    %pushi/vec4 0, 0, 32; draw_string_vec4
    %concat/vec4; draw_string_vec4
    %pushi/vec4 0, 0, 32; draw_string_vec4
    %concat/vec4; draw_string_vec4
    %pushi/vec4 0, 0, 32; draw_string_vec4
    %concat/vec4; draw_string_vec4
    %pushi/vec4 0, 0, 32; draw_string_vec4
    %concat/vec4; draw_string_vec4
    %pushi/vec4 0, 0, 32; draw_string_vec4
    %concat/vec4; draw_string_vec4
    %pushi/vec4 0, 0, 32; draw_string_vec4
    %concat/vec4; draw_string_vec4
    %pushi/vec4 0, 0, 32; draw_string_vec4
    %concat/vec4; draw_string_vec4
    %pushi/vec4 0, 0, 32; draw_string_vec4
    %concat/vec4; draw_string_vec4
    %pushi/vec4 0, 0, 32; draw_string_vec4
    %concat/vec4; draw_string_vec4
    %pushi/vec4 0, 0, 32; draw_string_vec4
    %concat/vec4; draw_string_vec4
    %pushi/vec4 0, 0, 32; draw_string_vec4
    %concat/vec4; draw_string_vec4
    %pushi/vec4 0, 0, 32; draw_string_vec4
    %concat/vec4; draw_string_vec4
    %pushi/vec4 0, 0, 32; draw_string_vec4
    %concat/vec4; draw_string_vec4
    %pushi/vec4 0, 0, 32; draw_string_vec4
    %concat/vec4; draw_string_vec4
    %pushi/vec4 0, 0, 32; draw_string_vec4
    %concat/vec4; draw_string_vec4
    %pushi/vec4 0, 0, 32; draw_string_vec4
    %concat/vec4; draw_string_vec4
    %pushi/vec4 0, 0, 32; draw_string_vec4
    %concat/vec4; draw_string_vec4
    %pushi/vec4 0, 0, 32; draw_string_vec4
    %concat/vec4; draw_string_vec4
    %pushi/vec4 0, 0, 32; draw_string_vec4
    %concat/vec4; draw_string_vec4
    %pushi/vec4 0, 0, 32; draw_string_vec4
    %concat/vec4; draw_string_vec4
    %pushi/vec4 0, 0, 32; draw_string_vec4
    %concat/vec4; draw_string_vec4
    %pushi/vec4 0, 0, 32; draw_string_vec4
    %concat/vec4; draw_string_vec4
    %pushi/vec4 0, 0, 32; draw_string_vec4
    %concat/vec4; draw_string_vec4
    %pushi/vec4 0, 0, 32; draw_string_vec4
    %concat/vec4; draw_string_vec4
    %pushi/vec4 0, 0, 32; draw_string_vec4
    %concat/vec4; draw_string_vec4
    %pushi/vec4 0, 0, 32; draw_string_vec4
    %concat/vec4; draw_string_vec4
    %pushi/vec4 0, 0, 32; draw_string_vec4
    %concat/vec4; draw_string_vec4
    %pushi/vec4 0, 0, 32; draw_string_vec4
    %concat/vec4; draw_string_vec4
    %pushi/vec4 0, 0, 32; draw_string_vec4
    %concat/vec4; draw_string_vec4
    %pushi/vec4 0, 0, 32; draw_string_vec4
    %concat/vec4; draw_string_vec4
    %pushi/vec4 0, 0, 32; draw_string_vec4
    %concat/vec4; draw_string_vec4
    %pushi/vec4 0, 0, 32; draw_string_vec4
    %concat/vec4; draw_string_vec4
    %pushi/vec4 0, 0, 32; draw_string_vec4
    %concat/vec4; draw_string_vec4
    %pushi/vec4 0, 0, 32; draw_string_vec4
    %concat/vec4; draw_string_vec4
    %pushi/vec4 0, 0, 32; draw_string_vec4
    %concat/vec4; draw_string_vec4
    %pushi/vec4 0, 0, 32; draw_string_vec4
    %concat/vec4; draw_string_vec4
    %pushi/vec4 0, 0, 32; draw_string_vec4
    %concat/vec4; draw_string_vec4
    %pushi/vec4 0, 0, 32; draw_string_vec4
    %concat/vec4; draw_string_vec4
    %pushi/vec4 0, 0, 32; draw_string_vec4
    %concat/vec4; draw_string_vec4
    %pushi/vec4 0, 0, 32; draw_string_vec4
    %concat/vec4; draw_string_vec4
    %pushi/vec4 0, 0, 32; draw_string_vec4
    %concat/vec4; draw_string_vec4
    %pushi/vec4 0, 0, 32; draw_string_vec4
    %concat/vec4; draw_string_vec4
    %pushi/vec4 0, 0, 32; draw_string_vec4
    %concat/vec4; draw_string_vec4
    %pushi/vec4 0, 0, 32; draw_string_vec4
    %concat/vec4; draw_string_vec4
    %pushi/vec4 0, 0, 32; draw_string_vec4
    %concat/vec4; draw_string_vec4
    %pushi/vec4 0, 0, 32; draw_string_vec4
    %concat/vec4; draw_string_vec4
    %pushi/vec4 0, 0, 32; draw_string_vec4
    %concat/vec4; draw_string_vec4
    %pushi/vec4 0, 0, 32; draw_string_vec4
    %concat/vec4; draw_string_vec4
    %pushi/vec4 0, 0, 32; draw_string_vec4
    %concat/vec4; draw_string_vec4
    %pushi/vec4 0, 0, 32; draw_string_vec4
    %concat/vec4; draw_string_vec4
    %pushi/vec4 0, 0, 32; draw_string_vec4
    %concat/vec4; draw_string_vec4
    %pushi/vec4 0, 0, 32; draw_string_vec4
    %concat/vec4; draw_string_vec4
    %pushi/vec4 0, 0, 32; draw_string_vec4
    %concat/vec4; draw_string_vec4
    %pushi/vec4 0, 0, 32; draw_string_vec4
    %concat/vec4; draw_string_vec4
    %pushi/vec4 0, 0, 32; draw_string_vec4
    %concat/vec4; draw_string_vec4
    %pushi/vec4 0, 0, 32; draw_string_vec4
    %concat/vec4; draw_string_vec4
    %pushi/vec4 0, 0, 32; draw_string_vec4
    %concat/vec4; draw_string_vec4
    %pushi/vec4 0, 0, 32; draw_string_vec4
    %concat/vec4; draw_string_vec4
    %pushi/vec4 0, 0, 32; draw_string_vec4
    %concat/vec4; draw_string_vec4
    %pushi/vec4 0, 0, 32; draw_string_vec4
    %concat/vec4; draw_string_vec4
    %pushi/vec4 0, 0, 32; draw_string_vec4
    %concat/vec4; draw_string_vec4
    %pushi/vec4 0, 0, 32; draw_string_vec4
    %concat/vec4; draw_string_vec4
    %pushi/vec4 0, 0, 32; draw_string_vec4
    %concat/vec4; draw_string_vec4
    %pushi/vec4 0, 0, 32; draw_string_vec4
    %concat/vec4; draw_string_vec4
    %pushi/vec4 0, 0, 32; draw_string_vec4
    %concat/vec4; draw_string_vec4
    %pushi/vec4 0, 0, 32; draw_string_vec4
    %concat/vec4; draw_string_vec4
    %pushi/vec4 0, 0, 32; draw_string_vec4
    %concat/vec4; draw_string_vec4
    %pushi/vec4 0, 0, 32; draw_string_vec4
    %concat/vec4; draw_string_vec4
    %pushi/vec4 0, 0, 32; draw_string_vec4
    %concat/vec4; draw_string_vec4
    %pushi/vec4 0, 0, 32; draw_string_vec4
    %concat/vec4; draw_string_vec4
    %pushi/vec4 0, 0, 32; draw_string_vec4
    %concat/vec4; draw_string_vec4
    %pushi/vec4 0, 0, 32; draw_string_vec4
    %concat/vec4; draw_string_vec4
    %pushi/vec4 0, 0, 32; draw_string_vec4
    %concat/vec4; draw_string_vec4
    %pushi/vec4 0, 0, 32; draw_string_vec4
    %concat/vec4; draw_string_vec4
    %pushi/vec4 0, 0, 32; draw_string_vec4
    %concat/vec4; draw_string_vec4
    %pushi/vec4 0, 0, 32; draw_string_vec4
    %concat/vec4; draw_string_vec4
    %pushi/vec4 0, 0, 32; draw_string_vec4
    %concat/vec4; draw_string_vec4
    %pushi/vec4 0, 0, 32; draw_string_vec4
    %concat/vec4; draw_string_vec4
    %pushi/vec4 0, 0, 32; draw_string_vec4
    %concat/vec4; draw_string_vec4
    %pushi/vec4 0, 0, 32; draw_string_vec4
    %concat/vec4; draw_string_vec4
    %pushi/vec4 0, 0, 32; draw_string_vec4
    %concat/vec4; draw_string_vec4
    %pushi/vec4 0, 0, 32; draw_string_vec4
    %concat/vec4; draw_string_vec4
    %pushi/vec4 0, 0, 32; draw_string_vec4
    %concat/vec4; draw_string_vec4
    %pushi/vec4 0, 0, 32; draw_string_vec4
    %concat/vec4; draw_string_vec4
    %pushi/vec4 0, 0, 32; draw_string_vec4
    %concat/vec4; draw_string_vec4
    %pushi/vec4 0, 0, 32; draw_string_vec4
    %concat/vec4; draw_string_vec4
    %pushi/vec4 0, 0, 32; draw_string_vec4
    %concat/vec4; draw_string_vec4
    %pushi/vec4 0, 0, 32; draw_string_vec4
    %concat/vec4; draw_string_vec4
    %pushi/vec4 0, 0, 32; draw_string_vec4
    %concat/vec4; draw_string_vec4
    %pushi/vec4 0, 0, 32; draw_string_vec4
    %concat/vec4; draw_string_vec4
    %pushi/vec4 0, 0, 32; draw_string_vec4
    %concat/vec4; draw_string_vec4
    %pushi/vec4 0, 0, 32; draw_string_vec4
    %concat/vec4; draw_string_vec4
    %pushi/vec4 0, 0, 32; draw_string_vec4
    %concat/vec4; draw_string_vec4
    %pushi/vec4 0, 0, 32; draw_string_vec4
    %concat/vec4; draw_string_vec4
    %pushi/vec4 0, 0, 32; draw_string_vec4
    %concat/vec4; draw_string_vec4
    %pushi/vec4 0, 0, 32; draw_string_vec4
    %concat/vec4; draw_string_vec4
    %pushi/vec4 0, 0, 32; draw_string_vec4
    %concat/vec4; draw_string_vec4
    %pushi/vec4 0, 0, 32; draw_string_vec4
    %concat/vec4; draw_string_vec4
    %pushi/vec4 0, 0, 32; draw_string_vec4
    %concat/vec4; draw_string_vec4
    %pushi/vec4 0, 0, 32; draw_string_vec4
    %concat/vec4; draw_string_vec4
    %pushi/vec4 0, 0, 32; draw_string_vec4
    %concat/vec4; draw_string_vec4
    %pushi/vec4 0, 0, 32; draw_string_vec4
    %concat/vec4; draw_string_vec4
    %pushi/vec4 0, 0, 32; draw_string_vec4
    %concat/vec4; draw_string_vec4
    %pushi/vec4 0, 0, 32; draw_string_vec4
    %concat/vec4; draw_string_vec4
    %pushi/vec4 0, 0, 32; draw_string_vec4
    %concat/vec4; draw_string_vec4
    %pushi/vec4 0, 0, 32; draw_string_vec4
    %concat/vec4; draw_string_vec4
    %pushi/vec4 0, 0, 32; draw_string_vec4
    %concat/vec4; draw_string_vec4
    %pushi/vec4 0, 0, 32; draw_string_vec4
    %concat/vec4; draw_string_vec4
    %pushi/vec4 0, 0, 32; draw_string_vec4
    %concat/vec4; draw_string_vec4
    %pushi/vec4 0, 0, 32; draw_string_vec4
    %concat/vec4; draw_string_vec4
    %pushi/vec4 0, 0, 32; draw_string_vec4
    %concat/vec4; draw_string_vec4
    %pushi/vec4 0, 0, 32; draw_string_vec4
    %concat/vec4; draw_string_vec4
    %pushi/vec4 0, 0, 32; draw_string_vec4
    %concat/vec4; draw_string_vec4
    %pushi/vec4 0, 0, 32; draw_string_vec4
    %concat/vec4; draw_string_vec4
    %pushi/vec4 0, 0, 32; draw_string_vec4
    %concat/vec4; draw_string_vec4
    %pushi/vec4 0, 0, 32; draw_string_vec4
    %concat/vec4; draw_string_vec4
    %pushi/vec4 0, 0, 32; draw_string_vec4
    %concat/vec4; draw_string_vec4
    %pushi/vec4 0, 0, 32; draw_string_vec4
    %concat/vec4; draw_string_vec4
    %pushi/vec4 0, 0, 32; draw_string_vec4
    %concat/vec4; draw_string_vec4
    %pushi/vec4 0, 0, 32; draw_string_vec4
    %concat/vec4; draw_string_vec4
    %pushi/vec4 0, 0, 32; draw_string_vec4
    %concat/vec4; draw_string_vec4
    %pushi/vec4 0, 0, 32; draw_string_vec4
    %concat/vec4; draw_string_vec4
    %pushi/vec4 0, 0, 32; draw_string_vec4
    %concat/vec4; draw_string_vec4
    %pushi/vec4 0, 0, 32; draw_string_vec4
    %concat/vec4; draw_string_vec4
    %pushi/vec4 0, 0, 32; draw_string_vec4
    %concat/vec4; draw_string_vec4
    %pushi/vec4 0, 0, 32; draw_string_vec4
    %concat/vec4; draw_string_vec4
    %pushi/vec4 0, 0, 32; draw_string_vec4
    %concat/vec4; draw_string_vec4
    %pushi/vec4 0, 0, 32; draw_string_vec4
    %concat/vec4; draw_string_vec4
    %pushi/vec4 0, 0, 32; draw_string_vec4
    %concat/vec4; draw_string_vec4
    %pushi/vec4 0, 0, 32; draw_string_vec4
    %concat/vec4; draw_string_vec4
    %pushi/vec4 0, 0, 32; draw_string_vec4
    %concat/vec4; draw_string_vec4
    %pushi/vec4 0, 0, 32; draw_string_vec4
    %concat/vec4; draw_string_vec4
    %pushi/vec4 0, 0, 32; draw_string_vec4
    %concat/vec4; draw_string_vec4
    %pushi/vec4 0, 0, 32; draw_string_vec4
    %concat/vec4; draw_string_vec4
    %pushi/vec4 0, 0, 32; draw_string_vec4
    %concat/vec4; draw_string_vec4
    %pushi/vec4 0, 0, 32; draw_string_vec4
    %concat/vec4; draw_string_vec4
    %pushi/vec4 0, 0, 32; draw_string_vec4
    %concat/vec4; draw_string_vec4
    %pushi/vec4 0, 0, 32; draw_string_vec4
    %concat/vec4; draw_string_vec4
    %pushi/vec4 0, 0, 32; draw_string_vec4
    %concat/vec4; draw_string_vec4
    %pushi/vec4 0, 0, 32; draw_string_vec4
    %concat/vec4; draw_string_vec4
    %pushi/vec4 0, 0, 32; draw_string_vec4
    %concat/vec4; draw_string_vec4
    %pushi/vec4 0, 0, 32; draw_string_vec4
    %concat/vec4; draw_string_vec4
    %pushi/vec4 0, 0, 32; draw_string_vec4
    %concat/vec4; draw_string_vec4
    %pushi/vec4 0, 0, 32; draw_string_vec4
    %concat/vec4; draw_string_vec4
    %pushi/vec4 0, 0, 32; draw_string_vec4
    %concat/vec4; draw_string_vec4
    %pushi/vec4 0, 0, 32; draw_string_vec4
    %concat/vec4; draw_string_vec4
    %pushi/vec4 0, 0, 32; draw_string_vec4
    %concat/vec4; draw_string_vec4
    %pushi/vec4 0, 0, 32; draw_string_vec4
    %concat/vec4; draw_string_vec4
    %pushi/vec4 0, 0, 32; draw_string_vec4
    %concat/vec4; draw_string_vec4
    %pushi/vec4 0, 0, 32; draw_string_vec4
    %concat/vec4; draw_string_vec4
    %pushi/vec4 0, 0, 32; draw_string_vec4
    %concat/vec4; draw_string_vec4
    %pushi/vec4 0, 0, 32; draw_string_vec4
    %concat/vec4; draw_string_vec4
    %pushi/vec4 0, 0, 32; draw_string_vec4
    %concat/vec4; draw_string_vec4
    %pushi/vec4 0, 0, 32; draw_string_vec4
    %concat/vec4; draw_string_vec4
    %pushi/vec4 0, 0, 32; draw_string_vec4
    %concat/vec4; draw_string_vec4
    %pushi/vec4 0, 0, 32; draw_string_vec4
    %concat/vec4; draw_string_vec4
    %pushi/vec4 0, 0, 32; draw_string_vec4
    %concat/vec4; draw_string_vec4
    %pushi/vec4 0, 0, 32; draw_string_vec4
    %concat/vec4; draw_string_vec4
    %pushi/vec4 0, 0, 32; draw_string_vec4
    %concat/vec4; draw_string_vec4
    %pushi/vec4 0, 0, 32; draw_string_vec4
    %concat/vec4; draw_string_vec4
    %pushi/vec4 0, 0, 32; draw_string_vec4
    %concat/vec4; draw_string_vec4
    %pushi/vec4 0, 0, 32; draw_string_vec4
    %concat/vec4; draw_string_vec4
    %pushi/vec4 0, 0, 32; draw_string_vec4
    %concat/vec4; draw_string_vec4
    %pushi/vec4 0, 0, 32; draw_string_vec4
    %concat/vec4; draw_string_vec4
    %pushi/vec4 0, 0, 32; draw_string_vec4
    %concat/vec4; draw_string_vec4
    %pushi/vec4 0, 0, 32; draw_string_vec4
    %concat/vec4; draw_string_vec4
    %pushi/vec4 0, 0, 32; draw_string_vec4
    %concat/vec4; draw_string_vec4
    %pushi/vec4 0, 0, 32; draw_string_vec4
    %concat/vec4; draw_string_vec4
    %pushi/vec4 0, 0, 32; draw_string_vec4
    %concat/vec4; draw_string_vec4
    %pushi/vec4 0, 0, 32; draw_string_vec4
    %concat/vec4; draw_string_vec4
    %pushi/vec4 0, 0, 32; draw_string_vec4
    %concat/vec4; draw_string_vec4
    %pushi/vec4 0, 0, 32; draw_string_vec4
    %concat/vec4; draw_string_vec4
    %pushi/vec4 0, 0, 32; draw_string_vec4
    %concat/vec4; draw_string_vec4
    %pushi/vec4 0, 0, 32; draw_string_vec4
    %concat/vec4; draw_string_vec4
    %pushi/vec4 0, 0, 32; draw_string_vec4
    %concat/vec4; draw_string_vec4
    %pushi/vec4 0, 0, 32; draw_string_vec4
    %concat/vec4; draw_string_vec4
    %pushi/vec4 0, 0, 32; draw_string_vec4
    %concat/vec4; draw_string_vec4
    %pushi/vec4 0, 0, 32; draw_string_vec4
    %concat/vec4; draw_string_vec4
    %pushi/vec4 0, 0, 32; draw_string_vec4
    %concat/vec4; draw_string_vec4
    %pushi/vec4 0, 0, 32; draw_string_vec4
    %concat/vec4; draw_string_vec4
    %pushi/vec4 0, 0, 32; draw_string_vec4
    %concat/vec4; draw_string_vec4
    %pushi/vec4 0, 0, 32; draw_string_vec4
    %concat/vec4; draw_string_vec4
    %pushi/vec4 0, 0, 32; draw_string_vec4
    %concat/vec4; draw_string_vec4
    %pushi/vec4 0, 0, 32; draw_string_vec4
    %concat/vec4; draw_string_vec4
    %pushi/vec4 0, 0, 32; draw_string_vec4
    %concat/vec4; draw_string_vec4
    %pushi/vec4 0, 0, 32; draw_string_vec4
    %concat/vec4; draw_string_vec4
    %pushi/vec4 0, 0, 32; draw_string_vec4
    %concat/vec4; draw_string_vec4
    %pushi/vec4 0, 0, 32; draw_string_vec4
    %concat/vec4; draw_string_vec4
    %pushi/vec4 0, 0, 32; draw_string_vec4
    %concat/vec4; draw_string_vec4
    %pushi/vec4 0, 0, 32; draw_string_vec4
    %concat/vec4; draw_string_vec4
    %pushi/vec4 0, 0, 32; draw_string_vec4
    %concat/vec4; draw_string_vec4
    %pushi/vec4 0, 0, 32; draw_string_vec4
    %concat/vec4; draw_string_vec4
    %pushi/vec4 0, 0, 32; draw_string_vec4
    %concat/vec4; draw_string_vec4
    %pushi/vec4 0, 0, 32; draw_string_vec4
    %concat/vec4; draw_string_vec4
    %pushi/vec4 0, 0, 32; draw_string_vec4
    %concat/vec4; draw_string_vec4
    %pushi/vec4 0, 0, 32; draw_string_vec4
    %concat/vec4; draw_string_vec4
    %pushi/vec4 0, 0, 32; draw_string_vec4
    %concat/vec4; draw_string_vec4
    %pushi/vec4 0, 0, 32; draw_string_vec4
    %concat/vec4; draw_string_vec4
    %pushi/vec4 0, 0, 32; draw_string_vec4
    %concat/vec4; draw_string_vec4
    %pushi/vec4 0, 0, 32; draw_string_vec4
    %concat/vec4; draw_string_vec4
    %pushi/vec4 0, 0, 32; draw_string_vec4
    %concat/vec4; draw_string_vec4
    %pushi/vec4 0, 0, 32; draw_string_vec4
    %concat/vec4; draw_string_vec4
    %pushi/vec4 0, 0, 32; draw_string_vec4
    %concat/vec4; draw_string_vec4
    %pushi/vec4 0, 0, 32; draw_string_vec4
    %concat/vec4; draw_string_vec4
    %pushi/vec4 0, 0, 32; draw_string_vec4
    %concat/vec4; draw_string_vec4
    %pushi/vec4 0, 0, 32; draw_string_vec4
    %concat/vec4; draw_string_vec4
    %pushi/vec4 0, 0, 32; draw_string_vec4
    %concat/vec4; draw_string_vec4
    %pushi/vec4 0, 0, 32; draw_string_vec4
    %concat/vec4; draw_string_vec4
    %pushi/vec4 0, 0, 32; draw_string_vec4
    %concat/vec4; draw_string_vec4
    %pushi/vec4 0, 0, 32; draw_string_vec4
    %concat/vec4; draw_string_vec4
    %pushi/vec4 0, 0, 32; draw_string_vec4
    %concat/vec4; draw_string_vec4
    %pushi/vec4 0, 0, 32; draw_string_vec4
    %concat/vec4; draw_string_vec4
    %pushi/vec4 0, 0, 32; draw_string_vec4
    %concat/vec4; draw_string_vec4
    %pushi/vec4 0, 0, 32; draw_string_vec4
    %concat/vec4; draw_string_vec4
    %pushi/vec4 0, 0, 32; draw_string_vec4
    %concat/vec4; draw_string_vec4
    %pushi/vec4 0, 0, 32; draw_string_vec4
    %concat/vec4; draw_string_vec4
    %pushi/vec4 0, 0, 32; draw_string_vec4
    %concat/vec4; draw_string_vec4
    %pushi/vec4 0, 0, 32; draw_string_vec4
    %concat/vec4; draw_string_vec4
    %pushi/vec4 0, 0, 32; draw_string_vec4
    %concat/vec4; draw_string_vec4
    %pushi/vec4 0, 0, 32; draw_string_vec4
    %concat/vec4; draw_string_vec4
    %pushi/vec4 0, 0, 32; draw_string_vec4
    %concat/vec4; draw_string_vec4
    %pushi/vec4 0, 0, 32; draw_string_vec4
    %concat/vec4; draw_string_vec4
    %pushi/vec4 0, 0, 32; draw_string_vec4
    %concat/vec4; draw_string_vec4
    %pushi/vec4 0, 0, 32; draw_string_vec4
    %concat/vec4; draw_string_vec4
    %pushi/vec4 0, 0, 32; draw_string_vec4
    %concat/vec4; draw_string_vec4
    %pushi/vec4 0, 0, 32; draw_string_vec4
    %concat/vec4; draw_string_vec4
    %pushi/vec4 0, 0, 32; draw_string_vec4
    %concat/vec4; draw_string_vec4
    %pushi/vec4 0, 0, 32; draw_string_vec4
    %concat/vec4; draw_string_vec4
    %pushi/vec4 0, 0, 32; draw_string_vec4
    %concat/vec4; draw_string_vec4
    %pushi/vec4 0, 0, 32; draw_string_vec4
    %concat/vec4; draw_string_vec4
    %pushi/vec4 0, 0, 32; draw_string_vec4
    %concat/vec4; draw_string_vec4
    %pushi/vec4 0, 0, 32; draw_string_vec4
    %concat/vec4; draw_string_vec4
    %pushi/vec4 0, 0, 32; draw_string_vec4
    %concat/vec4; draw_string_vec4
    %pushi/vec4 0, 0, 32; draw_string_vec4
    %concat/vec4; draw_string_vec4
    %pushi/vec4 0, 0, 32; draw_string_vec4
    %concat/vec4; draw_string_vec4
    %pushi/vec4 0, 0, 32; draw_string_vec4
    %concat/vec4; draw_string_vec4
    %pushi/vec4 0, 0, 32; draw_string_vec4
    %concat/vec4; draw_string_vec4
    %pushi/vec4 0, 0, 32; draw_string_vec4
    %concat/vec4; draw_string_vec4
    %pushi/vec4 0, 0, 32; draw_string_vec4
    %concat/vec4; draw_string_vec4
    %pushi/vec4 0, 0, 32; draw_string_vec4
    %concat/vec4; draw_string_vec4
    %pushi/vec4 0, 0, 32; draw_string_vec4
    %concat/vec4; draw_string_vec4
    %pushi/vec4 0, 0, 32; draw_string_vec4
    %concat/vec4; draw_string_vec4
    %pushi/vec4 0, 0, 32; draw_string_vec4
    %concat/vec4; draw_string_vec4
    %pushi/vec4 0, 0, 32; draw_string_vec4
    %concat/vec4; draw_string_vec4
    %pushi/vec4 0, 0, 32; draw_string_vec4
    %concat/vec4; draw_string_vec4
    %pushi/vec4 0, 0, 32; draw_string_vec4
    %concat/vec4; draw_string_vec4
    %pushi/vec4 0, 0, 32; draw_string_vec4
    %concat/vec4; draw_string_vec4
    %pushi/vec4 0, 0, 32; draw_string_vec4
    %concat/vec4; draw_string_vec4
    %pushi/vec4 0, 0, 32; draw_string_vec4
    %concat/vec4; draw_string_vec4
    %pushi/vec4 0, 0, 32; draw_string_vec4
    %concat/vec4; draw_string_vec4
    %pushi/vec4 0, 0, 32; draw_string_vec4
    %concat/vec4; draw_string_vec4
    %pushi/vec4 0, 0, 32; draw_string_vec4
    %concat/vec4; draw_string_vec4
    %pushi/vec4 0, 0, 32; draw_string_vec4
    %concat/vec4; draw_string_vec4
    %pushi/vec4 0, 0, 32; draw_string_vec4
    %concat/vec4; draw_string_vec4
    %pushi/vec4 0, 0, 32; draw_string_vec4
    %concat/vec4; draw_string_vec4
    %pushi/vec4 0, 0, 32; draw_string_vec4
    %concat/vec4; draw_string_vec4
    %pushi/vec4 0, 0, 32; draw_string_vec4
    %concat/vec4; draw_string_vec4
    %pushi/vec4 0, 0, 32; draw_string_vec4
    %concat/vec4; draw_string_vec4
    %pushi/vec4 0, 0, 32; draw_string_vec4
    %concat/vec4; draw_string_vec4
    %pushi/vec4 0, 0, 32; draw_string_vec4
    %concat/vec4; draw_string_vec4
    %pushi/vec4 0, 0, 32; draw_string_vec4
    %concat/vec4; draw_string_vec4
    %pushi/vec4 0, 0, 32; draw_string_vec4
    %concat/vec4; draw_string_vec4
    %pushi/vec4 0, 0, 32; draw_string_vec4
    %concat/vec4; draw_string_vec4
    %pushi/vec4 0, 0, 32; draw_string_vec4
    %concat/vec4; draw_string_vec4
    %pushi/vec4 0, 0, 32; draw_string_vec4
    %concat/vec4; draw_string_vec4
    %pushi/vec4 0, 0, 32; draw_string_vec4
    %concat/vec4; draw_string_vec4
    %pushi/vec4 0, 0, 32; draw_string_vec4
    %concat/vec4; draw_string_vec4
    %pushi/vec4 0, 0, 32; draw_string_vec4
    %concat/vec4; draw_string_vec4
    %pushi/vec4 0, 0, 32; draw_string_vec4
    %concat/vec4; draw_string_vec4
    %pushi/vec4 0, 0, 32; draw_string_vec4
    %concat/vec4; draw_string_vec4
    %pushi/vec4 0, 0, 32; draw_string_vec4
    %concat/vec4; draw_string_vec4
    %pushi/vec4 0, 0, 32; draw_string_vec4
    %concat/vec4; draw_string_vec4
    %pushi/vec4 0, 0, 32; draw_string_vec4
    %concat/vec4; draw_string_vec4
    %pushi/vec4 0, 0, 32; draw_string_vec4
    %concat/vec4; draw_string_vec4
    %pushi/vec4 0, 0, 32; draw_string_vec4
    %concat/vec4; draw_string_vec4
    %pushi/vec4 0, 0, 32; draw_string_vec4
    %concat/vec4; draw_string_vec4
    %pushi/vec4 0, 0, 32; draw_string_vec4
    %concat/vec4; draw_string_vec4
    %pushi/vec4 0, 0, 32; draw_string_vec4
    %concat/vec4; draw_string_vec4
    %pushi/vec4 0, 0, 32; draw_string_vec4
    %concat/vec4; draw_string_vec4
    %pushi/vec4 0, 0, 32; draw_string_vec4
    %concat/vec4; draw_string_vec4
    %pushi/vec4 0, 0, 32; draw_string_vec4
    %concat/vec4; draw_string_vec4
    %pushi/vec4 0, 0, 32; draw_string_vec4
    %concat/vec4; draw_string_vec4
    %pushi/vec4 0, 0, 32; draw_string_vec4
    %concat/vec4; draw_string_vec4
    %pushi/vec4 0, 0, 32; draw_string_vec4
    %concat/vec4; draw_string_vec4
    %pushi/vec4 0, 0, 32; draw_string_vec4
    %concat/vec4; draw_string_vec4
    %pushi/vec4 0, 0, 32; draw_string_vec4
    %concat/vec4; draw_string_vec4
    %pushi/vec4 0, 0, 32; draw_string_vec4
    %concat/vec4; draw_string_vec4
    %pushi/vec4 0, 0, 32; draw_string_vec4
    %concat/vec4; draw_string_vec4
    %pushi/vec4 0, 0, 32; draw_string_vec4
    %concat/vec4; draw_string_vec4
    %pushi/vec4 0, 0, 32; draw_string_vec4
    %concat/vec4; draw_string_vec4
    %pushi/vec4 0, 0, 32; draw_string_vec4
    %concat/vec4; draw_string_vec4
    %pushi/vec4 0, 0, 32; draw_string_vec4
    %concat/vec4; draw_string_vec4
    %pushi/vec4 0, 0, 32; draw_string_vec4
    %concat/vec4; draw_string_vec4
    %pushi/vec4 0, 0, 32; draw_string_vec4
    %concat/vec4; draw_string_vec4
    %pushi/vec4 0, 0, 32; draw_string_vec4
    %concat/vec4; draw_string_vec4
    %pushi/vec4 0, 0, 32; draw_string_vec4
    %concat/vec4; draw_string_vec4
    %pushi/vec4 0, 0, 32; draw_string_vec4
    %concat/vec4; draw_string_vec4
    %pushi/vec4 0, 0, 32; draw_string_vec4
    %concat/vec4; draw_string_vec4
    %pushi/vec4 0, 0, 32; draw_string_vec4
    %concat/vec4; draw_string_vec4
    %pushi/vec4 0, 0, 32; draw_string_vec4
    %concat/vec4; draw_string_vec4
    %pushi/vec4 0, 0, 32; draw_string_vec4
    %concat/vec4; draw_string_vec4
    %pushi/vec4 0, 0, 32; draw_string_vec4
    %concat/vec4; draw_string_vec4
    %pushi/vec4 0, 0, 32; draw_string_vec4
    %concat/vec4; draw_string_vec4
    %pushi/vec4 0, 0, 32; draw_string_vec4
    %concat/vec4; draw_string_vec4
    %pushi/vec4 0, 0, 32; draw_string_vec4
    %concat/vec4; draw_string_vec4
    %pushi/vec4 0, 0, 32; draw_string_vec4
    %concat/vec4; draw_string_vec4
    %pushi/vec4 0, 0, 32; draw_string_vec4
    %concat/vec4; draw_string_vec4
    %pushi/vec4 0, 0, 32; draw_string_vec4
    %concat/vec4; draw_string_vec4
    %pushi/vec4 0, 0, 32; draw_string_vec4
    %concat/vec4; draw_string_vec4
    %pushi/vec4 0, 0, 32; draw_string_vec4
    %concat/vec4; draw_string_vec4
    %pushi/vec4 0, 0, 32; draw_string_vec4
    %concat/vec4; draw_string_vec4
    %pushi/vec4 0, 0, 32; draw_string_vec4
    %concat/vec4; draw_string_vec4
    %pushi/vec4 0, 0, 32; draw_string_vec4
    %concat/vec4; draw_string_vec4
    %pushi/vec4 0, 0, 32; draw_string_vec4
    %concat/vec4; draw_string_vec4
    %pushi/vec4 0, 0, 32; draw_string_vec4
    %concat/vec4; draw_string_vec4
    %pushi/vec4 0, 0, 32; draw_string_vec4
    %concat/vec4; draw_string_vec4
    %pushi/vec4 0, 0, 32; draw_string_vec4
    %concat/vec4; draw_string_vec4
    %pushi/vec4 0, 0, 32; draw_string_vec4
    %concat/vec4; draw_string_vec4
    %pushi/vec4 0, 0, 32; draw_string_vec4
    %concat/vec4; draw_string_vec4
    %pushi/vec4 0, 0, 32; draw_string_vec4
    %concat/vec4; draw_string_vec4
    %pushi/vec4 0, 0, 32; draw_string_vec4
    %concat/vec4; draw_string_vec4
    %pushi/vec4 0, 0, 32; draw_string_vec4
    %concat/vec4; draw_string_vec4
    %pushi/vec4 0, 0, 32; draw_string_vec4
    %concat/vec4; draw_string_vec4
    %pushi/vec4 0, 0, 32; draw_string_vec4
    %concat/vec4; draw_string_vec4
    %pushi/vec4 0, 0, 32; draw_string_vec4
    %concat/vec4; draw_string_vec4
    %pushi/vec4 0, 0, 32; draw_string_vec4
    %concat/vec4; draw_string_vec4
    %pushi/vec4 0, 0, 32; draw_string_vec4
    %concat/vec4; draw_string_vec4
    %pushi/vec4 0, 0, 32; draw_string_vec4
    %concat/vec4; draw_string_vec4
    %pushi/vec4 0, 0, 32; draw_string_vec4
    %concat/vec4; draw_string_vec4
    %pushi/vec4 0, 0, 32; draw_string_vec4
    %concat/vec4; draw_string_vec4
    %pushi/vec4 0, 0, 32; draw_string_vec4
    %concat/vec4; draw_string_vec4
    %pushi/vec4 0, 0, 32; draw_string_vec4
    %concat/vec4; draw_string_vec4
    %pushi/vec4 0, 0, 32; draw_string_vec4
    %concat/vec4; draw_string_vec4
    %pushi/vec4 0, 0, 32; draw_string_vec4
    %concat/vec4; draw_string_vec4
    %pushi/vec4 0, 0, 32; draw_string_vec4
    %concat/vec4; draw_string_vec4
    %pushi/vec4 0, 0, 32; draw_string_vec4
    %concat/vec4; draw_string_vec4
    %pushi/vec4 0, 0, 32; draw_string_vec4
    %concat/vec4; draw_string_vec4
    %pushi/vec4 0, 0, 32; draw_string_vec4
    %concat/vec4; draw_string_vec4
    %pushi/vec4 0, 0, 32; draw_string_vec4
    %concat/vec4; draw_string_vec4
    %pushi/vec4 0, 0, 32; draw_string_vec4
    %concat/vec4; draw_string_vec4
    %pushi/vec4 0, 0, 32; draw_string_vec4
    %concat/vec4; draw_string_vec4
    %pushi/vec4 0, 0, 32; draw_string_vec4
    %concat/vec4; draw_string_vec4
    %pushi/vec4 0, 0, 32; draw_string_vec4
    %concat/vec4; draw_string_vec4
    %pushi/vec4 0, 0, 32; draw_string_vec4
    %concat/vec4; draw_string_vec4
    %pushi/vec4 0, 0, 32; draw_string_vec4
    %concat/vec4; draw_string_vec4
    %pushi/vec4 0, 0, 32; draw_string_vec4
    %concat/vec4; draw_string_vec4
    %pushi/vec4 0, 0, 32; draw_string_vec4
    %concat/vec4; draw_string_vec4
    %pushi/vec4 0, 0, 32; draw_string_vec4
    %concat/vec4; draw_string_vec4
    %pushi/vec4 0, 0, 32; draw_string_vec4
    %concat/vec4; draw_string_vec4
    %pushi/vec4 0, 0, 32; draw_string_vec4
    %concat/vec4; draw_string_vec4
    %pushi/vec4 0, 0, 32; draw_string_vec4
    %concat/vec4; draw_string_vec4
    %pushi/vec4 0, 0, 32; draw_string_vec4
    %concat/vec4; draw_string_vec4
    %pushi/vec4 0, 0, 32; draw_string_vec4
    %concat/vec4; draw_string_vec4
    %pushi/vec4 0, 0, 32; draw_string_vec4
    %concat/vec4; draw_string_vec4
    %pushi/vec4 0, 0, 32; draw_string_vec4
    %concat/vec4; draw_string_vec4
    %pushi/vec4 0, 0, 32; draw_string_vec4
    %concat/vec4; draw_string_vec4
    %pushi/vec4 0, 0, 32; draw_string_vec4
    %concat/vec4; draw_string_vec4
    %pushi/vec4 0, 0, 32; draw_string_vec4
    %concat/vec4; draw_string_vec4
    %pushi/vec4 0, 0, 32; draw_string_vec4
    %concat/vec4; draw_string_vec4
    %pushi/vec4 0, 0, 32; draw_string_vec4
    %concat/vec4; draw_string_vec4
    %pushi/vec4 0, 0, 32; draw_string_vec4
    %concat/vec4; draw_string_vec4
    %pushi/vec4 0, 0, 32; draw_string_vec4
    %concat/vec4; draw_string_vec4
    %pushi/vec4 0, 0, 32; draw_string_vec4
    %concat/vec4; draw_string_vec4
    %pushi/vec4 0, 0, 32; draw_string_vec4
    %concat/vec4; draw_string_vec4
    %pushi/vec4 0, 0, 32; draw_string_vec4
    %concat/vec4; draw_string_vec4
    %pushi/vec4 0, 0, 32; draw_string_vec4
    %concat/vec4; draw_string_vec4
    %pushi/vec4 0, 0, 32; draw_string_vec4
    %concat/vec4; draw_string_vec4
    %pushi/vec4 0, 0, 32; draw_string_vec4
    %concat/vec4; draw_string_vec4
    %pushi/vec4 0, 0, 32; draw_string_vec4
    %concat/vec4; draw_string_vec4
    %pushi/vec4 0, 0, 32; draw_string_vec4
    %concat/vec4; draw_string_vec4
    %pushi/vec4 0, 0, 32; draw_string_vec4
    %concat/vec4; draw_string_vec4
    %pushi/vec4 0, 0, 32; draw_string_vec4
    %concat/vec4; draw_string_vec4
    %pushi/vec4 0, 0, 32; draw_string_vec4
    %concat/vec4; draw_string_vec4
    %pushi/vec4 0, 0, 32; draw_string_vec4
    %concat/vec4; draw_string_vec4
    %pushi/vec4 0, 0, 32; draw_string_vec4
    %concat/vec4; draw_string_vec4
    %pushi/vec4 0, 0, 32; draw_string_vec4
    %concat/vec4; draw_string_vec4
    %pushi/vec4 0, 0, 32; draw_string_vec4
    %concat/vec4; draw_string_vec4
    %pushi/vec4 0, 0, 32; draw_string_vec4
    %concat/vec4; draw_string_vec4
    %pushi/vec4 0, 0, 32; draw_string_vec4
    %concat/vec4; draw_string_vec4
    %pushi/vec4 0, 0, 32; draw_string_vec4
    %concat/vec4; draw_string_vec4
    %pushi/vec4 0, 0, 32; draw_string_vec4
    %concat/vec4; draw_string_vec4
    %pushi/vec4 0, 0, 32; draw_string_vec4
    %concat/vec4; draw_string_vec4
    %pushi/vec4 0, 0, 32; draw_string_vec4
    %concat/vec4; draw_string_vec4
    %pushi/vec4 0, 0, 32; draw_string_vec4
    %concat/vec4; draw_string_vec4
    %pushi/vec4 0, 0, 32; draw_string_vec4
    %concat/vec4; draw_string_vec4
    %pushi/vec4 0, 0, 32; draw_string_vec4
    %concat/vec4; draw_string_vec4
    %pushi/vec4 0, 0, 32; draw_string_vec4
    %concat/vec4; draw_string_vec4
    %pushi/vec4 0, 0, 32; draw_string_vec4
    %concat/vec4; draw_string_vec4
    %pushi/vec4 0, 0, 32; draw_string_vec4
    %concat/vec4; draw_string_vec4
    %pushi/vec4 0, 0, 32; draw_string_vec4
    %concat/vec4; draw_string_vec4
    %pushi/vec4 0, 0, 32; draw_string_vec4
    %concat/vec4; draw_string_vec4
    %pushi/vec4 0, 0, 32; draw_string_vec4
    %concat/vec4; draw_string_vec4
    %pushi/vec4 0, 0, 32; draw_string_vec4
    %concat/vec4; draw_string_vec4
    %pushi/vec4 0, 0, 32; draw_string_vec4
    %concat/vec4; draw_string_vec4
    %pushi/vec4 0, 0, 32; draw_string_vec4
    %concat/vec4; draw_string_vec4
    %pushi/vec4 0, 0, 32; draw_string_vec4
    %concat/vec4; draw_string_vec4
    %pushi/vec4 0, 0, 32; draw_string_vec4
    %concat/vec4; draw_string_vec4
    %pushi/vec4 0, 0, 32; draw_string_vec4
    %concat/vec4; draw_string_vec4
    %pushi/vec4 0, 0, 32; draw_string_vec4
    %concat/vec4; draw_string_vec4
    %pushi/vec4 0, 0, 32; draw_string_vec4
    %concat/vec4; draw_string_vec4
    %pushi/vec4 0, 0, 32; draw_string_vec4
    %concat/vec4; draw_string_vec4
    %pushi/vec4 0, 0, 32; draw_string_vec4
    %concat/vec4; draw_string_vec4
    %pushi/vec4 0, 0, 32; draw_string_vec4
    %concat/vec4; draw_string_vec4
    %pushi/vec4 0, 0, 32; draw_string_vec4
    %concat/vec4; draw_string_vec4
    %pushi/vec4 0, 0, 32; draw_string_vec4
    %concat/vec4; draw_string_vec4
    %pushi/vec4 0, 0, 32; draw_string_vec4
    %concat/vec4; draw_string_vec4
    %pushi/vec4 0, 0, 32; draw_string_vec4
    %concat/vec4; draw_string_vec4
    %pushi/vec4 0, 0, 32; draw_string_vec4
    %concat/vec4; draw_string_vec4
    %pushi/vec4 0, 0, 32; draw_string_vec4
    %concat/vec4; draw_string_vec4
    %pushi/vec4 0, 0, 32; draw_string_vec4
    %concat/vec4; draw_string_vec4
    %pushi/vec4 0, 0, 32; draw_string_vec4
    %concat/vec4; draw_string_vec4
    %pushi/vec4 0, 0, 32; draw_string_vec4
    %concat/vec4; draw_string_vec4
    %pushi/vec4 0, 0, 32; draw_string_vec4
    %concat/vec4; draw_string_vec4
    %pushi/vec4 0, 0, 32; draw_string_vec4
    %concat/vec4; draw_string_vec4
    %pushi/vec4 0, 0, 32; draw_string_vec4
    %concat/vec4; draw_string_vec4
    %pushi/vec4 0, 0, 32; draw_string_vec4
    %concat/vec4; draw_string_vec4
    %pushi/vec4 0, 0, 32; draw_string_vec4
    %concat/vec4; draw_string_vec4
    %pushi/vec4 0, 0, 32; draw_string_vec4
    %concat/vec4; draw_string_vec4
    %pushi/vec4 0, 0, 32; draw_string_vec4
    %concat/vec4; draw_string_vec4
    %pushi/vec4 0, 0, 32; draw_string_vec4
    %concat/vec4; draw_string_vec4
    %pushi/vec4 0, 0, 32; draw_string_vec4
    %concat/vec4; draw_string_vec4
    %pushi/vec4 0, 0, 32; draw_string_vec4
    %concat/vec4; draw_string_vec4
    %pushi/vec4 0, 0, 32; draw_string_vec4
    %concat/vec4; draw_string_vec4
    %pushi/vec4 0, 0, 32; draw_string_vec4
    %concat/vec4; draw_string_vec4
    %pushi/vec4 0, 0, 32; draw_string_vec4
    %concat/vec4; draw_string_vec4
    %pushi/vec4 0, 0, 32; draw_string_vec4
    %concat/vec4; draw_string_vec4
    %pushi/vec4 0, 0, 32; draw_string_vec4
    %concat/vec4; draw_string_vec4
    %pushi/vec4 0, 0, 32; draw_string_vec4
    %concat/vec4; draw_string_vec4
    %pushi/vec4 0, 0, 32; draw_string_vec4
    %concat/vec4; draw_string_vec4
    %pushi/vec4 0, 0, 32; draw_string_vec4
    %concat/vec4; draw_string_vec4
    %pushi/vec4 0, 0, 32; draw_string_vec4
    %concat/vec4; draw_string_vec4
    %pushi/vec4 0, 0, 32; draw_string_vec4
    %concat/vec4; draw_string_vec4
    %pushi/vec4 0, 0, 32; draw_string_vec4
    %concat/vec4; draw_string_vec4
    %pushi/vec4 0, 0, 32; draw_string_vec4
    %concat/vec4; draw_string_vec4
    %pushi/vec4 0, 0, 32; draw_string_vec4
    %concat/vec4; draw_string_vec4
    %pushi/vec4 0, 0, 32; draw_string_vec4
    %concat/vec4; draw_string_vec4
    %pushi/vec4 0, 0, 32; draw_string_vec4
    %concat/vec4; draw_string_vec4
    %pushi/vec4 0, 0, 32; draw_string_vec4
    %concat/vec4; draw_string_vec4
    %pushi/vec4 0, 0, 32; draw_string_vec4
    %concat/vec4; draw_string_vec4
    %pushi/vec4 0, 0, 32; draw_string_vec4
    %concat/vec4; draw_string_vec4
    %pushi/vec4 0, 0, 32; draw_string_vec4
    %concat/vec4; draw_string_vec4
    %pushi/vec4 0, 0, 32; draw_string_vec4
    %concat/vec4; draw_string_vec4
    %pushi/vec4 0, 0, 32; draw_string_vec4
    %concat/vec4; draw_string_vec4
    %pushi/vec4 0, 0, 32; draw_string_vec4
    %concat/vec4; draw_string_vec4
    %pushi/vec4 0, 0, 32; draw_string_vec4
    %concat/vec4; draw_string_vec4
    %pushi/vec4 0, 0, 32; draw_string_vec4
    %concat/vec4; draw_string_vec4
    %pushi/vec4 0, 0, 32; draw_string_vec4
    %concat/vec4; draw_string_vec4
    %pushi/vec4 0, 0, 32; draw_string_vec4
    %concat/vec4; draw_string_vec4
    %pushi/vec4 0, 0, 32; draw_string_vec4
    %concat/vec4; draw_string_vec4
    %pushi/vec4 0, 0, 32; draw_string_vec4
    %concat/vec4; draw_string_vec4
    %pushi/vec4 0, 0, 32; draw_string_vec4
    %concat/vec4; draw_string_vec4
    %pushi/vec4 0, 0, 32; draw_string_vec4
    %concat/vec4; draw_string_vec4
    %pushi/vec4 0, 0, 32; draw_string_vec4
    %concat/vec4; draw_string_vec4
    %pushi/vec4 0, 0, 32; draw_string_vec4
    %concat/vec4; draw_string_vec4
    %pushi/vec4 0, 0, 32; draw_string_vec4
    %concat/vec4; draw_string_vec4
    %pushi/vec4 0, 0, 32; draw_string_vec4
    %concat/vec4; draw_string_vec4
    %pushi/vec4 0, 0, 32; draw_string_vec4
    %concat/vec4; draw_string_vec4
    %pushi/vec4 0, 0, 32; draw_string_vec4
    %concat/vec4; draw_string_vec4
    %pushi/vec4 0, 0, 32; draw_string_vec4
    %concat/vec4; draw_string_vec4
    %pushi/vec4 0, 0, 32; draw_string_vec4
    %concat/vec4; draw_string_vec4
    %pushi/vec4 0, 0, 32; draw_string_vec4
    %concat/vec4; draw_string_vec4
    %pushi/vec4 0, 0, 32; draw_string_vec4
    %concat/vec4; draw_string_vec4
    %pushi/vec4 0, 0, 32; draw_string_vec4
    %concat/vec4; draw_string_vec4
    %pushi/vec4 0, 0, 32; draw_string_vec4
    %concat/vec4; draw_string_vec4
    %pushi/vec4 0, 0, 32; draw_string_vec4
    %concat/vec4; draw_string_vec4
    %pushi/vec4 0, 0, 32; draw_string_vec4
    %concat/vec4; draw_string_vec4
    %pushi/vec4 0, 0, 32; draw_string_vec4
    %concat/vec4; draw_string_vec4
    %pushi/vec4 0, 0, 32; draw_string_vec4
    %concat/vec4; draw_string_vec4
    %pushi/vec4 0, 0, 32; draw_string_vec4
    %concat/vec4; draw_string_vec4
    %pushi/vec4 0, 0, 32; draw_string_vec4
    %concat/vec4; draw_string_vec4
    %pushi/vec4 0, 0, 32; draw_string_vec4
    %concat/vec4; draw_string_vec4
    %pushi/vec4 0, 0, 32; draw_string_vec4
    %concat/vec4; draw_string_vec4
    %pushi/vec4 0, 0, 32; draw_string_vec4
    %concat/vec4; draw_string_vec4
    %pushi/vec4 0, 0, 32; draw_string_vec4
    %concat/vec4; draw_string_vec4
    %pushi/vec4 0, 0, 32; draw_string_vec4
    %concat/vec4; draw_string_vec4
    %pushi/vec4 0, 0, 32; draw_string_vec4
    %concat/vec4; draw_string_vec4
    %pushi/vec4 0, 0, 32; draw_string_vec4
    %concat/vec4; draw_string_vec4
    %pushi/vec4 0, 0, 32; draw_string_vec4
    %concat/vec4; draw_string_vec4
    %pushi/vec4 0, 0, 32; draw_string_vec4
    %concat/vec4; draw_string_vec4
    %pushi/vec4 0, 0, 32; draw_string_vec4
    %concat/vec4; draw_string_vec4
    %pushi/vec4 0, 0, 32; draw_string_vec4
    %concat/vec4; draw_string_vec4
    %pushi/vec4 0, 0, 32; draw_string_vec4
    %concat/vec4; draw_string_vec4
    %pushi/vec4 0, 0, 32; draw_string_vec4
    %concat/vec4; draw_string_vec4
    %pushi/vec4 0, 0, 32; draw_string_vec4
    %concat/vec4; draw_string_vec4
    %pushi/vec4 0, 0, 32; draw_string_vec4
    %concat/vec4; draw_string_vec4
    %pushi/vec4 0, 0, 32; draw_string_vec4
    %concat/vec4; draw_string_vec4
    %pushi/vec4 0, 0, 32; draw_string_vec4
    %concat/vec4; draw_string_vec4
    %pushi/vec4 0, 0, 32; draw_string_vec4
    %concat/vec4; draw_string_vec4
    %pushi/vec4 0, 0, 32; draw_string_vec4
    %concat/vec4; draw_string_vec4
    %pushi/vec4 0, 0, 32; draw_string_vec4
    %concat/vec4; draw_string_vec4
    %pushi/vec4 0, 0, 32; draw_string_vec4
    %concat/vec4; draw_string_vec4
    %pushi/vec4 0, 0, 32; draw_string_vec4
    %concat/vec4; draw_string_vec4
    %pushi/vec4 0, 0, 32; draw_string_vec4
    %concat/vec4; draw_string_vec4
    %pushi/vec4 0, 0, 32; draw_string_vec4
    %concat/vec4; draw_string_vec4
    %pushi/vec4 0, 0, 32; draw_string_vec4
    %concat/vec4; draw_string_vec4
    %pushi/vec4 0, 0, 32; draw_string_vec4
    %concat/vec4; draw_string_vec4
    %pushi/vec4 0, 0, 32; draw_string_vec4
    %concat/vec4; draw_string_vec4
    %pushi/vec4 0, 0, 32; draw_string_vec4
    %concat/vec4; draw_string_vec4
    %pushi/vec4 0, 0, 32; draw_string_vec4
    %concat/vec4; draw_string_vec4
    %pushi/vec4 0, 0, 32; draw_string_vec4
    %concat/vec4; draw_string_vec4
    %pushi/vec4 0, 0, 32; draw_string_vec4
    %concat/vec4; draw_string_vec4
    %pushi/vec4 0, 0, 32; draw_string_vec4
    %concat/vec4; draw_string_vec4
    %pushi/vec4 0, 0, 32; draw_string_vec4
    %concat/vec4; draw_string_vec4
    %pushi/vec4 0, 0, 32; draw_string_vec4
    %concat/vec4; draw_string_vec4
    %pushi/vec4 0, 0, 32; draw_string_vec4
    %concat/vec4; draw_string_vec4
    %pushi/vec4 0, 0, 32; draw_string_vec4
    %concat/vec4; draw_string_vec4
    %pushi/vec4 0, 0, 32; draw_string_vec4
    %concat/vec4; draw_string_vec4
    %pushi/vec4 0, 0, 32; draw_string_vec4
    %concat/vec4; draw_string_vec4
    %pushi/vec4 0, 0, 32; draw_string_vec4
    %concat/vec4; draw_string_vec4
    %pushi/vec4 0, 0, 32; draw_string_vec4
    %concat/vec4; draw_string_vec4
    %pushi/vec4 0, 0, 32; draw_string_vec4
    %concat/vec4; draw_string_vec4
    %pushi/vec4 0, 0, 32; draw_string_vec4
    %concat/vec4; draw_string_vec4
    %pushi/vec4 0, 0, 32; draw_string_vec4
    %concat/vec4; draw_string_vec4
    %pushi/vec4 0, 0, 32; draw_string_vec4
    %concat/vec4; draw_string_vec4
    %pushi/vec4 0, 0, 32; draw_string_vec4
    %concat/vec4; draw_string_vec4
    %pushi/vec4 0, 0, 32; draw_string_vec4
    %concat/vec4; draw_string_vec4
    %pushi/vec4 0, 0, 32; draw_string_vec4
    %concat/vec4; draw_string_vec4
    %pushi/vec4 0, 0, 32; draw_string_vec4
    %concat/vec4; draw_string_vec4
    %pushi/vec4 0, 0, 32; draw_string_vec4
    %concat/vec4; draw_string_vec4
    %pushi/vec4 0, 0, 32; draw_string_vec4
    %concat/vec4; draw_string_vec4
    %pushi/vec4 0, 0, 32; draw_string_vec4
    %concat/vec4; draw_string_vec4
    %pushi/vec4 0, 0, 32; draw_string_vec4
    %concat/vec4; draw_string_vec4
    %pushi/vec4 0, 0, 32; draw_string_vec4
    %concat/vec4; draw_string_vec4
    %pushi/vec4 0, 0, 32; draw_string_vec4
    %concat/vec4; draw_string_vec4
    %pushi/vec4 0, 0, 32; draw_string_vec4
    %concat/vec4; draw_string_vec4
    %pushi/vec4 0, 0, 32; draw_string_vec4
    %concat/vec4; draw_string_vec4
    %pushi/vec4 0, 0, 32; draw_string_vec4
    %concat/vec4; draw_string_vec4
    %pushi/vec4 0, 0, 32; draw_string_vec4
    %concat/vec4; draw_string_vec4
    %pushi/vec4 0, 0, 32; draw_string_vec4
    %concat/vec4; draw_string_vec4
    %pushi/vec4 0, 0, 32; draw_string_vec4
    %concat/vec4; draw_string_vec4
    %pushi/vec4 0, 0, 32; draw_string_vec4
    %concat/vec4; draw_string_vec4
    %pushi/vec4 0, 0, 32; draw_string_vec4
    %concat/vec4; draw_string_vec4
    %pushi/vec4 0, 0, 32; draw_string_vec4
    %concat/vec4; draw_string_vec4
    %pushi/vec4 0, 0, 32; draw_string_vec4
    %concat/vec4; draw_string_vec4
    %pushi/vec4 0, 0, 32; draw_string_vec4
    %concat/vec4; draw_string_vec4
    %pushi/vec4 0, 0, 32; draw_string_vec4
    %concat/vec4; draw_string_vec4
    %pushi/vec4 0, 0, 32; draw_string_vec4
    %concat/vec4; draw_string_vec4
    %pushi/vec4 0, 0, 32; draw_string_vec4
    %concat/vec4; draw_string_vec4
    %pushi/vec4 0, 0, 32; draw_string_vec4
    %concat/vec4; draw_string_vec4
    %pushi/vec4 0, 0, 32; draw_string_vec4
    %concat/vec4; draw_string_vec4
    %pushi/vec4 0, 0, 32; draw_string_vec4
    %concat/vec4; draw_string_vec4
    %pushi/vec4 0, 0, 32; draw_string_vec4
    %concat/vec4; draw_string_vec4
    %pushi/vec4 0, 0, 32; draw_string_vec4
    %concat/vec4; draw_string_vec4
    %pushi/vec4 0, 0, 32; draw_string_vec4
    %concat/vec4; draw_string_vec4
    %pushi/vec4 0, 0, 32; draw_string_vec4
    %concat/vec4; draw_string_vec4
    %pushi/vec4 0, 0, 32; draw_string_vec4
    %concat/vec4; draw_string_vec4
    %pushi/vec4 0, 0, 32; draw_string_vec4
    %concat/vec4; draw_string_vec4
    %pushi/vec4 0, 0, 32; draw_string_vec4
    %concat/vec4; draw_string_vec4
    %pushi/vec4 0, 0, 32; draw_string_vec4
    %concat/vec4; draw_string_vec4
    %pushi/vec4 0, 0, 32; draw_string_vec4
    %concat/vec4; draw_string_vec4
    %pushi/vec4 0, 0, 32; draw_string_vec4
    %concat/vec4; draw_string_vec4
    %pushi/vec4 0, 0, 32; draw_string_vec4
    %concat/vec4; draw_string_vec4
    %pushi/vec4 0, 0, 32; draw_string_vec4
    %concat/vec4; draw_string_vec4
    %pushi/vec4 0, 0, 32; draw_string_vec4
    %concat/vec4; draw_string_vec4
    %pushi/vec4 0, 0, 32; draw_string_vec4
    %concat/vec4; draw_string_vec4
    %pushi/vec4 0, 0, 32; draw_string_vec4
    %concat/vec4; draw_string_vec4
    %pushi/vec4 0, 0, 32; draw_string_vec4
    %concat/vec4; draw_string_vec4
    %pushi/vec4 0, 0, 32; draw_string_vec4
    %concat/vec4; draw_string_vec4
    %pushi/vec4 0, 0, 32; draw_string_vec4
    %concat/vec4; draw_string_vec4
    %pushi/vec4 0, 0, 32; draw_string_vec4
    %concat/vec4; draw_string_vec4
    %pushi/vec4 0, 0, 32; draw_string_vec4
    %concat/vec4; draw_string_vec4
    %pushi/vec4 0, 0, 32; draw_string_vec4
    %concat/vec4; draw_string_vec4
    %pushi/vec4 0, 0, 32; draw_string_vec4
    %concat/vec4; draw_string_vec4
    %pushi/vec4 0, 0, 32; draw_string_vec4
    %concat/vec4; draw_string_vec4
    %pushi/vec4 0, 0, 32; draw_string_vec4
    %concat/vec4; draw_string_vec4
    %pushi/vec4 0, 0, 32; draw_string_vec4
    %concat/vec4; draw_string_vec4
    %pushi/vec4 0, 0, 32; draw_string_vec4
    %concat/vec4; draw_string_vec4
    %pushi/vec4 0, 0, 32; draw_string_vec4
    %concat/vec4; draw_string_vec4
    %pushi/vec4 0, 0, 32; draw_string_vec4
    %concat/vec4; draw_string_vec4
    %pushi/vec4 0, 0, 32; draw_string_vec4
    %concat/vec4; draw_string_vec4
    %pushi/vec4 0, 0, 32; draw_string_vec4
    %concat/vec4; draw_string_vec4
    %pushi/vec4 0, 0, 32; draw_string_vec4
    %concat/vec4; draw_string_vec4
    %pushi/vec4 0, 0, 32; draw_string_vec4
    %concat/vec4; draw_string_vec4
    %pushi/vec4 0, 0, 32; draw_string_vec4
    %concat/vec4; draw_string_vec4
    %pushi/vec4 0, 0, 32; draw_string_vec4
    %concat/vec4; draw_string_vec4
    %pushi/vec4 0, 0, 32; draw_string_vec4
    %concat/vec4; draw_string_vec4
    %pushi/vec4 0, 0, 32; draw_string_vec4
    %concat/vec4; draw_string_vec4
    %pushi/vec4 0, 0, 32; draw_string_vec4
    %concat/vec4; draw_string_vec4
    %pushi/vec4 0, 0, 32; draw_string_vec4
    %concat/vec4; draw_string_vec4
    %pushi/vec4 0, 0, 32; draw_string_vec4
    %concat/vec4; draw_string_vec4
    %pushi/vec4 0, 0, 32; draw_string_vec4
    %concat/vec4; draw_string_vec4
    %pushi/vec4 0, 0, 32; draw_string_vec4
    %concat/vec4; draw_string_vec4
    %pushi/vec4 0, 0, 32; draw_string_vec4
    %concat/vec4; draw_string_vec4
    %pushi/vec4 0, 0, 32; draw_string_vec4
    %concat/vec4; draw_string_vec4
    %pushi/vec4 0, 0, 32; draw_string_vec4
    %concat/vec4; draw_string_vec4
    %pushi/vec4 0, 0, 32; draw_string_vec4
    %concat/vec4; draw_string_vec4
    %pushi/vec4 0, 0, 32; draw_string_vec4
    %concat/vec4; draw_string_vec4
    %pushi/vec4 0, 0, 32; draw_string_vec4
    %concat/vec4; draw_string_vec4
    %pushi/vec4 0, 0, 32; draw_string_vec4
    %concat/vec4; draw_string_vec4
    %pushi/vec4 0, 0, 32; draw_string_vec4
    %concat/vec4; draw_string_vec4
    %pushi/vec4 0, 0, 32; draw_string_vec4
    %concat/vec4; draw_string_vec4
    %pushi/vec4 0, 0, 32; draw_string_vec4
    %concat/vec4; draw_string_vec4
    %pushi/vec4 0, 0, 32; draw_string_vec4
    %concat/vec4; draw_string_vec4
    %pushi/vec4 0, 0, 32; draw_string_vec4
    %concat/vec4; draw_string_vec4
    %pushi/vec4 0, 0, 32; draw_string_vec4
    %concat/vec4; draw_string_vec4
    %pushi/vec4 0, 0, 32; draw_string_vec4
    %concat/vec4; draw_string_vec4
    %pushi/vec4 0, 0, 32; draw_string_vec4
    %concat/vec4; draw_string_vec4
    %pushi/vec4 0, 0, 32; draw_string_vec4
    %concat/vec4; draw_string_vec4
    %pushi/vec4 0, 0, 32; draw_string_vec4
    %concat/vec4; draw_string_vec4
    %pushi/vec4 0, 0, 32; draw_string_vec4
    %concat/vec4; draw_string_vec4
    %pushi/vec4 0, 0, 32; draw_string_vec4
    %concat/vec4; draw_string_vec4
    %pushi/vec4 0, 0, 32; draw_string_vec4
    %concat/vec4; draw_string_vec4
    %pushi/vec4 0, 0, 32; draw_string_vec4
    %concat/vec4; draw_string_vec4
    %pushi/vec4 0, 0, 32; draw_string_vec4
    %concat/vec4; draw_string_vec4
    %pushi/vec4 0, 0, 32; draw_string_vec4
    %concat/vec4; draw_string_vec4
    %pushi/vec4 0, 0, 32; draw_string_vec4
    %concat/vec4; draw_string_vec4
    %pushi/vec4 0, 0, 32; draw_string_vec4
    %concat/vec4; draw_string_vec4
    %pushi/vec4 0, 0, 32; draw_string_vec4
    %concat/vec4; draw_string_vec4
    %pushi/vec4 0, 0, 32; draw_string_vec4
    %concat/vec4; draw_string_vec4
    %pushi/vec4 0, 0, 32; draw_string_vec4
    %concat/vec4; draw_string_vec4
    %pushi/vec4 0, 0, 32; draw_string_vec4
    %concat/vec4; draw_string_vec4
    %pushi/vec4 0, 0, 32; draw_string_vec4
    %concat/vec4; draw_string_vec4
    %pushi/vec4 0, 0, 32; draw_string_vec4
    %concat/vec4; draw_string_vec4
    %pushi/vec4 0, 0, 32; draw_string_vec4
    %concat/vec4; draw_string_vec4
    %pushi/vec4 0, 0, 32; draw_string_vec4
    %concat/vec4; draw_string_vec4
    %pushi/vec4 0, 0, 32; draw_string_vec4
    %concat/vec4; draw_string_vec4
    %pushi/vec4 0, 0, 32; draw_string_vec4
    %concat/vec4; draw_string_vec4
    %pushi/vec4 0, 0, 32; draw_string_vec4
    %concat/vec4; draw_string_vec4
    %pushi/vec4 0, 0, 32; draw_string_vec4
    %concat/vec4; draw_string_vec4
    %pushi/vec4 0, 0, 32; draw_string_vec4
    %concat/vec4; draw_string_vec4
    %pushi/vec4 0, 0, 32; draw_string_vec4
    %concat/vec4; draw_string_vec4
    %pushi/vec4 0, 0, 32; draw_string_vec4
    %concat/vec4; draw_string_vec4
    %pushi/vec4 0, 0, 32; draw_string_vec4
    %concat/vec4; draw_string_vec4
    %pushi/vec4 0, 0, 32; draw_string_vec4
    %concat/vec4; draw_string_vec4
    %pushi/vec4 0, 0, 32; draw_string_vec4
    %concat/vec4; draw_string_vec4
    %pushi/vec4 0, 0, 32; draw_string_vec4
    %concat/vec4; draw_string_vec4
    %pushi/vec4 0, 0, 32; draw_string_vec4
    %concat/vec4; draw_string_vec4
    %pushi/vec4 0, 0, 32; draw_string_vec4
    %concat/vec4; draw_string_vec4
    %pushi/vec4 0, 0, 32; draw_string_vec4
    %concat/vec4; draw_string_vec4
    %pushi/vec4 0, 0, 32; draw_string_vec4
    %concat/vec4; draw_string_vec4
    %pushi/vec4 0, 0, 32; draw_string_vec4
    %concat/vec4; draw_string_vec4
    %pushi/vec4 0, 0, 32; draw_string_vec4
    %concat/vec4; draw_string_vec4
    %pushi/vec4 0, 0, 32; draw_string_vec4
    %concat/vec4; draw_string_vec4
    %pushi/vec4 0, 0, 32; draw_string_vec4
    %concat/vec4; draw_string_vec4
    %pushi/vec4 0, 0, 32; draw_string_vec4
    %concat/vec4; draw_string_vec4
    %pushi/vec4 0, 0, 32; draw_string_vec4
    %concat/vec4; draw_string_vec4
    %pushi/vec4 0, 0, 32; draw_string_vec4
    %concat/vec4; draw_string_vec4
    %pushi/vec4 0, 0, 32; draw_string_vec4
    %concat/vec4; draw_string_vec4
    %pushi/vec4 0, 0, 32; draw_string_vec4
    %concat/vec4; draw_string_vec4
    %pushi/vec4 0, 0, 32; draw_string_vec4
    %concat/vec4; draw_string_vec4
    %pushi/vec4 0, 0, 32; draw_string_vec4
    %concat/vec4; draw_string_vec4
    %pushi/vec4 0, 0, 32; draw_string_vec4
    %concat/vec4; draw_string_vec4
    %pushi/vec4 0, 0, 32; draw_string_vec4
    %concat/vec4; draw_string_vec4
    %pushi/vec4 0, 0, 32; draw_string_vec4
    %concat/vec4; draw_string_vec4
    %pushi/vec4 0, 0, 32; draw_string_vec4
    %concat/vec4; draw_string_vec4
    %pushi/vec4 0, 0, 32; draw_string_vec4
    %concat/vec4; draw_string_vec4
    %pushi/vec4 0, 0, 32; draw_string_vec4
    %concat/vec4; draw_string_vec4
    %pushi/vec4 0, 0, 32; draw_string_vec4
    %concat/vec4; draw_string_vec4
    %pushi/vec4 0, 0, 32; draw_string_vec4
    %concat/vec4; draw_string_vec4
    %pushi/vec4 0, 0, 32; draw_string_vec4
    %concat/vec4; draw_string_vec4
    %pushi/vec4 0, 0, 32; draw_string_vec4
    %concat/vec4; draw_string_vec4
    %pushi/vec4 0, 0, 32; draw_string_vec4
    %concat/vec4; draw_string_vec4
    %pushi/vec4 0, 0, 32; draw_string_vec4
    %concat/vec4; draw_string_vec4
    %pushi/vec4 0, 0, 32; draw_string_vec4
    %concat/vec4; draw_string_vec4
    %pushi/vec4 0, 0, 32; draw_string_vec4
    %concat/vec4; draw_string_vec4
    %pushi/vec4 0, 0, 32; draw_string_vec4
    %concat/vec4; draw_string_vec4
    %pushi/vec4 0, 0, 32; draw_string_vec4
    %concat/vec4; draw_string_vec4
    %pushi/vec4 0, 0, 32; draw_string_vec4
    %concat/vec4; draw_string_vec4
    %pushi/vec4 0, 0, 32; draw_string_vec4
    %concat/vec4; draw_string_vec4
    %pushi/vec4 0, 0, 32; draw_string_vec4
    %concat/vec4; draw_string_vec4
    %pushi/vec4 0, 0, 32; draw_string_vec4
    %concat/vec4; draw_string_vec4
    %pushi/vec4 0, 0, 32; draw_string_vec4
    %concat/vec4; draw_string_vec4
    %pushi/vec4 0, 0, 32; draw_string_vec4
    %concat/vec4; draw_string_vec4
    %pushi/vec4 0, 0, 32; draw_string_vec4
    %concat/vec4; draw_string_vec4
    %pushi/vec4 0, 0, 32; draw_string_vec4
    %concat/vec4; draw_string_vec4
    %pushi/vec4 0, 0, 32; draw_string_vec4
    %concat/vec4; draw_string_vec4
    %pushi/vec4 0, 0, 32; draw_string_vec4
    %concat/vec4; draw_string_vec4
    %pushi/vec4 0, 0, 32; draw_string_vec4
    %concat/vec4; draw_string_vec4
    %pushi/vec4 0, 0, 32; draw_string_vec4
    %concat/vec4; draw_string_vec4
    %pushi/vec4 0, 0, 32; draw_string_vec4
    %concat/vec4; draw_string_vec4
    %pushi/vec4 0, 0, 32; draw_string_vec4
    %concat/vec4; draw_string_vec4
    %pushi/vec4 0, 0, 32; draw_string_vec4
    %concat/vec4; draw_string_vec4
    %pushi/vec4 0, 0, 32; draw_string_vec4
    %concat/vec4; draw_string_vec4
    %pushi/vec4 0, 0, 32; draw_string_vec4
    %concat/vec4; draw_string_vec4
    %pushi/vec4 0, 0, 32; draw_string_vec4
    %concat/vec4; draw_string_vec4
    %pushi/vec4 0, 0, 32; draw_string_vec4
    %concat/vec4; draw_string_vec4
    %pushi/vec4 0, 0, 32; draw_string_vec4
    %concat/vec4; draw_string_vec4
    %pushi/vec4 0, 0, 32; draw_string_vec4
    %concat/vec4; draw_string_vec4
    %pushi/vec4 0, 0, 32; draw_string_vec4
    %concat/vec4; draw_string_vec4
    %pushi/vec4 0, 0, 32; draw_string_vec4
    %concat/vec4; draw_string_vec4
    %pushi/vec4 0, 0, 32; draw_string_vec4
    %concat/vec4; draw_string_vec4
    %pushi/vec4 0, 0, 32; draw_string_vec4
    %concat/vec4; draw_string_vec4
    %pushi/vec4 0, 0, 32; draw_string_vec4
    %concat/vec4; draw_string_vec4
    %pushi/vec4 0, 0, 32; draw_string_vec4
    %concat/vec4; draw_string_vec4
    %pushi/vec4 0, 0, 32; draw_string_vec4
    %concat/vec4; draw_string_vec4
    %pushi/vec4 0, 0, 32; draw_string_vec4
    %concat/vec4; draw_string_vec4
    %pushi/vec4 0, 0, 32; draw_string_vec4
    %concat/vec4; draw_string_vec4
    %pushi/vec4 0, 0, 32; draw_string_vec4
    %concat/vec4; draw_string_vec4
    %pushi/vec4 0, 0, 32; draw_string_vec4
    %concat/vec4; draw_string_vec4
    %pushi/vec4 0, 0, 32; draw_string_vec4
    %concat/vec4; draw_string_vec4
    %store/vec4 v0x55aabcf2e490_0, 0, 80000;
    %vpi_func 6 83 "$fgets" 32, v0x55aabcf2e490_0, v0x55aabcf2dc20_0 {0 0 0};
    %store/vec4 v0x55aabcf2e610_0, 0, 32;
    %vpi_func 6 84 "$sscanf" 32, v0x55aabcf2e490_0, "PC = %h, x0 = %h, x1 = %h, x2 = %h, x3 = %h, x4 = %h, x5 = %h, x6 = %h, x7 = %h, x8 = %h, x9 = %h, x10 = %h, x11 = %h, x12 = %h, x13 = %h, x14 = %h, x15 = %h, x16 = %h, x17 = %h, x18 = %h, x19 = %h, x20 = %h, x21 = %h, x22 = %h, x23 = %h, x24 = %h, x25 = %h, x26 = %h, x27 = %h, x28 = %h, x29 = %h, x30 = %h, x31 = %h, Dmem[0] = %h, Dmem[1] = %h, Dmem[2] = %h, Dmem[3] = %h, Dmem[4] = %h, Dmem[5] = %h, Dmem[6] = %h, Dmem[7] = %h, Dmem[8] = %h, Dmem[9] = %h, Dmem[10] = %h, Dmem[11] = %h, Dmem[12] = %h, Dmem[13] = %h, Dmem[14] = %h, Dmem[15] = %h, Dmem[16] = %h, Dmem[17] = %h, Dmem[18] = %h, Dmem[19] = %h, Dmem[20] = %h, Dmem[21] = %h, Dmem[22] = %h, Dmem[23] = %h, Dmem[24] = %h, Dmem[25] = %h, Dmem[26] = %h, Dmem[27] = %h, Dmem[28] = %h, Dmem[29] = %h, Dmem[30] = %h, Dmem[31] = %h, Dmem[32] = %h, Dmem[33] = %h, Dmem[34] = %h, Dmem[35] = %h, Dmem[36] = %h, Dmem[37] = %h, Dmem[38] = %h, Dmem[39] = %h, Dmem[40] = %h, Dmem[41] = %h, Dmem[42] = %h, Dmem[43] = %h, Dmem[44] = %h, Dmem[45] = %h, Dmem[46] = %h, Dmem[47] = %h, Dmem[48] = %h, Dmem[49] = %h, Dmem[50] = %h, Dmem[51] = %h, Dmem[52] = %h, Dmem[53] = %h, Dmem[54] = %h, Dmem[55] = %h, Dmem[56] = %h, Dmem[57] = %h, Dmem[58] = %h, Dmem[59] = %h, Dmem[60] = %h, Dmem[61] = %h, Dmem[62] = %h, Dmem[63] = %h, Dmem[64] = %h, Dmem[65] = %h, Dmem[66] = %h, Dmem[67] = %h, Dmem[68] = %h, Dmem[69] = %h, Dmem[70] = %h, Dmem[71] = %h, Dmem[72] = %h, Dmem[73] = %h, Dmem[74] = %h, Dmem[75] = %h, Dmem[76] = %h, Dmem[77] = %h, Dmem[78] = %h, Dmem[79] = %h, Dmem[80] = %h, Dmem[81] = %h, Dmem[82] = %h, Dmem[83] = %h, Dmem[84] = %h, Dmem[85] = %h, Dmem[86] = %h, Dmem[87] = %h, Dmem[88] = %h, Dmem[89] = %h, Dmem[90] = %h, Dmem[91] = %h, Dmem[92] = %h, Dmem[93] = %h, Dmem[94] = %h, Dmem[95] = %h, Dmem[96] = %h, Dmem[97] = %h, Dmem[98] = %h, Dmem[99] = %h, Dmem[100] = %h, Dmem[101] = %h, Dmem[102] = %h, Dmem[103] = %h, Dmem[104] = %h, Dmem[105] = %h, Dmem[106] = %h, Dmem[107] = %h, Dmem[108] = %h, Dmem[109] = %h, Dmem[110] = %h, Dmem[111] = %h, Dmem[112] = %h, Dmem[113] = %h, Dmem[114] = %h, Dmem[115] = %h, Dmem[116] = %h, Dmem[117] = %h, Dmem[118] = %h, Dmem[119] = %h, Dmem[120] = %h, Dmem[121] = %h, Dmem[122] = %h, Dmem[123] = %h, Dmem[124] = %h, Dmem[125] = %h, Dmem[126] = %h, Dmem[127] = %h, Dmem[128] = %h, Dmem[129] = %h, Dmem[130] = %h, Dmem[131] = %h, Dmem[132] = %h, Dmem[133] = %h, Dmem[134] = %h, Dmem[135] = %h, Dmem[136] = %h, Dmem[137] = %h, Dmem[138] = %h, Dmem[139] = %h, Dmem[140] = %h, Dmem[141] = %h, Dmem[142] = %h, Dmem[143] = %h, Dmem[144] = %h, Dmem[145] = %h, Dmem[146] = %h, Dmem[147] = %h, Dmem[148] = %h, Dmem[149] = %h, Dmem[150] = %h, Dmem[151] = %h, Dmem[152] = %h, Dmem[153] = %h, Dmem[154] = %h, Dmem[155] = %h, Dmem[156] = %h, Dmem[157] = %h, Dmem[158] = %h, Dmem[159] = %h, Dmem[160] = %h, Dmem[161] = %h, Dmem[162] = %h, Dmem[163] = %h, Dmem[164] = %h, Dmem[165] = %h, Dmem[166] = %h, Dmem[167] = %h, Dmem[168] = %h, Dmem[169] = %h, Dmem[170] = %h, Dmem[171] = %h, Dmem[172] = %h, Dmem[173] = %h, Dmem[174] = %h, Dmem[175] = %h, Dmem[176] = %h, Dmem[177] = %h, Dmem[178] = %h, Dmem[179] = %h, Dmem[180] = %h, Dmem[181] = %h, Dmem[182] = %h, Dmem[183] = %h, Dmem[184] = %h, Dmem[185] = %h, Dmem[186] = %h, Dmem[187] = %h, Dmem[188] = %h, Dmem[189] = %h, Dmem[190] = %h, Dmem[191] = %h, Dmem[192] = %h, Dmem[193] = %h, Dmem[194] = %h, Dmem[195] = %h, Dmem[196] = %h, Dmem[197] = %h, Dmem[198] = %h, Dmem[199] = %h, Dmem[200] = %h, Dmem[201] = %h, Dmem[202] = %h, Dmem[203] = %h, Dmem[204] = %h, Dmem[205] = %h, Dmem[206] = %h, Dmem[207] = %h, Dmem[208] = %h, Dmem[209] = %h, Dmem[210] = %h, Dmem[211] = %h, Dmem[212] = %h, Dmem[213] = %h, Dmem[214] = %h, Dmem[215] = %h, Dmem[216] = %h, Dmem[217] = %h, Dmem[218] = %h, Dmem[219] = %h, Dmem[220] = %h, Dmem[221] = %h, Dmem[222] = %h, Dmem[223] = %h, Dmem[224] = %h, Dmem[225] = %h, Dmem[226] = %h, Dmem[227] = %h, Dmem[228] = %h, Dmem[229] = %h, Dmem[230] = %h, Dmem[231] = %h, Dmem[232] = %h, Dmem[233] = %h, Dmem[234] = %h, Dmem[235] = %h, Dmem[236] = %h, Dmem[237] = %h, Dmem[238] = %h, Dmem[239] = %h, Dmem[240] = %h, Dmem[241] = %h, Dmem[242] = %h, Dmem[243] = %h, Dmem[244] = %h, Dmem[245] = %h, Dmem[246] = %h, Dmem[247] = %h, Dmem[248] = %h, Dmem[249] = %h, Dmem[250] = %h, Dmem[251] = %h, Dmem[252] = %h, Dmem[253] = %h, Dmem[254] = %h, Dmem[255] = %h\012", v0x55aabcf2e070_0, &A<v0x55aabcf2e210, 0>, &A<v0x55aabcf2e210, 1>, &A<v0x55aabcf2e210, 2>, &A<v0x55aabcf2e210, 3>, &A<v0x55aabcf2e210, 4>, &A<v0x55aabcf2e210, 5>, &A<v0x55aabcf2e210, 6>, &A<v0x55aabcf2e210, 7>, &A<v0x55aabcf2e210, 8>, &A<v0x55aabcf2e210, 9>, &A<v0x55aabcf2e210, 10>, &A<v0x55aabcf2e210, 11>, &A<v0x55aabcf2e210, 12>, &A<v0x55aabcf2e210, 13>, &A<v0x55aabcf2e210, 14>, &A<v0x55aabcf2e210, 15>, &A<v0x55aabcf2e210, 16>, &A<v0x55aabcf2e210, 17>, &A<v0x55aabcf2e210, 18>, &A<v0x55aabcf2e210, 19>, &A<v0x55aabcf2e210, 20>, &A<v0x55aabcf2e210, 21>, &A<v0x55aabcf2e210, 22>, &A<v0x55aabcf2e210, 23>, &A<v0x55aabcf2e210, 24>, &A<v0x55aabcf2e210, 25>, &A<v0x55aabcf2e210, 26>, &A<v0x55aabcf2e210, 27>, &A<v0x55aabcf2e210, 28>, &A<v0x55aabcf2e210, 29>, &A<v0x55aabcf2e210, 30>, &A<v0x55aabcf2e210, 31>, &A<v0x55aabcf2def0, 0>, &A<v0x55aabcf2def0, 1>, &A<v0x55aabcf2def0, 2>, &A<v0x55aabcf2def0, 3>, &A<v0x55aabcf2def0, 4>, &A<v0x55aabcf2def0, 5>, &A<v0x55aabcf2def0, 6>, &A<v0x55aabcf2def0, 7>, &A<v0x55aabcf2def0, 8>, &A<v0x55aabcf2def0, 9>, &A<v0x55aabcf2def0, 10>, &A<v0x55aabcf2def0, 11>, &A<v0x55aabcf2def0, 12>, &A<v0x55aabcf2def0, 13>, &A<v0x55aabcf2def0, 14>, &A<v0x55aabcf2def0, 15>, &A<v0x55aabcf2def0, 16>, &A<v0x55aabcf2def0, 17>, &A<v0x55aabcf2def0, 18>, &A<v0x55aabcf2def0, 19>, &A<v0x55aabcf2def0, 20>, &A<v0x55aabcf2def0, 21>, &A<v0x55aabcf2def0, 22>, &A<v0x55aabcf2def0, 23>, &A<v0x55aabcf2def0, 24>, &A<v0x55aabcf2def0, 25>, &A<v0x55aabcf2def0, 26>, &A<v0x55aabcf2def0, 27>, &A<v0x55aabcf2def0, 28>, &A<v0x55aabcf2def0, 29>, &A<v0x55aabcf2def0, 30>, &A<v0x55aabcf2def0, 31>, &A<v0x55aabcf2def0, 32>, &A<v0x55aabcf2def0, 33>, &A<v0x55aabcf2def0, 34>, &A<v0x55aabcf2def0, 35>, &A<v0x55aabcf2def0, 36>, &A<v0x55aabcf2def0, 37>, &A<v0x55aabcf2def0, 38>, &A<v0x55aabcf2def0, 39>, &A<v0x55aabcf2def0, 40>, &A<v0x55aabcf2def0, 41>, &A<v0x55aabcf2def0, 42>, &A<v0x55aabcf2def0, 43>, &A<v0x55aabcf2def0, 44>, &A<v0x55aabcf2def0, 45>, &A<v0x55aabcf2def0, 46>, &A<v0x55aabcf2def0, 47>, &A<v0x55aabcf2def0, 48>, &A<v0x55aabcf2def0, 49>, &A<v0x55aabcf2def0, 50>, &A<v0x55aabcf2def0, 51>, &A<v0x55aabcf2def0, 52>, &A<v0x55aabcf2def0, 53>, &A<v0x55aabcf2def0, 54>, &A<v0x55aabcf2def0, 55>, &A<v0x55aabcf2def0, 56>, &A<v0x55aabcf2def0, 57>, &A<v0x55aabcf2def0, 58>, &A<v0x55aabcf2def0, 59>, &A<v0x55aabcf2def0, 60>, &A<v0x55aabcf2def0, 61>, &A<v0x55aabcf2def0, 62>, &A<v0x55aabcf2def0, 63>, &A<v0x55aabcf2def0, 64>, &A<v0x55aabcf2def0, 65>, &A<v0x55aabcf2def0, 66>, &A<v0x55aabcf2def0, 67>, &A<v0x55aabcf2def0, 68>, &A<v0x55aabcf2def0, 69>, &A<v0x55aabcf2def0, 70>, &A<v0x55aabcf2def0, 71>, &A<v0x55aabcf2def0, 72>, &A<v0x55aabcf2def0, 73>, &A<v0x55aabcf2def0, 74>, &A<v0x55aabcf2def0, 75>, &A<v0x55aabcf2def0, 76>, &A<v0x55aabcf2def0, 77>, &A<v0x55aabcf2def0, 78>, &A<v0x55aabcf2def0, 79>, &A<v0x55aabcf2def0, 80>, &A<v0x55aabcf2def0, 81>, &A<v0x55aabcf2def0, 82>, &A<v0x55aabcf2def0, 83>, &A<v0x55aabcf2def0, 84>, &A<v0x55aabcf2def0, 85>, &A<v0x55aabcf2def0, 86>, &A<v0x55aabcf2def0, 87>, &A<v0x55aabcf2def0, 88>, &A<v0x55aabcf2def0, 89>, &A<v0x55aabcf2def0, 90>, &A<v0x55aabcf2def0, 91>, &A<v0x55aabcf2def0, 92>, &A<v0x55aabcf2def0, 93>, &A<v0x55aabcf2def0, 94>, &A<v0x55aabcf2def0, 95>, &A<v0x55aabcf2def0, 96>, &A<v0x55aabcf2def0, 97>, &A<v0x55aabcf2def0, 98>, &A<v0x55aabcf2def0, 99>, &A<v0x55aabcf2def0, 100>, &A<v0x55aabcf2def0, 101>, &A<v0x55aabcf2def0, 102>, &A<v0x55aabcf2def0, 103>, &A<v0x55aabcf2def0, 104>, &A<v0x55aabcf2def0, 105>, &A<v0x55aabcf2def0, 106>, &A<v0x55aabcf2def0, 107>, &A<v0x55aabcf2def0, 108>, &A<v0x55aabcf2def0, 109>, &A<v0x55aabcf2def0, 110>, &A<v0x55aabcf2def0, 111>, &A<v0x55aabcf2def0, 112>, &A<v0x55aabcf2def0, 113>, &A<v0x55aabcf2def0, 114>, &A<v0x55aabcf2def0, 115>, &A<v0x55aabcf2def0, 116>, &A<v0x55aabcf2def0, 117>, &A<v0x55aabcf2def0, 118>, &A<v0x55aabcf2def0, 119>, &A<v0x55aabcf2def0, 120>, &A<v0x55aabcf2def0, 121>, &A<v0x55aabcf2def0, 122>, &A<v0x55aabcf2def0, 123>, &A<v0x55aabcf2def0, 124>, &A<v0x55aabcf2def0, 125>, &A<v0x55aabcf2def0, 126>, &A<v0x55aabcf2def0, 127>, &A<v0x55aabcf2def0, 128>, &A<v0x55aabcf2def0, 129>, &A<v0x55aabcf2def0, 130>, &A<v0x55aabcf2def0, 131>, &A<v0x55aabcf2def0, 132>, &A<v0x55aabcf2def0, 133>, &A<v0x55aabcf2def0, 134>, &A<v0x55aabcf2def0, 135>, &A<v0x55aabcf2def0, 136>, &A<v0x55aabcf2def0, 137>, &A<v0x55aabcf2def0, 138>, &A<v0x55aabcf2def0, 139>, &A<v0x55aabcf2def0, 140>, &A<v0x55aabcf2def0, 141>, &A<v0x55aabcf2def0, 142>, &A<v0x55aabcf2def0, 143>, &A<v0x55aabcf2def0, 144>, &A<v0x55aabcf2def0, 145>, &A<v0x55aabcf2def0, 146>, &A<v0x55aabcf2def0, 147>, &A<v0x55aabcf2def0, 148>, &A<v0x55aabcf2def0, 149>, &A<v0x55aabcf2def0, 150>, &A<v0x55aabcf2def0, 151>, &A<v0x55aabcf2def0, 152>, &A<v0x55aabcf2def0, 153>, &A<v0x55aabcf2def0, 154>, &A<v0x55aabcf2def0, 155>, &A<v0x55aabcf2def0, 156>, &A<v0x55aabcf2def0, 157>, &A<v0x55aabcf2def0, 158>, &A<v0x55aabcf2def0, 159>, &A<v0x55aabcf2def0, 160>, &A<v0x55aabcf2def0, 161>, &A<v0x55aabcf2def0, 162>, &A<v0x55aabcf2def0, 163>, &A<v0x55aabcf2def0, 164>, &A<v0x55aabcf2def0, 165>, &A<v0x55aabcf2def0, 166>, &A<v0x55aabcf2def0, 167>, &A<v0x55aabcf2def0, 168>, &A<v0x55aabcf2def0, 169>, &A<v0x55aabcf2def0, 170>, &A<v0x55aabcf2def0, 171>, &A<v0x55aabcf2def0, 172>, &A<v0x55aabcf2def0, 173>, &A<v0x55aabcf2def0, 174>, &A<v0x55aabcf2def0, 175>, &A<v0x55aabcf2def0, 176>, &A<v0x55aabcf2def0, 177>, &A<v0x55aabcf2def0, 178>, &A<v0x55aabcf2def0, 179>, &A<v0x55aabcf2def0, 180>, &A<v0x55aabcf2def0, 181>, &A<v0x55aabcf2def0, 182>, &A<v0x55aabcf2def0, 183>, &A<v0x55aabcf2def0, 184>, &A<v0x55aabcf2def0, 185>, &A<v0x55aabcf2def0, 186>, &A<v0x55aabcf2def0, 187>, &A<v0x55aabcf2def0, 188>, &A<v0x55aabcf2def0, 189>, &A<v0x55aabcf2def0, 190>, &A<v0x55aabcf2def0, 191>, &A<v0x55aabcf2def0, 192>, &A<v0x55aabcf2def0, 193>, &A<v0x55aabcf2def0, 194>, &A<v0x55aabcf2def0, 195>, &A<v0x55aabcf2def0, 196>, &A<v0x55aabcf2def0, 197>, &A<v0x55aabcf2def0, 198>, &A<v0x55aabcf2def0, 199>, &A<v0x55aabcf2def0, 200>, &A<v0x55aabcf2def0, 201>, &A<v0x55aabcf2def0, 202>, &A<v0x55aabcf2def0, 203>, &A<v0x55aabcf2def0, 204>, &A<v0x55aabcf2def0, 205>, &A<v0x55aabcf2def0, 206>, &A<v0x55aabcf2def0, 207>, &A<v0x55aabcf2def0, 208>, &A<v0x55aabcf2def0, 209>, &A<v0x55aabcf2def0, 210>, &A<v0x55aabcf2def0, 211>, &A<v0x55aabcf2def0, 212>, &A<v0x55aabcf2def0, 213>, &A<v0x55aabcf2def0, 214>, &A<v0x55aabcf2def0, 215>, &A<v0x55aabcf2def0, 216>, &A<v0x55aabcf2def0, 217>, &A<v0x55aabcf2def0, 218>, &A<v0x55aabcf2def0, 219>, &A<v0x55aabcf2def0, 220>, &A<v0x55aabcf2def0, 221>, &A<v0x55aabcf2def0, 222>, &A<v0x55aabcf2def0, 223>, &A<v0x55aabcf2def0, 224>, &A<v0x55aabcf2def0, 225>, &A<v0x55aabcf2def0, 226>, &A<v0x55aabcf2def0, 227>, &A<v0x55aabcf2def0, 228>, &A<v0x55aabcf2def0, 229>, &A<v0x55aabcf2def0, 230>, &A<v0x55aabcf2def0, 231>, &A<v0x55aabcf2def0, 232>, &A<v0x55aabcf2def0, 233>, &A<v0x55aabcf2def0, 234>, &A<v0x55aabcf2def0, 235>, &A<v0x55aabcf2def0, 236>, &A<v0x55aabcf2def0, 237>, &A<v0x55aabcf2def0, 238>, &A<v0x55aabcf2def0, 239>, &A<v0x55aabcf2def0, 240>, &A<v0x55aabcf2def0, 241>, &A<v0x55aabcf2def0, 242>, &A<v0x55aabcf2def0, 243>, &A<v0x55aabcf2def0, 244>, &A<v0x55aabcf2def0, 245>, &A<v0x55aabcf2def0, 246>, &A<v0x55aabcf2def0, 247>, &A<v0x55aabcf2def0, 248>, &A<v0x55aabcf2def0, 249>, &A<v0x55aabcf2def0, 250>, &A<v0x55aabcf2def0, 251>, &A<v0x55aabcf2def0, 252>, &A<v0x55aabcf2def0, 253>, &A<v0x55aabcf2def0, 254>, &A<v0x55aabcf2def0, 255> {0 0 0};
    %store/vec4 v0x55aabcf2da80_0, 0, 32;
    %load/vec4 v0x55aabcf2e2d0_0;
    %cmpi/s 112, 0, 32;
    %jmp/0xz  T_26.4, 5;
    %load/vec4 v0x55aabcf2e070_0;
    %ix/getv/s 4, v0x55aabcf2e2d0_0;
    %store/vec4a v0x55aabcf2dfb0, 4, 0;
    %fork t_7, S_0x55aabcdab1d0;
    %jmp t_6;
    .scope S_0x55aabcdab1d0;
t_7 ;
    %pushi/vec4 0, 0, 32;
    %store/vec4 v0x55aabce433b0_0, 0, 32;
T_26.6 ;
    %load/vec4 v0x55aabce433b0_0;
    %cmpi/s 32, 0, 32;
    %jmp/0xz T_26.7, 5;
    %ix/getv/s 4, v0x55aabce433b0_0;
    %load/vec4a v0x55aabcf2e210, 4;
    %load/vec4 v0x55aabce433b0_0;
    %pad/s 39;
    %pad/s 46;
    %muli 112, 0, 46;
    %pad/s 47;
    %load/vec4 v0x55aabcf2e2d0_0;
    %pad/s 47;
    %add;
    %ix/vec4/s 4;
    %store/vec4a v0x55aabcf2e150, 4, 0;
    ; show_stmt_assign_vector: Get l-value for compressed += operand
    %load/vec4 v0x55aabce433b0_0;
    %pushi/vec4 1, 0, 32;
    %add;
    %store/vec4 v0x55aabce433b0_0, 0, 32;
    %jmp T_26.6;
T_26.7 ;
    %end;
    .scope S_0x55aabcc97fc0;
t_6 %join;
    %fork t_9, S_0x55aabcdab550;
    %jmp t_8;
    .scope S_0x55aabcdab550;
t_9 ;
    %pushi/vec4 0, 0, 32;
    %store/vec4 v0x55aabce434e0_0, 0, 32;
T_26.8 ;
    %load/vec4 v0x55aabce434e0_0;
    %cmpi/s 256, 0, 32;
    %jmp/0xz T_26.9, 5;
    %ix/getv/s 4, v0x55aabce434e0_0;
    %load/vec4a v0x55aabcf2def0, 4;
    %load/vec4 v0x55aabce434e0_0;
    %pad/s 39;
    %pad/s 46;
    %muli 112, 0, 46;
    %pad/s 47;
    %load/vec4 v0x55aabcf2e2d0_0;
    %pad/s 47;
    %add;
    %ix/vec4/s 4;
    %store/vec4a v0x55aabcf2de30, 4, 0;
    ; show_stmt_assign_vector: Get l-value for compressed += operand
    %load/vec4 v0x55aabce434e0_0;
    %pushi/vec4 1, 0, 32;
    %add;
    %store/vec4 v0x55aabce434e0_0, 0, 32;
    %jmp T_26.8;
T_26.9 ;
    %end;
    .scope S_0x55aabcc97fc0;
t_8 %join;
    %load/vec4 v0x55aabcf2e2d0_0;
    %addi 1, 0, 32;
    %store/vec4 v0x55aabcf2e2d0_0, 0, 32;
T_26.4 ;
    %jmp T_26.2;
T_26.3 ;
    %vpi_call/w 6 158 "$fclose", v0x55aabcf2dc20_0 {0 0 0};
    %pushi/vec4 0, 0, 1;
    %store/vec4 v0x55aabcf2e570_0, 0, 1;
    %pushi/vec4 0, 0, 32;
    %store/vec4 v0x55aabcf2e3b0_0, 0, 32;
    %pushi/vec4 0, 0, 32;
    %store/vec4 v0x55aabcf2e6f0_0, 0, 32;
    %pushi/vec4 0, 0, 32;
    %store/vec4 v0x55aabcf2db60_0, 0, 32;
    %delay 20000, 0;
    %pushi/vec4 1, 0, 1;
    %store/vec4 v0x55aabcf2e570_0, 0, 1;
    %delay 200000, 0;
    %load/vec4 v0x55aabcf2db60_0;
    %cmpi/e 0, 0, 32;
    %jmp/0xz  T_26.10, 4;
    %vpi_call/w 6 188 "$display", "\360\237\216\211 All memory contents match golden output! All tests passed." {0 0 0};
    %jmp T_26.11;
T_26.10 ;
    %vpi_call/w 6 190 "$display", "\342\235\227 Found %0d mismatches in Data Memory.", v0x55aabcf2db60_0 {0 0 0};
T_26.11 ;
    %vpi_call/w 6 192 "$finish" {0 0 0};
    %end;
    .thread T_26;
# The file index is used to find the file name in the following table.
:file_names 26;
    "N/A";
    "<interactive>";
    "-";
    "Mux.v";
    "PC_Adder.v";
    "PC.v";
    "tb_RISCV_sc2.v";
    "Pipeline_Top.v";
    "Data_Memory.v";
    "Instruction_Memory.v";
    "Register_File.v";
    "decode.v";
    "Control_Unit_Top.v";
    "ALU_Decoder.v";
    "Main_Decoder.v";
    "Sign_Extend.v";
    "EX_MEM_reg.v";
    "execute.v";
    "ALU.v";
    "fetch.v";
    "Forwarding_Unit.v";
    "Hazard_Detection_Unit.v";
    "ID_EX_reg.v";
    "IF_ID_reg.v";
    "MEM_WB_reg.v";
    "writeback.v";
