#! /usr/bin/vvp
:ivl_version "11.0 (stable)";
:ivl_delay_selection "TYPICAL";
:vpi_time_precision - 12;
:vpi_module "/usr/lib/x86_64-linux-gnu/ivl/system.vpi";
:vpi_module "/usr/lib/x86_64-linux-gnu/ivl/vhdl_sys.vpi";
:vpi_module "/usr/lib/x86_64-linux-gnu/ivl/vhdl_textio.vpi";
:vpi_module "/usr/lib/x86_64-linux-gnu/ivl/v2005_math.vpi";
:vpi_module "/usr/lib/x86_64-linux-gnu/ivl/va_math.vpi";
S_0x600be79bb420 .scope module, "Mux" "Mux" 2 1;
 .timescale -9 -12;
    .port_info 0 /INPUT 32 "a";
    .port_info 1 /INPUT 32 "b";
    .port_info 2 /INPUT 1 "s";
    .port_info 3 /OUTPUT 32 "c";
o0x600be7bd5ad8 .functor BUFZ 1, C4<z>; HiZ drive
L_0x600be7adbde0 .functor NOT 1, o0x600be7bd5ad8, C4<0>, C4<0>, C4<0>;
v0x600be7adbfa0_0 .net *"_ivl_0", 0 0, L_0x600be7adbde0;  1 drivers
o0x600be7bd5a48 .functor BUFZ 32, C4<zzzzzzzzzzzzzzzzzzzzzzzzzzzzzzzz>; HiZ drive
v0x600be7adba90_0 .net "a", 31 0, o0x600be7bd5a48;  0 drivers
o0x600be7bd5a78 .functor BUFZ 32, C4<zzzzzzzzzzzzzzzzzzzzzzzzzzzzzzzz>; HiZ drive
v0x600be7ad0ae0_0 .net "b", 31 0, o0x600be7bd5a78;  0 drivers
v0x600be7b0b3b0_0 .net "c", 31 0, L_0x600be7c37e70;  1 drivers
v0x600be7b0b450_0 .net "s", 0 0, o0x600be7bd5ad8;  0 drivers
L_0x600be7c37e70 .functor MUXZ 32, o0x600be7bd5a78, o0x600be7bd5a48, L_0x600be7adbde0, C4<>;
S_0x600be7a994c0 .scope module, "Mux_3_by_1" "Mux_3_by_1" 2 11;
 .timescale -9 -12;
    .port_info 0 /INPUT 32 "a";
    .port_info 1 /INPUT 32 "b";
    .port_info 2 /INPUT 32 "c";
    .port_info 3 /INPUT 2 "s";
    .port_info 4 /OUTPUT 32 "d";
L_0x600be7c37f18 .functor BUFT 1, C4<00>, C4<0>, C4<0>, C4<0>;
v0x600be7a219f0_0 .net/2u *"_ivl_0", 1 0, L_0x600be7c37f18;  1 drivers
v0x600be7b2b4a0_0 .net *"_ivl_10", 0 0, L_0x600be7c80150;  1 drivers
L_0x600be7c37ff0 .functor BUFT 1, C4<00000000000000000000000000000000>, C4<0>, C4<0>, C4<0>;
v0x600be7a2ab80_0 .net/2u *"_ivl_12", 31 0, L_0x600be7c37ff0;  1 drivers
v0x600be7a2ac40_0 .net *"_ivl_14", 31 0, L_0x600be7c90250;  1 drivers
v0x600be7a2ad20_0 .net *"_ivl_16", 31 0, L_0x600be7c903c0;  1 drivers
v0x600be7a0ea60_0 .net *"_ivl_2", 0 0, L_0x600be7c7ff20;  1 drivers
L_0x600be7c37f60 .functor BUFT 1, C4<01>, C4<0>, C4<0>, C4<0>;
v0x600be7a0eb20_0 .net/2u *"_ivl_4", 1 0, L_0x600be7c37f60;  1 drivers
v0x600be7a0ec00_0 .net *"_ivl_6", 0 0, L_0x600be7c80010;  1 drivers
L_0x600be7c37fa8 .functor BUFT 1, C4<10>, C4<0>, C4<0>, C4<0>;
v0x600be7a0ecc0_0 .net/2u *"_ivl_8", 1 0, L_0x600be7c37fa8;  1 drivers
o0x600be7bd5d78 .functor BUFZ 32, C4<zzzzzzzzzzzzzzzzzzzzzzzzzzzzzzzz>; HiZ drive
v0x600be7a0eda0_0 .net "a", 31 0, o0x600be7bd5d78;  0 drivers
o0x600be7bd5da8 .functor BUFZ 32, C4<zzzzzzzzzzzzzzzzzzzzzzzzzzzzzzzz>; HiZ drive
v0x600be7a09b20_0 .net "b", 31 0, o0x600be7bd5da8;  0 drivers
o0x600be7bd5dd8 .functor BUFZ 32, C4<zzzzzzzzzzzzzzzzzzzzzzzzzzzzzzzz>; HiZ drive
v0x600be7a09c00_0 .net "c", 31 0, o0x600be7bd5dd8;  0 drivers
v0x600be7a09ce0_0 .net "d", 31 0, L_0x600be7c90500;  1 drivers
o0x600be7bd5e38 .functor BUFZ 2, C4<zz>; HiZ drive
v0x600be7a09dc0_0 .net "s", 1 0, o0x600be7bd5e38;  0 drivers
L_0x600be7c7ff20 .cmp/eq 2, o0x600be7bd5e38, L_0x600be7c37f18;
L_0x600be7c80010 .cmp/eq 2, o0x600be7bd5e38, L_0x600be7c37f60;
L_0x600be7c80150 .cmp/eq 2, o0x600be7bd5e38, L_0x600be7c37fa8;
L_0x600be7c90250 .functor MUXZ 32, L_0x600be7c37ff0, o0x600be7bd5dd8, L_0x600be7c80150, C4<>;
L_0x600be7c903c0 .functor MUXZ 32, L_0x600be7c90250, o0x600be7bd5da8, L_0x600be7c80010, C4<>;
L_0x600be7c90500 .functor MUXZ 32, L_0x600be7c903c0, o0x600be7bd5d78, L_0x600be7c7ff20, C4<>;
S_0x600be7b2d0d0 .scope module, "PC_Adder" "PC_Adder" 3 1;
 .timescale -9 -12;
    .port_info 0 /INPUT 32 "a";
    .port_info 1 /INPUT 32 "b";
    .port_info 2 /OUTPUT 32 "c";
o0x600be7bd5f58 .functor BUFZ 32, C4<zzzzzzzzzzzzzzzzzzzzzzzzzzzzzzzz>; HiZ drive
v0x600be7a09f40_0 .net "a", 31 0, o0x600be7bd5f58;  0 drivers
o0x600be7bd5f88 .functor BUFZ 32, C4<zzzzzzzzzzzzzzzzzzzzzzzzzzzzzzzz>; HiZ drive
v0x600be7a65380_0 .net "b", 31 0, o0x600be7bd5f88;  0 drivers
v0x600be7a65480_0 .net "c", 31 0, L_0x600be7c90680;  1 drivers
L_0x600be7c90680 .arith/sum 32, o0x600be7bd5f58, o0x600be7bd5f88;
S_0x600be7a76570 .scope module, "tb_RISCV_sc2" "tb_RISCV_sc2" 4 3;
 .timescale -9 -12;
P_0x600be7a2c920 .param/l "NUMBER_OF_CYCLES" 1 4 5, +C4<00000000000000000000000001110000>;
v0x600be7c36e80_0 .var "clk", 0 0;
v0x600be7c36f40_0 .var/i "dummy", 31 0;
v0x600be7c37020_0 .var/i "err_count", 31 0;
v0x600be7c370e0_0 .var/i "fd", 31 0;
v0x600be7c371c0_0 .var/i "flag", 31 0;
v0x600be7c372f0 .array "golden_dmem", 28671 0, 31 0;
v0x600be7c373b0 .array "golden_dmem_temp", 255 0, 31 0;
v0x600be7c37470 .array "golden_pc", 111 0, 31 0;
v0x600be7c37530_0 .var "golden_pc_temp", 31 0;
v0x600be7c37610 .array "golden_x", 3583 0, 31 0;
v0x600be7c376d0 .array "golden_x_temp", 31 0, 31 0;
v0x600be7c37790_0 .var/i "i", 31 0;
v0x600be7c37870_0 .var/i "inst_cnt", 31 0;
v0x600be7c37950_0 .var/i "j", 31 0;
v0x600be7c37a30_0 .var/i "k", 31 0;
v0x600be7c37b10_0 .var "line", 79999 0;
v0x600be7c37bf0_0 .var "rst_n", 0 0;
v0x600be7c37c90_0 .var/i "status", 31 0;
v0x600be7c37d70_0 .var/i "timeout_cnt", 31 0;
S_0x600be7a867a0 .scope module, "dut" "RISCV_Single_Cycle" 4 30, 5 1 0, S_0x600be7a76570;
 .timescale -9 -12;
    .port_info 0 /INPUT 1 "clk";
    .port_info 1 /INPUT 1 "rst_n";
    .port_info 2 /OUTPUT 32 "PC_out_top";
    .port_info 3 /OUTPUT 32 "InstrF";
    .port_info 4 /OUTPUT 32 "DataMem0";
    .port_info 5 /OUTPUT 32 "DataMem1";
    .port_info 6 /OUTPUT 32 "DataMem2";
    .port_info 7 /OUTPUT 32 "Reg_inst_registers_0";
    .port_info 8 /OUTPUT 32 "Reg_inst_registers_1";
    .port_info 9 /OUTPUT 32 "Reg_inst_registers_2";
    .port_info 10 /OUTPUT 32 "Reg_inst_registers_3";
    .port_info 11 /OUTPUT 32 "Reg_inst_registers_4";
    .port_info 12 /OUTPUT 32 "Reg_inst_registers_5";
    .port_info 13 /OUTPUT 32 "Reg_inst_registers_6";
    .port_info 14 /OUTPUT 32 "Reg_inst_registers_7";
    .port_info 15 /OUTPUT 32 "Reg_inst_registers_8";
    .port_info 16 /OUTPUT 32 "Reg_inst_registers_9";
    .port_info 17 /OUTPUT 32 "Reg_inst_registers_10";
    .port_info 18 /OUTPUT 32 "Reg_inst_registers_11";
    .port_info 19 /OUTPUT 32 "Reg_inst_registers_12";
    .port_info 20 /OUTPUT 32 "Reg_inst_registers_13";
    .port_info 21 /OUTPUT 32 "Reg_inst_registers_14";
    .port_info 22 /OUTPUT 32 "Reg_inst_registers_15";
    .port_info 23 /OUTPUT 32 "Reg_inst_registers_16";
    .port_info 24 /OUTPUT 32 "Reg_inst_registers_17";
    .port_info 25 /OUTPUT 32 "Reg_inst_registers_18";
    .port_info 26 /OUTPUT 32 "Reg_inst_registers_19";
    .port_info 27 /OUTPUT 32 "Reg_inst_registers_20";
    .port_info 28 /OUTPUT 32 "Reg_inst_registers_21";
    .port_info 29 /OUTPUT 32 "Reg_inst_registers_22";
    .port_info 30 /OUTPUT 32 "Reg_inst_registers_23";
    .port_info 31 /OUTPUT 32 "Reg_inst_registers_24";
    .port_info 32 /OUTPUT 32 "Reg_inst_registers_25";
    .port_info 33 /OUTPUT 32 "Reg_inst_registers_26";
    .port_info 34 /OUTPUT 32 "Reg_inst_registers_27";
    .port_info 35 /OUTPUT 32 "Reg_inst_registers_28";
    .port_info 36 /OUTPUT 32 "Reg_inst_registers_29";
    .port_info 37 /OUTPUT 32 "Reg_inst_registers_30";
    .port_info 38 /OUTPUT 32 "Reg_inst_registers_31";
    .port_info 39 /OUTPUT 32 "DMEM_inst_memory_0";
    .port_info 40 /OUTPUT 32 "DMEM_inst_memory_1";
    .port_info 41 /OUTPUT 32 "DMEM_inst_memory_2";
    .port_info 42 /OUTPUT 32 "DMEM_inst_memory_3";
    .port_info 43 /OUTPUT 32 "IMEM_inst_memory_0";
    .port_info 44 /OUTPUT 32 "IMEM_inst_memory_1";
    .port_info 45 /OUTPUT 32 "IMEM_inst_memory_2";
    .port_info 46 /OUTPUT 32 "IMEM_inst_memory_3";
    .port_info 47 /OUTPUT 32 "Instruction_out_top";
L_0x600be7b0b290 .functor BUFZ 1, L_0x600be7c97c90, C4<0>, C4<0>, C4<0>;
v0x600be7c0e730_0 .array/port v0x600be7c0e730, 0;
L_0x600be7ba6c80 .functor BUFZ 32, v0x600be7c0e730_0, C4<00000000000000000000000000000000>, C4<00000000000000000000000000000000>, C4<00000000000000000000000000000000>;
v0x600be7c0e730_1 .array/port v0x600be7c0e730, 1;
L_0x600be7bd2a60 .functor BUFZ 32, v0x600be7c0e730_1, C4<00000000000000000000000000000000>, C4<00000000000000000000000000000000>, C4<00000000000000000000000000000000>;
v0x600be7c0e730_2 .array/port v0x600be7c0e730, 2;
L_0x600be7c90a60 .functor BUFZ 32, v0x600be7c0e730_2, C4<00000000000000000000000000000000>, C4<00000000000000000000000000000000>, C4<00000000000000000000000000000000>;
v0x600be7c0e730_3 .array/port v0x600be7c0e730, 3;
L_0x600be7c90b60 .functor BUFZ 32, v0x600be7c0e730_3, C4<00000000000000000000000000000000>, C4<00000000000000000000000000000000>, C4<00000000000000000000000000000000>;
v0x600be7a6ac30_0 .array/port v0x600be7a6ac30, 0;
L_0x600be7c90c30 .functor BUFZ 32, v0x600be7a6ac30_0, C4<00000000000000000000000000000000>, C4<00000000000000000000000000000000>, C4<00000000000000000000000000000000>;
v0x600be7a6ac30_1 .array/port v0x600be7a6ac30, 1;
L_0x600be7c90d40 .functor BUFZ 32, v0x600be7a6ac30_1, C4<00000000000000000000000000000000>, C4<00000000000000000000000000000000>, C4<00000000000000000000000000000000>;
v0x600be7a6ac30_2 .array/port v0x600be7a6ac30, 2;
L_0x600be7c90db0 .functor BUFZ 32, v0x600be7a6ac30_2, C4<00000000000000000000000000000000>, C4<00000000000000000000000000000000>, C4<00000000000000000000000000000000>;
v0x600be7a6ac30_3 .array/port v0x600be7a6ac30, 3;
L_0x600be7c90ed0 .functor BUFZ 32, v0x600be7a6ac30_3, C4<00000000000000000000000000000000>, C4<00000000000000000000000000000000>, C4<00000000000000000000000000000000>;
L_0x600be7c983a0 .functor BUFZ 1, v0x600be7c210a0_0, C4<0>, C4<0>, C4<0>;
L_0x600be7c98470 .functor BUFZ 2, v0x600be7c21240_0, C4<00>, C4<00>, C4<00>;
L_0x600be7c984e0 .functor BUFZ 32, v0x600be7c20a60_0, C4<00000000000000000000000000000000>, C4<00000000000000000000000000000000>, C4<00000000000000000000000000000000>;
L_0x600be7c986a0 .functor BUFZ 5, v0x600be7c21650_0, C4<00000>, C4<00000>, C4<00000>;
L_0x600be7c98710 .functor BUFZ 32, v0x600be7c20f00_0, C4<00000000000000000000000000000000>, C4<00000000000000000000000000000000>, C4<00000000000000000000000000000000>;
L_0x600be7c99a40 .functor BUFZ 32, L_0x600be7c91070, C4<00000000000000000000000000000000>, C4<00000000000000000000000000000000>, C4<00000000000000000000000000000000>;
L_0x600be7c99ab0 .functor BUFZ 32, L_0x600be79e1190, C4<00000000000000000000000000000000>, C4<00000000000000000000000000000000>, C4<00000000000000000000000000000000>;
L_0x600be7c99bb0 .functor BUFZ 32, v0x600be7a6ac30_0, C4<00000000000000000000000000000000>, C4<00000000000000000000000000000000>, C4<00000000000000000000000000000000>;
L_0x600be7c99c70 .functor BUFZ 32, v0x600be7a6ac30_1, C4<00000000000000000000000000000000>, C4<00000000000000000000000000000000>, C4<00000000000000000000000000000000>;
L_0x600be7c99dd0 .functor BUFZ 32, v0x600be7a6ac30_2, C4<00000000000000000000000000000000>, C4<00000000000000000000000000000000>, C4<00000000000000000000000000000000>;
v0x600be7c19c00_0 .array/port v0x600be7c19c00, 0;
L_0x600be7c99e90 .functor BUFZ 32, v0x600be7c19c00_0, C4<00000000000000000000000000000000>, C4<00000000000000000000000000000000>, C4<00000000000000000000000000000000>;
v0x600be7c19c00_1 .array/port v0x600be7c19c00, 1;
L_0x600be7c99fb0 .functor BUFZ 32, v0x600be7c19c00_1, C4<00000000000000000000000000000000>, C4<00000000000000000000000000000000>, C4<00000000000000000000000000000000>;
v0x600be7c19c00_2 .array/port v0x600be7c19c00, 2;
L_0x600be7c9a020 .functor BUFZ 32, v0x600be7c19c00_2, C4<00000000000000000000000000000000>, C4<00000000000000000000000000000000>, C4<00000000000000000000000000000000>;
v0x600be7c19c00_3 .array/port v0x600be7c19c00, 3;
L_0x600be7c9a150 .functor BUFZ 32, v0x600be7c19c00_3, C4<00000000000000000000000000000000>, C4<00000000000000000000000000000000>, C4<00000000000000000000000000000000>;
v0x600be7c19c00_4 .array/port v0x600be7c19c00, 4;
L_0x600be7c9a1c0 .functor BUFZ 32, v0x600be7c19c00_4, C4<00000000000000000000000000000000>, C4<00000000000000000000000000000000>, C4<00000000000000000000000000000000>;
v0x600be7c19c00_5 .array/port v0x600be7c19c00, 5;
L_0x600be7c9a300 .functor BUFZ 32, v0x600be7c19c00_5, C4<00000000000000000000000000000000>, C4<00000000000000000000000000000000>, C4<00000000000000000000000000000000>;
v0x600be7c19c00_6 .array/port v0x600be7c19c00, 6;
L_0x600be7c9a370 .functor BUFZ 32, v0x600be7c19c00_6, C4<00000000000000000000000000000000>, C4<00000000000000000000000000000000>, C4<00000000000000000000000000000000>;
v0x600be7c19c00_7 .array/port v0x600be7c19c00, 7;
L_0x600be7c9a4c0 .functor BUFZ 32, v0x600be7c19c00_7, C4<00000000000000000000000000000000>, C4<00000000000000000000000000000000>, C4<00000000000000000000000000000000>;
v0x600be7c19c00_8 .array/port v0x600be7c19c00, 8;
L_0x600be7c9a530 .functor BUFZ 32, v0x600be7c19c00_8, C4<00000000000000000000000000000000>, C4<00000000000000000000000000000000>, C4<00000000000000000000000000000000>;
v0x600be7c19c00_9 .array/port v0x600be7c19c00, 9;
L_0x600be7c9a6f0 .functor BUFZ 32, v0x600be7c19c00_9, C4<00000000000000000000000000000000>, C4<00000000000000000000000000000000>, C4<00000000000000000000000000000000>;
v0x600be7c19c00_10 .array/port v0x600be7c19c00, 10;
L_0x600be7c9a7c0 .functor BUFZ 32, v0x600be7c19c00_10, C4<00000000000000000000000000000000>, C4<00000000000000000000000000000000>, C4<00000000000000000000000000000000>;
v0x600be7c19c00_11 .array/port v0x600be7c19c00, 11;
L_0x600be7c9a990 .functor BUFZ 32, v0x600be7c19c00_11, C4<00000000000000000000000000000000>, C4<00000000000000000000000000000000>, C4<00000000000000000000000000000000>;
v0x600be7c19c00_12 .array/port v0x600be7c19c00, 12;
L_0x600be7c9aa60 .functor BUFZ 32, v0x600be7c19c00_12, C4<00000000000000000000000000000000>, C4<00000000000000000000000000000000>, C4<00000000000000000000000000000000>;
v0x600be7c19c00_13 .array/port v0x600be7c19c00, 13;
L_0x600be7c9ac40 .functor BUFZ 32, v0x600be7c19c00_13, C4<00000000000000000000000000000000>, C4<00000000000000000000000000000000>, C4<00000000000000000000000000000000>;
v0x600be7c19c00_14 .array/port v0x600be7c19c00, 14;
L_0x600be7c9ad10 .functor BUFZ 32, v0x600be7c19c00_14, C4<00000000000000000000000000000000>, C4<00000000000000000000000000000000>, C4<00000000000000000000000000000000>;
v0x600be7c19c00_15 .array/port v0x600be7c19c00, 15;
L_0x600be7c9af00 .functor BUFZ 32, v0x600be7c19c00_15, C4<00000000000000000000000000000000>, C4<00000000000000000000000000000000>, C4<00000000000000000000000000000000>;
v0x600be7c19c00_16 .array/port v0x600be7c19c00, 16;
L_0x600be7c9afd0 .functor BUFZ 32, v0x600be7c19c00_16, C4<00000000000000000000000000000000>, C4<00000000000000000000000000000000>, C4<00000000000000000000000000000000>;
v0x600be7c19c00_17 .array/port v0x600be7c19c00, 17;
L_0x600be7c9ade0 .functor BUFZ 32, v0x600be7c19c00_17, C4<00000000000000000000000000000000>, C4<00000000000000000000000000000000>, C4<00000000000000000000000000000000>;
v0x600be7c19c00_18 .array/port v0x600be7c19c00, 18;
L_0x600be7c9b1d0 .functor BUFZ 32, v0x600be7c19c00_18, C4<00000000000000000000000000000000>, C4<00000000000000000000000000000000>, C4<00000000000000000000000000000000>;
v0x600be7c19c00_19 .array/port v0x600be7c19c00, 19;
L_0x600be7c9b3b0 .functor BUFZ 32, v0x600be7c19c00_19, C4<00000000000000000000000000000000>, C4<00000000000000000000000000000000>, C4<00000000000000000000000000000000>;
v0x600be7c19c00_20 .array/port v0x600be7c19c00, 20;
L_0x600be7c9b480 .functor BUFZ 32, v0x600be7c19c00_20, C4<00000000000000000000000000000000>, C4<00000000000000000000000000000000>, C4<00000000000000000000000000000000>;
v0x600be7c19c00_21 .array/port v0x600be7c19c00, 21;
L_0x600be7c9b6a0 .functor BUFZ 32, v0x600be7c19c00_21, C4<00000000000000000000000000000000>, C4<00000000000000000000000000000000>, C4<00000000000000000000000000000000>;
v0x600be7c19c00_22 .array/port v0x600be7c19c00, 22;
L_0x600be7c9b770 .functor BUFZ 32, v0x600be7c19c00_22, C4<00000000000000000000000000000000>, C4<00000000000000000000000000000000>, C4<00000000000000000000000000000000>;
v0x600be7c19c00_23 .array/port v0x600be7c19c00, 23;
L_0x600be7c9b9a0 .functor BUFZ 32, v0x600be7c19c00_23, C4<00000000000000000000000000000000>, C4<00000000000000000000000000000000>, C4<00000000000000000000000000000000>;
v0x600be7c19c00_24 .array/port v0x600be7c19c00, 24;
L_0x600be7c9ba70 .functor BUFZ 32, v0x600be7c19c00_24, C4<00000000000000000000000000000000>, C4<00000000000000000000000000000000>, C4<00000000000000000000000000000000>;
v0x600be7c19c00_25 .array/port v0x600be7c19c00, 25;
L_0x600be7c9bcb0 .functor BUFZ 32, v0x600be7c19c00_25, C4<00000000000000000000000000000000>, C4<00000000000000000000000000000000>, C4<00000000000000000000000000000000>;
v0x600be7c19c00_26 .array/port v0x600be7c19c00, 26;
L_0x600be7c9bd80 .functor BUFZ 32, v0x600be7c19c00_26, C4<00000000000000000000000000000000>, C4<00000000000000000000000000000000>, C4<00000000000000000000000000000000>;
v0x600be7c19c00_27 .array/port v0x600be7c19c00, 27;
L_0x600be7c9bfd0 .functor BUFZ 32, v0x600be7c19c00_27, C4<00000000000000000000000000000000>, C4<00000000000000000000000000000000>, C4<00000000000000000000000000000000>;
v0x600be7c19c00_28 .array/port v0x600be7c19c00, 28;
L_0x600be7c9c0a0 .functor BUFZ 32, v0x600be7c19c00_28, C4<00000000000000000000000000000000>, C4<00000000000000000000000000000000>, C4<00000000000000000000000000000000>;
v0x600be7c19c00_29 .array/port v0x600be7c19c00, 29;
L_0x600be7c9c300 .functor BUFZ 32, v0x600be7c19c00_29, C4<00000000000000000000000000000000>, C4<00000000000000000000000000000000>, C4<00000000000000000000000000000000>;
v0x600be7c19c00_30 .array/port v0x600be7c19c00, 30;
L_0x600be7c9c3d0 .functor BUFZ 32, v0x600be7c19c00_30, C4<00000000000000000000000000000000>, C4<00000000000000000000000000000000>, C4<00000000000000000000000000000000>;
v0x600be7c19c00_31 .array/port v0x600be7c19c00, 31;
L_0x600be7c9c640 .functor BUFZ 32, v0x600be7c19c00_31, C4<00000000000000000000000000000000>, C4<00000000000000000000000000000000>, C4<00000000000000000000000000000000>;
v0x600be7c2e810_0 .net "DMEM_inst_memory_0", 31 0, L_0x600be7c90c30;  1 drivers
v0x600be7c2e910_0 .net "DMEM_inst_memory_1", 31 0, L_0x600be7c90d40;  1 drivers
v0x600be7c2e9f0_0 .net "DMEM_inst_memory_2", 31 0, L_0x600be7c90db0;  1 drivers
v0x600be7c2eab0_0 .net "DMEM_inst_memory_3", 31 0, L_0x600be7c90ed0;  1 drivers
v0x600be7c2eb90_0 .net "DataMem0", 31 0, L_0x600be7c99bb0;  1 drivers
v0x600be7c2ecc0_0 .net "DataMem1", 31 0, L_0x600be7c99c70;  1 drivers
v0x600be7c2eda0_0 .net "DataMem2", 31 0, L_0x600be7c99dd0;  1 drivers
v0x600be7c2ee80_0 .net "IMEM_inst_memory_0", 31 0, L_0x600be7ba6c80;  1 drivers
v0x600be7c2ef60_0 .net "IMEM_inst_memory_1", 31 0, L_0x600be7bd2a60;  1 drivers
v0x600be7c2f040_0 .net "IMEM_inst_memory_2", 31 0, L_0x600be7c90a60;  1 drivers
v0x600be7c2f120_0 .net "IMEM_inst_memory_3", 31 0, L_0x600be7c90b60;  1 drivers
o0x600be7bf3b68 .functor BUFZ 32, C4<zzzzzzzzzzzzzzzzzzzzzzzzzzzzzzzz>; HiZ drive
v0x600be7c2f200_0 .net "InstrF", 31 0, o0x600be7bf3b68;  0 drivers
v0x600be7c2f2e0_0 .net "Instruction_out_top", 31 0, L_0x600be7c99ab0;  1 drivers
v0x600be7c2f3c0_0 .net "PC_out_top", 31 0, L_0x600be7c99a40;  1 drivers
v0x600be7c2f4a0_0 .net "Reg_inst_registers_0", 31 0, L_0x600be7c99e90;  1 drivers
v0x600be7c2f580_0 .net "Reg_inst_registers_1", 31 0, L_0x600be7c99fb0;  1 drivers
v0x600be7c2f660_0 .net "Reg_inst_registers_10", 31 0, L_0x600be7c9a7c0;  1 drivers
v0x600be7c2f850_0 .net "Reg_inst_registers_11", 31 0, L_0x600be7c9a990;  1 drivers
v0x600be7c2f930_0 .net "Reg_inst_registers_12", 31 0, L_0x600be7c9aa60;  1 drivers
v0x600be7c2fa10_0 .net "Reg_inst_registers_13", 31 0, L_0x600be7c9ac40;  1 drivers
v0x600be7c2faf0_0 .net "Reg_inst_registers_14", 31 0, L_0x600be7c9ad10;  1 drivers
v0x600be7c2fbd0_0 .net "Reg_inst_registers_15", 31 0, L_0x600be7c9af00;  1 drivers
v0x600be7c2fcb0_0 .net "Reg_inst_registers_16", 31 0, L_0x600be7c9afd0;  1 drivers
v0x600be7c2fd90_0 .net "Reg_inst_registers_17", 31 0, L_0x600be7c9ade0;  1 drivers
v0x600be7c2fe70_0 .net "Reg_inst_registers_18", 31 0, L_0x600be7c9b1d0;  1 drivers
v0x600be7c2ff50_0 .net "Reg_inst_registers_19", 31 0, L_0x600be7c9b3b0;  1 drivers
v0x600be7c30030_0 .net "Reg_inst_registers_2", 31 0, L_0x600be7c9a020;  1 drivers
v0x600be7c30110_0 .net "Reg_inst_registers_20", 31 0, L_0x600be7c9b480;  1 drivers
v0x600be7c301f0_0 .net "Reg_inst_registers_21", 31 0, L_0x600be7c9b6a0;  1 drivers
v0x600be7c302d0_0 .net "Reg_inst_registers_22", 31 0, L_0x600be7c9b770;  1 drivers
v0x600be7c303b0_0 .net "Reg_inst_registers_23", 31 0, L_0x600be7c9b9a0;  1 drivers
v0x600be7c30490_0 .net "Reg_inst_registers_24", 31 0, L_0x600be7c9ba70;  1 drivers
v0x600be7c30570_0 .net "Reg_inst_registers_25", 31 0, L_0x600be7c9bcb0;  1 drivers
v0x600be7c30860_0 .net "Reg_inst_registers_26", 31 0, L_0x600be7c9bd80;  1 drivers
v0x600be7c30940_0 .net "Reg_inst_registers_27", 31 0, L_0x600be7c9bfd0;  1 drivers
v0x600be7c30a20_0 .net "Reg_inst_registers_28", 31 0, L_0x600be7c9c0a0;  1 drivers
v0x600be7c30b00_0 .net "Reg_inst_registers_29", 31 0, L_0x600be7c9c300;  1 drivers
v0x600be7c30be0_0 .net "Reg_inst_registers_3", 31 0, L_0x600be7c9a150;  1 drivers
v0x600be7c30cc0_0 .net "Reg_inst_registers_30", 31 0, L_0x600be7c9c3d0;  1 drivers
v0x600be7c30da0_0 .net "Reg_inst_registers_31", 31 0, L_0x600be7c9c640;  1 drivers
v0x600be7c30e80_0 .net "Reg_inst_registers_4", 31 0, L_0x600be7c9a1c0;  1 drivers
v0x600be7c30f60_0 .net "Reg_inst_registers_5", 31 0, L_0x600be7c9a300;  1 drivers
v0x600be7c31040_0 .net "Reg_inst_registers_6", 31 0, L_0x600be7c9a370;  1 drivers
v0x600be7c31120_0 .net "Reg_inst_registers_7", 31 0, L_0x600be7c9a4c0;  1 drivers
v0x600be7c31200_0 .net "Reg_inst_registers_8", 31 0, L_0x600be7c9a530;  1 drivers
v0x600be7c312e0_0 .net "Reg_inst_registers_9", 31 0, L_0x600be7c9a6f0;  1 drivers
L_0x600be7c380c8 .functor BUFT 1, C4<1>, C4<0>, C4<0>, C4<0>;
v0x600be7c313c0_0 .net/2u *"_ivl_26", 0 0, L_0x600be7c380c8;  1 drivers
L_0x600be7c38110 .functor BUFT 1, C4<00000000000000000000000010000000>, C4<0>, C4<0>, C4<0>;
v0x600be7c314a0_0 .net/2u *"_ivl_30", 31 0, L_0x600be7c38110;  1 drivers
v0x600be7c31580_0 .net "branch_feedback_pc", 31 0, L_0x600be7c981f0;  1 drivers
v0x600be7c31640_0 .net "branch_feedback_taken", 0 0, L_0x600be7c982f0;  1 drivers
v0x600be7c316e0_0 .net "branch_feedback_valid", 0 0, L_0x600be7c97fc0;  1 drivers
v0x600be7c317d0_0 .net "branch_flush", 0 0, L_0x600be7b0b290;  1 drivers
v0x600be7c31870_0 .net "clk", 0 0, v0x600be7c36e80_0;  1 drivers
v0x600be7c31910_0 .net "ex_alu_result", 31 0, v0x600be7c248d0_0;  1 drivers
v0x600be7c31a00_0 .net "ex_mem_alu_result", 31 0, v0x600be7c20a60_0;  1 drivers
v0x600be7c31ac0_0 .net "ex_mem_mem_op", 1 0, v0x600be7c20bc0_0;  1 drivers
v0x600be7c31bd0_0 .net "ex_mem_mem_write", 0 0, v0x600be7c20da0_0;  1 drivers
v0x600be7c31cc0_0 .net "ex_mem_op", 1 0, v0x600be7c23960_0;  1 drivers
v0x600be7c31dd0_0 .net "ex_mem_pc_plus4", 31 0, v0x600be7c20f00_0;  1 drivers
v0x600be7c31e90_0 .net "ex_mem_rd", 4 0, v0x600be7c21650_0;  1 drivers
v0x600be7c31f80_0 .net "ex_mem_reg_write", 0 0, v0x600be7c210a0_0;  1 drivers
v0x600be7c32070_0 .net "ex_mem_result_src", 1 0, v0x600be7c21240_0;  1 drivers
v0x600be7c32130_0 .net "ex_mem_write", 0 0, v0x600be7c23ac0_0;  1 drivers
v0x600be7c32220_0 .net "ex_mem_write_data", 31 0, v0x600be7c21400_0;  1 drivers
v0x600be7c32310_0 .net "ex_pc_plus4", 31 0, v0x600be7c23c50_0;  1 drivers
v0x600be7c32420_0 .net "ex_pc_src", 0 0, L_0x600be7c97c90;  1 drivers
v0x600be7c324c0_0 .net "ex_pc_target", 31 0, L_0x600be7c980c0;  1 drivers
v0x600be7c32560_0 .net "ex_rd", 4 0, v0x600be7c25250_0;  1 drivers
v0x600be7c32650_0 .net "ex_reg_write", 0 0, v0x600be7c24190_0;  1 drivers
v0x600be7c32740_0 .net "ex_result_src", 1 0, v0x600be7c24320_0;  1 drivers
v0x600be7c32850_0 .net "ex_write_data", 31 0, L_0x600be7c97100;  1 drivers
v0x600be7c32960_0 .net "exception", 0 0, L_0x600be7c96c50;  1 drivers
o0x600be7bf1d08 .functor BUFZ 1, C4<z>; HiZ drive
v0x600be7c32a00_0 .net "fetch_branch_predict", 0 0, o0x600be7bf1d08;  0 drivers
v0x600be7c32aa0_0 .net "forward_a_ex", 1 0, v0x600be7c27290_0;  1 drivers
v0x600be7c32b90_0 .net "forward_b_ex", 1 0, v0x600be7c27390_0;  1 drivers
v0x600be7c32c80_0 .net "id_alu_control", 3 0, v0x600be7c1a590_0;  1 drivers
v0x600be7c32d40_0 .net "id_alu_src", 0 0, v0x600be7c1af40_0;  1 drivers
v0x600be7c32de0_0 .net "id_branch", 0 0, v0x600be7c1afe0_0;  1 drivers
v0x600be7c32e80_0 .net "id_ex_alu_control", 3 0, v0x600be7c297a0_0;  1 drivers
v0x600be7c32f40_0 .net "id_ex_alu_src", 0 0, v0x600be7c299a0_0;  1 drivers
v0x600be7c33030_0 .net "id_ex_branch", 0 0, v0x600be7c29b80_0;  1 drivers
v0x600be7c33120_0 .net "id_ex_bubble", 0 0, v0x600be7c27c50_0;  1 drivers
v0x600be7c33210_0 .net "id_ex_funct3", 2 0, v0x600be7c2afb0_0;  1 drivers
v0x600be7c33320_0 .net "id_ex_imm_ext", 31 0, v0x600be7c29d10_0;  1 drivers
v0x600be7c33430_0 .net "id_ex_jump", 0 0, v0x600be7c29e50_0;  1 drivers
v0x600be7c33520_0 .net "id_ex_mem_op", 1 0, v0x600be7c29fe0_0;  1 drivers
v0x600be7c33630_0 .net "id_ex_mem_write", 0 0, v0x600be7c2a170_0;  1 drivers
v0x600be7c336d0_0 .net "id_ex_pc", 31 0, v0x600be7c2a590_0;  1 drivers
v0x600be7c337e0_0 .net "id_ex_pc_plus4", 31 0, v0x600be7c2a300_0;  1 drivers
v0x600be7c338f0_0 .net "id_ex_rd", 4 0, v0x600be7c2b0f0_0;  1 drivers
v0x600be7c339b0_0 .net "id_ex_rd1", 31 0, v0x600be7c2a6f0_0;  1 drivers
v0x600be7c33ac0_0 .net "id_ex_rd2", 31 0, v0x600be7c2a860_0;  1 drivers
v0x600be7c33bd0_0 .net "id_ex_reg_write", 0 0, v0x600be7c2aa20_0;  1 drivers
v0x600be7c33c70_0 .net "id_ex_result_src", 1 0, v0x600be7c2ac00_0;  1 drivers
v0x600be7c33d30_0 .net "id_ex_rs1", 4 0, v0x600be7c2b500_0;  1 drivers
v0x600be7c33e40_0 .net "id_ex_rs2", 4 0, v0x600be7c2b6b0_0;  1 drivers
v0x600be7c33f50_0 .net "id_funct3", 2 0, L_0x600be7c96ae0;  1 drivers
v0x600be7c34060_0 .net "id_imm_ext", 31 0, L_0x600be7c96780;  1 drivers
v0x600be7c34120_0 .net "id_jump", 0 0, v0x600be7c1b190_0;  1 drivers
v0x600be7c341c0_0 .net "id_mem_op", 1 0, v0x600be7c1b2a0_0;  1 drivers
v0x600be7c34280_0 .net "id_mem_write", 0 0, v0x600be7c1b380_0;  1 drivers
v0x600be7c34320_0 .net "id_rd", 4 0, L_0x600be7c96a40;  1 drivers
v0x600be7c34430_0 .net "id_rd1", 31 0, L_0x600be7c96d50;  1 drivers
v0x600be7c34540_0 .net "id_rd2", 31 0, L_0x600be7c96e50;  1 drivers
v0x600be7c34650_0 .net "id_reg_write", 0 0, v0x600be7c1b520_0;  1 drivers
v0x600be7c346f0_0 .net "id_result_src", 1 0, v0x600be7c1b5e0_0;  1 drivers
v0x600be7c347b0_0 .net "id_rs1", 4 0, L_0x600be7c96820;  1 drivers
v0x600be7c34870_0 .net "id_rs2", 4 0, L_0x600be7c968c0;  1 drivers
v0x600be7c34930_0 .net "if_id_instr", 31 0, v0x600be7c2c200_0;  1 drivers
v0x600be7c349f0_0 .net "if_id_pc", 31 0, v0x600be7c2c430_0;  1 drivers
v0x600be7c34b00_0 .net "if_id_pc_plus4", 31 0, v0x600be7c2c570_0;  1 drivers
v0x600be7c34c10_0 .net "if_id_write_en", 0 0, v0x600be7c27ff0_0;  1 drivers
v0x600be7c34d00_0 .net "if_instr", 31 0, L_0x600be79e1190;  1 drivers
v0x600be7c34dc0_0 .net "if_pc", 31 0, L_0x600be7c91070;  1 drivers
v0x600be7c34e80_0 .net "if_pc_plus4", 31 0, L_0x600be7c911b0;  1 drivers
v0x600be7c34f90_0 .net "mem_alu_result", 31 0, L_0x600be7c984e0;  1 drivers
v0x600be7c35050_0 .net "mem_pc_plus4", 31 0, L_0x600be7c98710;  1 drivers
v0x600be7c350f0_0 .net "mem_rd", 4 0, L_0x600be7c986a0;  1 drivers
v0x600be7c35190_0 .net "mem_read_data", 31 0, v0x600be7a43d90_0;  1 drivers
v0x600be7c35280_0 .net "mem_reg_write", 0 0, L_0x600be7c983a0;  1 drivers
v0x600be7c35320_0 .net "mem_result_src", 1 0, L_0x600be7c98470;  1 drivers
v0x600be7c353c0_0 .net "mem_wb_alu_result", 31 0, v0x600be7c2cae0_0;  1 drivers
v0x600be7c354b0_0 .net "mem_wb_pc_plus4", 31 0, v0x600be7c2cc80_0;  1 drivers
v0x600be7c355c0_0 .net "mem_wb_rd", 4 0, v0x600be7c2d510_0;  1 drivers
v0x600be7c35680_0 .net "mem_wb_read_data", 31 0, v0x600be7c2ce70_0;  1 drivers
v0x600be7c35790_0 .net "mem_wb_reg_write", 0 0, v0x600be7c2cff0_0;  1 drivers
v0x600be7c35830_0 .net "mem_wb_result_src", 1 0, v0x600be7c2d210_0;  1 drivers
v0x600be7c35940_0 .net "pc_write_en", 0 0, v0x600be7c28250_0;  1 drivers
v0x600be7c35a30_0 .net "rf_A1", 4 0, L_0x600be7c96f50;  1 drivers
v0x600be7c362e0_0 .net "rf_A2", 4 0, L_0x600be7c96ff0;  1 drivers
v0x600be7c36380_0 .net "rf_RD1", 31 0, L_0x600be7c91d30;  1 drivers
v0x600be7c36420_0 .net "rf_RD2", 31 0, L_0x600be7c92290;  1 drivers
v0x600be7c36510_0 .net "rst_n", 0 0, v0x600be7c37bf0_0;  1 drivers
v0x600be7c365b0_0 .var "startup_suppress", 0 0;
v0x600be7c36650_0 .net "wb_rd", 4 0, v0x600be7c2e380_0;  1 drivers
v0x600be7c36740_0 .net "wb_reg_write_en", 0 0, v0x600be7c2df50_0;  1 drivers
v0x600be7c36830_0 .net "wb_result", 31 0, v0x600be7c2e420_0;  1 drivers
L_0x600be7c91580 .functor MUXZ 1, L_0x600be7c97c90, L_0x600be7c380c8, L_0x600be7c96c50, C4<>;
L_0x600be7c91710 .functor MUXZ 32, L_0x600be7c980c0, L_0x600be7c38110, L_0x600be7c96c50, C4<>;
L_0x600be7c918a0 .part L_0x600be7c981f0, 2, 6;
S_0x600be7a998c0 .scope module, "DMEM_inst" "Data_Memory" 5 153, 6 1 0, S_0x600be7a867a0;
 .timescale -9 -12;
    .port_info 0 /INPUT 1 "clk";
    .port_info 1 /INPUT 1 "rst";
    .port_info 2 /INPUT 1 "WE";
    .port_info 3 /INPUT 2 "MemOp";
    .port_info 4 /INPUT 32 "A";
    .port_info 5 /INPUT 32 "WD";
    .port_info 6 /OUTPUT 32 "RD";
v0x600be7a65650_0 .net "A", 31 0, v0x600be7c20a60_0;  alias, 1 drivers
v0x600be7a65750_0 .net "MemOp", 1 0, v0x600be7c20bc0_0;  alias, 1 drivers
v0x600be7a43d90_0 .var "RD", 31 0;
v0x600be7a43e50_0 .net "WD", 31 0, v0x600be7c21400_0;  alias, 1 drivers
v0x600be7a43f30_0 .net "WE", 0 0, v0x600be7c20da0_0;  alias, 1 drivers
v0x600be7a44040_0 .net "clk", 0 0, v0x600be7c36e80_0;  alias, 1 drivers
v0x600be7a44100_0 .var/i "i", 31 0;
v0x600be7a6ac30 .array "memory", 1023 0, 31 0;
v0x600be7c0e1f0_0 .net "rst", 0 0, v0x600be7c37bf0_0;  alias, 1 drivers
E_0x600be7a36800/0 .event edge, v0x600be7c0e1f0_0, v0x600be7a65750_0, v0x600be7a65650_0, v0x600be7a6ac30_0;
v0x600be7a6ac30_4 .array/port v0x600be7a6ac30, 4;
E_0x600be7a36800/1 .event edge, v0x600be7a6ac30_1, v0x600be7a6ac30_2, v0x600be7a6ac30_3, v0x600be7a6ac30_4;
v0x600be7a6ac30_5 .array/port v0x600be7a6ac30, 5;
v0x600be7a6ac30_6 .array/port v0x600be7a6ac30, 6;
v0x600be7a6ac30_7 .array/port v0x600be7a6ac30, 7;
v0x600be7a6ac30_8 .array/port v0x600be7a6ac30, 8;
E_0x600be7a36800/2 .event edge, v0x600be7a6ac30_5, v0x600be7a6ac30_6, v0x600be7a6ac30_7, v0x600be7a6ac30_8;
v0x600be7a6ac30_9 .array/port v0x600be7a6ac30, 9;
v0x600be7a6ac30_10 .array/port v0x600be7a6ac30, 10;
v0x600be7a6ac30_11 .array/port v0x600be7a6ac30, 11;
v0x600be7a6ac30_12 .array/port v0x600be7a6ac30, 12;
E_0x600be7a36800/3 .event edge, v0x600be7a6ac30_9, v0x600be7a6ac30_10, v0x600be7a6ac30_11, v0x600be7a6ac30_12;
v0x600be7a6ac30_13 .array/port v0x600be7a6ac30, 13;
v0x600be7a6ac30_14 .array/port v0x600be7a6ac30, 14;
v0x600be7a6ac30_15 .array/port v0x600be7a6ac30, 15;
v0x600be7a6ac30_16 .array/port v0x600be7a6ac30, 16;
E_0x600be7a36800/4 .event edge, v0x600be7a6ac30_13, v0x600be7a6ac30_14, v0x600be7a6ac30_15, v0x600be7a6ac30_16;
v0x600be7a6ac30_17 .array/port v0x600be7a6ac30, 17;
v0x600be7a6ac30_18 .array/port v0x600be7a6ac30, 18;
v0x600be7a6ac30_19 .array/port v0x600be7a6ac30, 19;
v0x600be7a6ac30_20 .array/port v0x600be7a6ac30, 20;
E_0x600be7a36800/5 .event edge, v0x600be7a6ac30_17, v0x600be7a6ac30_18, v0x600be7a6ac30_19, v0x600be7a6ac30_20;
v0x600be7a6ac30_21 .array/port v0x600be7a6ac30, 21;
v0x600be7a6ac30_22 .array/port v0x600be7a6ac30, 22;
v0x600be7a6ac30_23 .array/port v0x600be7a6ac30, 23;
v0x600be7a6ac30_24 .array/port v0x600be7a6ac30, 24;
E_0x600be7a36800/6 .event edge, v0x600be7a6ac30_21, v0x600be7a6ac30_22, v0x600be7a6ac30_23, v0x600be7a6ac30_24;
v0x600be7a6ac30_25 .array/port v0x600be7a6ac30, 25;
v0x600be7a6ac30_26 .array/port v0x600be7a6ac30, 26;
v0x600be7a6ac30_27 .array/port v0x600be7a6ac30, 27;
v0x600be7a6ac30_28 .array/port v0x600be7a6ac30, 28;
E_0x600be7a36800/7 .event edge, v0x600be7a6ac30_25, v0x600be7a6ac30_26, v0x600be7a6ac30_27, v0x600be7a6ac30_28;
v0x600be7a6ac30_29 .array/port v0x600be7a6ac30, 29;
v0x600be7a6ac30_30 .array/port v0x600be7a6ac30, 30;
v0x600be7a6ac30_31 .array/port v0x600be7a6ac30, 31;
v0x600be7a6ac30_32 .array/port v0x600be7a6ac30, 32;
E_0x600be7a36800/8 .event edge, v0x600be7a6ac30_29, v0x600be7a6ac30_30, v0x600be7a6ac30_31, v0x600be7a6ac30_32;
v0x600be7a6ac30_33 .array/port v0x600be7a6ac30, 33;
v0x600be7a6ac30_34 .array/port v0x600be7a6ac30, 34;
v0x600be7a6ac30_35 .array/port v0x600be7a6ac30, 35;
v0x600be7a6ac30_36 .array/port v0x600be7a6ac30, 36;
E_0x600be7a36800/9 .event edge, v0x600be7a6ac30_33, v0x600be7a6ac30_34, v0x600be7a6ac30_35, v0x600be7a6ac30_36;
v0x600be7a6ac30_37 .array/port v0x600be7a6ac30, 37;
v0x600be7a6ac30_38 .array/port v0x600be7a6ac30, 38;
v0x600be7a6ac30_39 .array/port v0x600be7a6ac30, 39;
v0x600be7a6ac30_40 .array/port v0x600be7a6ac30, 40;
E_0x600be7a36800/10 .event edge, v0x600be7a6ac30_37, v0x600be7a6ac30_38, v0x600be7a6ac30_39, v0x600be7a6ac30_40;
v0x600be7a6ac30_41 .array/port v0x600be7a6ac30, 41;
v0x600be7a6ac30_42 .array/port v0x600be7a6ac30, 42;
v0x600be7a6ac30_43 .array/port v0x600be7a6ac30, 43;
v0x600be7a6ac30_44 .array/port v0x600be7a6ac30, 44;
E_0x600be7a36800/11 .event edge, v0x600be7a6ac30_41, v0x600be7a6ac30_42, v0x600be7a6ac30_43, v0x600be7a6ac30_44;
v0x600be7a6ac30_45 .array/port v0x600be7a6ac30, 45;
v0x600be7a6ac30_46 .array/port v0x600be7a6ac30, 46;
v0x600be7a6ac30_47 .array/port v0x600be7a6ac30, 47;
v0x600be7a6ac30_48 .array/port v0x600be7a6ac30, 48;
E_0x600be7a36800/12 .event edge, v0x600be7a6ac30_45, v0x600be7a6ac30_46, v0x600be7a6ac30_47, v0x600be7a6ac30_48;
v0x600be7a6ac30_49 .array/port v0x600be7a6ac30, 49;
v0x600be7a6ac30_50 .array/port v0x600be7a6ac30, 50;
v0x600be7a6ac30_51 .array/port v0x600be7a6ac30, 51;
v0x600be7a6ac30_52 .array/port v0x600be7a6ac30, 52;
E_0x600be7a36800/13 .event edge, v0x600be7a6ac30_49, v0x600be7a6ac30_50, v0x600be7a6ac30_51, v0x600be7a6ac30_52;
v0x600be7a6ac30_53 .array/port v0x600be7a6ac30, 53;
v0x600be7a6ac30_54 .array/port v0x600be7a6ac30, 54;
v0x600be7a6ac30_55 .array/port v0x600be7a6ac30, 55;
v0x600be7a6ac30_56 .array/port v0x600be7a6ac30, 56;
E_0x600be7a36800/14 .event edge, v0x600be7a6ac30_53, v0x600be7a6ac30_54, v0x600be7a6ac30_55, v0x600be7a6ac30_56;
v0x600be7a6ac30_57 .array/port v0x600be7a6ac30, 57;
v0x600be7a6ac30_58 .array/port v0x600be7a6ac30, 58;
v0x600be7a6ac30_59 .array/port v0x600be7a6ac30, 59;
v0x600be7a6ac30_60 .array/port v0x600be7a6ac30, 60;
E_0x600be7a36800/15 .event edge, v0x600be7a6ac30_57, v0x600be7a6ac30_58, v0x600be7a6ac30_59, v0x600be7a6ac30_60;
v0x600be7a6ac30_61 .array/port v0x600be7a6ac30, 61;
v0x600be7a6ac30_62 .array/port v0x600be7a6ac30, 62;
v0x600be7a6ac30_63 .array/port v0x600be7a6ac30, 63;
v0x600be7a6ac30_64 .array/port v0x600be7a6ac30, 64;
E_0x600be7a36800/16 .event edge, v0x600be7a6ac30_61, v0x600be7a6ac30_62, v0x600be7a6ac30_63, v0x600be7a6ac30_64;
v0x600be7a6ac30_65 .array/port v0x600be7a6ac30, 65;
v0x600be7a6ac30_66 .array/port v0x600be7a6ac30, 66;
v0x600be7a6ac30_67 .array/port v0x600be7a6ac30, 67;
v0x600be7a6ac30_68 .array/port v0x600be7a6ac30, 68;
E_0x600be7a36800/17 .event edge, v0x600be7a6ac30_65, v0x600be7a6ac30_66, v0x600be7a6ac30_67, v0x600be7a6ac30_68;
v0x600be7a6ac30_69 .array/port v0x600be7a6ac30, 69;
v0x600be7a6ac30_70 .array/port v0x600be7a6ac30, 70;
v0x600be7a6ac30_71 .array/port v0x600be7a6ac30, 71;
v0x600be7a6ac30_72 .array/port v0x600be7a6ac30, 72;
E_0x600be7a36800/18 .event edge, v0x600be7a6ac30_69, v0x600be7a6ac30_70, v0x600be7a6ac30_71, v0x600be7a6ac30_72;
v0x600be7a6ac30_73 .array/port v0x600be7a6ac30, 73;
v0x600be7a6ac30_74 .array/port v0x600be7a6ac30, 74;
v0x600be7a6ac30_75 .array/port v0x600be7a6ac30, 75;
v0x600be7a6ac30_76 .array/port v0x600be7a6ac30, 76;
E_0x600be7a36800/19 .event edge, v0x600be7a6ac30_73, v0x600be7a6ac30_74, v0x600be7a6ac30_75, v0x600be7a6ac30_76;
v0x600be7a6ac30_77 .array/port v0x600be7a6ac30, 77;
v0x600be7a6ac30_78 .array/port v0x600be7a6ac30, 78;
v0x600be7a6ac30_79 .array/port v0x600be7a6ac30, 79;
v0x600be7a6ac30_80 .array/port v0x600be7a6ac30, 80;
E_0x600be7a36800/20 .event edge, v0x600be7a6ac30_77, v0x600be7a6ac30_78, v0x600be7a6ac30_79, v0x600be7a6ac30_80;
v0x600be7a6ac30_81 .array/port v0x600be7a6ac30, 81;
v0x600be7a6ac30_82 .array/port v0x600be7a6ac30, 82;
v0x600be7a6ac30_83 .array/port v0x600be7a6ac30, 83;
v0x600be7a6ac30_84 .array/port v0x600be7a6ac30, 84;
E_0x600be7a36800/21 .event edge, v0x600be7a6ac30_81, v0x600be7a6ac30_82, v0x600be7a6ac30_83, v0x600be7a6ac30_84;
v0x600be7a6ac30_85 .array/port v0x600be7a6ac30, 85;
v0x600be7a6ac30_86 .array/port v0x600be7a6ac30, 86;
v0x600be7a6ac30_87 .array/port v0x600be7a6ac30, 87;
v0x600be7a6ac30_88 .array/port v0x600be7a6ac30, 88;
E_0x600be7a36800/22 .event edge, v0x600be7a6ac30_85, v0x600be7a6ac30_86, v0x600be7a6ac30_87, v0x600be7a6ac30_88;
v0x600be7a6ac30_89 .array/port v0x600be7a6ac30, 89;
v0x600be7a6ac30_90 .array/port v0x600be7a6ac30, 90;
v0x600be7a6ac30_91 .array/port v0x600be7a6ac30, 91;
v0x600be7a6ac30_92 .array/port v0x600be7a6ac30, 92;
E_0x600be7a36800/23 .event edge, v0x600be7a6ac30_89, v0x600be7a6ac30_90, v0x600be7a6ac30_91, v0x600be7a6ac30_92;
v0x600be7a6ac30_93 .array/port v0x600be7a6ac30, 93;
v0x600be7a6ac30_94 .array/port v0x600be7a6ac30, 94;
v0x600be7a6ac30_95 .array/port v0x600be7a6ac30, 95;
v0x600be7a6ac30_96 .array/port v0x600be7a6ac30, 96;
E_0x600be7a36800/24 .event edge, v0x600be7a6ac30_93, v0x600be7a6ac30_94, v0x600be7a6ac30_95, v0x600be7a6ac30_96;
v0x600be7a6ac30_97 .array/port v0x600be7a6ac30, 97;
v0x600be7a6ac30_98 .array/port v0x600be7a6ac30, 98;
v0x600be7a6ac30_99 .array/port v0x600be7a6ac30, 99;
v0x600be7a6ac30_100 .array/port v0x600be7a6ac30, 100;
E_0x600be7a36800/25 .event edge, v0x600be7a6ac30_97, v0x600be7a6ac30_98, v0x600be7a6ac30_99, v0x600be7a6ac30_100;
v0x600be7a6ac30_101 .array/port v0x600be7a6ac30, 101;
v0x600be7a6ac30_102 .array/port v0x600be7a6ac30, 102;
v0x600be7a6ac30_103 .array/port v0x600be7a6ac30, 103;
v0x600be7a6ac30_104 .array/port v0x600be7a6ac30, 104;
E_0x600be7a36800/26 .event edge, v0x600be7a6ac30_101, v0x600be7a6ac30_102, v0x600be7a6ac30_103, v0x600be7a6ac30_104;
v0x600be7a6ac30_105 .array/port v0x600be7a6ac30, 105;
v0x600be7a6ac30_106 .array/port v0x600be7a6ac30, 106;
v0x600be7a6ac30_107 .array/port v0x600be7a6ac30, 107;
v0x600be7a6ac30_108 .array/port v0x600be7a6ac30, 108;
E_0x600be7a36800/27 .event edge, v0x600be7a6ac30_105, v0x600be7a6ac30_106, v0x600be7a6ac30_107, v0x600be7a6ac30_108;
v0x600be7a6ac30_109 .array/port v0x600be7a6ac30, 109;
v0x600be7a6ac30_110 .array/port v0x600be7a6ac30, 110;
v0x600be7a6ac30_111 .array/port v0x600be7a6ac30, 111;
v0x600be7a6ac30_112 .array/port v0x600be7a6ac30, 112;
E_0x600be7a36800/28 .event edge, v0x600be7a6ac30_109, v0x600be7a6ac30_110, v0x600be7a6ac30_111, v0x600be7a6ac30_112;
v0x600be7a6ac30_113 .array/port v0x600be7a6ac30, 113;
v0x600be7a6ac30_114 .array/port v0x600be7a6ac30, 114;
v0x600be7a6ac30_115 .array/port v0x600be7a6ac30, 115;
v0x600be7a6ac30_116 .array/port v0x600be7a6ac30, 116;
E_0x600be7a36800/29 .event edge, v0x600be7a6ac30_113, v0x600be7a6ac30_114, v0x600be7a6ac30_115, v0x600be7a6ac30_116;
v0x600be7a6ac30_117 .array/port v0x600be7a6ac30, 117;
v0x600be7a6ac30_118 .array/port v0x600be7a6ac30, 118;
v0x600be7a6ac30_119 .array/port v0x600be7a6ac30, 119;
v0x600be7a6ac30_120 .array/port v0x600be7a6ac30, 120;
E_0x600be7a36800/30 .event edge, v0x600be7a6ac30_117, v0x600be7a6ac30_118, v0x600be7a6ac30_119, v0x600be7a6ac30_120;
v0x600be7a6ac30_121 .array/port v0x600be7a6ac30, 121;
v0x600be7a6ac30_122 .array/port v0x600be7a6ac30, 122;
v0x600be7a6ac30_123 .array/port v0x600be7a6ac30, 123;
v0x600be7a6ac30_124 .array/port v0x600be7a6ac30, 124;
E_0x600be7a36800/31 .event edge, v0x600be7a6ac30_121, v0x600be7a6ac30_122, v0x600be7a6ac30_123, v0x600be7a6ac30_124;
v0x600be7a6ac30_125 .array/port v0x600be7a6ac30, 125;
v0x600be7a6ac30_126 .array/port v0x600be7a6ac30, 126;
v0x600be7a6ac30_127 .array/port v0x600be7a6ac30, 127;
v0x600be7a6ac30_128 .array/port v0x600be7a6ac30, 128;
E_0x600be7a36800/32 .event edge, v0x600be7a6ac30_125, v0x600be7a6ac30_126, v0x600be7a6ac30_127, v0x600be7a6ac30_128;
v0x600be7a6ac30_129 .array/port v0x600be7a6ac30, 129;
v0x600be7a6ac30_130 .array/port v0x600be7a6ac30, 130;
v0x600be7a6ac30_131 .array/port v0x600be7a6ac30, 131;
v0x600be7a6ac30_132 .array/port v0x600be7a6ac30, 132;
E_0x600be7a36800/33 .event edge, v0x600be7a6ac30_129, v0x600be7a6ac30_130, v0x600be7a6ac30_131, v0x600be7a6ac30_132;
v0x600be7a6ac30_133 .array/port v0x600be7a6ac30, 133;
v0x600be7a6ac30_134 .array/port v0x600be7a6ac30, 134;
v0x600be7a6ac30_135 .array/port v0x600be7a6ac30, 135;
v0x600be7a6ac30_136 .array/port v0x600be7a6ac30, 136;
E_0x600be7a36800/34 .event edge, v0x600be7a6ac30_133, v0x600be7a6ac30_134, v0x600be7a6ac30_135, v0x600be7a6ac30_136;
v0x600be7a6ac30_137 .array/port v0x600be7a6ac30, 137;
v0x600be7a6ac30_138 .array/port v0x600be7a6ac30, 138;
v0x600be7a6ac30_139 .array/port v0x600be7a6ac30, 139;
v0x600be7a6ac30_140 .array/port v0x600be7a6ac30, 140;
E_0x600be7a36800/35 .event edge, v0x600be7a6ac30_137, v0x600be7a6ac30_138, v0x600be7a6ac30_139, v0x600be7a6ac30_140;
v0x600be7a6ac30_141 .array/port v0x600be7a6ac30, 141;
v0x600be7a6ac30_142 .array/port v0x600be7a6ac30, 142;
v0x600be7a6ac30_143 .array/port v0x600be7a6ac30, 143;
v0x600be7a6ac30_144 .array/port v0x600be7a6ac30, 144;
E_0x600be7a36800/36 .event edge, v0x600be7a6ac30_141, v0x600be7a6ac30_142, v0x600be7a6ac30_143, v0x600be7a6ac30_144;
v0x600be7a6ac30_145 .array/port v0x600be7a6ac30, 145;
v0x600be7a6ac30_146 .array/port v0x600be7a6ac30, 146;
v0x600be7a6ac30_147 .array/port v0x600be7a6ac30, 147;
v0x600be7a6ac30_148 .array/port v0x600be7a6ac30, 148;
E_0x600be7a36800/37 .event edge, v0x600be7a6ac30_145, v0x600be7a6ac30_146, v0x600be7a6ac30_147, v0x600be7a6ac30_148;
v0x600be7a6ac30_149 .array/port v0x600be7a6ac30, 149;
v0x600be7a6ac30_150 .array/port v0x600be7a6ac30, 150;
v0x600be7a6ac30_151 .array/port v0x600be7a6ac30, 151;
v0x600be7a6ac30_152 .array/port v0x600be7a6ac30, 152;
E_0x600be7a36800/38 .event edge, v0x600be7a6ac30_149, v0x600be7a6ac30_150, v0x600be7a6ac30_151, v0x600be7a6ac30_152;
v0x600be7a6ac30_153 .array/port v0x600be7a6ac30, 153;
v0x600be7a6ac30_154 .array/port v0x600be7a6ac30, 154;
v0x600be7a6ac30_155 .array/port v0x600be7a6ac30, 155;
v0x600be7a6ac30_156 .array/port v0x600be7a6ac30, 156;
E_0x600be7a36800/39 .event edge, v0x600be7a6ac30_153, v0x600be7a6ac30_154, v0x600be7a6ac30_155, v0x600be7a6ac30_156;
v0x600be7a6ac30_157 .array/port v0x600be7a6ac30, 157;
v0x600be7a6ac30_158 .array/port v0x600be7a6ac30, 158;
v0x600be7a6ac30_159 .array/port v0x600be7a6ac30, 159;
v0x600be7a6ac30_160 .array/port v0x600be7a6ac30, 160;
E_0x600be7a36800/40 .event edge, v0x600be7a6ac30_157, v0x600be7a6ac30_158, v0x600be7a6ac30_159, v0x600be7a6ac30_160;
v0x600be7a6ac30_161 .array/port v0x600be7a6ac30, 161;
v0x600be7a6ac30_162 .array/port v0x600be7a6ac30, 162;
v0x600be7a6ac30_163 .array/port v0x600be7a6ac30, 163;
v0x600be7a6ac30_164 .array/port v0x600be7a6ac30, 164;
E_0x600be7a36800/41 .event edge, v0x600be7a6ac30_161, v0x600be7a6ac30_162, v0x600be7a6ac30_163, v0x600be7a6ac30_164;
v0x600be7a6ac30_165 .array/port v0x600be7a6ac30, 165;
v0x600be7a6ac30_166 .array/port v0x600be7a6ac30, 166;
v0x600be7a6ac30_167 .array/port v0x600be7a6ac30, 167;
v0x600be7a6ac30_168 .array/port v0x600be7a6ac30, 168;
E_0x600be7a36800/42 .event edge, v0x600be7a6ac30_165, v0x600be7a6ac30_166, v0x600be7a6ac30_167, v0x600be7a6ac30_168;
v0x600be7a6ac30_169 .array/port v0x600be7a6ac30, 169;
v0x600be7a6ac30_170 .array/port v0x600be7a6ac30, 170;
v0x600be7a6ac30_171 .array/port v0x600be7a6ac30, 171;
v0x600be7a6ac30_172 .array/port v0x600be7a6ac30, 172;
E_0x600be7a36800/43 .event edge, v0x600be7a6ac30_169, v0x600be7a6ac30_170, v0x600be7a6ac30_171, v0x600be7a6ac30_172;
v0x600be7a6ac30_173 .array/port v0x600be7a6ac30, 173;
v0x600be7a6ac30_174 .array/port v0x600be7a6ac30, 174;
v0x600be7a6ac30_175 .array/port v0x600be7a6ac30, 175;
v0x600be7a6ac30_176 .array/port v0x600be7a6ac30, 176;
E_0x600be7a36800/44 .event edge, v0x600be7a6ac30_173, v0x600be7a6ac30_174, v0x600be7a6ac30_175, v0x600be7a6ac30_176;
v0x600be7a6ac30_177 .array/port v0x600be7a6ac30, 177;
v0x600be7a6ac30_178 .array/port v0x600be7a6ac30, 178;
v0x600be7a6ac30_179 .array/port v0x600be7a6ac30, 179;
v0x600be7a6ac30_180 .array/port v0x600be7a6ac30, 180;
E_0x600be7a36800/45 .event edge, v0x600be7a6ac30_177, v0x600be7a6ac30_178, v0x600be7a6ac30_179, v0x600be7a6ac30_180;
v0x600be7a6ac30_181 .array/port v0x600be7a6ac30, 181;
v0x600be7a6ac30_182 .array/port v0x600be7a6ac30, 182;
v0x600be7a6ac30_183 .array/port v0x600be7a6ac30, 183;
v0x600be7a6ac30_184 .array/port v0x600be7a6ac30, 184;
E_0x600be7a36800/46 .event edge, v0x600be7a6ac30_181, v0x600be7a6ac30_182, v0x600be7a6ac30_183, v0x600be7a6ac30_184;
v0x600be7a6ac30_185 .array/port v0x600be7a6ac30, 185;
v0x600be7a6ac30_186 .array/port v0x600be7a6ac30, 186;
v0x600be7a6ac30_187 .array/port v0x600be7a6ac30, 187;
v0x600be7a6ac30_188 .array/port v0x600be7a6ac30, 188;
E_0x600be7a36800/47 .event edge, v0x600be7a6ac30_185, v0x600be7a6ac30_186, v0x600be7a6ac30_187, v0x600be7a6ac30_188;
v0x600be7a6ac30_189 .array/port v0x600be7a6ac30, 189;
v0x600be7a6ac30_190 .array/port v0x600be7a6ac30, 190;
v0x600be7a6ac30_191 .array/port v0x600be7a6ac30, 191;
v0x600be7a6ac30_192 .array/port v0x600be7a6ac30, 192;
E_0x600be7a36800/48 .event edge, v0x600be7a6ac30_189, v0x600be7a6ac30_190, v0x600be7a6ac30_191, v0x600be7a6ac30_192;
v0x600be7a6ac30_193 .array/port v0x600be7a6ac30, 193;
v0x600be7a6ac30_194 .array/port v0x600be7a6ac30, 194;
v0x600be7a6ac30_195 .array/port v0x600be7a6ac30, 195;
v0x600be7a6ac30_196 .array/port v0x600be7a6ac30, 196;
E_0x600be7a36800/49 .event edge, v0x600be7a6ac30_193, v0x600be7a6ac30_194, v0x600be7a6ac30_195, v0x600be7a6ac30_196;
v0x600be7a6ac30_197 .array/port v0x600be7a6ac30, 197;
v0x600be7a6ac30_198 .array/port v0x600be7a6ac30, 198;
v0x600be7a6ac30_199 .array/port v0x600be7a6ac30, 199;
v0x600be7a6ac30_200 .array/port v0x600be7a6ac30, 200;
E_0x600be7a36800/50 .event edge, v0x600be7a6ac30_197, v0x600be7a6ac30_198, v0x600be7a6ac30_199, v0x600be7a6ac30_200;
v0x600be7a6ac30_201 .array/port v0x600be7a6ac30, 201;
v0x600be7a6ac30_202 .array/port v0x600be7a6ac30, 202;
v0x600be7a6ac30_203 .array/port v0x600be7a6ac30, 203;
v0x600be7a6ac30_204 .array/port v0x600be7a6ac30, 204;
E_0x600be7a36800/51 .event edge, v0x600be7a6ac30_201, v0x600be7a6ac30_202, v0x600be7a6ac30_203, v0x600be7a6ac30_204;
v0x600be7a6ac30_205 .array/port v0x600be7a6ac30, 205;
v0x600be7a6ac30_206 .array/port v0x600be7a6ac30, 206;
v0x600be7a6ac30_207 .array/port v0x600be7a6ac30, 207;
v0x600be7a6ac30_208 .array/port v0x600be7a6ac30, 208;
E_0x600be7a36800/52 .event edge, v0x600be7a6ac30_205, v0x600be7a6ac30_206, v0x600be7a6ac30_207, v0x600be7a6ac30_208;
v0x600be7a6ac30_209 .array/port v0x600be7a6ac30, 209;
v0x600be7a6ac30_210 .array/port v0x600be7a6ac30, 210;
v0x600be7a6ac30_211 .array/port v0x600be7a6ac30, 211;
v0x600be7a6ac30_212 .array/port v0x600be7a6ac30, 212;
E_0x600be7a36800/53 .event edge, v0x600be7a6ac30_209, v0x600be7a6ac30_210, v0x600be7a6ac30_211, v0x600be7a6ac30_212;
v0x600be7a6ac30_213 .array/port v0x600be7a6ac30, 213;
v0x600be7a6ac30_214 .array/port v0x600be7a6ac30, 214;
v0x600be7a6ac30_215 .array/port v0x600be7a6ac30, 215;
v0x600be7a6ac30_216 .array/port v0x600be7a6ac30, 216;
E_0x600be7a36800/54 .event edge, v0x600be7a6ac30_213, v0x600be7a6ac30_214, v0x600be7a6ac30_215, v0x600be7a6ac30_216;
v0x600be7a6ac30_217 .array/port v0x600be7a6ac30, 217;
v0x600be7a6ac30_218 .array/port v0x600be7a6ac30, 218;
v0x600be7a6ac30_219 .array/port v0x600be7a6ac30, 219;
v0x600be7a6ac30_220 .array/port v0x600be7a6ac30, 220;
E_0x600be7a36800/55 .event edge, v0x600be7a6ac30_217, v0x600be7a6ac30_218, v0x600be7a6ac30_219, v0x600be7a6ac30_220;
v0x600be7a6ac30_221 .array/port v0x600be7a6ac30, 221;
v0x600be7a6ac30_222 .array/port v0x600be7a6ac30, 222;
v0x600be7a6ac30_223 .array/port v0x600be7a6ac30, 223;
v0x600be7a6ac30_224 .array/port v0x600be7a6ac30, 224;
E_0x600be7a36800/56 .event edge, v0x600be7a6ac30_221, v0x600be7a6ac30_222, v0x600be7a6ac30_223, v0x600be7a6ac30_224;
v0x600be7a6ac30_225 .array/port v0x600be7a6ac30, 225;
v0x600be7a6ac30_226 .array/port v0x600be7a6ac30, 226;
v0x600be7a6ac30_227 .array/port v0x600be7a6ac30, 227;
v0x600be7a6ac30_228 .array/port v0x600be7a6ac30, 228;
E_0x600be7a36800/57 .event edge, v0x600be7a6ac30_225, v0x600be7a6ac30_226, v0x600be7a6ac30_227, v0x600be7a6ac30_228;
v0x600be7a6ac30_229 .array/port v0x600be7a6ac30, 229;
v0x600be7a6ac30_230 .array/port v0x600be7a6ac30, 230;
v0x600be7a6ac30_231 .array/port v0x600be7a6ac30, 231;
v0x600be7a6ac30_232 .array/port v0x600be7a6ac30, 232;
E_0x600be7a36800/58 .event edge, v0x600be7a6ac30_229, v0x600be7a6ac30_230, v0x600be7a6ac30_231, v0x600be7a6ac30_232;
v0x600be7a6ac30_233 .array/port v0x600be7a6ac30, 233;
v0x600be7a6ac30_234 .array/port v0x600be7a6ac30, 234;
v0x600be7a6ac30_235 .array/port v0x600be7a6ac30, 235;
v0x600be7a6ac30_236 .array/port v0x600be7a6ac30, 236;
E_0x600be7a36800/59 .event edge, v0x600be7a6ac30_233, v0x600be7a6ac30_234, v0x600be7a6ac30_235, v0x600be7a6ac30_236;
v0x600be7a6ac30_237 .array/port v0x600be7a6ac30, 237;
v0x600be7a6ac30_238 .array/port v0x600be7a6ac30, 238;
v0x600be7a6ac30_239 .array/port v0x600be7a6ac30, 239;
v0x600be7a6ac30_240 .array/port v0x600be7a6ac30, 240;
E_0x600be7a36800/60 .event edge, v0x600be7a6ac30_237, v0x600be7a6ac30_238, v0x600be7a6ac30_239, v0x600be7a6ac30_240;
v0x600be7a6ac30_241 .array/port v0x600be7a6ac30, 241;
v0x600be7a6ac30_242 .array/port v0x600be7a6ac30, 242;
v0x600be7a6ac30_243 .array/port v0x600be7a6ac30, 243;
v0x600be7a6ac30_244 .array/port v0x600be7a6ac30, 244;
E_0x600be7a36800/61 .event edge, v0x600be7a6ac30_241, v0x600be7a6ac30_242, v0x600be7a6ac30_243, v0x600be7a6ac30_244;
v0x600be7a6ac30_245 .array/port v0x600be7a6ac30, 245;
v0x600be7a6ac30_246 .array/port v0x600be7a6ac30, 246;
v0x600be7a6ac30_247 .array/port v0x600be7a6ac30, 247;
v0x600be7a6ac30_248 .array/port v0x600be7a6ac30, 248;
E_0x600be7a36800/62 .event edge, v0x600be7a6ac30_245, v0x600be7a6ac30_246, v0x600be7a6ac30_247, v0x600be7a6ac30_248;
v0x600be7a6ac30_249 .array/port v0x600be7a6ac30, 249;
v0x600be7a6ac30_250 .array/port v0x600be7a6ac30, 250;
v0x600be7a6ac30_251 .array/port v0x600be7a6ac30, 251;
v0x600be7a6ac30_252 .array/port v0x600be7a6ac30, 252;
E_0x600be7a36800/63 .event edge, v0x600be7a6ac30_249, v0x600be7a6ac30_250, v0x600be7a6ac30_251, v0x600be7a6ac30_252;
v0x600be7a6ac30_253 .array/port v0x600be7a6ac30, 253;
v0x600be7a6ac30_254 .array/port v0x600be7a6ac30, 254;
v0x600be7a6ac30_255 .array/port v0x600be7a6ac30, 255;
v0x600be7a6ac30_256 .array/port v0x600be7a6ac30, 256;
E_0x600be7a36800/64 .event edge, v0x600be7a6ac30_253, v0x600be7a6ac30_254, v0x600be7a6ac30_255, v0x600be7a6ac30_256;
v0x600be7a6ac30_257 .array/port v0x600be7a6ac30, 257;
v0x600be7a6ac30_258 .array/port v0x600be7a6ac30, 258;
v0x600be7a6ac30_259 .array/port v0x600be7a6ac30, 259;
v0x600be7a6ac30_260 .array/port v0x600be7a6ac30, 260;
E_0x600be7a36800/65 .event edge, v0x600be7a6ac30_257, v0x600be7a6ac30_258, v0x600be7a6ac30_259, v0x600be7a6ac30_260;
v0x600be7a6ac30_261 .array/port v0x600be7a6ac30, 261;
v0x600be7a6ac30_262 .array/port v0x600be7a6ac30, 262;
v0x600be7a6ac30_263 .array/port v0x600be7a6ac30, 263;
v0x600be7a6ac30_264 .array/port v0x600be7a6ac30, 264;
E_0x600be7a36800/66 .event edge, v0x600be7a6ac30_261, v0x600be7a6ac30_262, v0x600be7a6ac30_263, v0x600be7a6ac30_264;
v0x600be7a6ac30_265 .array/port v0x600be7a6ac30, 265;
v0x600be7a6ac30_266 .array/port v0x600be7a6ac30, 266;
v0x600be7a6ac30_267 .array/port v0x600be7a6ac30, 267;
v0x600be7a6ac30_268 .array/port v0x600be7a6ac30, 268;
E_0x600be7a36800/67 .event edge, v0x600be7a6ac30_265, v0x600be7a6ac30_266, v0x600be7a6ac30_267, v0x600be7a6ac30_268;
v0x600be7a6ac30_269 .array/port v0x600be7a6ac30, 269;
v0x600be7a6ac30_270 .array/port v0x600be7a6ac30, 270;
v0x600be7a6ac30_271 .array/port v0x600be7a6ac30, 271;
v0x600be7a6ac30_272 .array/port v0x600be7a6ac30, 272;
E_0x600be7a36800/68 .event edge, v0x600be7a6ac30_269, v0x600be7a6ac30_270, v0x600be7a6ac30_271, v0x600be7a6ac30_272;
v0x600be7a6ac30_273 .array/port v0x600be7a6ac30, 273;
v0x600be7a6ac30_274 .array/port v0x600be7a6ac30, 274;
v0x600be7a6ac30_275 .array/port v0x600be7a6ac30, 275;
v0x600be7a6ac30_276 .array/port v0x600be7a6ac30, 276;
E_0x600be7a36800/69 .event edge, v0x600be7a6ac30_273, v0x600be7a6ac30_274, v0x600be7a6ac30_275, v0x600be7a6ac30_276;
v0x600be7a6ac30_277 .array/port v0x600be7a6ac30, 277;
v0x600be7a6ac30_278 .array/port v0x600be7a6ac30, 278;
v0x600be7a6ac30_279 .array/port v0x600be7a6ac30, 279;
v0x600be7a6ac30_280 .array/port v0x600be7a6ac30, 280;
E_0x600be7a36800/70 .event edge, v0x600be7a6ac30_277, v0x600be7a6ac30_278, v0x600be7a6ac30_279, v0x600be7a6ac30_280;
v0x600be7a6ac30_281 .array/port v0x600be7a6ac30, 281;
v0x600be7a6ac30_282 .array/port v0x600be7a6ac30, 282;
v0x600be7a6ac30_283 .array/port v0x600be7a6ac30, 283;
v0x600be7a6ac30_284 .array/port v0x600be7a6ac30, 284;
E_0x600be7a36800/71 .event edge, v0x600be7a6ac30_281, v0x600be7a6ac30_282, v0x600be7a6ac30_283, v0x600be7a6ac30_284;
v0x600be7a6ac30_285 .array/port v0x600be7a6ac30, 285;
v0x600be7a6ac30_286 .array/port v0x600be7a6ac30, 286;
v0x600be7a6ac30_287 .array/port v0x600be7a6ac30, 287;
v0x600be7a6ac30_288 .array/port v0x600be7a6ac30, 288;
E_0x600be7a36800/72 .event edge, v0x600be7a6ac30_285, v0x600be7a6ac30_286, v0x600be7a6ac30_287, v0x600be7a6ac30_288;
v0x600be7a6ac30_289 .array/port v0x600be7a6ac30, 289;
v0x600be7a6ac30_290 .array/port v0x600be7a6ac30, 290;
v0x600be7a6ac30_291 .array/port v0x600be7a6ac30, 291;
v0x600be7a6ac30_292 .array/port v0x600be7a6ac30, 292;
E_0x600be7a36800/73 .event edge, v0x600be7a6ac30_289, v0x600be7a6ac30_290, v0x600be7a6ac30_291, v0x600be7a6ac30_292;
v0x600be7a6ac30_293 .array/port v0x600be7a6ac30, 293;
v0x600be7a6ac30_294 .array/port v0x600be7a6ac30, 294;
v0x600be7a6ac30_295 .array/port v0x600be7a6ac30, 295;
v0x600be7a6ac30_296 .array/port v0x600be7a6ac30, 296;
E_0x600be7a36800/74 .event edge, v0x600be7a6ac30_293, v0x600be7a6ac30_294, v0x600be7a6ac30_295, v0x600be7a6ac30_296;
v0x600be7a6ac30_297 .array/port v0x600be7a6ac30, 297;
v0x600be7a6ac30_298 .array/port v0x600be7a6ac30, 298;
v0x600be7a6ac30_299 .array/port v0x600be7a6ac30, 299;
v0x600be7a6ac30_300 .array/port v0x600be7a6ac30, 300;
E_0x600be7a36800/75 .event edge, v0x600be7a6ac30_297, v0x600be7a6ac30_298, v0x600be7a6ac30_299, v0x600be7a6ac30_300;
v0x600be7a6ac30_301 .array/port v0x600be7a6ac30, 301;
v0x600be7a6ac30_302 .array/port v0x600be7a6ac30, 302;
v0x600be7a6ac30_303 .array/port v0x600be7a6ac30, 303;
v0x600be7a6ac30_304 .array/port v0x600be7a6ac30, 304;
E_0x600be7a36800/76 .event edge, v0x600be7a6ac30_301, v0x600be7a6ac30_302, v0x600be7a6ac30_303, v0x600be7a6ac30_304;
v0x600be7a6ac30_305 .array/port v0x600be7a6ac30, 305;
v0x600be7a6ac30_306 .array/port v0x600be7a6ac30, 306;
v0x600be7a6ac30_307 .array/port v0x600be7a6ac30, 307;
v0x600be7a6ac30_308 .array/port v0x600be7a6ac30, 308;
E_0x600be7a36800/77 .event edge, v0x600be7a6ac30_305, v0x600be7a6ac30_306, v0x600be7a6ac30_307, v0x600be7a6ac30_308;
v0x600be7a6ac30_309 .array/port v0x600be7a6ac30, 309;
v0x600be7a6ac30_310 .array/port v0x600be7a6ac30, 310;
v0x600be7a6ac30_311 .array/port v0x600be7a6ac30, 311;
v0x600be7a6ac30_312 .array/port v0x600be7a6ac30, 312;
E_0x600be7a36800/78 .event edge, v0x600be7a6ac30_309, v0x600be7a6ac30_310, v0x600be7a6ac30_311, v0x600be7a6ac30_312;
v0x600be7a6ac30_313 .array/port v0x600be7a6ac30, 313;
v0x600be7a6ac30_314 .array/port v0x600be7a6ac30, 314;
v0x600be7a6ac30_315 .array/port v0x600be7a6ac30, 315;
v0x600be7a6ac30_316 .array/port v0x600be7a6ac30, 316;
E_0x600be7a36800/79 .event edge, v0x600be7a6ac30_313, v0x600be7a6ac30_314, v0x600be7a6ac30_315, v0x600be7a6ac30_316;
v0x600be7a6ac30_317 .array/port v0x600be7a6ac30, 317;
v0x600be7a6ac30_318 .array/port v0x600be7a6ac30, 318;
v0x600be7a6ac30_319 .array/port v0x600be7a6ac30, 319;
v0x600be7a6ac30_320 .array/port v0x600be7a6ac30, 320;
E_0x600be7a36800/80 .event edge, v0x600be7a6ac30_317, v0x600be7a6ac30_318, v0x600be7a6ac30_319, v0x600be7a6ac30_320;
v0x600be7a6ac30_321 .array/port v0x600be7a6ac30, 321;
v0x600be7a6ac30_322 .array/port v0x600be7a6ac30, 322;
v0x600be7a6ac30_323 .array/port v0x600be7a6ac30, 323;
v0x600be7a6ac30_324 .array/port v0x600be7a6ac30, 324;
E_0x600be7a36800/81 .event edge, v0x600be7a6ac30_321, v0x600be7a6ac30_322, v0x600be7a6ac30_323, v0x600be7a6ac30_324;
v0x600be7a6ac30_325 .array/port v0x600be7a6ac30, 325;
v0x600be7a6ac30_326 .array/port v0x600be7a6ac30, 326;
v0x600be7a6ac30_327 .array/port v0x600be7a6ac30, 327;
v0x600be7a6ac30_328 .array/port v0x600be7a6ac30, 328;
E_0x600be7a36800/82 .event edge, v0x600be7a6ac30_325, v0x600be7a6ac30_326, v0x600be7a6ac30_327, v0x600be7a6ac30_328;
v0x600be7a6ac30_329 .array/port v0x600be7a6ac30, 329;
v0x600be7a6ac30_330 .array/port v0x600be7a6ac30, 330;
v0x600be7a6ac30_331 .array/port v0x600be7a6ac30, 331;
v0x600be7a6ac30_332 .array/port v0x600be7a6ac30, 332;
E_0x600be7a36800/83 .event edge, v0x600be7a6ac30_329, v0x600be7a6ac30_330, v0x600be7a6ac30_331, v0x600be7a6ac30_332;
v0x600be7a6ac30_333 .array/port v0x600be7a6ac30, 333;
v0x600be7a6ac30_334 .array/port v0x600be7a6ac30, 334;
v0x600be7a6ac30_335 .array/port v0x600be7a6ac30, 335;
v0x600be7a6ac30_336 .array/port v0x600be7a6ac30, 336;
E_0x600be7a36800/84 .event edge, v0x600be7a6ac30_333, v0x600be7a6ac30_334, v0x600be7a6ac30_335, v0x600be7a6ac30_336;
v0x600be7a6ac30_337 .array/port v0x600be7a6ac30, 337;
v0x600be7a6ac30_338 .array/port v0x600be7a6ac30, 338;
v0x600be7a6ac30_339 .array/port v0x600be7a6ac30, 339;
v0x600be7a6ac30_340 .array/port v0x600be7a6ac30, 340;
E_0x600be7a36800/85 .event edge, v0x600be7a6ac30_337, v0x600be7a6ac30_338, v0x600be7a6ac30_339, v0x600be7a6ac30_340;
v0x600be7a6ac30_341 .array/port v0x600be7a6ac30, 341;
v0x600be7a6ac30_342 .array/port v0x600be7a6ac30, 342;
v0x600be7a6ac30_343 .array/port v0x600be7a6ac30, 343;
v0x600be7a6ac30_344 .array/port v0x600be7a6ac30, 344;
E_0x600be7a36800/86 .event edge, v0x600be7a6ac30_341, v0x600be7a6ac30_342, v0x600be7a6ac30_343, v0x600be7a6ac30_344;
v0x600be7a6ac30_345 .array/port v0x600be7a6ac30, 345;
v0x600be7a6ac30_346 .array/port v0x600be7a6ac30, 346;
v0x600be7a6ac30_347 .array/port v0x600be7a6ac30, 347;
v0x600be7a6ac30_348 .array/port v0x600be7a6ac30, 348;
E_0x600be7a36800/87 .event edge, v0x600be7a6ac30_345, v0x600be7a6ac30_346, v0x600be7a6ac30_347, v0x600be7a6ac30_348;
v0x600be7a6ac30_349 .array/port v0x600be7a6ac30, 349;
v0x600be7a6ac30_350 .array/port v0x600be7a6ac30, 350;
v0x600be7a6ac30_351 .array/port v0x600be7a6ac30, 351;
v0x600be7a6ac30_352 .array/port v0x600be7a6ac30, 352;
E_0x600be7a36800/88 .event edge, v0x600be7a6ac30_349, v0x600be7a6ac30_350, v0x600be7a6ac30_351, v0x600be7a6ac30_352;
v0x600be7a6ac30_353 .array/port v0x600be7a6ac30, 353;
v0x600be7a6ac30_354 .array/port v0x600be7a6ac30, 354;
v0x600be7a6ac30_355 .array/port v0x600be7a6ac30, 355;
v0x600be7a6ac30_356 .array/port v0x600be7a6ac30, 356;
E_0x600be7a36800/89 .event edge, v0x600be7a6ac30_353, v0x600be7a6ac30_354, v0x600be7a6ac30_355, v0x600be7a6ac30_356;
v0x600be7a6ac30_357 .array/port v0x600be7a6ac30, 357;
v0x600be7a6ac30_358 .array/port v0x600be7a6ac30, 358;
v0x600be7a6ac30_359 .array/port v0x600be7a6ac30, 359;
v0x600be7a6ac30_360 .array/port v0x600be7a6ac30, 360;
E_0x600be7a36800/90 .event edge, v0x600be7a6ac30_357, v0x600be7a6ac30_358, v0x600be7a6ac30_359, v0x600be7a6ac30_360;
v0x600be7a6ac30_361 .array/port v0x600be7a6ac30, 361;
v0x600be7a6ac30_362 .array/port v0x600be7a6ac30, 362;
v0x600be7a6ac30_363 .array/port v0x600be7a6ac30, 363;
v0x600be7a6ac30_364 .array/port v0x600be7a6ac30, 364;
E_0x600be7a36800/91 .event edge, v0x600be7a6ac30_361, v0x600be7a6ac30_362, v0x600be7a6ac30_363, v0x600be7a6ac30_364;
v0x600be7a6ac30_365 .array/port v0x600be7a6ac30, 365;
v0x600be7a6ac30_366 .array/port v0x600be7a6ac30, 366;
v0x600be7a6ac30_367 .array/port v0x600be7a6ac30, 367;
v0x600be7a6ac30_368 .array/port v0x600be7a6ac30, 368;
E_0x600be7a36800/92 .event edge, v0x600be7a6ac30_365, v0x600be7a6ac30_366, v0x600be7a6ac30_367, v0x600be7a6ac30_368;
v0x600be7a6ac30_369 .array/port v0x600be7a6ac30, 369;
v0x600be7a6ac30_370 .array/port v0x600be7a6ac30, 370;
v0x600be7a6ac30_371 .array/port v0x600be7a6ac30, 371;
v0x600be7a6ac30_372 .array/port v0x600be7a6ac30, 372;
E_0x600be7a36800/93 .event edge, v0x600be7a6ac30_369, v0x600be7a6ac30_370, v0x600be7a6ac30_371, v0x600be7a6ac30_372;
v0x600be7a6ac30_373 .array/port v0x600be7a6ac30, 373;
v0x600be7a6ac30_374 .array/port v0x600be7a6ac30, 374;
v0x600be7a6ac30_375 .array/port v0x600be7a6ac30, 375;
v0x600be7a6ac30_376 .array/port v0x600be7a6ac30, 376;
E_0x600be7a36800/94 .event edge, v0x600be7a6ac30_373, v0x600be7a6ac30_374, v0x600be7a6ac30_375, v0x600be7a6ac30_376;
v0x600be7a6ac30_377 .array/port v0x600be7a6ac30, 377;
v0x600be7a6ac30_378 .array/port v0x600be7a6ac30, 378;
v0x600be7a6ac30_379 .array/port v0x600be7a6ac30, 379;
v0x600be7a6ac30_380 .array/port v0x600be7a6ac30, 380;
E_0x600be7a36800/95 .event edge, v0x600be7a6ac30_377, v0x600be7a6ac30_378, v0x600be7a6ac30_379, v0x600be7a6ac30_380;
v0x600be7a6ac30_381 .array/port v0x600be7a6ac30, 381;
v0x600be7a6ac30_382 .array/port v0x600be7a6ac30, 382;
v0x600be7a6ac30_383 .array/port v0x600be7a6ac30, 383;
v0x600be7a6ac30_384 .array/port v0x600be7a6ac30, 384;
E_0x600be7a36800/96 .event edge, v0x600be7a6ac30_381, v0x600be7a6ac30_382, v0x600be7a6ac30_383, v0x600be7a6ac30_384;
v0x600be7a6ac30_385 .array/port v0x600be7a6ac30, 385;
v0x600be7a6ac30_386 .array/port v0x600be7a6ac30, 386;
v0x600be7a6ac30_387 .array/port v0x600be7a6ac30, 387;
v0x600be7a6ac30_388 .array/port v0x600be7a6ac30, 388;
E_0x600be7a36800/97 .event edge, v0x600be7a6ac30_385, v0x600be7a6ac30_386, v0x600be7a6ac30_387, v0x600be7a6ac30_388;
v0x600be7a6ac30_389 .array/port v0x600be7a6ac30, 389;
v0x600be7a6ac30_390 .array/port v0x600be7a6ac30, 390;
v0x600be7a6ac30_391 .array/port v0x600be7a6ac30, 391;
v0x600be7a6ac30_392 .array/port v0x600be7a6ac30, 392;
E_0x600be7a36800/98 .event edge, v0x600be7a6ac30_389, v0x600be7a6ac30_390, v0x600be7a6ac30_391, v0x600be7a6ac30_392;
v0x600be7a6ac30_393 .array/port v0x600be7a6ac30, 393;
v0x600be7a6ac30_394 .array/port v0x600be7a6ac30, 394;
v0x600be7a6ac30_395 .array/port v0x600be7a6ac30, 395;
v0x600be7a6ac30_396 .array/port v0x600be7a6ac30, 396;
E_0x600be7a36800/99 .event edge, v0x600be7a6ac30_393, v0x600be7a6ac30_394, v0x600be7a6ac30_395, v0x600be7a6ac30_396;
v0x600be7a6ac30_397 .array/port v0x600be7a6ac30, 397;
v0x600be7a6ac30_398 .array/port v0x600be7a6ac30, 398;
v0x600be7a6ac30_399 .array/port v0x600be7a6ac30, 399;
v0x600be7a6ac30_400 .array/port v0x600be7a6ac30, 400;
E_0x600be7a36800/100 .event edge, v0x600be7a6ac30_397, v0x600be7a6ac30_398, v0x600be7a6ac30_399, v0x600be7a6ac30_400;
v0x600be7a6ac30_401 .array/port v0x600be7a6ac30, 401;
v0x600be7a6ac30_402 .array/port v0x600be7a6ac30, 402;
v0x600be7a6ac30_403 .array/port v0x600be7a6ac30, 403;
v0x600be7a6ac30_404 .array/port v0x600be7a6ac30, 404;
E_0x600be7a36800/101 .event edge, v0x600be7a6ac30_401, v0x600be7a6ac30_402, v0x600be7a6ac30_403, v0x600be7a6ac30_404;
v0x600be7a6ac30_405 .array/port v0x600be7a6ac30, 405;
v0x600be7a6ac30_406 .array/port v0x600be7a6ac30, 406;
v0x600be7a6ac30_407 .array/port v0x600be7a6ac30, 407;
v0x600be7a6ac30_408 .array/port v0x600be7a6ac30, 408;
E_0x600be7a36800/102 .event edge, v0x600be7a6ac30_405, v0x600be7a6ac30_406, v0x600be7a6ac30_407, v0x600be7a6ac30_408;
v0x600be7a6ac30_409 .array/port v0x600be7a6ac30, 409;
v0x600be7a6ac30_410 .array/port v0x600be7a6ac30, 410;
v0x600be7a6ac30_411 .array/port v0x600be7a6ac30, 411;
v0x600be7a6ac30_412 .array/port v0x600be7a6ac30, 412;
E_0x600be7a36800/103 .event edge, v0x600be7a6ac30_409, v0x600be7a6ac30_410, v0x600be7a6ac30_411, v0x600be7a6ac30_412;
v0x600be7a6ac30_413 .array/port v0x600be7a6ac30, 413;
v0x600be7a6ac30_414 .array/port v0x600be7a6ac30, 414;
v0x600be7a6ac30_415 .array/port v0x600be7a6ac30, 415;
v0x600be7a6ac30_416 .array/port v0x600be7a6ac30, 416;
E_0x600be7a36800/104 .event edge, v0x600be7a6ac30_413, v0x600be7a6ac30_414, v0x600be7a6ac30_415, v0x600be7a6ac30_416;
v0x600be7a6ac30_417 .array/port v0x600be7a6ac30, 417;
v0x600be7a6ac30_418 .array/port v0x600be7a6ac30, 418;
v0x600be7a6ac30_419 .array/port v0x600be7a6ac30, 419;
v0x600be7a6ac30_420 .array/port v0x600be7a6ac30, 420;
E_0x600be7a36800/105 .event edge, v0x600be7a6ac30_417, v0x600be7a6ac30_418, v0x600be7a6ac30_419, v0x600be7a6ac30_420;
v0x600be7a6ac30_421 .array/port v0x600be7a6ac30, 421;
v0x600be7a6ac30_422 .array/port v0x600be7a6ac30, 422;
v0x600be7a6ac30_423 .array/port v0x600be7a6ac30, 423;
v0x600be7a6ac30_424 .array/port v0x600be7a6ac30, 424;
E_0x600be7a36800/106 .event edge, v0x600be7a6ac30_421, v0x600be7a6ac30_422, v0x600be7a6ac30_423, v0x600be7a6ac30_424;
v0x600be7a6ac30_425 .array/port v0x600be7a6ac30, 425;
v0x600be7a6ac30_426 .array/port v0x600be7a6ac30, 426;
v0x600be7a6ac30_427 .array/port v0x600be7a6ac30, 427;
v0x600be7a6ac30_428 .array/port v0x600be7a6ac30, 428;
E_0x600be7a36800/107 .event edge, v0x600be7a6ac30_425, v0x600be7a6ac30_426, v0x600be7a6ac30_427, v0x600be7a6ac30_428;
v0x600be7a6ac30_429 .array/port v0x600be7a6ac30, 429;
v0x600be7a6ac30_430 .array/port v0x600be7a6ac30, 430;
v0x600be7a6ac30_431 .array/port v0x600be7a6ac30, 431;
v0x600be7a6ac30_432 .array/port v0x600be7a6ac30, 432;
E_0x600be7a36800/108 .event edge, v0x600be7a6ac30_429, v0x600be7a6ac30_430, v0x600be7a6ac30_431, v0x600be7a6ac30_432;
v0x600be7a6ac30_433 .array/port v0x600be7a6ac30, 433;
v0x600be7a6ac30_434 .array/port v0x600be7a6ac30, 434;
v0x600be7a6ac30_435 .array/port v0x600be7a6ac30, 435;
v0x600be7a6ac30_436 .array/port v0x600be7a6ac30, 436;
E_0x600be7a36800/109 .event edge, v0x600be7a6ac30_433, v0x600be7a6ac30_434, v0x600be7a6ac30_435, v0x600be7a6ac30_436;
v0x600be7a6ac30_437 .array/port v0x600be7a6ac30, 437;
v0x600be7a6ac30_438 .array/port v0x600be7a6ac30, 438;
v0x600be7a6ac30_439 .array/port v0x600be7a6ac30, 439;
v0x600be7a6ac30_440 .array/port v0x600be7a6ac30, 440;
E_0x600be7a36800/110 .event edge, v0x600be7a6ac30_437, v0x600be7a6ac30_438, v0x600be7a6ac30_439, v0x600be7a6ac30_440;
v0x600be7a6ac30_441 .array/port v0x600be7a6ac30, 441;
v0x600be7a6ac30_442 .array/port v0x600be7a6ac30, 442;
v0x600be7a6ac30_443 .array/port v0x600be7a6ac30, 443;
v0x600be7a6ac30_444 .array/port v0x600be7a6ac30, 444;
E_0x600be7a36800/111 .event edge, v0x600be7a6ac30_441, v0x600be7a6ac30_442, v0x600be7a6ac30_443, v0x600be7a6ac30_444;
v0x600be7a6ac30_445 .array/port v0x600be7a6ac30, 445;
v0x600be7a6ac30_446 .array/port v0x600be7a6ac30, 446;
v0x600be7a6ac30_447 .array/port v0x600be7a6ac30, 447;
v0x600be7a6ac30_448 .array/port v0x600be7a6ac30, 448;
E_0x600be7a36800/112 .event edge, v0x600be7a6ac30_445, v0x600be7a6ac30_446, v0x600be7a6ac30_447, v0x600be7a6ac30_448;
v0x600be7a6ac30_449 .array/port v0x600be7a6ac30, 449;
v0x600be7a6ac30_450 .array/port v0x600be7a6ac30, 450;
v0x600be7a6ac30_451 .array/port v0x600be7a6ac30, 451;
v0x600be7a6ac30_452 .array/port v0x600be7a6ac30, 452;
E_0x600be7a36800/113 .event edge, v0x600be7a6ac30_449, v0x600be7a6ac30_450, v0x600be7a6ac30_451, v0x600be7a6ac30_452;
v0x600be7a6ac30_453 .array/port v0x600be7a6ac30, 453;
v0x600be7a6ac30_454 .array/port v0x600be7a6ac30, 454;
v0x600be7a6ac30_455 .array/port v0x600be7a6ac30, 455;
v0x600be7a6ac30_456 .array/port v0x600be7a6ac30, 456;
E_0x600be7a36800/114 .event edge, v0x600be7a6ac30_453, v0x600be7a6ac30_454, v0x600be7a6ac30_455, v0x600be7a6ac30_456;
v0x600be7a6ac30_457 .array/port v0x600be7a6ac30, 457;
v0x600be7a6ac30_458 .array/port v0x600be7a6ac30, 458;
v0x600be7a6ac30_459 .array/port v0x600be7a6ac30, 459;
v0x600be7a6ac30_460 .array/port v0x600be7a6ac30, 460;
E_0x600be7a36800/115 .event edge, v0x600be7a6ac30_457, v0x600be7a6ac30_458, v0x600be7a6ac30_459, v0x600be7a6ac30_460;
v0x600be7a6ac30_461 .array/port v0x600be7a6ac30, 461;
v0x600be7a6ac30_462 .array/port v0x600be7a6ac30, 462;
v0x600be7a6ac30_463 .array/port v0x600be7a6ac30, 463;
v0x600be7a6ac30_464 .array/port v0x600be7a6ac30, 464;
E_0x600be7a36800/116 .event edge, v0x600be7a6ac30_461, v0x600be7a6ac30_462, v0x600be7a6ac30_463, v0x600be7a6ac30_464;
v0x600be7a6ac30_465 .array/port v0x600be7a6ac30, 465;
v0x600be7a6ac30_466 .array/port v0x600be7a6ac30, 466;
v0x600be7a6ac30_467 .array/port v0x600be7a6ac30, 467;
v0x600be7a6ac30_468 .array/port v0x600be7a6ac30, 468;
E_0x600be7a36800/117 .event edge, v0x600be7a6ac30_465, v0x600be7a6ac30_466, v0x600be7a6ac30_467, v0x600be7a6ac30_468;
v0x600be7a6ac30_469 .array/port v0x600be7a6ac30, 469;
v0x600be7a6ac30_470 .array/port v0x600be7a6ac30, 470;
v0x600be7a6ac30_471 .array/port v0x600be7a6ac30, 471;
v0x600be7a6ac30_472 .array/port v0x600be7a6ac30, 472;
E_0x600be7a36800/118 .event edge, v0x600be7a6ac30_469, v0x600be7a6ac30_470, v0x600be7a6ac30_471, v0x600be7a6ac30_472;
v0x600be7a6ac30_473 .array/port v0x600be7a6ac30, 473;
v0x600be7a6ac30_474 .array/port v0x600be7a6ac30, 474;
v0x600be7a6ac30_475 .array/port v0x600be7a6ac30, 475;
v0x600be7a6ac30_476 .array/port v0x600be7a6ac30, 476;
E_0x600be7a36800/119 .event edge, v0x600be7a6ac30_473, v0x600be7a6ac30_474, v0x600be7a6ac30_475, v0x600be7a6ac30_476;
v0x600be7a6ac30_477 .array/port v0x600be7a6ac30, 477;
v0x600be7a6ac30_478 .array/port v0x600be7a6ac30, 478;
v0x600be7a6ac30_479 .array/port v0x600be7a6ac30, 479;
v0x600be7a6ac30_480 .array/port v0x600be7a6ac30, 480;
E_0x600be7a36800/120 .event edge, v0x600be7a6ac30_477, v0x600be7a6ac30_478, v0x600be7a6ac30_479, v0x600be7a6ac30_480;
v0x600be7a6ac30_481 .array/port v0x600be7a6ac30, 481;
v0x600be7a6ac30_482 .array/port v0x600be7a6ac30, 482;
v0x600be7a6ac30_483 .array/port v0x600be7a6ac30, 483;
v0x600be7a6ac30_484 .array/port v0x600be7a6ac30, 484;
E_0x600be7a36800/121 .event edge, v0x600be7a6ac30_481, v0x600be7a6ac30_482, v0x600be7a6ac30_483, v0x600be7a6ac30_484;
v0x600be7a6ac30_485 .array/port v0x600be7a6ac30, 485;
v0x600be7a6ac30_486 .array/port v0x600be7a6ac30, 486;
v0x600be7a6ac30_487 .array/port v0x600be7a6ac30, 487;
v0x600be7a6ac30_488 .array/port v0x600be7a6ac30, 488;
E_0x600be7a36800/122 .event edge, v0x600be7a6ac30_485, v0x600be7a6ac30_486, v0x600be7a6ac30_487, v0x600be7a6ac30_488;
v0x600be7a6ac30_489 .array/port v0x600be7a6ac30, 489;
v0x600be7a6ac30_490 .array/port v0x600be7a6ac30, 490;
v0x600be7a6ac30_491 .array/port v0x600be7a6ac30, 491;
v0x600be7a6ac30_492 .array/port v0x600be7a6ac30, 492;
E_0x600be7a36800/123 .event edge, v0x600be7a6ac30_489, v0x600be7a6ac30_490, v0x600be7a6ac30_491, v0x600be7a6ac30_492;
v0x600be7a6ac30_493 .array/port v0x600be7a6ac30, 493;
v0x600be7a6ac30_494 .array/port v0x600be7a6ac30, 494;
v0x600be7a6ac30_495 .array/port v0x600be7a6ac30, 495;
v0x600be7a6ac30_496 .array/port v0x600be7a6ac30, 496;
E_0x600be7a36800/124 .event edge, v0x600be7a6ac30_493, v0x600be7a6ac30_494, v0x600be7a6ac30_495, v0x600be7a6ac30_496;
v0x600be7a6ac30_497 .array/port v0x600be7a6ac30, 497;
v0x600be7a6ac30_498 .array/port v0x600be7a6ac30, 498;
v0x600be7a6ac30_499 .array/port v0x600be7a6ac30, 499;
v0x600be7a6ac30_500 .array/port v0x600be7a6ac30, 500;
E_0x600be7a36800/125 .event edge, v0x600be7a6ac30_497, v0x600be7a6ac30_498, v0x600be7a6ac30_499, v0x600be7a6ac30_500;
v0x600be7a6ac30_501 .array/port v0x600be7a6ac30, 501;
v0x600be7a6ac30_502 .array/port v0x600be7a6ac30, 502;
v0x600be7a6ac30_503 .array/port v0x600be7a6ac30, 503;
v0x600be7a6ac30_504 .array/port v0x600be7a6ac30, 504;
E_0x600be7a36800/126 .event edge, v0x600be7a6ac30_501, v0x600be7a6ac30_502, v0x600be7a6ac30_503, v0x600be7a6ac30_504;
v0x600be7a6ac30_505 .array/port v0x600be7a6ac30, 505;
v0x600be7a6ac30_506 .array/port v0x600be7a6ac30, 506;
v0x600be7a6ac30_507 .array/port v0x600be7a6ac30, 507;
v0x600be7a6ac30_508 .array/port v0x600be7a6ac30, 508;
E_0x600be7a36800/127 .event edge, v0x600be7a6ac30_505, v0x600be7a6ac30_506, v0x600be7a6ac30_507, v0x600be7a6ac30_508;
v0x600be7a6ac30_509 .array/port v0x600be7a6ac30, 509;
v0x600be7a6ac30_510 .array/port v0x600be7a6ac30, 510;
v0x600be7a6ac30_511 .array/port v0x600be7a6ac30, 511;
v0x600be7a6ac30_512 .array/port v0x600be7a6ac30, 512;
E_0x600be7a36800/128 .event edge, v0x600be7a6ac30_509, v0x600be7a6ac30_510, v0x600be7a6ac30_511, v0x600be7a6ac30_512;
v0x600be7a6ac30_513 .array/port v0x600be7a6ac30, 513;
v0x600be7a6ac30_514 .array/port v0x600be7a6ac30, 514;
v0x600be7a6ac30_515 .array/port v0x600be7a6ac30, 515;
v0x600be7a6ac30_516 .array/port v0x600be7a6ac30, 516;
E_0x600be7a36800/129 .event edge, v0x600be7a6ac30_513, v0x600be7a6ac30_514, v0x600be7a6ac30_515, v0x600be7a6ac30_516;
v0x600be7a6ac30_517 .array/port v0x600be7a6ac30, 517;
v0x600be7a6ac30_518 .array/port v0x600be7a6ac30, 518;
v0x600be7a6ac30_519 .array/port v0x600be7a6ac30, 519;
v0x600be7a6ac30_520 .array/port v0x600be7a6ac30, 520;
E_0x600be7a36800/130 .event edge, v0x600be7a6ac30_517, v0x600be7a6ac30_518, v0x600be7a6ac30_519, v0x600be7a6ac30_520;
v0x600be7a6ac30_521 .array/port v0x600be7a6ac30, 521;
v0x600be7a6ac30_522 .array/port v0x600be7a6ac30, 522;
v0x600be7a6ac30_523 .array/port v0x600be7a6ac30, 523;
v0x600be7a6ac30_524 .array/port v0x600be7a6ac30, 524;
E_0x600be7a36800/131 .event edge, v0x600be7a6ac30_521, v0x600be7a6ac30_522, v0x600be7a6ac30_523, v0x600be7a6ac30_524;
v0x600be7a6ac30_525 .array/port v0x600be7a6ac30, 525;
v0x600be7a6ac30_526 .array/port v0x600be7a6ac30, 526;
v0x600be7a6ac30_527 .array/port v0x600be7a6ac30, 527;
v0x600be7a6ac30_528 .array/port v0x600be7a6ac30, 528;
E_0x600be7a36800/132 .event edge, v0x600be7a6ac30_525, v0x600be7a6ac30_526, v0x600be7a6ac30_527, v0x600be7a6ac30_528;
v0x600be7a6ac30_529 .array/port v0x600be7a6ac30, 529;
v0x600be7a6ac30_530 .array/port v0x600be7a6ac30, 530;
v0x600be7a6ac30_531 .array/port v0x600be7a6ac30, 531;
v0x600be7a6ac30_532 .array/port v0x600be7a6ac30, 532;
E_0x600be7a36800/133 .event edge, v0x600be7a6ac30_529, v0x600be7a6ac30_530, v0x600be7a6ac30_531, v0x600be7a6ac30_532;
v0x600be7a6ac30_533 .array/port v0x600be7a6ac30, 533;
v0x600be7a6ac30_534 .array/port v0x600be7a6ac30, 534;
v0x600be7a6ac30_535 .array/port v0x600be7a6ac30, 535;
v0x600be7a6ac30_536 .array/port v0x600be7a6ac30, 536;
E_0x600be7a36800/134 .event edge, v0x600be7a6ac30_533, v0x600be7a6ac30_534, v0x600be7a6ac30_535, v0x600be7a6ac30_536;
v0x600be7a6ac30_537 .array/port v0x600be7a6ac30, 537;
v0x600be7a6ac30_538 .array/port v0x600be7a6ac30, 538;
v0x600be7a6ac30_539 .array/port v0x600be7a6ac30, 539;
v0x600be7a6ac30_540 .array/port v0x600be7a6ac30, 540;
E_0x600be7a36800/135 .event edge, v0x600be7a6ac30_537, v0x600be7a6ac30_538, v0x600be7a6ac30_539, v0x600be7a6ac30_540;
v0x600be7a6ac30_541 .array/port v0x600be7a6ac30, 541;
v0x600be7a6ac30_542 .array/port v0x600be7a6ac30, 542;
v0x600be7a6ac30_543 .array/port v0x600be7a6ac30, 543;
v0x600be7a6ac30_544 .array/port v0x600be7a6ac30, 544;
E_0x600be7a36800/136 .event edge, v0x600be7a6ac30_541, v0x600be7a6ac30_542, v0x600be7a6ac30_543, v0x600be7a6ac30_544;
v0x600be7a6ac30_545 .array/port v0x600be7a6ac30, 545;
v0x600be7a6ac30_546 .array/port v0x600be7a6ac30, 546;
v0x600be7a6ac30_547 .array/port v0x600be7a6ac30, 547;
v0x600be7a6ac30_548 .array/port v0x600be7a6ac30, 548;
E_0x600be7a36800/137 .event edge, v0x600be7a6ac30_545, v0x600be7a6ac30_546, v0x600be7a6ac30_547, v0x600be7a6ac30_548;
v0x600be7a6ac30_549 .array/port v0x600be7a6ac30, 549;
v0x600be7a6ac30_550 .array/port v0x600be7a6ac30, 550;
v0x600be7a6ac30_551 .array/port v0x600be7a6ac30, 551;
v0x600be7a6ac30_552 .array/port v0x600be7a6ac30, 552;
E_0x600be7a36800/138 .event edge, v0x600be7a6ac30_549, v0x600be7a6ac30_550, v0x600be7a6ac30_551, v0x600be7a6ac30_552;
v0x600be7a6ac30_553 .array/port v0x600be7a6ac30, 553;
v0x600be7a6ac30_554 .array/port v0x600be7a6ac30, 554;
v0x600be7a6ac30_555 .array/port v0x600be7a6ac30, 555;
v0x600be7a6ac30_556 .array/port v0x600be7a6ac30, 556;
E_0x600be7a36800/139 .event edge, v0x600be7a6ac30_553, v0x600be7a6ac30_554, v0x600be7a6ac30_555, v0x600be7a6ac30_556;
v0x600be7a6ac30_557 .array/port v0x600be7a6ac30, 557;
v0x600be7a6ac30_558 .array/port v0x600be7a6ac30, 558;
v0x600be7a6ac30_559 .array/port v0x600be7a6ac30, 559;
v0x600be7a6ac30_560 .array/port v0x600be7a6ac30, 560;
E_0x600be7a36800/140 .event edge, v0x600be7a6ac30_557, v0x600be7a6ac30_558, v0x600be7a6ac30_559, v0x600be7a6ac30_560;
v0x600be7a6ac30_561 .array/port v0x600be7a6ac30, 561;
v0x600be7a6ac30_562 .array/port v0x600be7a6ac30, 562;
v0x600be7a6ac30_563 .array/port v0x600be7a6ac30, 563;
v0x600be7a6ac30_564 .array/port v0x600be7a6ac30, 564;
E_0x600be7a36800/141 .event edge, v0x600be7a6ac30_561, v0x600be7a6ac30_562, v0x600be7a6ac30_563, v0x600be7a6ac30_564;
v0x600be7a6ac30_565 .array/port v0x600be7a6ac30, 565;
v0x600be7a6ac30_566 .array/port v0x600be7a6ac30, 566;
v0x600be7a6ac30_567 .array/port v0x600be7a6ac30, 567;
v0x600be7a6ac30_568 .array/port v0x600be7a6ac30, 568;
E_0x600be7a36800/142 .event edge, v0x600be7a6ac30_565, v0x600be7a6ac30_566, v0x600be7a6ac30_567, v0x600be7a6ac30_568;
v0x600be7a6ac30_569 .array/port v0x600be7a6ac30, 569;
v0x600be7a6ac30_570 .array/port v0x600be7a6ac30, 570;
v0x600be7a6ac30_571 .array/port v0x600be7a6ac30, 571;
v0x600be7a6ac30_572 .array/port v0x600be7a6ac30, 572;
E_0x600be7a36800/143 .event edge, v0x600be7a6ac30_569, v0x600be7a6ac30_570, v0x600be7a6ac30_571, v0x600be7a6ac30_572;
v0x600be7a6ac30_573 .array/port v0x600be7a6ac30, 573;
v0x600be7a6ac30_574 .array/port v0x600be7a6ac30, 574;
v0x600be7a6ac30_575 .array/port v0x600be7a6ac30, 575;
v0x600be7a6ac30_576 .array/port v0x600be7a6ac30, 576;
E_0x600be7a36800/144 .event edge, v0x600be7a6ac30_573, v0x600be7a6ac30_574, v0x600be7a6ac30_575, v0x600be7a6ac30_576;
v0x600be7a6ac30_577 .array/port v0x600be7a6ac30, 577;
v0x600be7a6ac30_578 .array/port v0x600be7a6ac30, 578;
v0x600be7a6ac30_579 .array/port v0x600be7a6ac30, 579;
v0x600be7a6ac30_580 .array/port v0x600be7a6ac30, 580;
E_0x600be7a36800/145 .event edge, v0x600be7a6ac30_577, v0x600be7a6ac30_578, v0x600be7a6ac30_579, v0x600be7a6ac30_580;
v0x600be7a6ac30_581 .array/port v0x600be7a6ac30, 581;
v0x600be7a6ac30_582 .array/port v0x600be7a6ac30, 582;
v0x600be7a6ac30_583 .array/port v0x600be7a6ac30, 583;
v0x600be7a6ac30_584 .array/port v0x600be7a6ac30, 584;
E_0x600be7a36800/146 .event edge, v0x600be7a6ac30_581, v0x600be7a6ac30_582, v0x600be7a6ac30_583, v0x600be7a6ac30_584;
v0x600be7a6ac30_585 .array/port v0x600be7a6ac30, 585;
v0x600be7a6ac30_586 .array/port v0x600be7a6ac30, 586;
v0x600be7a6ac30_587 .array/port v0x600be7a6ac30, 587;
v0x600be7a6ac30_588 .array/port v0x600be7a6ac30, 588;
E_0x600be7a36800/147 .event edge, v0x600be7a6ac30_585, v0x600be7a6ac30_586, v0x600be7a6ac30_587, v0x600be7a6ac30_588;
v0x600be7a6ac30_589 .array/port v0x600be7a6ac30, 589;
v0x600be7a6ac30_590 .array/port v0x600be7a6ac30, 590;
v0x600be7a6ac30_591 .array/port v0x600be7a6ac30, 591;
v0x600be7a6ac30_592 .array/port v0x600be7a6ac30, 592;
E_0x600be7a36800/148 .event edge, v0x600be7a6ac30_589, v0x600be7a6ac30_590, v0x600be7a6ac30_591, v0x600be7a6ac30_592;
v0x600be7a6ac30_593 .array/port v0x600be7a6ac30, 593;
v0x600be7a6ac30_594 .array/port v0x600be7a6ac30, 594;
v0x600be7a6ac30_595 .array/port v0x600be7a6ac30, 595;
v0x600be7a6ac30_596 .array/port v0x600be7a6ac30, 596;
E_0x600be7a36800/149 .event edge, v0x600be7a6ac30_593, v0x600be7a6ac30_594, v0x600be7a6ac30_595, v0x600be7a6ac30_596;
v0x600be7a6ac30_597 .array/port v0x600be7a6ac30, 597;
v0x600be7a6ac30_598 .array/port v0x600be7a6ac30, 598;
v0x600be7a6ac30_599 .array/port v0x600be7a6ac30, 599;
v0x600be7a6ac30_600 .array/port v0x600be7a6ac30, 600;
E_0x600be7a36800/150 .event edge, v0x600be7a6ac30_597, v0x600be7a6ac30_598, v0x600be7a6ac30_599, v0x600be7a6ac30_600;
v0x600be7a6ac30_601 .array/port v0x600be7a6ac30, 601;
v0x600be7a6ac30_602 .array/port v0x600be7a6ac30, 602;
v0x600be7a6ac30_603 .array/port v0x600be7a6ac30, 603;
v0x600be7a6ac30_604 .array/port v0x600be7a6ac30, 604;
E_0x600be7a36800/151 .event edge, v0x600be7a6ac30_601, v0x600be7a6ac30_602, v0x600be7a6ac30_603, v0x600be7a6ac30_604;
v0x600be7a6ac30_605 .array/port v0x600be7a6ac30, 605;
v0x600be7a6ac30_606 .array/port v0x600be7a6ac30, 606;
v0x600be7a6ac30_607 .array/port v0x600be7a6ac30, 607;
v0x600be7a6ac30_608 .array/port v0x600be7a6ac30, 608;
E_0x600be7a36800/152 .event edge, v0x600be7a6ac30_605, v0x600be7a6ac30_606, v0x600be7a6ac30_607, v0x600be7a6ac30_608;
v0x600be7a6ac30_609 .array/port v0x600be7a6ac30, 609;
v0x600be7a6ac30_610 .array/port v0x600be7a6ac30, 610;
v0x600be7a6ac30_611 .array/port v0x600be7a6ac30, 611;
v0x600be7a6ac30_612 .array/port v0x600be7a6ac30, 612;
E_0x600be7a36800/153 .event edge, v0x600be7a6ac30_609, v0x600be7a6ac30_610, v0x600be7a6ac30_611, v0x600be7a6ac30_612;
v0x600be7a6ac30_613 .array/port v0x600be7a6ac30, 613;
v0x600be7a6ac30_614 .array/port v0x600be7a6ac30, 614;
v0x600be7a6ac30_615 .array/port v0x600be7a6ac30, 615;
v0x600be7a6ac30_616 .array/port v0x600be7a6ac30, 616;
E_0x600be7a36800/154 .event edge, v0x600be7a6ac30_613, v0x600be7a6ac30_614, v0x600be7a6ac30_615, v0x600be7a6ac30_616;
v0x600be7a6ac30_617 .array/port v0x600be7a6ac30, 617;
v0x600be7a6ac30_618 .array/port v0x600be7a6ac30, 618;
v0x600be7a6ac30_619 .array/port v0x600be7a6ac30, 619;
v0x600be7a6ac30_620 .array/port v0x600be7a6ac30, 620;
E_0x600be7a36800/155 .event edge, v0x600be7a6ac30_617, v0x600be7a6ac30_618, v0x600be7a6ac30_619, v0x600be7a6ac30_620;
v0x600be7a6ac30_621 .array/port v0x600be7a6ac30, 621;
v0x600be7a6ac30_622 .array/port v0x600be7a6ac30, 622;
v0x600be7a6ac30_623 .array/port v0x600be7a6ac30, 623;
v0x600be7a6ac30_624 .array/port v0x600be7a6ac30, 624;
E_0x600be7a36800/156 .event edge, v0x600be7a6ac30_621, v0x600be7a6ac30_622, v0x600be7a6ac30_623, v0x600be7a6ac30_624;
v0x600be7a6ac30_625 .array/port v0x600be7a6ac30, 625;
v0x600be7a6ac30_626 .array/port v0x600be7a6ac30, 626;
v0x600be7a6ac30_627 .array/port v0x600be7a6ac30, 627;
v0x600be7a6ac30_628 .array/port v0x600be7a6ac30, 628;
E_0x600be7a36800/157 .event edge, v0x600be7a6ac30_625, v0x600be7a6ac30_626, v0x600be7a6ac30_627, v0x600be7a6ac30_628;
v0x600be7a6ac30_629 .array/port v0x600be7a6ac30, 629;
v0x600be7a6ac30_630 .array/port v0x600be7a6ac30, 630;
v0x600be7a6ac30_631 .array/port v0x600be7a6ac30, 631;
v0x600be7a6ac30_632 .array/port v0x600be7a6ac30, 632;
E_0x600be7a36800/158 .event edge, v0x600be7a6ac30_629, v0x600be7a6ac30_630, v0x600be7a6ac30_631, v0x600be7a6ac30_632;
v0x600be7a6ac30_633 .array/port v0x600be7a6ac30, 633;
v0x600be7a6ac30_634 .array/port v0x600be7a6ac30, 634;
v0x600be7a6ac30_635 .array/port v0x600be7a6ac30, 635;
v0x600be7a6ac30_636 .array/port v0x600be7a6ac30, 636;
E_0x600be7a36800/159 .event edge, v0x600be7a6ac30_633, v0x600be7a6ac30_634, v0x600be7a6ac30_635, v0x600be7a6ac30_636;
v0x600be7a6ac30_637 .array/port v0x600be7a6ac30, 637;
v0x600be7a6ac30_638 .array/port v0x600be7a6ac30, 638;
v0x600be7a6ac30_639 .array/port v0x600be7a6ac30, 639;
v0x600be7a6ac30_640 .array/port v0x600be7a6ac30, 640;
E_0x600be7a36800/160 .event edge, v0x600be7a6ac30_637, v0x600be7a6ac30_638, v0x600be7a6ac30_639, v0x600be7a6ac30_640;
v0x600be7a6ac30_641 .array/port v0x600be7a6ac30, 641;
v0x600be7a6ac30_642 .array/port v0x600be7a6ac30, 642;
v0x600be7a6ac30_643 .array/port v0x600be7a6ac30, 643;
v0x600be7a6ac30_644 .array/port v0x600be7a6ac30, 644;
E_0x600be7a36800/161 .event edge, v0x600be7a6ac30_641, v0x600be7a6ac30_642, v0x600be7a6ac30_643, v0x600be7a6ac30_644;
v0x600be7a6ac30_645 .array/port v0x600be7a6ac30, 645;
v0x600be7a6ac30_646 .array/port v0x600be7a6ac30, 646;
v0x600be7a6ac30_647 .array/port v0x600be7a6ac30, 647;
v0x600be7a6ac30_648 .array/port v0x600be7a6ac30, 648;
E_0x600be7a36800/162 .event edge, v0x600be7a6ac30_645, v0x600be7a6ac30_646, v0x600be7a6ac30_647, v0x600be7a6ac30_648;
v0x600be7a6ac30_649 .array/port v0x600be7a6ac30, 649;
v0x600be7a6ac30_650 .array/port v0x600be7a6ac30, 650;
v0x600be7a6ac30_651 .array/port v0x600be7a6ac30, 651;
v0x600be7a6ac30_652 .array/port v0x600be7a6ac30, 652;
E_0x600be7a36800/163 .event edge, v0x600be7a6ac30_649, v0x600be7a6ac30_650, v0x600be7a6ac30_651, v0x600be7a6ac30_652;
v0x600be7a6ac30_653 .array/port v0x600be7a6ac30, 653;
v0x600be7a6ac30_654 .array/port v0x600be7a6ac30, 654;
v0x600be7a6ac30_655 .array/port v0x600be7a6ac30, 655;
v0x600be7a6ac30_656 .array/port v0x600be7a6ac30, 656;
E_0x600be7a36800/164 .event edge, v0x600be7a6ac30_653, v0x600be7a6ac30_654, v0x600be7a6ac30_655, v0x600be7a6ac30_656;
v0x600be7a6ac30_657 .array/port v0x600be7a6ac30, 657;
v0x600be7a6ac30_658 .array/port v0x600be7a6ac30, 658;
v0x600be7a6ac30_659 .array/port v0x600be7a6ac30, 659;
v0x600be7a6ac30_660 .array/port v0x600be7a6ac30, 660;
E_0x600be7a36800/165 .event edge, v0x600be7a6ac30_657, v0x600be7a6ac30_658, v0x600be7a6ac30_659, v0x600be7a6ac30_660;
v0x600be7a6ac30_661 .array/port v0x600be7a6ac30, 661;
v0x600be7a6ac30_662 .array/port v0x600be7a6ac30, 662;
v0x600be7a6ac30_663 .array/port v0x600be7a6ac30, 663;
v0x600be7a6ac30_664 .array/port v0x600be7a6ac30, 664;
E_0x600be7a36800/166 .event edge, v0x600be7a6ac30_661, v0x600be7a6ac30_662, v0x600be7a6ac30_663, v0x600be7a6ac30_664;
v0x600be7a6ac30_665 .array/port v0x600be7a6ac30, 665;
v0x600be7a6ac30_666 .array/port v0x600be7a6ac30, 666;
v0x600be7a6ac30_667 .array/port v0x600be7a6ac30, 667;
v0x600be7a6ac30_668 .array/port v0x600be7a6ac30, 668;
E_0x600be7a36800/167 .event edge, v0x600be7a6ac30_665, v0x600be7a6ac30_666, v0x600be7a6ac30_667, v0x600be7a6ac30_668;
v0x600be7a6ac30_669 .array/port v0x600be7a6ac30, 669;
v0x600be7a6ac30_670 .array/port v0x600be7a6ac30, 670;
v0x600be7a6ac30_671 .array/port v0x600be7a6ac30, 671;
v0x600be7a6ac30_672 .array/port v0x600be7a6ac30, 672;
E_0x600be7a36800/168 .event edge, v0x600be7a6ac30_669, v0x600be7a6ac30_670, v0x600be7a6ac30_671, v0x600be7a6ac30_672;
v0x600be7a6ac30_673 .array/port v0x600be7a6ac30, 673;
v0x600be7a6ac30_674 .array/port v0x600be7a6ac30, 674;
v0x600be7a6ac30_675 .array/port v0x600be7a6ac30, 675;
v0x600be7a6ac30_676 .array/port v0x600be7a6ac30, 676;
E_0x600be7a36800/169 .event edge, v0x600be7a6ac30_673, v0x600be7a6ac30_674, v0x600be7a6ac30_675, v0x600be7a6ac30_676;
v0x600be7a6ac30_677 .array/port v0x600be7a6ac30, 677;
v0x600be7a6ac30_678 .array/port v0x600be7a6ac30, 678;
v0x600be7a6ac30_679 .array/port v0x600be7a6ac30, 679;
v0x600be7a6ac30_680 .array/port v0x600be7a6ac30, 680;
E_0x600be7a36800/170 .event edge, v0x600be7a6ac30_677, v0x600be7a6ac30_678, v0x600be7a6ac30_679, v0x600be7a6ac30_680;
v0x600be7a6ac30_681 .array/port v0x600be7a6ac30, 681;
v0x600be7a6ac30_682 .array/port v0x600be7a6ac30, 682;
v0x600be7a6ac30_683 .array/port v0x600be7a6ac30, 683;
v0x600be7a6ac30_684 .array/port v0x600be7a6ac30, 684;
E_0x600be7a36800/171 .event edge, v0x600be7a6ac30_681, v0x600be7a6ac30_682, v0x600be7a6ac30_683, v0x600be7a6ac30_684;
v0x600be7a6ac30_685 .array/port v0x600be7a6ac30, 685;
v0x600be7a6ac30_686 .array/port v0x600be7a6ac30, 686;
v0x600be7a6ac30_687 .array/port v0x600be7a6ac30, 687;
v0x600be7a6ac30_688 .array/port v0x600be7a6ac30, 688;
E_0x600be7a36800/172 .event edge, v0x600be7a6ac30_685, v0x600be7a6ac30_686, v0x600be7a6ac30_687, v0x600be7a6ac30_688;
v0x600be7a6ac30_689 .array/port v0x600be7a6ac30, 689;
v0x600be7a6ac30_690 .array/port v0x600be7a6ac30, 690;
v0x600be7a6ac30_691 .array/port v0x600be7a6ac30, 691;
v0x600be7a6ac30_692 .array/port v0x600be7a6ac30, 692;
E_0x600be7a36800/173 .event edge, v0x600be7a6ac30_689, v0x600be7a6ac30_690, v0x600be7a6ac30_691, v0x600be7a6ac30_692;
v0x600be7a6ac30_693 .array/port v0x600be7a6ac30, 693;
v0x600be7a6ac30_694 .array/port v0x600be7a6ac30, 694;
v0x600be7a6ac30_695 .array/port v0x600be7a6ac30, 695;
v0x600be7a6ac30_696 .array/port v0x600be7a6ac30, 696;
E_0x600be7a36800/174 .event edge, v0x600be7a6ac30_693, v0x600be7a6ac30_694, v0x600be7a6ac30_695, v0x600be7a6ac30_696;
v0x600be7a6ac30_697 .array/port v0x600be7a6ac30, 697;
v0x600be7a6ac30_698 .array/port v0x600be7a6ac30, 698;
v0x600be7a6ac30_699 .array/port v0x600be7a6ac30, 699;
v0x600be7a6ac30_700 .array/port v0x600be7a6ac30, 700;
E_0x600be7a36800/175 .event edge, v0x600be7a6ac30_697, v0x600be7a6ac30_698, v0x600be7a6ac30_699, v0x600be7a6ac30_700;
v0x600be7a6ac30_701 .array/port v0x600be7a6ac30, 701;
v0x600be7a6ac30_702 .array/port v0x600be7a6ac30, 702;
v0x600be7a6ac30_703 .array/port v0x600be7a6ac30, 703;
v0x600be7a6ac30_704 .array/port v0x600be7a6ac30, 704;
E_0x600be7a36800/176 .event edge, v0x600be7a6ac30_701, v0x600be7a6ac30_702, v0x600be7a6ac30_703, v0x600be7a6ac30_704;
v0x600be7a6ac30_705 .array/port v0x600be7a6ac30, 705;
v0x600be7a6ac30_706 .array/port v0x600be7a6ac30, 706;
v0x600be7a6ac30_707 .array/port v0x600be7a6ac30, 707;
v0x600be7a6ac30_708 .array/port v0x600be7a6ac30, 708;
E_0x600be7a36800/177 .event edge, v0x600be7a6ac30_705, v0x600be7a6ac30_706, v0x600be7a6ac30_707, v0x600be7a6ac30_708;
v0x600be7a6ac30_709 .array/port v0x600be7a6ac30, 709;
v0x600be7a6ac30_710 .array/port v0x600be7a6ac30, 710;
v0x600be7a6ac30_711 .array/port v0x600be7a6ac30, 711;
v0x600be7a6ac30_712 .array/port v0x600be7a6ac30, 712;
E_0x600be7a36800/178 .event edge, v0x600be7a6ac30_709, v0x600be7a6ac30_710, v0x600be7a6ac30_711, v0x600be7a6ac30_712;
v0x600be7a6ac30_713 .array/port v0x600be7a6ac30, 713;
v0x600be7a6ac30_714 .array/port v0x600be7a6ac30, 714;
v0x600be7a6ac30_715 .array/port v0x600be7a6ac30, 715;
v0x600be7a6ac30_716 .array/port v0x600be7a6ac30, 716;
E_0x600be7a36800/179 .event edge, v0x600be7a6ac30_713, v0x600be7a6ac30_714, v0x600be7a6ac30_715, v0x600be7a6ac30_716;
v0x600be7a6ac30_717 .array/port v0x600be7a6ac30, 717;
v0x600be7a6ac30_718 .array/port v0x600be7a6ac30, 718;
v0x600be7a6ac30_719 .array/port v0x600be7a6ac30, 719;
v0x600be7a6ac30_720 .array/port v0x600be7a6ac30, 720;
E_0x600be7a36800/180 .event edge, v0x600be7a6ac30_717, v0x600be7a6ac30_718, v0x600be7a6ac30_719, v0x600be7a6ac30_720;
v0x600be7a6ac30_721 .array/port v0x600be7a6ac30, 721;
v0x600be7a6ac30_722 .array/port v0x600be7a6ac30, 722;
v0x600be7a6ac30_723 .array/port v0x600be7a6ac30, 723;
v0x600be7a6ac30_724 .array/port v0x600be7a6ac30, 724;
E_0x600be7a36800/181 .event edge, v0x600be7a6ac30_721, v0x600be7a6ac30_722, v0x600be7a6ac30_723, v0x600be7a6ac30_724;
v0x600be7a6ac30_725 .array/port v0x600be7a6ac30, 725;
v0x600be7a6ac30_726 .array/port v0x600be7a6ac30, 726;
v0x600be7a6ac30_727 .array/port v0x600be7a6ac30, 727;
v0x600be7a6ac30_728 .array/port v0x600be7a6ac30, 728;
E_0x600be7a36800/182 .event edge, v0x600be7a6ac30_725, v0x600be7a6ac30_726, v0x600be7a6ac30_727, v0x600be7a6ac30_728;
v0x600be7a6ac30_729 .array/port v0x600be7a6ac30, 729;
v0x600be7a6ac30_730 .array/port v0x600be7a6ac30, 730;
v0x600be7a6ac30_731 .array/port v0x600be7a6ac30, 731;
v0x600be7a6ac30_732 .array/port v0x600be7a6ac30, 732;
E_0x600be7a36800/183 .event edge, v0x600be7a6ac30_729, v0x600be7a6ac30_730, v0x600be7a6ac30_731, v0x600be7a6ac30_732;
v0x600be7a6ac30_733 .array/port v0x600be7a6ac30, 733;
v0x600be7a6ac30_734 .array/port v0x600be7a6ac30, 734;
v0x600be7a6ac30_735 .array/port v0x600be7a6ac30, 735;
v0x600be7a6ac30_736 .array/port v0x600be7a6ac30, 736;
E_0x600be7a36800/184 .event edge, v0x600be7a6ac30_733, v0x600be7a6ac30_734, v0x600be7a6ac30_735, v0x600be7a6ac30_736;
v0x600be7a6ac30_737 .array/port v0x600be7a6ac30, 737;
v0x600be7a6ac30_738 .array/port v0x600be7a6ac30, 738;
v0x600be7a6ac30_739 .array/port v0x600be7a6ac30, 739;
v0x600be7a6ac30_740 .array/port v0x600be7a6ac30, 740;
E_0x600be7a36800/185 .event edge, v0x600be7a6ac30_737, v0x600be7a6ac30_738, v0x600be7a6ac30_739, v0x600be7a6ac30_740;
v0x600be7a6ac30_741 .array/port v0x600be7a6ac30, 741;
v0x600be7a6ac30_742 .array/port v0x600be7a6ac30, 742;
v0x600be7a6ac30_743 .array/port v0x600be7a6ac30, 743;
v0x600be7a6ac30_744 .array/port v0x600be7a6ac30, 744;
E_0x600be7a36800/186 .event edge, v0x600be7a6ac30_741, v0x600be7a6ac30_742, v0x600be7a6ac30_743, v0x600be7a6ac30_744;
v0x600be7a6ac30_745 .array/port v0x600be7a6ac30, 745;
v0x600be7a6ac30_746 .array/port v0x600be7a6ac30, 746;
v0x600be7a6ac30_747 .array/port v0x600be7a6ac30, 747;
v0x600be7a6ac30_748 .array/port v0x600be7a6ac30, 748;
E_0x600be7a36800/187 .event edge, v0x600be7a6ac30_745, v0x600be7a6ac30_746, v0x600be7a6ac30_747, v0x600be7a6ac30_748;
v0x600be7a6ac30_749 .array/port v0x600be7a6ac30, 749;
v0x600be7a6ac30_750 .array/port v0x600be7a6ac30, 750;
v0x600be7a6ac30_751 .array/port v0x600be7a6ac30, 751;
v0x600be7a6ac30_752 .array/port v0x600be7a6ac30, 752;
E_0x600be7a36800/188 .event edge, v0x600be7a6ac30_749, v0x600be7a6ac30_750, v0x600be7a6ac30_751, v0x600be7a6ac30_752;
v0x600be7a6ac30_753 .array/port v0x600be7a6ac30, 753;
v0x600be7a6ac30_754 .array/port v0x600be7a6ac30, 754;
v0x600be7a6ac30_755 .array/port v0x600be7a6ac30, 755;
v0x600be7a6ac30_756 .array/port v0x600be7a6ac30, 756;
E_0x600be7a36800/189 .event edge, v0x600be7a6ac30_753, v0x600be7a6ac30_754, v0x600be7a6ac30_755, v0x600be7a6ac30_756;
v0x600be7a6ac30_757 .array/port v0x600be7a6ac30, 757;
v0x600be7a6ac30_758 .array/port v0x600be7a6ac30, 758;
v0x600be7a6ac30_759 .array/port v0x600be7a6ac30, 759;
v0x600be7a6ac30_760 .array/port v0x600be7a6ac30, 760;
E_0x600be7a36800/190 .event edge, v0x600be7a6ac30_757, v0x600be7a6ac30_758, v0x600be7a6ac30_759, v0x600be7a6ac30_760;
v0x600be7a6ac30_761 .array/port v0x600be7a6ac30, 761;
v0x600be7a6ac30_762 .array/port v0x600be7a6ac30, 762;
v0x600be7a6ac30_763 .array/port v0x600be7a6ac30, 763;
v0x600be7a6ac30_764 .array/port v0x600be7a6ac30, 764;
E_0x600be7a36800/191 .event edge, v0x600be7a6ac30_761, v0x600be7a6ac30_762, v0x600be7a6ac30_763, v0x600be7a6ac30_764;
v0x600be7a6ac30_765 .array/port v0x600be7a6ac30, 765;
v0x600be7a6ac30_766 .array/port v0x600be7a6ac30, 766;
v0x600be7a6ac30_767 .array/port v0x600be7a6ac30, 767;
v0x600be7a6ac30_768 .array/port v0x600be7a6ac30, 768;
E_0x600be7a36800/192 .event edge, v0x600be7a6ac30_765, v0x600be7a6ac30_766, v0x600be7a6ac30_767, v0x600be7a6ac30_768;
v0x600be7a6ac30_769 .array/port v0x600be7a6ac30, 769;
v0x600be7a6ac30_770 .array/port v0x600be7a6ac30, 770;
v0x600be7a6ac30_771 .array/port v0x600be7a6ac30, 771;
v0x600be7a6ac30_772 .array/port v0x600be7a6ac30, 772;
E_0x600be7a36800/193 .event edge, v0x600be7a6ac30_769, v0x600be7a6ac30_770, v0x600be7a6ac30_771, v0x600be7a6ac30_772;
v0x600be7a6ac30_773 .array/port v0x600be7a6ac30, 773;
v0x600be7a6ac30_774 .array/port v0x600be7a6ac30, 774;
v0x600be7a6ac30_775 .array/port v0x600be7a6ac30, 775;
v0x600be7a6ac30_776 .array/port v0x600be7a6ac30, 776;
E_0x600be7a36800/194 .event edge, v0x600be7a6ac30_773, v0x600be7a6ac30_774, v0x600be7a6ac30_775, v0x600be7a6ac30_776;
v0x600be7a6ac30_777 .array/port v0x600be7a6ac30, 777;
v0x600be7a6ac30_778 .array/port v0x600be7a6ac30, 778;
v0x600be7a6ac30_779 .array/port v0x600be7a6ac30, 779;
v0x600be7a6ac30_780 .array/port v0x600be7a6ac30, 780;
E_0x600be7a36800/195 .event edge, v0x600be7a6ac30_777, v0x600be7a6ac30_778, v0x600be7a6ac30_779, v0x600be7a6ac30_780;
v0x600be7a6ac30_781 .array/port v0x600be7a6ac30, 781;
v0x600be7a6ac30_782 .array/port v0x600be7a6ac30, 782;
v0x600be7a6ac30_783 .array/port v0x600be7a6ac30, 783;
v0x600be7a6ac30_784 .array/port v0x600be7a6ac30, 784;
E_0x600be7a36800/196 .event edge, v0x600be7a6ac30_781, v0x600be7a6ac30_782, v0x600be7a6ac30_783, v0x600be7a6ac30_784;
v0x600be7a6ac30_785 .array/port v0x600be7a6ac30, 785;
v0x600be7a6ac30_786 .array/port v0x600be7a6ac30, 786;
v0x600be7a6ac30_787 .array/port v0x600be7a6ac30, 787;
v0x600be7a6ac30_788 .array/port v0x600be7a6ac30, 788;
E_0x600be7a36800/197 .event edge, v0x600be7a6ac30_785, v0x600be7a6ac30_786, v0x600be7a6ac30_787, v0x600be7a6ac30_788;
v0x600be7a6ac30_789 .array/port v0x600be7a6ac30, 789;
v0x600be7a6ac30_790 .array/port v0x600be7a6ac30, 790;
v0x600be7a6ac30_791 .array/port v0x600be7a6ac30, 791;
v0x600be7a6ac30_792 .array/port v0x600be7a6ac30, 792;
E_0x600be7a36800/198 .event edge, v0x600be7a6ac30_789, v0x600be7a6ac30_790, v0x600be7a6ac30_791, v0x600be7a6ac30_792;
v0x600be7a6ac30_793 .array/port v0x600be7a6ac30, 793;
v0x600be7a6ac30_794 .array/port v0x600be7a6ac30, 794;
v0x600be7a6ac30_795 .array/port v0x600be7a6ac30, 795;
v0x600be7a6ac30_796 .array/port v0x600be7a6ac30, 796;
E_0x600be7a36800/199 .event edge, v0x600be7a6ac30_793, v0x600be7a6ac30_794, v0x600be7a6ac30_795, v0x600be7a6ac30_796;
v0x600be7a6ac30_797 .array/port v0x600be7a6ac30, 797;
v0x600be7a6ac30_798 .array/port v0x600be7a6ac30, 798;
v0x600be7a6ac30_799 .array/port v0x600be7a6ac30, 799;
v0x600be7a6ac30_800 .array/port v0x600be7a6ac30, 800;
E_0x600be7a36800/200 .event edge, v0x600be7a6ac30_797, v0x600be7a6ac30_798, v0x600be7a6ac30_799, v0x600be7a6ac30_800;
v0x600be7a6ac30_801 .array/port v0x600be7a6ac30, 801;
v0x600be7a6ac30_802 .array/port v0x600be7a6ac30, 802;
v0x600be7a6ac30_803 .array/port v0x600be7a6ac30, 803;
v0x600be7a6ac30_804 .array/port v0x600be7a6ac30, 804;
E_0x600be7a36800/201 .event edge, v0x600be7a6ac30_801, v0x600be7a6ac30_802, v0x600be7a6ac30_803, v0x600be7a6ac30_804;
v0x600be7a6ac30_805 .array/port v0x600be7a6ac30, 805;
v0x600be7a6ac30_806 .array/port v0x600be7a6ac30, 806;
v0x600be7a6ac30_807 .array/port v0x600be7a6ac30, 807;
v0x600be7a6ac30_808 .array/port v0x600be7a6ac30, 808;
E_0x600be7a36800/202 .event edge, v0x600be7a6ac30_805, v0x600be7a6ac30_806, v0x600be7a6ac30_807, v0x600be7a6ac30_808;
v0x600be7a6ac30_809 .array/port v0x600be7a6ac30, 809;
v0x600be7a6ac30_810 .array/port v0x600be7a6ac30, 810;
v0x600be7a6ac30_811 .array/port v0x600be7a6ac30, 811;
v0x600be7a6ac30_812 .array/port v0x600be7a6ac30, 812;
E_0x600be7a36800/203 .event edge, v0x600be7a6ac30_809, v0x600be7a6ac30_810, v0x600be7a6ac30_811, v0x600be7a6ac30_812;
v0x600be7a6ac30_813 .array/port v0x600be7a6ac30, 813;
v0x600be7a6ac30_814 .array/port v0x600be7a6ac30, 814;
v0x600be7a6ac30_815 .array/port v0x600be7a6ac30, 815;
v0x600be7a6ac30_816 .array/port v0x600be7a6ac30, 816;
E_0x600be7a36800/204 .event edge, v0x600be7a6ac30_813, v0x600be7a6ac30_814, v0x600be7a6ac30_815, v0x600be7a6ac30_816;
v0x600be7a6ac30_817 .array/port v0x600be7a6ac30, 817;
v0x600be7a6ac30_818 .array/port v0x600be7a6ac30, 818;
v0x600be7a6ac30_819 .array/port v0x600be7a6ac30, 819;
v0x600be7a6ac30_820 .array/port v0x600be7a6ac30, 820;
E_0x600be7a36800/205 .event edge, v0x600be7a6ac30_817, v0x600be7a6ac30_818, v0x600be7a6ac30_819, v0x600be7a6ac30_820;
v0x600be7a6ac30_821 .array/port v0x600be7a6ac30, 821;
v0x600be7a6ac30_822 .array/port v0x600be7a6ac30, 822;
v0x600be7a6ac30_823 .array/port v0x600be7a6ac30, 823;
v0x600be7a6ac30_824 .array/port v0x600be7a6ac30, 824;
E_0x600be7a36800/206 .event edge, v0x600be7a6ac30_821, v0x600be7a6ac30_822, v0x600be7a6ac30_823, v0x600be7a6ac30_824;
v0x600be7a6ac30_825 .array/port v0x600be7a6ac30, 825;
v0x600be7a6ac30_826 .array/port v0x600be7a6ac30, 826;
v0x600be7a6ac30_827 .array/port v0x600be7a6ac30, 827;
v0x600be7a6ac30_828 .array/port v0x600be7a6ac30, 828;
E_0x600be7a36800/207 .event edge, v0x600be7a6ac30_825, v0x600be7a6ac30_826, v0x600be7a6ac30_827, v0x600be7a6ac30_828;
v0x600be7a6ac30_829 .array/port v0x600be7a6ac30, 829;
v0x600be7a6ac30_830 .array/port v0x600be7a6ac30, 830;
v0x600be7a6ac30_831 .array/port v0x600be7a6ac30, 831;
v0x600be7a6ac30_832 .array/port v0x600be7a6ac30, 832;
E_0x600be7a36800/208 .event edge, v0x600be7a6ac30_829, v0x600be7a6ac30_830, v0x600be7a6ac30_831, v0x600be7a6ac30_832;
v0x600be7a6ac30_833 .array/port v0x600be7a6ac30, 833;
v0x600be7a6ac30_834 .array/port v0x600be7a6ac30, 834;
v0x600be7a6ac30_835 .array/port v0x600be7a6ac30, 835;
v0x600be7a6ac30_836 .array/port v0x600be7a6ac30, 836;
E_0x600be7a36800/209 .event edge, v0x600be7a6ac30_833, v0x600be7a6ac30_834, v0x600be7a6ac30_835, v0x600be7a6ac30_836;
v0x600be7a6ac30_837 .array/port v0x600be7a6ac30, 837;
v0x600be7a6ac30_838 .array/port v0x600be7a6ac30, 838;
v0x600be7a6ac30_839 .array/port v0x600be7a6ac30, 839;
v0x600be7a6ac30_840 .array/port v0x600be7a6ac30, 840;
E_0x600be7a36800/210 .event edge, v0x600be7a6ac30_837, v0x600be7a6ac30_838, v0x600be7a6ac30_839, v0x600be7a6ac30_840;
v0x600be7a6ac30_841 .array/port v0x600be7a6ac30, 841;
v0x600be7a6ac30_842 .array/port v0x600be7a6ac30, 842;
v0x600be7a6ac30_843 .array/port v0x600be7a6ac30, 843;
v0x600be7a6ac30_844 .array/port v0x600be7a6ac30, 844;
E_0x600be7a36800/211 .event edge, v0x600be7a6ac30_841, v0x600be7a6ac30_842, v0x600be7a6ac30_843, v0x600be7a6ac30_844;
v0x600be7a6ac30_845 .array/port v0x600be7a6ac30, 845;
v0x600be7a6ac30_846 .array/port v0x600be7a6ac30, 846;
v0x600be7a6ac30_847 .array/port v0x600be7a6ac30, 847;
v0x600be7a6ac30_848 .array/port v0x600be7a6ac30, 848;
E_0x600be7a36800/212 .event edge, v0x600be7a6ac30_845, v0x600be7a6ac30_846, v0x600be7a6ac30_847, v0x600be7a6ac30_848;
v0x600be7a6ac30_849 .array/port v0x600be7a6ac30, 849;
v0x600be7a6ac30_850 .array/port v0x600be7a6ac30, 850;
v0x600be7a6ac30_851 .array/port v0x600be7a6ac30, 851;
v0x600be7a6ac30_852 .array/port v0x600be7a6ac30, 852;
E_0x600be7a36800/213 .event edge, v0x600be7a6ac30_849, v0x600be7a6ac30_850, v0x600be7a6ac30_851, v0x600be7a6ac30_852;
v0x600be7a6ac30_853 .array/port v0x600be7a6ac30, 853;
v0x600be7a6ac30_854 .array/port v0x600be7a6ac30, 854;
v0x600be7a6ac30_855 .array/port v0x600be7a6ac30, 855;
v0x600be7a6ac30_856 .array/port v0x600be7a6ac30, 856;
E_0x600be7a36800/214 .event edge, v0x600be7a6ac30_853, v0x600be7a6ac30_854, v0x600be7a6ac30_855, v0x600be7a6ac30_856;
v0x600be7a6ac30_857 .array/port v0x600be7a6ac30, 857;
v0x600be7a6ac30_858 .array/port v0x600be7a6ac30, 858;
v0x600be7a6ac30_859 .array/port v0x600be7a6ac30, 859;
v0x600be7a6ac30_860 .array/port v0x600be7a6ac30, 860;
E_0x600be7a36800/215 .event edge, v0x600be7a6ac30_857, v0x600be7a6ac30_858, v0x600be7a6ac30_859, v0x600be7a6ac30_860;
v0x600be7a6ac30_861 .array/port v0x600be7a6ac30, 861;
v0x600be7a6ac30_862 .array/port v0x600be7a6ac30, 862;
v0x600be7a6ac30_863 .array/port v0x600be7a6ac30, 863;
v0x600be7a6ac30_864 .array/port v0x600be7a6ac30, 864;
E_0x600be7a36800/216 .event edge, v0x600be7a6ac30_861, v0x600be7a6ac30_862, v0x600be7a6ac30_863, v0x600be7a6ac30_864;
v0x600be7a6ac30_865 .array/port v0x600be7a6ac30, 865;
v0x600be7a6ac30_866 .array/port v0x600be7a6ac30, 866;
v0x600be7a6ac30_867 .array/port v0x600be7a6ac30, 867;
v0x600be7a6ac30_868 .array/port v0x600be7a6ac30, 868;
E_0x600be7a36800/217 .event edge, v0x600be7a6ac30_865, v0x600be7a6ac30_866, v0x600be7a6ac30_867, v0x600be7a6ac30_868;
v0x600be7a6ac30_869 .array/port v0x600be7a6ac30, 869;
v0x600be7a6ac30_870 .array/port v0x600be7a6ac30, 870;
v0x600be7a6ac30_871 .array/port v0x600be7a6ac30, 871;
v0x600be7a6ac30_872 .array/port v0x600be7a6ac30, 872;
E_0x600be7a36800/218 .event edge, v0x600be7a6ac30_869, v0x600be7a6ac30_870, v0x600be7a6ac30_871, v0x600be7a6ac30_872;
v0x600be7a6ac30_873 .array/port v0x600be7a6ac30, 873;
v0x600be7a6ac30_874 .array/port v0x600be7a6ac30, 874;
v0x600be7a6ac30_875 .array/port v0x600be7a6ac30, 875;
v0x600be7a6ac30_876 .array/port v0x600be7a6ac30, 876;
E_0x600be7a36800/219 .event edge, v0x600be7a6ac30_873, v0x600be7a6ac30_874, v0x600be7a6ac30_875, v0x600be7a6ac30_876;
v0x600be7a6ac30_877 .array/port v0x600be7a6ac30, 877;
v0x600be7a6ac30_878 .array/port v0x600be7a6ac30, 878;
v0x600be7a6ac30_879 .array/port v0x600be7a6ac30, 879;
v0x600be7a6ac30_880 .array/port v0x600be7a6ac30, 880;
E_0x600be7a36800/220 .event edge, v0x600be7a6ac30_877, v0x600be7a6ac30_878, v0x600be7a6ac30_879, v0x600be7a6ac30_880;
v0x600be7a6ac30_881 .array/port v0x600be7a6ac30, 881;
v0x600be7a6ac30_882 .array/port v0x600be7a6ac30, 882;
v0x600be7a6ac30_883 .array/port v0x600be7a6ac30, 883;
v0x600be7a6ac30_884 .array/port v0x600be7a6ac30, 884;
E_0x600be7a36800/221 .event edge, v0x600be7a6ac30_881, v0x600be7a6ac30_882, v0x600be7a6ac30_883, v0x600be7a6ac30_884;
v0x600be7a6ac30_885 .array/port v0x600be7a6ac30, 885;
v0x600be7a6ac30_886 .array/port v0x600be7a6ac30, 886;
v0x600be7a6ac30_887 .array/port v0x600be7a6ac30, 887;
v0x600be7a6ac30_888 .array/port v0x600be7a6ac30, 888;
E_0x600be7a36800/222 .event edge, v0x600be7a6ac30_885, v0x600be7a6ac30_886, v0x600be7a6ac30_887, v0x600be7a6ac30_888;
v0x600be7a6ac30_889 .array/port v0x600be7a6ac30, 889;
v0x600be7a6ac30_890 .array/port v0x600be7a6ac30, 890;
v0x600be7a6ac30_891 .array/port v0x600be7a6ac30, 891;
v0x600be7a6ac30_892 .array/port v0x600be7a6ac30, 892;
E_0x600be7a36800/223 .event edge, v0x600be7a6ac30_889, v0x600be7a6ac30_890, v0x600be7a6ac30_891, v0x600be7a6ac30_892;
v0x600be7a6ac30_893 .array/port v0x600be7a6ac30, 893;
v0x600be7a6ac30_894 .array/port v0x600be7a6ac30, 894;
v0x600be7a6ac30_895 .array/port v0x600be7a6ac30, 895;
v0x600be7a6ac30_896 .array/port v0x600be7a6ac30, 896;
E_0x600be7a36800/224 .event edge, v0x600be7a6ac30_893, v0x600be7a6ac30_894, v0x600be7a6ac30_895, v0x600be7a6ac30_896;
v0x600be7a6ac30_897 .array/port v0x600be7a6ac30, 897;
v0x600be7a6ac30_898 .array/port v0x600be7a6ac30, 898;
v0x600be7a6ac30_899 .array/port v0x600be7a6ac30, 899;
v0x600be7a6ac30_900 .array/port v0x600be7a6ac30, 900;
E_0x600be7a36800/225 .event edge, v0x600be7a6ac30_897, v0x600be7a6ac30_898, v0x600be7a6ac30_899, v0x600be7a6ac30_900;
v0x600be7a6ac30_901 .array/port v0x600be7a6ac30, 901;
v0x600be7a6ac30_902 .array/port v0x600be7a6ac30, 902;
v0x600be7a6ac30_903 .array/port v0x600be7a6ac30, 903;
v0x600be7a6ac30_904 .array/port v0x600be7a6ac30, 904;
E_0x600be7a36800/226 .event edge, v0x600be7a6ac30_901, v0x600be7a6ac30_902, v0x600be7a6ac30_903, v0x600be7a6ac30_904;
v0x600be7a6ac30_905 .array/port v0x600be7a6ac30, 905;
v0x600be7a6ac30_906 .array/port v0x600be7a6ac30, 906;
v0x600be7a6ac30_907 .array/port v0x600be7a6ac30, 907;
v0x600be7a6ac30_908 .array/port v0x600be7a6ac30, 908;
E_0x600be7a36800/227 .event edge, v0x600be7a6ac30_905, v0x600be7a6ac30_906, v0x600be7a6ac30_907, v0x600be7a6ac30_908;
v0x600be7a6ac30_909 .array/port v0x600be7a6ac30, 909;
v0x600be7a6ac30_910 .array/port v0x600be7a6ac30, 910;
v0x600be7a6ac30_911 .array/port v0x600be7a6ac30, 911;
v0x600be7a6ac30_912 .array/port v0x600be7a6ac30, 912;
E_0x600be7a36800/228 .event edge, v0x600be7a6ac30_909, v0x600be7a6ac30_910, v0x600be7a6ac30_911, v0x600be7a6ac30_912;
v0x600be7a6ac30_913 .array/port v0x600be7a6ac30, 913;
v0x600be7a6ac30_914 .array/port v0x600be7a6ac30, 914;
v0x600be7a6ac30_915 .array/port v0x600be7a6ac30, 915;
v0x600be7a6ac30_916 .array/port v0x600be7a6ac30, 916;
E_0x600be7a36800/229 .event edge, v0x600be7a6ac30_913, v0x600be7a6ac30_914, v0x600be7a6ac30_915, v0x600be7a6ac30_916;
v0x600be7a6ac30_917 .array/port v0x600be7a6ac30, 917;
v0x600be7a6ac30_918 .array/port v0x600be7a6ac30, 918;
v0x600be7a6ac30_919 .array/port v0x600be7a6ac30, 919;
v0x600be7a6ac30_920 .array/port v0x600be7a6ac30, 920;
E_0x600be7a36800/230 .event edge, v0x600be7a6ac30_917, v0x600be7a6ac30_918, v0x600be7a6ac30_919, v0x600be7a6ac30_920;
v0x600be7a6ac30_921 .array/port v0x600be7a6ac30, 921;
v0x600be7a6ac30_922 .array/port v0x600be7a6ac30, 922;
v0x600be7a6ac30_923 .array/port v0x600be7a6ac30, 923;
v0x600be7a6ac30_924 .array/port v0x600be7a6ac30, 924;
E_0x600be7a36800/231 .event edge, v0x600be7a6ac30_921, v0x600be7a6ac30_922, v0x600be7a6ac30_923, v0x600be7a6ac30_924;
v0x600be7a6ac30_925 .array/port v0x600be7a6ac30, 925;
v0x600be7a6ac30_926 .array/port v0x600be7a6ac30, 926;
v0x600be7a6ac30_927 .array/port v0x600be7a6ac30, 927;
v0x600be7a6ac30_928 .array/port v0x600be7a6ac30, 928;
E_0x600be7a36800/232 .event edge, v0x600be7a6ac30_925, v0x600be7a6ac30_926, v0x600be7a6ac30_927, v0x600be7a6ac30_928;
v0x600be7a6ac30_929 .array/port v0x600be7a6ac30, 929;
v0x600be7a6ac30_930 .array/port v0x600be7a6ac30, 930;
v0x600be7a6ac30_931 .array/port v0x600be7a6ac30, 931;
v0x600be7a6ac30_932 .array/port v0x600be7a6ac30, 932;
E_0x600be7a36800/233 .event edge, v0x600be7a6ac30_929, v0x600be7a6ac30_930, v0x600be7a6ac30_931, v0x600be7a6ac30_932;
v0x600be7a6ac30_933 .array/port v0x600be7a6ac30, 933;
v0x600be7a6ac30_934 .array/port v0x600be7a6ac30, 934;
v0x600be7a6ac30_935 .array/port v0x600be7a6ac30, 935;
v0x600be7a6ac30_936 .array/port v0x600be7a6ac30, 936;
E_0x600be7a36800/234 .event edge, v0x600be7a6ac30_933, v0x600be7a6ac30_934, v0x600be7a6ac30_935, v0x600be7a6ac30_936;
v0x600be7a6ac30_937 .array/port v0x600be7a6ac30, 937;
v0x600be7a6ac30_938 .array/port v0x600be7a6ac30, 938;
v0x600be7a6ac30_939 .array/port v0x600be7a6ac30, 939;
v0x600be7a6ac30_940 .array/port v0x600be7a6ac30, 940;
E_0x600be7a36800/235 .event edge, v0x600be7a6ac30_937, v0x600be7a6ac30_938, v0x600be7a6ac30_939, v0x600be7a6ac30_940;
v0x600be7a6ac30_941 .array/port v0x600be7a6ac30, 941;
v0x600be7a6ac30_942 .array/port v0x600be7a6ac30, 942;
v0x600be7a6ac30_943 .array/port v0x600be7a6ac30, 943;
v0x600be7a6ac30_944 .array/port v0x600be7a6ac30, 944;
E_0x600be7a36800/236 .event edge, v0x600be7a6ac30_941, v0x600be7a6ac30_942, v0x600be7a6ac30_943, v0x600be7a6ac30_944;
v0x600be7a6ac30_945 .array/port v0x600be7a6ac30, 945;
v0x600be7a6ac30_946 .array/port v0x600be7a6ac30, 946;
v0x600be7a6ac30_947 .array/port v0x600be7a6ac30, 947;
v0x600be7a6ac30_948 .array/port v0x600be7a6ac30, 948;
E_0x600be7a36800/237 .event edge, v0x600be7a6ac30_945, v0x600be7a6ac30_946, v0x600be7a6ac30_947, v0x600be7a6ac30_948;
v0x600be7a6ac30_949 .array/port v0x600be7a6ac30, 949;
v0x600be7a6ac30_950 .array/port v0x600be7a6ac30, 950;
v0x600be7a6ac30_951 .array/port v0x600be7a6ac30, 951;
v0x600be7a6ac30_952 .array/port v0x600be7a6ac30, 952;
E_0x600be7a36800/238 .event edge, v0x600be7a6ac30_949, v0x600be7a6ac30_950, v0x600be7a6ac30_951, v0x600be7a6ac30_952;
v0x600be7a6ac30_953 .array/port v0x600be7a6ac30, 953;
v0x600be7a6ac30_954 .array/port v0x600be7a6ac30, 954;
v0x600be7a6ac30_955 .array/port v0x600be7a6ac30, 955;
v0x600be7a6ac30_956 .array/port v0x600be7a6ac30, 956;
E_0x600be7a36800/239 .event edge, v0x600be7a6ac30_953, v0x600be7a6ac30_954, v0x600be7a6ac30_955, v0x600be7a6ac30_956;
v0x600be7a6ac30_957 .array/port v0x600be7a6ac30, 957;
v0x600be7a6ac30_958 .array/port v0x600be7a6ac30, 958;
v0x600be7a6ac30_959 .array/port v0x600be7a6ac30, 959;
v0x600be7a6ac30_960 .array/port v0x600be7a6ac30, 960;
E_0x600be7a36800/240 .event edge, v0x600be7a6ac30_957, v0x600be7a6ac30_958, v0x600be7a6ac30_959, v0x600be7a6ac30_960;
v0x600be7a6ac30_961 .array/port v0x600be7a6ac30, 961;
v0x600be7a6ac30_962 .array/port v0x600be7a6ac30, 962;
v0x600be7a6ac30_963 .array/port v0x600be7a6ac30, 963;
v0x600be7a6ac30_964 .array/port v0x600be7a6ac30, 964;
E_0x600be7a36800/241 .event edge, v0x600be7a6ac30_961, v0x600be7a6ac30_962, v0x600be7a6ac30_963, v0x600be7a6ac30_964;
v0x600be7a6ac30_965 .array/port v0x600be7a6ac30, 965;
v0x600be7a6ac30_966 .array/port v0x600be7a6ac30, 966;
v0x600be7a6ac30_967 .array/port v0x600be7a6ac30, 967;
v0x600be7a6ac30_968 .array/port v0x600be7a6ac30, 968;
E_0x600be7a36800/242 .event edge, v0x600be7a6ac30_965, v0x600be7a6ac30_966, v0x600be7a6ac30_967, v0x600be7a6ac30_968;
v0x600be7a6ac30_969 .array/port v0x600be7a6ac30, 969;
v0x600be7a6ac30_970 .array/port v0x600be7a6ac30, 970;
v0x600be7a6ac30_971 .array/port v0x600be7a6ac30, 971;
v0x600be7a6ac30_972 .array/port v0x600be7a6ac30, 972;
E_0x600be7a36800/243 .event edge, v0x600be7a6ac30_969, v0x600be7a6ac30_970, v0x600be7a6ac30_971, v0x600be7a6ac30_972;
v0x600be7a6ac30_973 .array/port v0x600be7a6ac30, 973;
v0x600be7a6ac30_974 .array/port v0x600be7a6ac30, 974;
v0x600be7a6ac30_975 .array/port v0x600be7a6ac30, 975;
v0x600be7a6ac30_976 .array/port v0x600be7a6ac30, 976;
E_0x600be7a36800/244 .event edge, v0x600be7a6ac30_973, v0x600be7a6ac30_974, v0x600be7a6ac30_975, v0x600be7a6ac30_976;
v0x600be7a6ac30_977 .array/port v0x600be7a6ac30, 977;
v0x600be7a6ac30_978 .array/port v0x600be7a6ac30, 978;
v0x600be7a6ac30_979 .array/port v0x600be7a6ac30, 979;
v0x600be7a6ac30_980 .array/port v0x600be7a6ac30, 980;
E_0x600be7a36800/245 .event edge, v0x600be7a6ac30_977, v0x600be7a6ac30_978, v0x600be7a6ac30_979, v0x600be7a6ac30_980;
v0x600be7a6ac30_981 .array/port v0x600be7a6ac30, 981;
v0x600be7a6ac30_982 .array/port v0x600be7a6ac30, 982;
v0x600be7a6ac30_983 .array/port v0x600be7a6ac30, 983;
v0x600be7a6ac30_984 .array/port v0x600be7a6ac30, 984;
E_0x600be7a36800/246 .event edge, v0x600be7a6ac30_981, v0x600be7a6ac30_982, v0x600be7a6ac30_983, v0x600be7a6ac30_984;
v0x600be7a6ac30_985 .array/port v0x600be7a6ac30, 985;
v0x600be7a6ac30_986 .array/port v0x600be7a6ac30, 986;
v0x600be7a6ac30_987 .array/port v0x600be7a6ac30, 987;
v0x600be7a6ac30_988 .array/port v0x600be7a6ac30, 988;
E_0x600be7a36800/247 .event edge, v0x600be7a6ac30_985, v0x600be7a6ac30_986, v0x600be7a6ac30_987, v0x600be7a6ac30_988;
v0x600be7a6ac30_989 .array/port v0x600be7a6ac30, 989;
v0x600be7a6ac30_990 .array/port v0x600be7a6ac30, 990;
v0x600be7a6ac30_991 .array/port v0x600be7a6ac30, 991;
v0x600be7a6ac30_992 .array/port v0x600be7a6ac30, 992;
E_0x600be7a36800/248 .event edge, v0x600be7a6ac30_989, v0x600be7a6ac30_990, v0x600be7a6ac30_991, v0x600be7a6ac30_992;
v0x600be7a6ac30_993 .array/port v0x600be7a6ac30, 993;
v0x600be7a6ac30_994 .array/port v0x600be7a6ac30, 994;
v0x600be7a6ac30_995 .array/port v0x600be7a6ac30, 995;
v0x600be7a6ac30_996 .array/port v0x600be7a6ac30, 996;
E_0x600be7a36800/249 .event edge, v0x600be7a6ac30_993, v0x600be7a6ac30_994, v0x600be7a6ac30_995, v0x600be7a6ac30_996;
v0x600be7a6ac30_997 .array/port v0x600be7a6ac30, 997;
v0x600be7a6ac30_998 .array/port v0x600be7a6ac30, 998;
v0x600be7a6ac30_999 .array/port v0x600be7a6ac30, 999;
v0x600be7a6ac30_1000 .array/port v0x600be7a6ac30, 1000;
E_0x600be7a36800/250 .event edge, v0x600be7a6ac30_997, v0x600be7a6ac30_998, v0x600be7a6ac30_999, v0x600be7a6ac30_1000;
v0x600be7a6ac30_1001 .array/port v0x600be7a6ac30, 1001;
v0x600be7a6ac30_1002 .array/port v0x600be7a6ac30, 1002;
v0x600be7a6ac30_1003 .array/port v0x600be7a6ac30, 1003;
v0x600be7a6ac30_1004 .array/port v0x600be7a6ac30, 1004;
E_0x600be7a36800/251 .event edge, v0x600be7a6ac30_1001, v0x600be7a6ac30_1002, v0x600be7a6ac30_1003, v0x600be7a6ac30_1004;
v0x600be7a6ac30_1005 .array/port v0x600be7a6ac30, 1005;
v0x600be7a6ac30_1006 .array/port v0x600be7a6ac30, 1006;
v0x600be7a6ac30_1007 .array/port v0x600be7a6ac30, 1007;
v0x600be7a6ac30_1008 .array/port v0x600be7a6ac30, 1008;
E_0x600be7a36800/252 .event edge, v0x600be7a6ac30_1005, v0x600be7a6ac30_1006, v0x600be7a6ac30_1007, v0x600be7a6ac30_1008;
v0x600be7a6ac30_1009 .array/port v0x600be7a6ac30, 1009;
v0x600be7a6ac30_1010 .array/port v0x600be7a6ac30, 1010;
v0x600be7a6ac30_1011 .array/port v0x600be7a6ac30, 1011;
v0x600be7a6ac30_1012 .array/port v0x600be7a6ac30, 1012;
E_0x600be7a36800/253 .event edge, v0x600be7a6ac30_1009, v0x600be7a6ac30_1010, v0x600be7a6ac30_1011, v0x600be7a6ac30_1012;
v0x600be7a6ac30_1013 .array/port v0x600be7a6ac30, 1013;
v0x600be7a6ac30_1014 .array/port v0x600be7a6ac30, 1014;
v0x600be7a6ac30_1015 .array/port v0x600be7a6ac30, 1015;
v0x600be7a6ac30_1016 .array/port v0x600be7a6ac30, 1016;
E_0x600be7a36800/254 .event edge, v0x600be7a6ac30_1013, v0x600be7a6ac30_1014, v0x600be7a6ac30_1015, v0x600be7a6ac30_1016;
v0x600be7a6ac30_1017 .array/port v0x600be7a6ac30, 1017;
v0x600be7a6ac30_1018 .array/port v0x600be7a6ac30, 1018;
v0x600be7a6ac30_1019 .array/port v0x600be7a6ac30, 1019;
v0x600be7a6ac30_1020 .array/port v0x600be7a6ac30, 1020;
E_0x600be7a36800/255 .event edge, v0x600be7a6ac30_1017, v0x600be7a6ac30_1018, v0x600be7a6ac30_1019, v0x600be7a6ac30_1020;
v0x600be7a6ac30_1021 .array/port v0x600be7a6ac30, 1021;
v0x600be7a6ac30_1022 .array/port v0x600be7a6ac30, 1022;
v0x600be7a6ac30_1023 .array/port v0x600be7a6ac30, 1023;
E_0x600be7a36800/256 .event edge, v0x600be7a6ac30_1021, v0x600be7a6ac30_1022, v0x600be7a6ac30_1023;
E_0x600be7a36800 .event/or E_0x600be7a36800/0, E_0x600be7a36800/1, E_0x600be7a36800/2, E_0x600be7a36800/3, E_0x600be7a36800/4, E_0x600be7a36800/5, E_0x600be7a36800/6, E_0x600be7a36800/7, E_0x600be7a36800/8, E_0x600be7a36800/9, E_0x600be7a36800/10, E_0x600be7a36800/11, E_0x600be7a36800/12, E_0x600be7a36800/13, E_0x600be7a36800/14, E_0x600be7a36800/15, E_0x600be7a36800/16, E_0x600be7a36800/17, E_0x600be7a36800/18, E_0x600be7a36800/19, E_0x600be7a36800/20, E_0x600be7a36800/21, E_0x600be7a36800/22, E_0x600be7a36800/23, E_0x600be7a36800/24, E_0x600be7a36800/25, E_0x600be7a36800/26, E_0x600be7a36800/27, E_0x600be7a36800/28, E_0x600be7a36800/29, E_0x600be7a36800/30, E_0x600be7a36800/31, E_0x600be7a36800/32, E_0x600be7a36800/33, E_0x600be7a36800/34, E_0x600be7a36800/35, E_0x600be7a36800/36, E_0x600be7a36800/37, E_0x600be7a36800/38, E_0x600be7a36800/39, E_0x600be7a36800/40, E_0x600be7a36800/41, E_0x600be7a36800/42, E_0x600be7a36800/43, E_0x600be7a36800/44, E_0x600be7a36800/45, E_0x600be7a36800/46, E_0x600be7a36800/47, E_0x600be7a36800/48, E_0x600be7a36800/49, E_0x600be7a36800/50, E_0x600be7a36800/51, E_0x600be7a36800/52, E_0x600be7a36800/53, E_0x600be7a36800/54, E_0x600be7a36800/55, E_0x600be7a36800/56, E_0x600be7a36800/57, E_0x600be7a36800/58, E_0x600be7a36800/59, E_0x600be7a36800/60, E_0x600be7a36800/61, E_0x600be7a36800/62, E_0x600be7a36800/63, E_0x600be7a36800/64, E_0x600be7a36800/65, E_0x600be7a36800/66, E_0x600be7a36800/67, E_0x600be7a36800/68, E_0x600be7a36800/69, E_0x600be7a36800/70, E_0x600be7a36800/71, E_0x600be7a36800/72, E_0x600be7a36800/73, E_0x600be7a36800/74, E_0x600be7a36800/75, E_0x600be7a36800/76, E_0x600be7a36800/77, E_0x600be7a36800/78, E_0x600be7a36800/79, E_0x600be7a36800/80, E_0x600be7a36800/81, E_0x600be7a36800/82, E_0x600be7a36800/83, E_0x600be7a36800/84, E_0x600be7a36800/85, E_0x600be7a36800/86, E_0x600be7a36800/87, E_0x600be7a36800/88, E_0x600be7a36800/89, E_0x600be7a36800/90, E_0x600be7a36800/91, E_0x600be7a36800/92, E_0x600be7a36800/93, E_0x600be7a36800/94, E_0x600be7a36800/95, E_0x600be7a36800/96, E_0x600be7a36800/97, E_0x600be7a36800/98, E_0x600be7a36800/99, E_0x600be7a36800/100, E_0x600be7a36800/101, E_0x600be7a36800/102, E_0x600be7a36800/103, E_0x600be7a36800/104, E_0x600be7a36800/105, E_0x600be7a36800/106, E_0x600be7a36800/107, E_0x600be7a36800/108, E_0x600be7a36800/109, E_0x600be7a36800/110, E_0x600be7a36800/111, E_0x600be7a36800/112, E_0x600be7a36800/113, E_0x600be7a36800/114, E_0x600be7a36800/115, E_0x600be7a36800/116, E_0x600be7a36800/117, E_0x600be7a36800/118, E_0x600be7a36800/119, E_0x600be7a36800/120, E_0x600be7a36800/121, E_0x600be7a36800/122, E_0x600be7a36800/123, E_0x600be7a36800/124, E_0x600be7a36800/125, E_0x600be7a36800/126, E_0x600be7a36800/127, E_0x600be7a36800/128, E_0x600be7a36800/129, E_0x600be7a36800/130, E_0x600be7a36800/131, E_0x600be7a36800/132, E_0x600be7a36800/133, E_0x600be7a36800/134, E_0x600be7a36800/135, E_0x600be7a36800/136, E_0x600be7a36800/137, E_0x600be7a36800/138, E_0x600be7a36800/139, E_0x600be7a36800/140, E_0x600be7a36800/141, E_0x600be7a36800/142, E_0x600be7a36800/143, E_0x600be7a36800/144, E_0x600be7a36800/145, E_0x600be7a36800/146, E_0x600be7a36800/147, E_0x600be7a36800/148, E_0x600be7a36800/149, E_0x600be7a36800/150, E_0x600be7a36800/151, E_0x600be7a36800/152, E_0x600be7a36800/153, E_0x600be7a36800/154, E_0x600be7a36800/155, E_0x600be7a36800/156, E_0x600be7a36800/157, E_0x600be7a36800/158, E_0x600be7a36800/159, E_0x600be7a36800/160, E_0x600be7a36800/161, E_0x600be7a36800/162, E_0x600be7a36800/163, E_0x600be7a36800/164, E_0x600be7a36800/165, E_0x600be7a36800/166, E_0x600be7a36800/167, E_0x600be7a36800/168, E_0x600be7a36800/169, E_0x600be7a36800/170, E_0x600be7a36800/171, E_0x600be7a36800/172, E_0x600be7a36800/173, E_0x600be7a36800/174, E_0x600be7a36800/175, E_0x600be7a36800/176, E_0x600be7a36800/177, E_0x600be7a36800/178, E_0x600be7a36800/179, E_0x600be7a36800/180, E_0x600be7a36800/181, E_0x600be7a36800/182, E_0x600be7a36800/183, E_0x600be7a36800/184, E_0x600be7a36800/185, E_0x600be7a36800/186, E_0x600be7a36800/187, E_0x600be7a36800/188, E_0x600be7a36800/189, E_0x600be7a36800/190, E_0x600be7a36800/191, E_0x600be7a36800/192, E_0x600be7a36800/193, E_0x600be7a36800/194, E_0x600be7a36800/195, E_0x600be7a36800/196, E_0x600be7a36800/197, E_0x600be7a36800/198, E_0x600be7a36800/199, E_0x600be7a36800/200, E_0x600be7a36800/201, E_0x600be7a36800/202, E_0x600be7a36800/203, E_0x600be7a36800/204, E_0x600be7a36800/205, E_0x600be7a36800/206, E_0x600be7a36800/207, E_0x600be7a36800/208, E_0x600be7a36800/209, E_0x600be7a36800/210, E_0x600be7a36800/211, E_0x600be7a36800/212, E_0x600be7a36800/213, E_0x600be7a36800/214, E_0x600be7a36800/215, E_0x600be7a36800/216, E_0x600be7a36800/217, E_0x600be7a36800/218, E_0x600be7a36800/219, E_0x600be7a36800/220, E_0x600be7a36800/221, E_0x600be7a36800/222, E_0x600be7a36800/223, E_0x600be7a36800/224, E_0x600be7a36800/225, E_0x600be7a36800/226, E_0x600be7a36800/227, E_0x600be7a36800/228, E_0x600be7a36800/229, E_0x600be7a36800/230, E_0x600be7a36800/231, E_0x600be7a36800/232, E_0x600be7a36800/233, E_0x600be7a36800/234, E_0x600be7a36800/235, E_0x600be7a36800/236, E_0x600be7a36800/237, E_0x600be7a36800/238, E_0x600be7a36800/239, E_0x600be7a36800/240, E_0x600be7a36800/241, E_0x600be7a36800/242, E_0x600be7a36800/243, E_0x600be7a36800/244, E_0x600be7a36800/245, E_0x600be7a36800/246, E_0x600be7a36800/247, E_0x600be7a36800/248, E_0x600be7a36800/249, E_0x600be7a36800/250, E_0x600be7a36800/251, E_0x600be7a36800/252, E_0x600be7a36800/253, E_0x600be7a36800/254, E_0x600be7a36800/255, E_0x600be7a36800/256;
E_0x600be7964210 .event posedge, v0x600be7a44040_0;
S_0x600be7aa3960 .scope module, "IMEM_inst" "Instruction_Memory" 5 144, 7 3 0, S_0x600be7a867a0;
 .timescale -9 -12;
    .port_info 0 /INPUT 32 "A";
    .port_info 1 /OUTPUT 32 "RD";
L_0x600be79e1190 .functor BUFZ 32, L_0x600be7c90720, C4<00000000000000000000000000000000>, C4<00000000000000000000000000000000>, C4<00000000000000000000000000000000>;
v0x600be7c0e3b0_0 .net "A", 31 0, L_0x600be7c91070;  alias, 1 drivers
v0x600be7c0e4b0_0 .net "RD", 31 0, L_0x600be79e1190;  alias, 1 drivers
v0x600be7c0e590_0 .net *"_ivl_0", 31 0, L_0x600be7c90720;  1 drivers
v0x600be7c0e650_0 .net *"_ivl_3", 29 0, L_0x600be7c907f0;  1 drivers
v0x600be7c0e730 .array "memory", 1023 0, 31 0;
L_0x600be7c90720 .array/port v0x600be7c0e730, L_0x600be7c907f0;
L_0x600be7c907f0 .part L_0x600be7c91070, 2, 30;
S_0x600be7aa4060 .scope module, "Reg_inst" "Register_File" 5 201, 8 1 0, S_0x600be7a867a0;
 .timescale -9 -12;
    .port_info 0 /INPUT 1 "clk";
    .port_info 1 /INPUT 1 "rst_n";
    .port_info 2 /INPUT 1 "WE3";
    .port_info 3 /INPUT 5 "A1";
    .port_info 4 /INPUT 5 "A2";
    .port_info 5 /INPUT 5 "A3";
    .port_info 6 /INPUT 32 "WD3";
    .port_info 7 /OUTPUT 32 "RD1";
    .port_info 8 /OUTPUT 32 "RD2";
v0x600be7c18970_0 .net "A1", 4 0, L_0x600be7c96f50;  alias, 1 drivers
v0x600be7c18a50_0 .net "A2", 4 0, L_0x600be7c96ff0;  alias, 1 drivers
v0x600be7c18b30_0 .net "A3", 4 0, v0x600be7c2e380_0;  alias, 1 drivers
v0x600be7c18c20_0 .net "RD1", 31 0, L_0x600be7c91d30;  alias, 1 drivers
v0x600be7c18d00_0 .net "RD2", 31 0, L_0x600be7c92290;  alias, 1 drivers
v0x600be7c18e30_0 .net "WD3", 31 0, v0x600be7c2e420_0;  alias, 1 drivers
v0x600be7c18f10_0 .net "WE3", 0 0, v0x600be7c2df50_0;  alias, 1 drivers
L_0x600be7c38158 .functor BUFT 1, C4<00000>, C4<0>, C4<0>, C4<0>;
v0x600be7c18fd0_0 .net/2u *"_ivl_0", 4 0, L_0x600be7c38158;  1 drivers
L_0x600be7c381e8 .functor BUFT 1, C4<00>, C4<0>, C4<0>, C4<0>;
v0x600be7c190b0_0 .net *"_ivl_11", 1 0, L_0x600be7c381e8;  1 drivers
L_0x600be7c38230 .functor BUFT 1, C4<00000>, C4<0>, C4<0>, C4<0>;
v0x600be7c19220_0 .net/2u *"_ivl_14", 4 0, L_0x600be7c38230;  1 drivers
v0x600be7c19300_0 .net *"_ivl_16", 0 0, L_0x600be7c91ef0;  1 drivers
L_0x600be7c38278 .functor BUFT 1, C4<00000000000000000000000000000000>, C4<0>, C4<0>, C4<0>;
v0x600be7c193c0_0 .net/2u *"_ivl_18", 31 0, L_0x600be7c38278;  1 drivers
v0x600be7c194a0_0 .net *"_ivl_2", 0 0, L_0x600be7c91a20;  1 drivers
v0x600be7c19560_0 .net *"_ivl_20", 31 0, L_0x600be7c91fe0;  1 drivers
v0x600be7c19640_0 .net *"_ivl_22", 6 0, L_0x600be7c920c0;  1 drivers
L_0x600be7c382c0 .functor BUFT 1, C4<00>, C4<0>, C4<0>, C4<0>;
v0x600be7c19720_0 .net *"_ivl_25", 1 0, L_0x600be7c382c0;  1 drivers
L_0x600be7c381a0 .functor BUFT 1, C4<00000000000000000000000000000000>, C4<0>, C4<0>, C4<0>;
v0x600be7c19800_0 .net/2u *"_ivl_4", 31 0, L_0x600be7c381a0;  1 drivers
v0x600be7c198e0_0 .net *"_ivl_6", 31 0, L_0x600be7c91ac0;  1 drivers
v0x600be7c199c0_0 .net *"_ivl_8", 6 0, L_0x600be7c91b60;  1 drivers
v0x600be7c19aa0_0 .net "clk", 0 0, v0x600be7c36e80_0;  alias, 1 drivers
v0x600be7c19b40_0 .var/i "i", 31 0;
v0x600be7c19c00 .array "registers", 31 0, 31 0;
v0x600be7c1a0c0_0 .net "rst_n", 0 0, v0x600be7c37bf0_0;  alias, 1 drivers
E_0x600be7bd3050/0 .event negedge, v0x600be7c0e1f0_0;
E_0x600be7bd3050/1 .event posedge, v0x600be7a44040_0;
E_0x600be7bd3050 .event/or E_0x600be7bd3050/0, E_0x600be7bd3050/1;
L_0x600be7c91a20 .cmp/eq 5, L_0x600be7c96f50, L_0x600be7c38158;
L_0x600be7c91ac0 .array/port v0x600be7c19c00, L_0x600be7c91b60;
L_0x600be7c91b60 .concat [ 5 2 0 0], L_0x600be7c96f50, L_0x600be7c381e8;
L_0x600be7c91d30 .functor MUXZ 32, L_0x600be7c91ac0, L_0x600be7c381a0, L_0x600be7c91a20, C4<>;
L_0x600be7c91ef0 .cmp/eq 5, L_0x600be7c96ff0, L_0x600be7c38230;
L_0x600be7c91fe0 .array/port v0x600be7c19c00, L_0x600be7c920c0;
L_0x600be7c920c0 .concat [ 5 2 0 0], L_0x600be7c96ff0, L_0x600be7c382c0;
L_0x600be7c92290 .functor MUXZ 32, L_0x600be7c91fe0, L_0x600be7c38278, L_0x600be7c91ef0, C4<>;
S_0x600be7aa3260 .scope module, "decode_stage" "decode" 5 214, 9 1 0, S_0x600be7a867a0;
 .timescale -9 -12;
    .port_info 0 /INPUT 1 "clk";
    .port_info 1 /INPUT 1 "rst_n";
    .port_info 2 /INPUT 1 "flush";
    .port_info 3 /INPUT 32 "instr_in";
    .port_info 4 /INPUT 32 "rd1_in";
    .port_info 5 /INPUT 32 "rd2_in";
    .port_info 6 /OUTPUT 1 "RegWrite_out";
    .port_info 7 /OUTPUT 1 "ALUSrc_out";
    .port_info 8 /OUTPUT 1 "MemWrite_out";
    .port_info 9 /OUTPUT 2 "ResultSrc_out";
    .port_info 10 /OUTPUT 1 "Branch_out";
    .port_info 11 /OUTPUT 1 "Jump_out";
    .port_info 12 /OUTPUT 4 "ALUControl_out";
    .port_info 13 /OUTPUT 2 "MemOp_out";
    .port_info 14 /OUTPUT 3 "funct3_out";
    .port_info 15 /OUTPUT 32 "rd1_out";
    .port_info 16 /OUTPUT 32 "rd2_out";
    .port_info 17 /OUTPUT 32 "imm_ext_out";
    .port_info 18 /OUTPUT 5 "rs1_out";
    .port_info 19 /OUTPUT 5 "rs2_out";
    .port_info 20 /OUTPUT 5 "rd_out";
    .port_info 21 /OUTPUT 1 "exception_out";
    .port_info 22 /OUTPUT 5 "A1";
    .port_info 23 /OUTPUT 5 "A2";
L_0x600be7c96be0 .functor NOT 1, v0x600be7c365b0_0, C4<0>, C4<0>, C4<0>;
L_0x600be7c96c50 .functor AND 1, v0x600be7c1f610_0, L_0x600be7c96be0, C4<1>, C4<1>;
L_0x600be7c96d50 .functor BUFZ 32, L_0x600be7c91d30, C4<00000000000000000000000000000000>, C4<00000000000000000000000000000000>, C4<00000000000000000000000000000000>;
L_0x600be7c96e50 .functor BUFZ 32, L_0x600be7c92290, C4<00000000000000000000000000000000>, C4<00000000000000000000000000000000>, C4<00000000000000000000000000000000>;
v0x600be7c1eb30_0 .net "A1", 4 0, L_0x600be7c96f50;  alias, 1 drivers
v0x600be7c1ebf0_0 .net "A2", 4 0, L_0x600be7c96ff0;  alias, 1 drivers
v0x600be7c1ecc0_0 .net "ALUControl_out", 3 0, v0x600be7c1a590_0;  alias, 1 drivers
v0x600be7c1edc0_0 .net "ALUSrc_out", 0 0, v0x600be7c1af40_0;  alias, 1 drivers
v0x600be7c1ee90_0 .net "Branch_out", 0 0, v0x600be7c1afe0_0;  alias, 1 drivers
v0x600be7c1ef30_0 .net "Jump_out", 0 0, v0x600be7c1b190_0;  alias, 1 drivers
v0x600be7c1f000_0 .net "MemOp_out", 1 0, v0x600be7c1b2a0_0;  alias, 1 drivers
v0x600be7c1f0d0_0 .net "MemWrite_out", 0 0, v0x600be7c1b380_0;  alias, 1 drivers
v0x600be7c1f1a0_0 .net "RegWrite_out", 0 0, v0x600be7c1b520_0;  alias, 1 drivers
v0x600be7c1f270_0 .net "ResultSrc_out", 1 0, v0x600be7c1b5e0_0;  alias, 1 drivers
v0x600be7c1f340_0 .net *"_ivl_20", 0 0, L_0x600be7c96be0;  1 drivers
v0x600be7c1f3e0_0 .net "alu_op", 1 0, v0x600be7c1ae60_0;  1 drivers
v0x600be7c1f480_0 .net "clk", 0 0, v0x600be7c36e80_0;  alias, 1 drivers
v0x600be7c1f570_0 .net "exception_out", 0 0, L_0x600be7c96c50;  alias, 1 drivers
v0x600be7c1f610_0 .var "exception_reg", 0 0;
v0x600be7c1f6b0_0 .net "flush", 0 0, v0x600be7c365b0_0;  1 drivers
v0x600be7c1f750_0 .net "funct3_out", 2 0, L_0x600be7c96ae0;  alias, 1 drivers
v0x600be7c1f810_0 .net "funct7", 6 0, L_0x600be7c92470;  1 drivers
v0x600be7c1f8f0_0 .net "funct7_5", 0 0, L_0x600be7c925a0;  1 drivers
v0x600be7c1f990_0 .net "imm_ext_out", 31 0, L_0x600be7c96780;  alias, 1 drivers
v0x600be7c1fa30_0 .net "imm_src", 2 0, v0x600be7c1b0b0_0;  1 drivers
v0x600be7c1fb20_0 .net "instr_in", 31 0, v0x600be7c2c200_0;  alias, 1 drivers
v0x600be7c1fbe0_0 .net "opcode", 6 0, L_0x600be7c92640;  1 drivers
v0x600be7c1fca0_0 .net "rd1_in", 31 0, L_0x600be7c91d30;  alias, 1 drivers
v0x600be7c1fd90_0 .net "rd1_out", 31 0, L_0x600be7c96d50;  alias, 1 drivers
v0x600be7c1fe50_0 .net "rd2_in", 31 0, L_0x600be7c92290;  alias, 1 drivers
v0x600be7c1ff40_0 .net "rd2_out", 31 0, L_0x600be7c96e50;  alias, 1 drivers
v0x600be7c20000_0 .net "rd_out", 4 0, L_0x600be7c96a40;  alias, 1 drivers
v0x600be7c200e0_0 .net "rs1_out", 4 0, L_0x600be7c96820;  alias, 1 drivers
v0x600be7c201c0_0 .net "rs2_out", 4 0, L_0x600be7c968c0;  alias, 1 drivers
v0x600be7c202a0_0 .net "rst_n", 0 0, v0x600be7c37bf0_0;  alias, 1 drivers
E_0x600be7bd30f0 .event edge, v0x600be7c1fbe0_0;
L_0x600be7c92470 .part v0x600be7c2c200_0, 25, 7;
L_0x600be7c925a0 .part v0x600be7c2c200_0, 30, 1;
L_0x600be7c92640 .part v0x600be7c2c200_0, 0, 7;
L_0x600be7c926e0 .part v0x600be7c2c200_0, 0, 7;
L_0x600be7c927b0 .part v0x600be7c2c200_0, 12, 3;
L_0x600be7c92960 .part v0x600be7c2c200_0, 12, 3;
L_0x600be7c96820 .part v0x600be7c2c200_0, 15, 5;
L_0x600be7c968c0 .part v0x600be7c2c200_0, 20, 5;
L_0x600be7c96a40 .part v0x600be7c2c200_0, 7, 5;
L_0x600be7c96ae0 .part v0x600be7c2c200_0, 12, 3;
L_0x600be7c96f50 .part v0x600be7c2c200_0, 15, 5;
L_0x600be7c96ff0 .part v0x600be7c2c200_0, 20, 5;
S_0x600be7c1a2d0 .scope module, "alu_decoder" "ALU_Decoder" 9 54, 10 1 0, S_0x600be7aa3260;
 .timescale -9 -12;
    .port_info 0 /INPUT 2 "ALUOp";
    .port_info 1 /INPUT 3 "funct3";
    .port_info 2 /INPUT 1 "funct7_5";
    .port_info 3 /INPUT 7 "funct7";
    .port_info 4 /OUTPUT 4 "ALUControl";
v0x600be7c1a590_0 .var "ALUControl", 3 0;
v0x600be7c1a690_0 .net "ALUOp", 1 0, v0x600be7c1ae60_0;  alias, 1 drivers
v0x600be7c1a770_0 .net "funct3", 2 0, L_0x600be7c92960;  1 drivers
o0x600be7bef068 .functor BUFZ 7, C4<zzzzzzz>; HiZ drive
v0x600be7c1a860_0 .net "funct7", 6 0, o0x600be7bef068;  0 drivers
v0x600be7c1a940_0 .net "funct7_5", 0 0, L_0x600be7c925a0;  alias, 1 drivers
E_0x600be7c1a500 .event edge, v0x600be7c1a690_0, v0x600be7c1a770_0, v0x600be7c1a940_0, v0x600be7c1a860_0;
S_0x600be7c1aaf0 .scope module, "control_unit" "Main_Decoder" 9 39, 11 1 0, S_0x600be7aa3260;
 .timescale -9 -12;
    .port_info 0 /INPUT 7 "Op";
    .port_info 1 /INPUT 3 "funct3";
    .port_info 2 /OUTPUT 1 "RegWrite";
    .port_info 3 /OUTPUT 1 "ALUSrc";
    .port_info 4 /OUTPUT 1 "MemWrite";
    .port_info 5 /OUTPUT 1 "Branch";
    .port_info 6 /OUTPUT 1 "Jump";
    .port_info 7 /OUTPUT 2 "ResultSrc";
    .port_info 8 /OUTPUT 2 "MemOp";
    .port_info 9 /OUTPUT 3 "ImmSrc";
    .port_info 10 /OUTPUT 2 "ALUOp";
v0x600be7c1ae60_0 .var "ALUOp", 1 0;
v0x600be7c1af40_0 .var "ALUSrc", 0 0;
v0x600be7c1afe0_0 .var "Branch", 0 0;
v0x600be7c1b0b0_0 .var "ImmSrc", 2 0;
v0x600be7c1b190_0 .var "Jump", 0 0;
v0x600be7c1b2a0_0 .var "MemOp", 1 0;
v0x600be7c1b380_0 .var "MemWrite", 0 0;
v0x600be7c1b440_0 .net "Op", 6 0, L_0x600be7c926e0;  1 drivers
v0x600be7c1b520_0 .var "RegWrite", 0 0;
v0x600be7c1b5e0_0 .var "ResultSrc", 1 0;
v0x600be7c1b6c0_0 .net "funct3", 2 0, L_0x600be7c927b0;  1 drivers
E_0x600be7c1ae00 .event edge, v0x600be7c1b440_0, v0x600be7c1b6c0_0;
S_0x600be7c1b900 .scope module, "sign_extend" "Sign_Extend" 9 61, 12 11 0, S_0x600be7aa3260;
 .timescale -9 -12;
    .port_info 0 /INPUT 32 "In";
    .port_info 1 /INPUT 3 "ImmSrc";
    .port_info 2 /OUTPUT 32 "Imm_Ext";
v0x600be7c1bae0_0 .net "ImmSrc", 2 0, v0x600be7c1b0b0_0;  alias, 1 drivers
v0x600be7c1bbf0_0 .net "Imm_Ext", 31 0, L_0x600be7c96780;  alias, 1 drivers
v0x600be7c1bcb0_0 .net "In", 31 0, v0x600be7c2c200_0;  alias, 1 drivers
L_0x600be7c38308 .functor BUFT 1, C4<000>, C4<0>, C4<0>, C4<0>;
v0x600be7c1bda0_0 .net/2u *"_ivl_0", 2 0, L_0x600be7c38308;  1 drivers
v0x600be7c1be80_0 .net *"_ivl_10", 31 0, L_0x600be7c92ea0;  1 drivers
v0x600be7c1bfb0_0 .net *"_ivl_12", 32 0, L_0x600be7c92fc0;  1 drivers
L_0x600be7c38350 .functor BUFT 1, C4<0>, C4<0>, C4<0>, C4<0>;
v0x600be7c1c090_0 .net *"_ivl_15", 0 0, L_0x600be7c38350;  1 drivers
L_0x600be7c38398 .functor BUFT 1, C4<001>, C4<0>, C4<0>, C4<0>;
v0x600be7c1c170_0 .net/2u *"_ivl_16", 2 0, L_0x600be7c38398;  1 drivers
v0x600be7c1c250_0 .net *"_ivl_18", 0 0, L_0x600be7c93140;  1 drivers
v0x600be7c1c3a0_0 .net *"_ivl_2", 0 0, L_0x600be7c92a40;  1 drivers
v0x600be7c1c460_0 .net *"_ivl_21", 0 0, L_0x600be7c931e0;  1 drivers
v0x600be7c1c540_0 .net *"_ivl_22", 19 0, L_0x600be7c932d0;  1 drivers
v0x600be7c1c620_0 .net *"_ivl_25", 6 0, L_0x600be7c93790;  1 drivers
v0x600be7c1c700_0 .net *"_ivl_27", 4 0, L_0x600be7c93890;  1 drivers
v0x600be7c1c7e0_0 .net *"_ivl_28", 31 0, L_0x600be7c93960;  1 drivers
v0x600be7c1c8c0_0 .net *"_ivl_30", 32 0, L_0x600be7c93b20;  1 drivers
L_0x600be7c383e0 .functor BUFT 1, C4<0>, C4<0>, C4<0>, C4<0>;
v0x600be7c1c9a0_0 .net *"_ivl_33", 0 0, L_0x600be7c383e0;  1 drivers
L_0x600be7c38428 .functor BUFT 1, C4<010>, C4<0>, C4<0>, C4<0>;
v0x600be7c1cb90_0 .net/2u *"_ivl_34", 2 0, L_0x600be7c38428;  1 drivers
v0x600be7c1cc70_0 .net *"_ivl_36", 0 0, L_0x600be7c93c60;  1 drivers
v0x600be7c1cd30_0 .net *"_ivl_39", 0 0, L_0x600be7c93dd0;  1 drivers
v0x600be7c1ce10_0 .net *"_ivl_40", 19 0, L_0x600be7c93e70;  1 drivers
v0x600be7c1cef0_0 .net *"_ivl_43", 0 0, L_0x600be7c942b0;  1 drivers
v0x600be7c1cfd0_0 .net *"_ivl_45", 0 0, L_0x600be7c94560;  1 drivers
v0x600be7c1d0b0_0 .net *"_ivl_47", 5 0, L_0x600be7c946d0;  1 drivers
v0x600be7c1d190_0 .net *"_ivl_49", 3 0, L_0x600be7c947a0;  1 drivers
v0x600be7c1d270_0 .net *"_ivl_5", 0 0, L_0x600be7c92b30;  1 drivers
L_0x600be7c38470 .functor BUFT 1, C4<0>, C4<0>, C4<0>, C4<0>;
v0x600be7c1d350_0 .net/2u *"_ivl_50", 0 0, L_0x600be7c38470;  1 drivers
v0x600be7c1d430_0 .net *"_ivl_52", 32 0, L_0x600be7c94630;  1 drivers
L_0x600be7c384b8 .functor BUFT 1, C4<011>, C4<0>, C4<0>, C4<0>;
v0x600be7c1d510_0 .net/2u *"_ivl_54", 2 0, L_0x600be7c384b8;  1 drivers
v0x600be7c1d5f0_0 .net *"_ivl_56", 0 0, L_0x600be7c94b10;  1 drivers
v0x600be7c1d6b0_0 .net *"_ivl_59", 0 0, L_0x600be7c94cc0;  1 drivers
v0x600be7c1d790_0 .net *"_ivl_6", 19 0, L_0x600be7c92bd0;  1 drivers
v0x600be7c1d870_0 .net *"_ivl_60", 11 0, L_0x600be7c94d60;  1 drivers
v0x600be7c1d950_0 .net *"_ivl_63", 0 0, L_0x600be7c94f20;  1 drivers
v0x600be7c1da30_0 .net *"_ivl_65", 7 0, L_0x600be7c94fc0;  1 drivers
v0x600be7c1db10_0 .net *"_ivl_67", 0 0, L_0x600be7c95140;  1 drivers
v0x600be7c1dbf0_0 .net *"_ivl_69", 9 0, L_0x600be7c951e0;  1 drivers
L_0x600be7c38500 .functor BUFT 1, C4<0>, C4<0>, C4<0>, C4<0>;
v0x600be7c1dcd0_0 .net/2u *"_ivl_70", 0 0, L_0x600be7c38500;  1 drivers
v0x600be7c1ddb0_0 .net *"_ivl_72", 32 0, L_0x600be7c953a0;  1 drivers
L_0x600be7c38548 .functor BUFT 1, C4<100>, C4<0>, C4<0>, C4<0>;
v0x600be7c1de90_0 .net/2u *"_ivl_74", 2 0, L_0x600be7c38548;  1 drivers
v0x600be7c1df70_0 .net *"_ivl_76", 0 0, L_0x600be7c95600;  1 drivers
v0x600be7c1e030_0 .net *"_ivl_79", 19 0, L_0x600be7c957f0;  1 drivers
L_0x600be7c38590 .functor BUFT 1, C4<000000000000>, C4<0>, C4<0>, C4<0>;
v0x600be7c1e110_0 .net/2u *"_ivl_80", 11 0, L_0x600be7c38590;  1 drivers
v0x600be7c1e1f0_0 .net *"_ivl_82", 31 0, L_0x600be7c95890;  1 drivers
v0x600be7c1e2d0_0 .net *"_ivl_84", 32 0, L_0x600be7c95ae0;  1 drivers
L_0x600be7c385d8 .functor BUFT 1, C4<0>, C4<0>, C4<0>, C4<0>;
v0x600be7c1e3b0_0 .net *"_ivl_87", 0 0, L_0x600be7c385d8;  1 drivers
L_0x600be7c38620 .functor BUFT 1, C4<000000000000000000000000000000000>, C4<0>, C4<0>, C4<0>;
v0x600be7c1e490_0 .net/2u *"_ivl_88", 32 0, L_0x600be7c38620;  1 drivers
v0x600be7c1e570_0 .net *"_ivl_9", 11 0, L_0x600be7c92dd0;  1 drivers
v0x600be7c1e650_0 .net *"_ivl_90", 32 0, L_0x600be7c95c20;  1 drivers
v0x600be7c1e730_0 .net *"_ivl_92", 32 0, L_0x600be7c95ed0;  1 drivers
v0x600be7c1e810_0 .net *"_ivl_94", 32 0, L_0x600be7c96060;  1 drivers
v0x600be7c1e8f0_0 .net *"_ivl_96", 32 0, L_0x600be7c96320;  1 drivers
v0x600be7c1e9d0_0 .net *"_ivl_98", 32 0, L_0x600be7c964b0;  1 drivers
L_0x600be7c92a40 .cmp/eq 3, v0x600be7c1b0b0_0, L_0x600be7c38308;
L_0x600be7c92b30 .part v0x600be7c2c200_0, 31, 1;
LS_0x600be7c92bd0_0_0 .concat [ 1 1 1 1], L_0x600be7c92b30, L_0x600be7c92b30, L_0x600be7c92b30, L_0x600be7c92b30;
LS_0x600be7c92bd0_0_4 .concat [ 1 1 1 1], L_0x600be7c92b30, L_0x600be7c92b30, L_0x600be7c92b30, L_0x600be7c92b30;
LS_0x600be7c92bd0_0_8 .concat [ 1 1 1 1], L_0x600be7c92b30, L_0x600be7c92b30, L_0x600be7c92b30, L_0x600be7c92b30;
LS_0x600be7c92bd0_0_12 .concat [ 1 1 1 1], L_0x600be7c92b30, L_0x600be7c92b30, L_0x600be7c92b30, L_0x600be7c92b30;
LS_0x600be7c92bd0_0_16 .concat [ 1 1 1 1], L_0x600be7c92b30, L_0x600be7c92b30, L_0x600be7c92b30, L_0x600be7c92b30;
LS_0x600be7c92bd0_1_0 .concat [ 4 4 4 4], LS_0x600be7c92bd0_0_0, LS_0x600be7c92bd0_0_4, LS_0x600be7c92bd0_0_8, LS_0x600be7c92bd0_0_12;
LS_0x600be7c92bd0_1_4 .concat [ 4 0 0 0], LS_0x600be7c92bd0_0_16;
L_0x600be7c92bd0 .concat [ 16 4 0 0], LS_0x600be7c92bd0_1_0, LS_0x600be7c92bd0_1_4;
L_0x600be7c92dd0 .part v0x600be7c2c200_0, 20, 12;
L_0x600be7c92ea0 .concat [ 12 20 0 0], L_0x600be7c92dd0, L_0x600be7c92bd0;
L_0x600be7c92fc0 .concat [ 32 1 0 0], L_0x600be7c92ea0, L_0x600be7c38350;
L_0x600be7c93140 .cmp/eq 3, v0x600be7c1b0b0_0, L_0x600be7c38398;
L_0x600be7c931e0 .part v0x600be7c2c200_0, 31, 1;
LS_0x600be7c932d0_0_0 .concat [ 1 1 1 1], L_0x600be7c931e0, L_0x600be7c931e0, L_0x600be7c931e0, L_0x600be7c931e0;
LS_0x600be7c932d0_0_4 .concat [ 1 1 1 1], L_0x600be7c931e0, L_0x600be7c931e0, L_0x600be7c931e0, L_0x600be7c931e0;
LS_0x600be7c932d0_0_8 .concat [ 1 1 1 1], L_0x600be7c931e0, L_0x600be7c931e0, L_0x600be7c931e0, L_0x600be7c931e0;
LS_0x600be7c932d0_0_12 .concat [ 1 1 1 1], L_0x600be7c931e0, L_0x600be7c931e0, L_0x600be7c931e0, L_0x600be7c931e0;
LS_0x600be7c932d0_0_16 .concat [ 1 1 1 1], L_0x600be7c931e0, L_0x600be7c931e0, L_0x600be7c931e0, L_0x600be7c931e0;
LS_0x600be7c932d0_1_0 .concat [ 4 4 4 4], LS_0x600be7c932d0_0_0, LS_0x600be7c932d0_0_4, LS_0x600be7c932d0_0_8, LS_0x600be7c932d0_0_12;
LS_0x600be7c932d0_1_4 .concat [ 4 0 0 0], LS_0x600be7c932d0_0_16;
L_0x600be7c932d0 .concat [ 16 4 0 0], LS_0x600be7c932d0_1_0, LS_0x600be7c932d0_1_4;
L_0x600be7c93790 .part v0x600be7c2c200_0, 25, 7;
L_0x600be7c93890 .part v0x600be7c2c200_0, 7, 5;
L_0x600be7c93960 .concat [ 5 7 20 0], L_0x600be7c93890, L_0x600be7c93790, L_0x600be7c932d0;
L_0x600be7c93b20 .concat [ 32 1 0 0], L_0x600be7c93960, L_0x600be7c383e0;
L_0x600be7c93c60 .cmp/eq 3, v0x600be7c1b0b0_0, L_0x600be7c38428;
L_0x600be7c93dd0 .part v0x600be7c2c200_0, 31, 1;
LS_0x600be7c93e70_0_0 .concat [ 1 1 1 1], L_0x600be7c93dd0, L_0x600be7c93dd0, L_0x600be7c93dd0, L_0x600be7c93dd0;
LS_0x600be7c93e70_0_4 .concat [ 1 1 1 1], L_0x600be7c93dd0, L_0x600be7c93dd0, L_0x600be7c93dd0, L_0x600be7c93dd0;
LS_0x600be7c93e70_0_8 .concat [ 1 1 1 1], L_0x600be7c93dd0, L_0x600be7c93dd0, L_0x600be7c93dd0, L_0x600be7c93dd0;
LS_0x600be7c93e70_0_12 .concat [ 1 1 1 1], L_0x600be7c93dd0, L_0x600be7c93dd0, L_0x600be7c93dd0, L_0x600be7c93dd0;
LS_0x600be7c93e70_0_16 .concat [ 1 1 1 1], L_0x600be7c93dd0, L_0x600be7c93dd0, L_0x600be7c93dd0, L_0x600be7c93dd0;
LS_0x600be7c93e70_1_0 .concat [ 4 4 4 4], LS_0x600be7c93e70_0_0, LS_0x600be7c93e70_0_4, LS_0x600be7c93e70_0_8, LS_0x600be7c93e70_0_12;
LS_0x600be7c93e70_1_4 .concat [ 4 0 0 0], LS_0x600be7c93e70_0_16;
L_0x600be7c93e70 .concat [ 16 4 0 0], LS_0x600be7c93e70_1_0, LS_0x600be7c93e70_1_4;
L_0x600be7c942b0 .part v0x600be7c2c200_0, 31, 1;
L_0x600be7c94560 .part v0x600be7c2c200_0, 7, 1;
L_0x600be7c946d0 .part v0x600be7c2c200_0, 25, 6;
L_0x600be7c947a0 .part v0x600be7c2c200_0, 8, 4;
LS_0x600be7c94630_0_0 .concat [ 1 4 6 1], L_0x600be7c38470, L_0x600be7c947a0, L_0x600be7c946d0, L_0x600be7c94560;
LS_0x600be7c94630_0_4 .concat [ 1 20 0 0], L_0x600be7c942b0, L_0x600be7c93e70;
L_0x600be7c94630 .concat [ 12 21 0 0], LS_0x600be7c94630_0_0, LS_0x600be7c94630_0_4;
L_0x600be7c94b10 .cmp/eq 3, v0x600be7c1b0b0_0, L_0x600be7c384b8;
L_0x600be7c94cc0 .part v0x600be7c2c200_0, 31, 1;
LS_0x600be7c94d60_0_0 .concat [ 1 1 1 1], L_0x600be7c94cc0, L_0x600be7c94cc0, L_0x600be7c94cc0, L_0x600be7c94cc0;
LS_0x600be7c94d60_0_4 .concat [ 1 1 1 1], L_0x600be7c94cc0, L_0x600be7c94cc0, L_0x600be7c94cc0, L_0x600be7c94cc0;
LS_0x600be7c94d60_0_8 .concat [ 1 1 1 1], L_0x600be7c94cc0, L_0x600be7c94cc0, L_0x600be7c94cc0, L_0x600be7c94cc0;
L_0x600be7c94d60 .concat [ 4 4 4 0], LS_0x600be7c94d60_0_0, LS_0x600be7c94d60_0_4, LS_0x600be7c94d60_0_8;
L_0x600be7c94f20 .part v0x600be7c2c200_0, 31, 1;
L_0x600be7c94fc0 .part v0x600be7c2c200_0, 12, 8;
L_0x600be7c95140 .part v0x600be7c2c200_0, 20, 1;
L_0x600be7c951e0 .part v0x600be7c2c200_0, 21, 10;
LS_0x600be7c953a0_0_0 .concat [ 1 10 1 8], L_0x600be7c38500, L_0x600be7c951e0, L_0x600be7c95140, L_0x600be7c94fc0;
LS_0x600be7c953a0_0_4 .concat [ 1 12 0 0], L_0x600be7c94f20, L_0x600be7c94d60;
L_0x600be7c953a0 .concat [ 20 13 0 0], LS_0x600be7c953a0_0_0, LS_0x600be7c953a0_0_4;
L_0x600be7c95600 .cmp/eq 3, v0x600be7c1b0b0_0, L_0x600be7c38548;
L_0x600be7c957f0 .part v0x600be7c2c200_0, 12, 20;
L_0x600be7c95890 .concat [ 12 20 0 0], L_0x600be7c38590, L_0x600be7c957f0;
L_0x600be7c95ae0 .concat [ 32 1 0 0], L_0x600be7c95890, L_0x600be7c385d8;
L_0x600be7c95c20 .functor MUXZ 33, L_0x600be7c38620, L_0x600be7c95ae0, L_0x600be7c95600, C4<>;
L_0x600be7c95ed0 .functor MUXZ 33, L_0x600be7c95c20, L_0x600be7c953a0, L_0x600be7c94b10, C4<>;
L_0x600be7c96060 .functor MUXZ 33, L_0x600be7c95ed0, L_0x600be7c94630, L_0x600be7c93c60, C4<>;
L_0x600be7c96320 .functor MUXZ 33, L_0x600be7c96060, L_0x600be7c93b20, L_0x600be7c93140, C4<>;
L_0x600be7c964b0 .functor MUXZ 33, L_0x600be7c96320, L_0x600be7c92fc0, L_0x600be7c92a40, C4<>;
L_0x600be7c96780 .part L_0x600be7c964b0, 0, 32;
S_0x600be7c20690 .scope module, "ex_mem_reg" "EX_MEM_reg" 5 262, 13 1 0, S_0x600be7a867a0;
 .timescale -9 -12;
    .port_info 0 /INPUT 1 "clk";
    .port_info 1 /INPUT 1 "rst_n";
    .port_info 2 /INPUT 1 "RegWrite_in";
    .port_info 3 /INPUT 1 "MemWrite_in";
    .port_info 4 /INPUT 2 "ResultSrc_in";
    .port_info 5 /INPUT 2 "MemOp_in";
    .port_info 6 /INPUT 32 "ALU_Result_in";
    .port_info 7 /INPUT 32 "WriteData_in";
    .port_info 8 /INPUT 5 "rd_in";
    .port_info 9 /INPUT 32 "PCPlus4_in";
    .port_info 10 /OUTPUT 1 "RegWrite_out";
    .port_info 11 /OUTPUT 1 "MemWrite_out";
    .port_info 12 /OUTPUT 2 "ResultSrc_out";
    .port_info 13 /OUTPUT 2 "MemOp_out";
    .port_info 14 /OUTPUT 32 "ALU_Result_out";
    .port_info 15 /OUTPUT 32 "WriteData_out";
    .port_info 16 /OUTPUT 5 "rd_out";
    .port_info 17 /OUTPUT 32 "PCPlus4_out";
v0x600be7c20960_0 .net "ALU_Result_in", 31 0, v0x600be7c248d0_0;  alias, 1 drivers
v0x600be7c20a60_0 .var "ALU_Result_out", 31 0;
v0x600be7c20b20_0 .net "MemOp_in", 1 0, v0x600be7c23960_0;  alias, 1 drivers
v0x600be7c20bc0_0 .var "MemOp_out", 1 0;
v0x600be7c20cb0_0 .net "MemWrite_in", 0 0, v0x600be7c23ac0_0;  alias, 1 drivers
v0x600be7c20da0_0 .var "MemWrite_out", 0 0;
v0x600be7c20e40_0 .net "PCPlus4_in", 31 0, v0x600be7c23c50_0;  alias, 1 drivers
v0x600be7c20f00_0 .var "PCPlus4_out", 31 0;
v0x600be7c20fe0_0 .net "RegWrite_in", 0 0, v0x600be7c24190_0;  alias, 1 drivers
v0x600be7c210a0_0 .var "RegWrite_out", 0 0;
v0x600be7c21160_0 .net "ResultSrc_in", 1 0, v0x600be7c24320_0;  alias, 1 drivers
v0x600be7c21240_0 .var "ResultSrc_out", 1 0;
v0x600be7c21320_0 .net "WriteData_in", 31 0, L_0x600be7c97100;  alias, 1 drivers
v0x600be7c21400_0 .var "WriteData_out", 31 0;
v0x600be7c214f0_0 .net "clk", 0 0, v0x600be7c36e80_0;  alias, 1 drivers
v0x600be7c21590_0 .net "rd_in", 4 0, v0x600be7c25250_0;  alias, 1 drivers
v0x600be7c21650_0 .var "rd_out", 4 0;
v0x600be7c21840_0 .net "rst_n", 0 0, v0x600be7c37bf0_0;  alias, 1 drivers
S_0x600be7c21bc0 .scope module, "execute_stage" "execute" 5 245, 14 1 0, S_0x600be7a867a0;
 .timescale -9 -12;
    .port_info 0 /INPUT 1 "clk";
    .port_info 1 /INPUT 1 "rst_n";
    .port_info 2 /INPUT 1 "RegWrite_in";
    .port_info 3 /INPUT 1 "ALUSrc_in";
    .port_info 4 /INPUT 1 "MemWrite_in";
    .port_info 5 /INPUT 1 "Branch_in";
    .port_info 6 /INPUT 1 "Jump_in";
    .port_info 7 /INPUT 2 "ResultSrc_in";
    .port_info 8 /INPUT 2 "MemOp_in";
    .port_info 9 /INPUT 4 "ALUControl_in";
    .port_info 10 /INPUT 3 "funct3_in";
    .port_info 11 /INPUT 32 "RD1_in";
    .port_info 12 /INPUT 32 "RD2_in";
    .port_info 13 /INPUT 32 "Imm_Ext_in";
    .port_info 14 /INPUT 32 "PC_in";
    .port_info 15 /INPUT 32 "PCPlus4_in";
    .port_info 16 /INPUT 5 "rd_in";
    .port_info 17 /INPUT 2 "ForwardA";
    .port_info 18 /INPUT 2 "ForwardB";
    .port_info 19 /INPUT 32 "alu_result_mem";
    .port_info 20 /INPUT 32 "result_wb";
    .port_info 21 /OUTPUT 1 "RegWrite_out";
    .port_info 22 /OUTPUT 1 "MemWrite_out";
    .port_info 23 /OUTPUT 2 "ResultSrc_out";
    .port_info 24 /OUTPUT 2 "MemOp_out";
    .port_info 25 /OUTPUT 5 "rd_out";
    .port_info 26 /OUTPUT 32 "PCPlus4_out";
    .port_info 27 /OUTPUT 32 "WriteData_out";
    .port_info 28 /OUTPUT 32 "alu_result_out";
    .port_info 29 /OUTPUT 1 "pc_src_out";
    .port_info 30 /OUTPUT 32 "pc_target_out";
    .port_info 31 /OUTPUT 1 "branch_feedback_valid";
    .port_info 32 /OUTPUT 32 "branch_feedback_pc";
    .port_info 33 /OUTPUT 1 "branch_feedback_taken";
L_0x600be7c978c0 .functor AND 1, v0x600be7c29b80_0, v0x600be7c24c90_0, C4<1>, C4<1>;
L_0x600be7c97c90 .functor OR 1, L_0x600be7c978c0, v0x600be7c29e50_0, C4<0>, C4<0>;
L_0x600be7c97d90 .functor AND 1, v0x600be7c29e50_0, v0x600be7c299a0_0, C4<1>, C4<1>;
L_0x600be7c97fc0 .functor BUFZ 1, v0x600be7c29b80_0, C4<0>, C4<0>, C4<0>;
L_0x600be7c981f0 .functor BUFZ 32, v0x600be7c2a590_0, C4<00000000000000000000000000000000>, C4<00000000000000000000000000000000>, C4<00000000000000000000000000000000>;
L_0x600be7c982f0 .functor BUFZ 1, L_0x600be7c978c0, C4<0>, C4<0>, C4<0>;
v0x600be7c232d0_0 .net "ALUControl_in", 3 0, v0x600be7c297a0_0;  alias, 1 drivers
v0x600be7c233b0_0 .net "ALUSrc_in", 0 0, v0x600be7c299a0_0;  alias, 1 drivers
v0x600be7c23450_0 .net "Branch_in", 0 0, v0x600be7c29b80_0;  alias, 1 drivers
v0x600be7c23520_0 .net "ForwardA", 1 0, v0x600be7c27290_0;  alias, 1 drivers
v0x600be7c23600_0 .net "ForwardB", 1 0, v0x600be7c27390_0;  alias, 1 drivers
v0x600be7c236e0_0 .net "Imm_Ext_in", 31 0, v0x600be7c29d10_0;  alias, 1 drivers
v0x600be7c237c0_0 .net "Jump_in", 0 0, v0x600be7c29e50_0;  alias, 1 drivers
v0x600be7c23880_0 .net "MemOp_in", 1 0, v0x600be7c29fe0_0;  alias, 1 drivers
v0x600be7c23960_0 .var "MemOp_out", 1 0;
v0x600be7c23a20_0 .net "MemWrite_in", 0 0, v0x600be7c2a170_0;  alias, 1 drivers
v0x600be7c23ac0_0 .var "MemWrite_out", 0 0;
v0x600be7c23b90_0 .net "PCPlus4_in", 31 0, v0x600be7c2a300_0;  alias, 1 drivers
v0x600be7c23c50_0 .var "PCPlus4_out", 31 0;
v0x600be7c23d40_0 .net "PC_in", 31 0, v0x600be7c2a590_0;  alias, 1 drivers
v0x600be7c23e00_0 .net "RD1_in", 31 0, v0x600be7c2a6f0_0;  alias, 1 drivers
v0x600be7c23ee0_0 .net "RD2_in", 31 0, v0x600be7c2a860_0;  alias, 1 drivers
v0x600be7c23fc0_0 .net "RegWrite_in", 0 0, v0x600be7c2aa20_0;  alias, 1 drivers
v0x600be7c24190_0 .var "RegWrite_out", 0 0;
v0x600be7c24260_0 .net "ResultSrc_in", 1 0, v0x600be7c2ac00_0;  alias, 1 drivers
v0x600be7c24320_0 .var "ResultSrc_out", 1 0;
v0x600be7c24410_0 .net "WriteData_out", 31 0, L_0x600be7c97100;  alias, 1 drivers
L_0x600be7c38668 .functor BUFT 1, C4<00000000000000000000000000000000>, C4<0>, C4<0>, C4<0>;
v0x600be7c244e0_0 .net/2u *"_ivl_0", 31 0, L_0x600be7c38668;  1 drivers
v0x600be7c245a0_0 .net *"_ivl_11", 0 0, L_0x600be7c97d90;  1 drivers
v0x600be7c24660_0 .net *"_ivl_12", 31 0, L_0x600be7c97f20;  1 drivers
v0x600be7c24740_0 .net "alu_result", 31 0, v0x600be7c22620_0;  1 drivers
v0x600be7c24830_0 .net "alu_result_mem", 31 0, v0x600be7c20a60_0;  alias, 1 drivers
v0x600be7c248d0_0 .var "alu_result_out", 31 0;
v0x600be7c24990_0 .net "branch_feedback_pc", 31 0, L_0x600be7c981f0;  alias, 1 drivers
v0x600be7c24a50_0 .net "branch_feedback_taken", 0 0, L_0x600be7c982f0;  alias, 1 drivers
v0x600be7c24b10_0 .net "branch_feedback_valid", 0 0, L_0x600be7c97fc0;  alias, 1 drivers
v0x600be7c24bd0_0 .net "branch_taken", 0 0, L_0x600be7c978c0;  1 drivers
v0x600be7c24c90_0 .var "branch_taken_reg", 0 0;
o0x600be7bf14c8 .functor BUFZ 1, C4<z>; HiZ drive
v0x600be7c24d50_0 .net "clk", 0 0, o0x600be7bf14c8;  0 drivers
v0x600be7c24e10_0 .var "forwarded_rd2", 31 0;
v0x600be7c24ef0_0 .net "funct3_in", 2 0, v0x600be7c2afb0_0;  alias, 1 drivers
v0x600be7c24fd0_0 .net "pc_src_out", 0 0, L_0x600be7c97c90;  alias, 1 drivers
v0x600be7c25090_0 .net "pc_target_out", 31 0, L_0x600be7c980c0;  alias, 1 drivers
v0x600be7c25170_0 .net "rd_in", 4 0, v0x600be7c2b0f0_0;  alias, 1 drivers
v0x600be7c25250_0 .var "rd_out", 4 0;
v0x600be7c25340_0 .net "result_wb", 31 0, v0x600be7c2e420_0;  alias, 1 drivers
o0x600be7bf15e8 .functor BUFZ 1, C4<z>; HiZ drive
v0x600be7c25410_0 .net "rst_n", 0 0, o0x600be7bf15e8;  0 drivers
v0x600be7c254b0_0 .var "src_a", 31 0;
v0x600be7c255a0_0 .net "src_b", 31 0, L_0x600be7c97230;  1 drivers
v0x600be7c25670_0 .net "zero_flag", 0 0, v0x600be7c22700_0;  1 drivers
E_0x600be7c21d50/0 .event edge, v0x600be7c23fc0_0, v0x600be7c23a20_0, v0x600be7c24260_0, v0x600be7c23880_0;
E_0x600be7c21d50/1 .event edge, v0x600be7c25170_0, v0x600be7c23b90_0, v0x600be7c22620_0;
E_0x600be7c21d50 .event/or E_0x600be7c21d50/0, E_0x600be7c21d50/1;
E_0x600be7c21df0 .event edge, v0x600be7c24ef0_0, v0x600be7c22700_0, v0x600be7c22620_0;
E_0x600be7c21e50 .event edge, v0x600be7c23600_0, v0x600be7c23ee0_0, v0x600be7a65650_0, v0x600be7c18e30_0;
E_0x600be7c21ec0 .event edge, v0x600be7c23520_0, v0x600be7c23e00_0, v0x600be7a65650_0, v0x600be7c18e30_0;
L_0x600be7c97100 .functor MUXZ 32, L_0x600be7c38668, v0x600be7c24e10_0, v0x600be7c2a170_0, C4<>;
L_0x600be7c97230 .functor MUXZ 32, v0x600be7c24e10_0, v0x600be7c29d10_0, v0x600be7c299a0_0, C4<>;
L_0x600be7c97f20 .arith/sum 32, v0x600be7c2a590_0, v0x600be7c29d10_0;
L_0x600be7c980c0 .functor MUXZ 32, L_0x600be7c97f20, v0x600be7c22620_0, L_0x600be7c97d90, C4<>;
S_0x600be7c21f60 .scope module, "alu_unit" "ALU" 14 66, 15 1 0, S_0x600be7c21bc0;
 .timescale -9 -12;
    .port_info 0 /INPUT 32 "A";
    .port_info 1 /INPUT 32 "B";
    .port_info 2 /INPUT 4 "ALUControl";
    .port_info 3 /OUTPUT 32 "Result";
    .port_info 4 /OUTPUT 1 "Zero";
L_0x600be7c97400 .functor NOT 32, L_0x600be7c97230, C4<00000000000000000000000000000000>, C4<00000000000000000000000000000000>, C4<00000000000000000000000000000000>;
v0x600be7c208c0_0 .net "A", 31 0, v0x600be7c254b0_0;  1 drivers
v0x600be7c22260_0 .net "ALUControl", 3 0, v0x600be7c297a0_0;  alias, 1 drivers
v0x600be7c22340_0 .net "B", 31 0, L_0x600be7c97230;  alias, 1 drivers
v0x600be7c22430_0 .net "B_inverted", 31 0, L_0x600be7c97470;  1 drivers
v0x600be7c22510_0 .net "CarryIn", 0 0, L_0x600be7c97690;  1 drivers
v0x600be7c22620_0 .var "Result", 31 0;
v0x600be7c22700_0 .var "Zero", 0 0;
L_0x600be7c386b0 .functor BUFT 1, C4<0001>, C4<0>, C4<0>, C4<0>;
v0x600be7c227c0_0 .net/2u *"_ivl_0", 3 0, L_0x600be7c386b0;  1 drivers
v0x600be7c228a0_0 .net *"_ivl_10", 0 0, L_0x600be7c975a0;  1 drivers
L_0x600be7c38740 .functor BUFT 1, C4<1>, C4<0>, C4<0>, C4<0>;
v0x600be7c22960_0 .net/2u *"_ivl_12", 0 0, L_0x600be7c38740;  1 drivers
L_0x600be7c38788 .functor BUFT 1, C4<0>, C4<0>, C4<0>, C4<0>;
v0x600be7c22a40_0 .net/2u *"_ivl_14", 0 0, L_0x600be7c38788;  1 drivers
v0x600be7c22b20_0 .net *"_ivl_18", 31 0, L_0x600be7c97820;  1 drivers
v0x600be7c22c00_0 .net *"_ivl_2", 0 0, L_0x600be7c972d0;  1 drivers
v0x600be7c22cc0_0 .net *"_ivl_20", 31 0, L_0x600be7c979d0;  1 drivers
L_0x600be7c387d0 .functor BUFT 1, C4<0000000000000000000000000000000>, C4<0>, C4<0>, C4<0>;
v0x600be7c22da0_0 .net *"_ivl_23", 30 0, L_0x600be7c387d0;  1 drivers
v0x600be7c22e80_0 .net *"_ivl_4", 31 0, L_0x600be7c97400;  1 drivers
L_0x600be7c386f8 .functor BUFT 1, C4<0001>, C4<0>, C4<0>, C4<0>;
v0x600be7c22f60_0 .net/2u *"_ivl_8", 3 0, L_0x600be7c386f8;  1 drivers
v0x600be7c23150_0 .net "sum", 31 0, L_0x600be7c97b50;  1 drivers
E_0x600be7c22170/0 .event edge, v0x600be7c22260_0, v0x600be7c208c0_0, v0x600be7c22340_0, v0x600be7c23150_0;
E_0x600be7c22170/1 .event edge, v0x600be7c22620_0;
E_0x600be7c22170 .event/or E_0x600be7c22170/0, E_0x600be7c22170/1;
L_0x600be7c972d0 .cmp/eq 4, v0x600be7c297a0_0, L_0x600be7c386b0;
L_0x600be7c97470 .functor MUXZ 32, L_0x600be7c97230, L_0x600be7c97400, L_0x600be7c972d0, C4<>;
L_0x600be7c975a0 .cmp/eq 4, v0x600be7c297a0_0, L_0x600be7c386f8;
L_0x600be7c97690 .functor MUXZ 1, L_0x600be7c38788, L_0x600be7c38740, L_0x600be7c975a0, C4<>;
L_0x600be7c97820 .arith/sum 32, v0x600be7c254b0_0, L_0x600be7c97470;
L_0x600be7c979d0 .concat [ 1 31 0 0], L_0x600be7c97690, L_0x600be7c387d0;
L_0x600be7c97b50 .arith/sum 32, L_0x600be7c97820, L_0x600be7c979d0;
S_0x600be7c25b40 .scope module, "fetch_stage" "fetch" 5 172, 16 1 0, S_0x600be7a867a0;
 .timescale -9 -12;
    .port_info 0 /INPUT 1 "clk";
    .port_info 1 /INPUT 1 "rst_n";
    .port_info 2 /INPUT 1 "pc_write_en";
    .port_info 3 /INPUT 1 "pc_src";
    .port_info 4 /INPUT 32 "pc_target";
    .port_info 5 /INPUT 1 "predictor_update";
    .port_info 6 /INPUT 6 "predictor_update_index";
    .port_info 7 /INPUT 1 "predictor_outcome";
    .port_info 8 /INPUT 32 "if_instr";
    .port_info 9 /OUTPUT 32 "pc_out";
    .port_info 10 /OUTPUT 32 "pc_plus4_out";
    .port_info 11 /OUTPUT 1 "branch_predict_out";
L_0x600be7c91070 .functor BUFZ 32, v0x600be7c26700_0, C4<00000000000000000000000000000000>, C4<00000000000000000000000000000000>, C4<00000000000000000000000000000000>;
L_0x600be7c911b0 .functor BUFZ 32, L_0x600be7c90fd0, C4<00000000000000000000000000000000>, C4<00000000000000000000000000000000>, C4<00000000000000000000000000000000>;
L_0x600be7c38038 .functor BUFT 1, C4<00000000000000000000000000000100>, C4<0>, C4<0>, C4<0>;
v0x600be7c25d20_0 .net/2u *"_ivl_0", 31 0, L_0x600be7c38038;  1 drivers
L_0x600be7c38080 .functor BUFT 1, C4<1100011>, C4<0>, C4<0>, C4<0>;
v0x600be7c25e20_0 .net/2u *"_ivl_10", 6 0, L_0x600be7c38080;  1 drivers
v0x600be7c25f00_0 .net *"_ivl_9", 6 0, L_0x600be7c91270;  1 drivers
v0x600be7c25ff0_0 .net "branch_predict_out", 0 0, o0x600be7bf1d08;  alias, 0 drivers
v0x600be7c260b0_0 .net "clk", 0 0, v0x600be7c36e80_0;  alias, 1 drivers
v0x600be7c261a0_0 .net "if_instr", 31 0, L_0x600be79e1190;  alias, 1 drivers
v0x600be7c26260_0 .net "is_branch", 0 0, L_0x600be7c91310;  1 drivers
v0x600be7c26300_0 .net "pc_next", 31 0, L_0x600be7c91450;  1 drivers
v0x600be7c263e0_0 .net "pc_out", 31 0, L_0x600be7c91070;  alias, 1 drivers
v0x600be7c26560_0 .net "pc_plus4", 31 0, L_0x600be7c90fd0;  1 drivers
v0x600be7c26620_0 .net "pc_plus4_out", 31 0, L_0x600be7c911b0;  alias, 1 drivers
v0x600be7c26700_0 .var "pc_reg", 31 0;
v0x600be7c267e0_0 .net "pc_src", 0 0, L_0x600be7c91580;  1 drivers
v0x600be7c268a0_0 .net "pc_target", 31 0, L_0x600be7c91710;  1 drivers
v0x600be7c26980_0 .net "pc_write_en", 0 0, v0x600be7c28250_0;  alias, 1 drivers
v0x600be7c26a40_0 .net "predictor_outcome", 0 0, L_0x600be7c982f0;  alias, 1 drivers
v0x600be7c26b10_0 .net "predictor_update", 0 0, L_0x600be7c97fc0;  alias, 1 drivers
v0x600be7c26be0_0 .net "predictor_update_index", 5 0, L_0x600be7c918a0;  1 drivers
v0x600be7c26c80_0 .net "rst_n", 0 0, v0x600be7c37bf0_0;  alias, 1 drivers
L_0x600be7c90fd0 .arith/sum 32, v0x600be7c26700_0, L_0x600be7c38038;
L_0x600be7c91270 .part L_0x600be79e1190, 0, 7;
L_0x600be7c91310 .cmp/eq 7, L_0x600be7c91270, L_0x600be7c38080;
L_0x600be7c91450 .functor MUXZ 32, L_0x600be7c90fd0, L_0x600be7c91710, L_0x600be7c91580, C4<>;
S_0x600be7c26ea0 .scope module, "forwarding_unit" "Forwarding_Unit" 5 311, 17 1 0, S_0x600be7a867a0;
 .timescale -9 -12;
    .port_info 0 /INPUT 1 "EX_MEM_RegWrite";
    .port_info 1 /INPUT 1 "MEM_WB_RegWrite";
    .port_info 2 /INPUT 1 "ID_EX_MemWrite";
    .port_info 3 /INPUT 5 "ID_EX_rs1";
    .port_info 4 /INPUT 5 "ID_EX_rs2";
    .port_info 5 /INPUT 5 "EX_MEM_rd";
    .port_info 6 /INPUT 5 "MEM_WB_rd";
    .port_info 7 /OUTPUT 2 "ForwardA";
    .port_info 8 /OUTPUT 2 "ForwardB";
v0x600be7c270d0_0 .net "EX_MEM_RegWrite", 0 0, v0x600be7c210a0_0;  alias, 1 drivers
v0x600be7c271c0_0 .net "EX_MEM_rd", 4 0, v0x600be7c21650_0;  alias, 1 drivers
v0x600be7c27290_0 .var "ForwardA", 1 0;
v0x600be7c27390_0 .var "ForwardB", 1 0;
v0x600be7c27460_0 .net "ID_EX_MemWrite", 0 0, v0x600be7c2a170_0;  alias, 1 drivers
v0x600be7c27500_0 .net "ID_EX_rs1", 4 0, v0x600be7c2b500_0;  alias, 1 drivers
v0x600be7c275a0_0 .net "ID_EX_rs2", 4 0, v0x600be7c2b6b0_0;  alias, 1 drivers
v0x600be7c27660_0 .net "MEM_WB_RegWrite", 0 0, v0x600be7c2cff0_0;  alias, 1 drivers
v0x600be7c27720_0 .net "MEM_WB_rd", 4 0, v0x600be7c2d510_0;  alias, 1 drivers
E_0x600be7c27030/0 .event edge, v0x600be7c210a0_0, v0x600be7c21650_0, v0x600be7c27500_0, v0x600be7c27660_0;
E_0x600be7c27030/1 .event edge, v0x600be7c27720_0, v0x600be7c275a0_0;
E_0x600be7c27030 .event/or E_0x600be7c27030/0, E_0x600be7c27030/1;
S_0x600be7c279b0 .scope module, "hazard_unit" "Hazard_Detection_Unit" 5 300, 18 1 0, S_0x600be7a867a0;
 .timescale -9 -12;
    .port_info 0 /INPUT 1 "ID_EX_RegWrite";
    .port_info 1 /INPUT 2 "ID_EX_ResultSrc";
    .port_info 2 /INPUT 5 "ID_EX_rd";
    .port_info 3 /INPUT 5 "IF_ID_rs1";
    .port_info 4 /INPUT 5 "IF_ID_rs2";
    .port_info 5 /OUTPUT 1 "PCWrite";
    .port_info 6 /OUTPUT 1 "IF_ID_Write";
    .port_info 7 /OUTPUT 1 "ID_EX_Bubble";
L_0x600be7c98630 .functor AND 1, L_0x600be7c98ab0, v0x600be7c2aa20_0, C4<1>, C4<1>;
L_0x600be7c98df0 .functor AND 1, L_0x600be7c98630, L_0x600be7c98cc0, C4<1>, C4<1>;
L_0x600be7c98ff0 .functor OR 1, L_0x600be7c98eb0, L_0x600be7c98f50, C4<0>, C4<0>;
L_0x600be7c99100 .functor AND 1, L_0x600be7c98df0, L_0x600be7c98ff0, C4<1>, C4<1>;
L_0x600be7c99300 .functor AND 1, L_0x600be7c99210, v0x600be7c2aa20_0, C4<1>, C4<1>;
L_0x600be7c994f0 .functor AND 1, L_0x600be7c99300, L_0x600be7c993c0, C4<1>, C4<1>;
L_0x600be7c997d0 .functor OR 1, L_0x600be7c99640, L_0x600be7c996e0, C4<0>, C4<0>;
L_0x600be7c998e0 .functor AND 1, L_0x600be7c994f0, L_0x600be7c997d0, C4<1>, C4<1>;
v0x600be7c27c50_0 .var "ID_EX_Bubble", 0 0;
v0x600be7c27d30_0 .net "ID_EX_RegWrite", 0 0, v0x600be7c2aa20_0;  alias, 1 drivers
v0x600be7c27e20_0 .net "ID_EX_ResultSrc", 1 0, v0x600be7c2ac00_0;  alias, 1 drivers
v0x600be7c27f20_0 .net "ID_EX_rd", 4 0, v0x600be7c2b0f0_0;  alias, 1 drivers
v0x600be7c27ff0_0 .var "IF_ID_Write", 0 0;
v0x600be7c280e0_0 .net "IF_ID_rs1", 4 0, L_0x600be7c96820;  alias, 1 drivers
v0x600be7c28180_0 .net "IF_ID_rs2", 4 0, L_0x600be7c968c0;  alias, 1 drivers
v0x600be7c28250_0 .var "PCWrite", 0 0;
L_0x600be7c38818 .functor BUFT 1, C4<01>, C4<0>, C4<0>, C4<0>;
v0x600be7c28320_0 .net/2u *"_ivl_0", 1 0, L_0x600be7c38818;  1 drivers
v0x600be7c28450_0 .net *"_ivl_11", 0 0, L_0x600be7c98df0;  1 drivers
v0x600be7c284f0_0 .net *"_ivl_12", 0 0, L_0x600be7c98eb0;  1 drivers
v0x600be7c285b0_0 .net *"_ivl_14", 0 0, L_0x600be7c98f50;  1 drivers
v0x600be7c28670_0 .net *"_ivl_17", 0 0, L_0x600be7c98ff0;  1 drivers
v0x600be7c28730_0 .net *"_ivl_2", 0 0, L_0x600be7c98ab0;  1 drivers
L_0x600be7c388a8 .functor BUFT 1, C4<10>, C4<0>, C4<0>, C4<0>;
v0x600be7c287f0_0 .net/2u *"_ivl_20", 1 0, L_0x600be7c388a8;  1 drivers
v0x600be7c288d0_0 .net *"_ivl_22", 0 0, L_0x600be7c99210;  1 drivers
v0x600be7c28990_0 .net *"_ivl_25", 0 0, L_0x600be7c99300;  1 drivers
L_0x600be7c388f0 .functor BUFT 1, C4<00000>, C4<0>, C4<0>, C4<0>;
v0x600be7c28b60_0 .net/2u *"_ivl_26", 4 0, L_0x600be7c388f0;  1 drivers
v0x600be7c28c40_0 .net *"_ivl_28", 0 0, L_0x600be7c993c0;  1 drivers
v0x600be7c28d00_0 .net *"_ivl_31", 0 0, L_0x600be7c994f0;  1 drivers
v0x600be7c28dc0_0 .net *"_ivl_32", 0 0, L_0x600be7c99640;  1 drivers
v0x600be7c28e80_0 .net *"_ivl_34", 0 0, L_0x600be7c996e0;  1 drivers
v0x600be7c28f40_0 .net *"_ivl_37", 0 0, L_0x600be7c997d0;  1 drivers
v0x600be7c29000_0 .net *"_ivl_5", 0 0, L_0x600be7c98630;  1 drivers
L_0x600be7c38860 .functor BUFT 1, C4<00000>, C4<0>, C4<0>, C4<0>;
v0x600be7c290c0_0 .net/2u *"_ivl_6", 4 0, L_0x600be7c38860;  1 drivers
v0x600be7c291a0_0 .net *"_ivl_8", 0 0, L_0x600be7c98cc0;  1 drivers
v0x600be7c29260_0 .net "jump_use_hazard", 0 0, L_0x600be7c998e0;  1 drivers
v0x600be7c29320_0 .net "load_use_hazard", 0 0, L_0x600be7c99100;  1 drivers
E_0x600be7c27bd0 .event edge, v0x600be7c29320_0, v0x600be7c29260_0;
L_0x600be7c98ab0 .cmp/eq 2, v0x600be7c2ac00_0, L_0x600be7c38818;
L_0x600be7c98cc0 .cmp/ne 5, v0x600be7c2b0f0_0, L_0x600be7c38860;
L_0x600be7c98eb0 .cmp/eq 5, v0x600be7c2b0f0_0, L_0x600be7c96820;
L_0x600be7c98f50 .cmp/eq 5, v0x600be7c2b0f0_0, L_0x600be7c968c0;
L_0x600be7c99210 .cmp/eq 2, v0x600be7c2ac00_0, L_0x600be7c388a8;
L_0x600be7c993c0 .cmp/ne 5, v0x600be7c2b0f0_0, L_0x600be7c388f0;
L_0x600be7c99640 .cmp/eq 5, v0x600be7c2b0f0_0, L_0x600be7c96820;
L_0x600be7c996e0 .cmp/eq 5, v0x600be7c2b0f0_0, L_0x600be7c968c0;
S_0x600be7c294e0 .scope module, "id_ex_reg" "ID_EX_reg" 5 229, 19 1 0, S_0x600be7a867a0;
 .timescale -9 -12;
    .port_info 0 /INPUT 1 "clk";
    .port_info 1 /INPUT 1 "rst_n";
    .port_info 2 /INPUT 1 "bubble";
    .port_info 3 /INPUT 1 "flush";
    .port_info 4 /INPUT 1 "RegWrite_in";
    .port_info 5 /INPUT 1 "ALUSrc_in";
    .port_info 6 /INPUT 1 "MemWrite_in";
    .port_info 7 /INPUT 2 "ResultSrc_in";
    .port_info 8 /INPUT 1 "Branch_in";
    .port_info 9 /INPUT 1 "Jump_in";
    .port_info 10 /INPUT 4 "ALUControl_in";
    .port_info 11 /INPUT 2 "MemOp_in";
    .port_info 12 /INPUT 3 "funct3_in";
    .port_info 13 /INPUT 32 "PC_in";
    .port_info 14 /INPUT 32 "PCPlus4_in";
    .port_info 15 /INPUT 32 "RD1_in";
    .port_info 16 /INPUT 32 "RD2_in";
    .port_info 17 /INPUT 32 "Imm_Ext_in";
    .port_info 18 /INPUT 5 "rs1_in";
    .port_info 19 /INPUT 5 "rs2_in";
    .port_info 20 /INPUT 5 "rd_in";
    .port_info 21 /OUTPUT 1 "RegWrite_out";
    .port_info 22 /OUTPUT 1 "ALUSrc_out";
    .port_info 23 /OUTPUT 1 "MemWrite_out";
    .port_info 24 /OUTPUT 2 "ResultSrc_out";
    .port_info 25 /OUTPUT 1 "Branch_out";
    .port_info 26 /OUTPUT 1 "Jump_out";
    .port_info 27 /OUTPUT 4 "ALUControl_out";
    .port_info 28 /OUTPUT 2 "MemOp_out";
    .port_info 29 /OUTPUT 3 "funct3_out";
    .port_info 30 /OUTPUT 32 "PC_out";
    .port_info 31 /OUTPUT 32 "PCPlus4_out";
    .port_info 32 /OUTPUT 32 "RD1_out";
    .port_info 33 /OUTPUT 32 "RD2_out";
    .port_info 34 /OUTPUT 32 "Imm_Ext_out";
    .port_info 35 /OUTPUT 5 "rs1_out";
    .port_info 36 /OUTPUT 5 "rs2_out";
    .port_info 37 /OUTPUT 5 "rd_out";
v0x600be7c29670_0 .net "ALUControl_in", 3 0, v0x600be7c1a590_0;  alias, 1 drivers
v0x600be7c297a0_0 .var "ALUControl_out", 3 0;
v0x600be7c298b0_0 .net "ALUSrc_in", 0 0, v0x600be7c1af40_0;  alias, 1 drivers
v0x600be7c299a0_0 .var "ALUSrc_out", 0 0;
v0x600be7c29a40_0 .net "Branch_in", 0 0, v0x600be7c1afe0_0;  alias, 1 drivers
v0x600be7c29b80_0 .var "Branch_out", 0 0;
v0x600be7c29c20_0 .net "Imm_Ext_in", 31 0, L_0x600be7c96780;  alias, 1 drivers
v0x600be7c29d10_0 .var "Imm_Ext_out", 31 0;
v0x600be7c29db0_0 .net "Jump_in", 0 0, v0x600be7c1b190_0;  alias, 1 drivers
v0x600be7c29e50_0 .var "Jump_out", 0 0;
v0x600be7c29ef0_0 .net "MemOp_in", 1 0, v0x600be7c1b2a0_0;  alias, 1 drivers
v0x600be7c29fe0_0 .var "MemOp_out", 1 0;
v0x600be7c2a080_0 .net "MemWrite_in", 0 0, v0x600be7c1b380_0;  alias, 1 drivers
v0x600be7c2a170_0 .var "MemWrite_out", 0 0;
v0x600be7c2a260_0 .net "PCPlus4_in", 31 0, v0x600be7c2c570_0;  alias, 1 drivers
v0x600be7c2a300_0 .var "PCPlus4_out", 31 0;
v0x600be7c2a3c0_0 .net "PC_in", 31 0, v0x600be7c2c430_0;  alias, 1 drivers
v0x600be7c2a590_0 .var "PC_out", 31 0;
v0x600be7c2a650_0 .net "RD1_in", 31 0, L_0x600be7c96d50;  alias, 1 drivers
v0x600be7c2a6f0_0 .var "RD1_out", 31 0;
v0x600be7c2a790_0 .net "RD2_in", 31 0, L_0x600be7c96e50;  alias, 1 drivers
v0x600be7c2a860_0 .var "RD2_out", 31 0;
v0x600be7c2a930_0 .net "RegWrite_in", 0 0, v0x600be7c1b520_0;  alias, 1 drivers
v0x600be7c2aa20_0 .var "RegWrite_out", 0 0;
v0x600be7c2ab10_0 .net "ResultSrc_in", 1 0, v0x600be7c1b5e0_0;  alias, 1 drivers
v0x600be7c2ac00_0 .var "ResultSrc_out", 1 0;
v0x600be7c2ad10_0 .net "bubble", 0 0, v0x600be7c27c50_0;  alias, 1 drivers
v0x600be7c2adb0_0 .net "clk", 0 0, v0x600be7c36e80_0;  alias, 1 drivers
v0x600be7c2ae50_0 .net "flush", 0 0, L_0x600be7b0b290;  alias, 1 drivers
v0x600be7c2aef0_0 .net "funct3_in", 2 0, L_0x600be7c96ae0;  alias, 1 drivers
v0x600be7c2afb0_0 .var "funct3_out", 2 0;
v0x600be7c2b050_0 .net "rd_in", 4 0, L_0x600be7c96a40;  alias, 1 drivers
v0x600be7c2b0f0_0 .var "rd_out", 4 0;
v0x600be7c2b3f0_0 .net "rs1_in", 4 0, L_0x600be7c96820;  alias, 1 drivers
v0x600be7c2b500_0 .var "rs1_out", 4 0;
v0x600be7c2b5c0_0 .net "rs2_in", 4 0, L_0x600be7c968c0;  alias, 1 drivers
v0x600be7c2b6b0_0 .var "rs2_out", 4 0;
v0x600be7c2b770_0 .net "rst_n", 0 0, v0x600be7c37bf0_0;  alias, 1 drivers
S_0x600be7c2bcb0 .scope module, "if_id_reg" "IF_ID_reg" 5 186, 20 1 0, S_0x600be7a867a0;
 .timescale -9 -12;
    .port_info 0 /INPUT 1 "clk";
    .port_info 1 /INPUT 1 "rst_n";
    .port_info 2 /INPUT 1 "if_id_write";
    .port_info 3 /INPUT 1 "if_id_flush";
    .port_info 4 /INPUT 32 "pc_in";
    .port_info 5 /INPUT 32 "instr_in";
    .port_info 6 /INPUT 32 "pc_plus4_in";
    .port_info 7 /OUTPUT 32 "pc_out";
    .port_info 8 /OUTPUT 32 "instr_out";
    .port_info 9 /OUTPUT 32 "pc_plus4_out";
v0x600be7c2be90_0 .net "clk", 0 0, v0x600be7c36e80_0;  alias, 1 drivers
v0x600be7c2bf50_0 .net "if_id_flush", 0 0, L_0x600be7b0b290;  alias, 1 drivers
v0x600be7c2c010_0 .net "if_id_write", 0 0, v0x600be7c27ff0_0;  alias, 1 drivers
v0x600be7c2c110_0 .net "instr_in", 31 0, L_0x600be79e1190;  alias, 1 drivers
v0x600be7c2c200_0 .var "instr_out", 31 0;
v0x600be7c2c340_0 .net "pc_in", 31 0, L_0x600be7c91070;  alias, 1 drivers
v0x600be7c2c430_0 .var "pc_out", 31 0;
v0x600be7c2c4d0_0 .net "pc_plus4_in", 31 0, L_0x600be7c911b0;  alias, 1 drivers
v0x600be7c2c570_0 .var "pc_plus4_out", 31 0;
v0x600be7c2c610_0 .net "rst_n", 0 0, v0x600be7c37bf0_0;  alias, 1 drivers
S_0x600be7c2c7d0 .scope module, "mem_wb_reg" "MEM_WB_reg" 5 279, 21 1 0, S_0x600be7a867a0;
 .timescale -9 -12;
    .port_info 0 /INPUT 1 "clk";
    .port_info 1 /INPUT 1 "rst_n";
    .port_info 2 /INPUT 1 "flush";
    .port_info 3 /INPUT 1 "RegWrite_in";
    .port_info 4 /INPUT 2 "ResultSrc_in";
    .port_info 5 /INPUT 32 "ReadData_in";
    .port_info 6 /INPUT 32 "ALU_Result_in";
    .port_info 7 /INPUT 5 "rd_in";
    .port_info 8 /INPUT 32 "PCPlus4_in";
    .port_info 9 /OUTPUT 1 "RegWrite_out";
    .port_info 10 /OUTPUT 2 "ResultSrc_out";
    .port_info 11 /OUTPUT 32 "ReadData_out";
    .port_info 12 /OUTPUT 32 "ALU_Result_out";
    .port_info 13 /OUTPUT 5 "rd_out";
    .port_info 14 /OUTPUT 32 "PCPlus4_out";
v0x600be7c2c9e0_0 .net "ALU_Result_in", 31 0, L_0x600be7c984e0;  alias, 1 drivers
v0x600be7c2cae0_0 .var "ALU_Result_out", 31 0;
v0x600be7c2cbc0_0 .net "PCPlus4_in", 31 0, L_0x600be7c98710;  alias, 1 drivers
v0x600be7c2cc80_0 .var "PCPlus4_out", 31 0;
v0x600be7c2cd60_0 .net "ReadData_in", 31 0, v0x600be7a43d90_0;  alias, 1 drivers
v0x600be7c2ce70_0 .var "ReadData_out", 31 0;
v0x600be7c2cf30_0 .net "RegWrite_in", 0 0, L_0x600be7c983a0;  alias, 1 drivers
v0x600be7c2cff0_0 .var "RegWrite_out", 0 0;
v0x600be7c2d0c0_0 .net "ResultSrc_in", 1 0, L_0x600be7c98470;  alias, 1 drivers
v0x600be7c2d210_0 .var "ResultSrc_out", 1 0;
v0x600be7c2d2f0_0 .net "clk", 0 0, v0x600be7c36e80_0;  alias, 1 drivers
v0x600be7c2d390_0 .net "flush", 0 0, L_0x600be7b0b290;  alias, 1 drivers
v0x600be7c2d430_0 .net "rd_in", 4 0, L_0x600be7c986a0;  alias, 1 drivers
v0x600be7c2d510_0 .var "rd_out", 4 0;
v0x600be7c2d5d0_0 .net "rst_n", 0 0, v0x600be7c37bf0_0;  alias, 1 drivers
S_0x600be7c2d8b0 .scope module, "writeback_stage" "writeback" 5 288, 22 1 0, S_0x600be7a867a0;
 .timescale -9 -12;
    .port_info 0 /INPUT 1 "clk";
    .port_info 1 /INPUT 1 "rst_n";
    .port_info 2 /INPUT 1 "RegWrite_in";
    .port_info 3 /INPUT 2 "ResultSrc_in";
    .port_info 4 /INPUT 32 "ReadData_in";
    .port_info 5 /INPUT 32 "ALU_Result_in";
    .port_info 6 /INPUT 5 "rd_in";
    .port_info 7 /INPUT 32 "PCPlus4_in";
    .port_info 8 /OUTPUT 32 "result_wb";
    .port_info 9 /OUTPUT 1 "RegWrite_wb";
    .port_info 10 /OUTPUT 5 "rd_wb";
v0x600be7c2db80_0 .net "ALU_Result_in", 31 0, v0x600be7c2cae0_0;  alias, 1 drivers
v0x600be7c2dc90_0 .net "PCPlus4_in", 31 0, v0x600be7c2cc80_0;  alias, 1 drivers
v0x600be7c2dd60_0 .net "ReadData_in", 31 0, v0x600be7c2ce70_0;  alias, 1 drivers
v0x600be7c2de60_0 .net "RegWrite_in", 0 0, v0x600be7c2cff0_0;  alias, 1 drivers
v0x600be7c2df50_0 .var "RegWrite_wb", 0 0;
v0x600be7c2e040_0 .net "ResultSrc_in", 1 0, v0x600be7c2d210_0;  alias, 1 drivers
v0x600be7c2e0e0_0 .net "clk", 0 0, v0x600be7c36e80_0;  alias, 1 drivers
v0x600be7c2e290_0 .net "rd_in", 4 0, v0x600be7c2d510_0;  alias, 1 drivers
v0x600be7c2e380_0 .var "rd_wb", 4 0;
v0x600be7c2e420_0 .var "result_wb", 31 0;
v0x600be7c2e4c0_0 .net "rst_n", 0 0, v0x600be7c37bf0_0;  alias, 1 drivers
E_0x600be7c2da90 .event edge, v0x600be7c27660_0, v0x600be7c27720_0;
E_0x600be7c2db10 .event edge, v0x600be7c2d210_0, v0x600be7c2cae0_0, v0x600be7c2ce70_0, v0x600be7c2cc80_0;
    .scope S_0x600be7a998c0;
T_0 ;
    %pushi/vec4 0, 0, 32;
    %store/vec4 v0x600be7a44100_0, 0, 32;
T_0.0 ;
    %load/vec4 v0x600be7a44100_0;
    %cmpi/s 1024, 0, 32;
    %jmp/0xz T_0.1, 5;
    %pushi/vec4 0, 0, 32;
    %ix/getv/s 4, v0x600be7a44100_0;
    %store/vec4a v0x600be7a6ac30, 4, 0;
    %load/vec4 v0x600be7a44100_0;
    %addi 1, 0, 32;
    %store/vec4 v0x600be7a44100_0, 0, 32;
    %jmp T_0.0;
T_0.1 ;
    %vpi_call 6 13 "$readmemh", "mem/dmem_init.hex", v0x600be7a6ac30 {0 0 0};
    %end;
    .thread T_0;
    .scope S_0x600be7a998c0;
T_1 ;
    %wait E_0x600be7964210;
    %load/vec4 v0x600be7a43f30_0;
    %flag_set/vec4 8;
    %jmp/0xz  T_1.0, 8;
    %load/vec4 v0x600be7a65750_0;
    %dup/vec4;
    %pushi/vec4 0, 0, 2;
    %cmp/u;
    %jmp/1 T_1.2, 6;
    %dup/vec4;
    %pushi/vec4 1, 0, 2;
    %cmp/u;
    %jmp/1 T_1.3, 6;
    %dup/vec4;
    %pushi/vec4 2, 0, 2;
    %cmp/u;
    %jmp/1 T_1.4, 6;
    %load/vec4 v0x600be7a43e50_0;
    %load/vec4 v0x600be7a65650_0;
    %ix/load 4, 2, 0;
    %flag_set/imm 4, 0;
    %shiftr 4;
    %ix/vec4 3;
    %ix/load 4, 0, 0; Constant delay
    %assign/vec4/a/d v0x600be7a6ac30, 0, 4;
    %jmp T_1.6;
T_1.2 ;
    %load/vec4 v0x600be7a65650_0;
    %parti/s 2, 0, 2;
    %dup/vec4;
    %pushi/vec4 0, 0, 2;
    %cmp/u;
    %jmp/1 T_1.7, 6;
    %dup/vec4;
    %pushi/vec4 1, 0, 2;
    %cmp/u;
    %jmp/1 T_1.8, 6;
    %dup/vec4;
    %pushi/vec4 2, 0, 2;
    %cmp/u;
    %jmp/1 T_1.9, 6;
    %dup/vec4;
    %pushi/vec4 3, 0, 2;
    %cmp/u;
    %jmp/1 T_1.10, 6;
    %jmp T_1.11;
T_1.7 ;
    %load/vec4 v0x600be7a43e50_0;
    %parti/s 8, 0, 2;
    %load/vec4 v0x600be7a65650_0;
    %ix/load 4, 2, 0;
    %flag_set/imm 4, 0;
    %shiftr 4;
    %ix/vec4 3;
    %ix/load 4, 0, 0; Constant delay
    %assign/vec4/a/d v0x600be7a6ac30, 0, 4;
    %jmp T_1.11;
T_1.8 ;
    %load/vec4 v0x600be7a43e50_0;
    %parti/s 8, 0, 2;
    %load/vec4 v0x600be7a65650_0;
    %ix/load 4, 2, 0;
    %flag_set/imm 4, 0;
    %shiftr 4;
    %ix/vec4 3;
    %ix/load 4, 8, 0; part off
    %ix/load 5, 0, 0; Constant delay
    %assign/vec4/a/d v0x600be7a6ac30, 4, 5;
    %jmp T_1.11;
T_1.9 ;
    %load/vec4 v0x600be7a43e50_0;
    %parti/s 8, 0, 2;
    %load/vec4 v0x600be7a65650_0;
    %ix/load 4, 2, 0;
    %flag_set/imm 4, 0;
    %shiftr 4;
    %ix/vec4 3;
    %ix/load 4, 16, 0; part off
    %ix/load 5, 0, 0; Constant delay
    %assign/vec4/a/d v0x600be7a6ac30, 4, 5;
    %jmp T_1.11;
T_1.10 ;
    %load/vec4 v0x600be7a43e50_0;
    %parti/s 8, 0, 2;
    %load/vec4 v0x600be7a65650_0;
    %ix/load 4, 2, 0;
    %flag_set/imm 4, 0;
    %shiftr 4;
    %ix/vec4 3;
    %ix/load 4, 24, 0; part off
    %ix/load 5, 0, 0; Constant delay
    %assign/vec4/a/d v0x600be7a6ac30, 4, 5;
    %jmp T_1.11;
T_1.11 ;
    %pop/vec4 1;
    %jmp T_1.6;
T_1.3 ;
    %load/vec4 v0x600be7a65650_0;
    %parti/s 1, 1, 2;
    %dup/vec4;
    %pushi/vec4 0, 0, 1;
    %cmp/u;
    %jmp/1 T_1.12, 6;
    %dup/vec4;
    %pushi/vec4 1, 0, 1;
    %cmp/u;
    %jmp/1 T_1.13, 6;
    %jmp T_1.14;
T_1.12 ;
    %load/vec4 v0x600be7a43e50_0;
    %parti/s 16, 0, 2;
    %load/vec4 v0x600be7a65650_0;
    %ix/load 4, 2, 0;
    %flag_set/imm 4, 0;
    %shiftr 4;
    %ix/vec4 3;
    %ix/load 4, 0, 0; Constant delay
    %assign/vec4/a/d v0x600be7a6ac30, 0, 4;
    %jmp T_1.14;
T_1.13 ;
    %load/vec4 v0x600be7a43e50_0;
    %parti/s 16, 0, 2;
    %load/vec4 v0x600be7a65650_0;
    %ix/load 4, 2, 0;
    %flag_set/imm 4, 0;
    %shiftr 4;
    %ix/vec4 3;
    %ix/load 4, 16, 0; part off
    %ix/load 5, 0, 0; Constant delay
    %assign/vec4/a/d v0x600be7a6ac30, 4, 5;
    %jmp T_1.14;
T_1.14 ;
    %pop/vec4 1;
    %jmp T_1.6;
T_1.4 ;
    %load/vec4 v0x600be7a43e50_0;
    %load/vec4 v0x600be7a65650_0;
    %ix/load 4, 2, 0;
    %flag_set/imm 4, 0;
    %shiftr 4;
    %ix/vec4 3;
    %ix/load 4, 0, 0; Constant delay
    %assign/vec4/a/d v0x600be7a6ac30, 0, 4;
    %jmp T_1.6;
T_1.6 ;
    %pop/vec4 1;
T_1.0 ;
    %jmp T_1;
    .thread T_1;
    .scope S_0x600be7a998c0;
T_2 ;
    %wait E_0x600be7a36800;
    %load/vec4 v0x600be7c0e1f0_0;
    %cmpi/e 0, 0, 1;
    %jmp/0xz  T_2.0, 4;
    %pushi/vec4 0, 0, 32;
    %store/vec4 v0x600be7a43d90_0, 0, 32;
    %jmp T_2.1;
T_2.0 ;
    %load/vec4 v0x600be7a65750_0;
    %dup/vec4;
    %pushi/vec4 0, 0, 2;
    %cmp/u;
    %jmp/1 T_2.2, 6;
    %dup/vec4;
    %pushi/vec4 1, 0, 2;
    %cmp/u;
    %jmp/1 T_2.3, 6;
    %dup/vec4;
    %pushi/vec4 2, 0, 2;
    %cmp/u;
    %jmp/1 T_2.4, 6;
    %dup/vec4;
    %pushi/vec4 3, 0, 2;
    %cmp/u;
    %jmp/1 T_2.5, 6;
    %load/vec4 v0x600be7a65650_0;
    %ix/load 5, 2, 0;
    %flag_set/imm 4, 0;
    %shiftr 5;
    %ix/vec4 4;
    %load/vec4a v0x600be7a6ac30, 4;
    %store/vec4 v0x600be7a43d90_0, 0, 32;
    %jmp T_2.7;
T_2.2 ;
    %load/vec4 v0x600be7a65650_0;
    %parti/s 2, 0, 2;
    %dup/vec4;
    %pushi/vec4 0, 0, 2;
    %cmp/u;
    %jmp/1 T_2.8, 6;
    %dup/vec4;
    %pushi/vec4 1, 0, 2;
    %cmp/u;
    %jmp/1 T_2.9, 6;
    %dup/vec4;
    %pushi/vec4 2, 0, 2;
    %cmp/u;
    %jmp/1 T_2.10, 6;
    %dup/vec4;
    %pushi/vec4 3, 0, 2;
    %cmp/u;
    %jmp/1 T_2.11, 6;
    %jmp T_2.12;
T_2.8 ;
    %load/vec4 v0x600be7a65650_0;
    %ix/load 5, 2, 0;
    %flag_set/imm 4, 0;
    %shiftr 5;
    %ix/vec4 4;
    %load/vec4a v0x600be7a6ac30, 4;
    %parti/s 1, 7, 4;
    %replicate 24;
    %load/vec4 v0x600be7a65650_0;
    %ix/load 5, 2, 0;
    %flag_set/imm 4, 0;
    %shiftr 5;
    %ix/vec4 4;
    %load/vec4a v0x600be7a6ac30, 4;
    %parti/s 8, 0, 2;
    %concat/vec4; draw_concat_vec4
    %store/vec4 v0x600be7a43d90_0, 0, 32;
    %jmp T_2.12;
T_2.9 ;
    %load/vec4 v0x600be7a65650_0;
    %ix/load 5, 2, 0;
    %flag_set/imm 4, 0;
    %shiftr 5;
    %ix/vec4 4;
    %load/vec4a v0x600be7a6ac30, 4;
    %parti/s 1, 15, 5;
    %replicate 24;
    %load/vec4 v0x600be7a65650_0;
    %ix/load 5, 2, 0;
    %flag_set/imm 4, 0;
    %shiftr 5;
    %ix/vec4 4;
    %load/vec4a v0x600be7a6ac30, 4;
    %parti/s 8, 8, 5;
    %concat/vec4; draw_concat_vec4
    %store/vec4 v0x600be7a43d90_0, 0, 32;
    %jmp T_2.12;
T_2.10 ;
    %load/vec4 v0x600be7a65650_0;
    %ix/load 5, 2, 0;
    %flag_set/imm 4, 0;
    %shiftr 5;
    %ix/vec4 4;
    %load/vec4a v0x600be7a6ac30, 4;
    %parti/s 1, 23, 6;
    %replicate 24;
    %load/vec4 v0x600be7a65650_0;
    %ix/load 5, 2, 0;
    %flag_set/imm 4, 0;
    %shiftr 5;
    %ix/vec4 4;
    %load/vec4a v0x600be7a6ac30, 4;
    %parti/s 8, 16, 6;
    %concat/vec4; draw_concat_vec4
    %store/vec4 v0x600be7a43d90_0, 0, 32;
    %jmp T_2.12;
T_2.11 ;
    %load/vec4 v0x600be7a65650_0;
    %ix/load 5, 2, 0;
    %flag_set/imm 4, 0;
    %shiftr 5;
    %ix/vec4 4;
    %load/vec4a v0x600be7a6ac30, 4;
    %parti/s 1, 31, 6;
    %replicate 24;
    %load/vec4 v0x600be7a65650_0;
    %ix/load 5, 2, 0;
    %flag_set/imm 4, 0;
    %shiftr 5;
    %ix/vec4 4;
    %load/vec4a v0x600be7a6ac30, 4;
    %parti/s 8, 24, 6;
    %concat/vec4; draw_concat_vec4
    %store/vec4 v0x600be7a43d90_0, 0, 32;
    %jmp T_2.12;
T_2.12 ;
    %pop/vec4 1;
    %jmp T_2.7;
T_2.3 ;
    %load/vec4 v0x600be7a65650_0;
    %parti/s 1, 1, 2;
    %dup/vec4;
    %pushi/vec4 0, 0, 1;
    %cmp/u;
    %jmp/1 T_2.13, 6;
    %dup/vec4;
    %pushi/vec4 1, 0, 1;
    %cmp/u;
    %jmp/1 T_2.14, 6;
    %jmp T_2.15;
T_2.13 ;
    %load/vec4 v0x600be7a65650_0;
    %ix/load 5, 2, 0;
    %flag_set/imm 4, 0;
    %shiftr 5;
    %ix/vec4 4;
    %load/vec4a v0x600be7a6ac30, 4;
    %parti/s 1, 15, 5;
    %replicate 16;
    %load/vec4 v0x600be7a65650_0;
    %ix/load 5, 2, 0;
    %flag_set/imm 4, 0;
    %shiftr 5;
    %ix/vec4 4;
    %load/vec4a v0x600be7a6ac30, 4;
    %parti/s 16, 0, 2;
    %concat/vec4; draw_concat_vec4
    %store/vec4 v0x600be7a43d90_0, 0, 32;
    %jmp T_2.15;
T_2.14 ;
    %load/vec4 v0x600be7a65650_0;
    %ix/load 5, 2, 0;
    %flag_set/imm 4, 0;
    %shiftr 5;
    %ix/vec4 4;
    %load/vec4a v0x600be7a6ac30, 4;
    %parti/s 1, 31, 6;
    %replicate 16;
    %load/vec4 v0x600be7a65650_0;
    %ix/load 5, 2, 0;
    %flag_set/imm 4, 0;
    %shiftr 5;
    %ix/vec4 4;
    %load/vec4a v0x600be7a6ac30, 4;
    %parti/s 16, 16, 6;
    %concat/vec4; draw_concat_vec4
    %store/vec4 v0x600be7a43d90_0, 0, 32;
    %jmp T_2.15;
T_2.15 ;
    %pop/vec4 1;
    %jmp T_2.7;
T_2.4 ;
    %load/vec4 v0x600be7a65650_0;
    %ix/load 5, 2, 0;
    %flag_set/imm 4, 0;
    %shiftr 5;
    %ix/vec4 4;
    %load/vec4a v0x600be7a6ac30, 4;
    %store/vec4 v0x600be7a43d90_0, 0, 32;
    %jmp T_2.7;
T_2.5 ;
    %load/vec4 v0x600be7a65650_0;
    %parti/s 2, 0, 2;
    %dup/vec4;
    %pushi/vec4 0, 0, 2;
    %cmp/u;
    %jmp/1 T_2.16, 6;
    %dup/vec4;
    %pushi/vec4 1, 0, 2;
    %cmp/u;
    %jmp/1 T_2.17, 6;
    %dup/vec4;
    %pushi/vec4 2, 0, 2;
    %cmp/u;
    %jmp/1 T_2.18, 6;
    %dup/vec4;
    %pushi/vec4 3, 0, 2;
    %cmp/u;
    %jmp/1 T_2.19, 6;
    %jmp T_2.20;
T_2.16 ;
    %pushi/vec4 0, 0, 24;
    %load/vec4 v0x600be7a65650_0;
    %ix/load 5, 2, 0;
    %flag_set/imm 4, 0;
    %shiftr 5;
    %ix/vec4 4;
    %load/vec4a v0x600be7a6ac30, 4;
    %parti/s 8, 0, 2;
    %concat/vec4; draw_concat_vec4
    %store/vec4 v0x600be7a43d90_0, 0, 32;
    %jmp T_2.20;
T_2.17 ;
    %pushi/vec4 0, 0, 24;
    %load/vec4 v0x600be7a65650_0;
    %ix/load 5, 2, 0;
    %flag_set/imm 4, 0;
    %shiftr 5;
    %ix/vec4 4;
    %load/vec4a v0x600be7a6ac30, 4;
    %parti/s 8, 8, 5;
    %concat/vec4; draw_concat_vec4
    %store/vec4 v0x600be7a43d90_0, 0, 32;
    %jmp T_2.20;
T_2.18 ;
    %pushi/vec4 0, 0, 24;
    %load/vec4 v0x600be7a65650_0;
    %ix/load 5, 2, 0;
    %flag_set/imm 4, 0;
    %shiftr 5;
    %ix/vec4 4;
    %load/vec4a v0x600be7a6ac30, 4;
    %parti/s 8, 16, 6;
    %concat/vec4; draw_concat_vec4
    %store/vec4 v0x600be7a43d90_0, 0, 32;
    %jmp T_2.20;
T_2.19 ;
    %pushi/vec4 0, 0, 24;
    %load/vec4 v0x600be7a65650_0;
    %ix/load 5, 2, 0;
    %flag_set/imm 4, 0;
    %shiftr 5;
    %ix/vec4 4;
    %load/vec4a v0x600be7a6ac30, 4;
    %parti/s 8, 24, 6;
    %concat/vec4; draw_concat_vec4
    %store/vec4 v0x600be7a43d90_0, 0, 32;
    %jmp T_2.20;
T_2.20 ;
    %pop/vec4 1;
    %jmp T_2.7;
T_2.7 ;
    %pop/vec4 1;
T_2.1 ;
    %jmp T_2;
    .thread T_2, $push;
    .scope S_0x600be7c25b40;
T_3 ;
    %wait E_0x600be7bd3050;
    %load/vec4 v0x600be7c26c80_0;
    %nor/r;
    %flag_set/vec4 8;
    %jmp/0xz  T_3.0, 8;
    %pushi/vec4 0, 0, 32;
    %assign/vec4 v0x600be7c26700_0, 0;
    %jmp T_3.1;
T_3.0 ;
    %load/vec4 v0x600be7c26980_0;
    %flag_set/vec4 8;
    %jmp/0xz  T_3.2, 8;
    %load/vec4 v0x600be7c26300_0;
    %assign/vec4 v0x600be7c26700_0, 0;
T_3.2 ;
T_3.1 ;
    %jmp T_3;
    .thread T_3;
    .scope S_0x600be7c2bcb0;
T_4 ;
    %wait E_0x600be7bd3050;
    %load/vec4 v0x600be7c2c610_0;
    %nor/r;
    %flag_set/vec4 8;
    %jmp/0xz  T_4.0, 8;
    %pushi/vec4 0, 0, 32;
    %assign/vec4 v0x600be7c2c430_0, 0;
    %pushi/vec4 0, 0, 32;
    %assign/vec4 v0x600be7c2c200_0, 0;
    %pushi/vec4 0, 0, 32;
    %assign/vec4 v0x600be7c2c570_0, 0;
    %jmp T_4.1;
T_4.0 ;
    %load/vec4 v0x600be7c2bf50_0;
    %flag_set/vec4 8;
    %jmp/0xz  T_4.2, 8;
    %pushi/vec4 0, 0, 32;
    %assign/vec4 v0x600be7c2c430_0, 0;
    %pushi/vec4 19, 0, 32;
    %assign/vec4 v0x600be7c2c200_0, 0;
    %pushi/vec4 0, 0, 32;
    %assign/vec4 v0x600be7c2c570_0, 0;
    %jmp T_4.3;
T_4.2 ;
    %load/vec4 v0x600be7c2c010_0;
    %flag_set/vec4 8;
    %jmp/0xz  T_4.4, 8;
    %load/vec4 v0x600be7c2c340_0;
    %assign/vec4 v0x600be7c2c430_0, 0;
    %load/vec4 v0x600be7c2c110_0;
    %assign/vec4 v0x600be7c2c200_0, 0;
    %load/vec4 v0x600be7c2c4d0_0;
    %assign/vec4 v0x600be7c2c570_0, 0;
T_4.4 ;
T_4.3 ;
T_4.1 ;
    %jmp T_4;
    .thread T_4;
    .scope S_0x600be7aa4060;
T_5 ;
    %wait E_0x600be7bd3050;
    %load/vec4 v0x600be7c1a0c0_0;
    %nor/r;
    %flag_set/vec4 8;
    %jmp/0xz  T_5.0, 8;
    %pushi/vec4 0, 0, 32;
    %store/vec4 v0x600be7c19b40_0, 0, 32;
T_5.2 ;
    %load/vec4 v0x600be7c19b40_0;
    %cmpi/s 32, 0, 32;
    %jmp/0xz T_5.3, 5;
    %pushi/vec4 0, 0, 32;
    %ix/getv/s 3, v0x600be7c19b40_0;
    %ix/load 4, 0, 0; Constant delay
    %assign/vec4/a/d v0x600be7c19c00, 0, 4;
    %load/vec4 v0x600be7c19b40_0;
    %addi 1, 0, 32;
    %store/vec4 v0x600be7c19b40_0, 0, 32;
    %jmp T_5.2;
T_5.3 ;
    %jmp T_5.1;
T_5.0 ;
    %pushi/vec4 0, 0, 32;
    %ix/load 3, 0, 0;
    %flag_set/imm 4, 0;
    %ix/load 4, 0, 0; Constant delay
    %assign/vec4/a/d v0x600be7c19c00, 0, 4;
    %load/vec4 v0x600be7c18f10_0;
    %load/vec4 v0x600be7c18b30_0;
    %pushi/vec4 0, 0, 5;
    %cmp/ne;
    %flag_get/vec4 4;
    %and;
    %flag_set/vec4 8;
    %jmp/0xz  T_5.4, 8;
    %load/vec4 v0x600be7c18e30_0;
    %load/vec4 v0x600be7c18b30_0;
    %pad/u 7;
    %ix/vec4 3;
    %ix/load 4, 0, 0; Constant delay
    %assign/vec4/a/d v0x600be7c19c00, 0, 4;
T_5.4 ;
T_5.1 ;
    %jmp T_5;
    .thread T_5;
    .scope S_0x600be7c1aaf0;
T_6 ;
    %wait E_0x600be7c1ae00;
    %load/vec4 v0x600be7c1b440_0;
    %dup/vec4;
    %pushi/vec4 51, 0, 7;
    %cmp/u;
    %jmp/1 T_6.0, 6;
    %dup/vec4;
    %pushi/vec4 19, 0, 7;
    %cmp/u;
    %jmp/1 T_6.1, 6;
    %dup/vec4;
    %pushi/vec4 3, 0, 7;
    %cmp/u;
    %jmp/1 T_6.2, 6;
    %dup/vec4;
    %pushi/vec4 35, 0, 7;
    %cmp/u;
    %jmp/1 T_6.3, 6;
    %dup/vec4;
    %pushi/vec4 99, 0, 7;
    %cmp/u;
    %jmp/1 T_6.4, 6;
    %dup/vec4;
    %pushi/vec4 111, 0, 7;
    %cmp/u;
    %jmp/1 T_6.5, 6;
    %dup/vec4;
    %pushi/vec4 103, 0, 7;
    %cmp/u;
    %jmp/1 T_6.6, 6;
    %dup/vec4;
    %pushi/vec4 23, 0, 7;
    %cmp/u;
    %jmp/1 T_6.7, 6;
    %dup/vec4;
    %pushi/vec4 55, 0, 7;
    %cmp/u;
    %jmp/1 T_6.8, 6;
    %dup/vec4;
    %pushi/vec4 115, 0, 7;
    %cmp/u;
    %jmp/1 T_6.9, 6;
    %pushi/vec4 0, 0, 1;
    %store/vec4 v0x600be7c1b520_0, 0, 1;
    %pushi/vec4 0, 0, 1;
    %store/vec4 v0x600be7c1af40_0, 0, 1;
    %pushi/vec4 0, 0, 1;
    %store/vec4 v0x600be7c1b380_0, 0, 1;
    %pushi/vec4 0, 0, 2;
    %store/vec4 v0x600be7c1b5e0_0, 0, 2;
    %pushi/vec4 0, 0, 1;
    %store/vec4 v0x600be7c1afe0_0, 0, 1;
    %pushi/vec4 0, 0, 1;
    %store/vec4 v0x600be7c1b190_0, 0, 1;
    %pushi/vec4 0, 0, 3;
    %store/vec4 v0x600be7c1b0b0_0, 0, 3;
    %pushi/vec4 0, 0, 2;
    %store/vec4 v0x600be7c1b2a0_0, 0, 2;
    %pushi/vec4 0, 0, 2;
    %store/vec4 v0x600be7c1ae60_0, 0, 2;
    %jmp T_6.11;
T_6.0 ;
    %pushi/vec4 1, 0, 1;
    %store/vec4 v0x600be7c1b520_0, 0, 1;
    %pushi/vec4 0, 0, 1;
    %store/vec4 v0x600be7c1af40_0, 0, 1;
    %pushi/vec4 0, 0, 1;
    %store/vec4 v0x600be7c1b380_0, 0, 1;
    %pushi/vec4 0, 0, 2;
    %store/vec4 v0x600be7c1b5e0_0, 0, 2;
    %pushi/vec4 0, 0, 1;
    %store/vec4 v0x600be7c1afe0_0, 0, 1;
    %pushi/vec4 0, 0, 1;
    %store/vec4 v0x600be7c1b190_0, 0, 1;
    %pushi/vec4 0, 0, 3;
    %store/vec4 v0x600be7c1b0b0_0, 0, 3;
    %pushi/vec4 0, 0, 2;
    %store/vec4 v0x600be7c1b2a0_0, 0, 2;
    %pushi/vec4 2, 0, 2;
    %store/vec4 v0x600be7c1ae60_0, 0, 2;
    %jmp T_6.11;
T_6.1 ;
    %pushi/vec4 1, 0, 1;
    %store/vec4 v0x600be7c1b520_0, 0, 1;
    %pushi/vec4 1, 0, 1;
    %store/vec4 v0x600be7c1af40_0, 0, 1;
    %pushi/vec4 0, 0, 1;
    %store/vec4 v0x600be7c1b380_0, 0, 1;
    %pushi/vec4 0, 0, 2;
    %store/vec4 v0x600be7c1b5e0_0, 0, 2;
    %pushi/vec4 0, 0, 1;
    %store/vec4 v0x600be7c1afe0_0, 0, 1;
    %pushi/vec4 0, 0, 1;
    %store/vec4 v0x600be7c1b190_0, 0, 1;
    %pushi/vec4 0, 0, 3;
    %store/vec4 v0x600be7c1b0b0_0, 0, 3;
    %pushi/vec4 0, 0, 2;
    %store/vec4 v0x600be7c1b2a0_0, 0, 2;
    %pushi/vec4 0, 0, 2;
    %store/vec4 v0x600be7c1ae60_0, 0, 2;
    %jmp T_6.11;
T_6.2 ;
    %pushi/vec4 1, 0, 1;
    %store/vec4 v0x600be7c1b520_0, 0, 1;
    %pushi/vec4 1, 0, 1;
    %store/vec4 v0x600be7c1af40_0, 0, 1;
    %pushi/vec4 0, 0, 1;
    %store/vec4 v0x600be7c1b380_0, 0, 1;
    %pushi/vec4 1, 0, 2;
    %store/vec4 v0x600be7c1b5e0_0, 0, 2;
    %pushi/vec4 0, 0, 1;
    %store/vec4 v0x600be7c1afe0_0, 0, 1;
    %pushi/vec4 0, 0, 1;
    %store/vec4 v0x600be7c1b190_0, 0, 1;
    %pushi/vec4 0, 0, 3;
    %store/vec4 v0x600be7c1b0b0_0, 0, 3;
    %load/vec4 v0x600be7c1b6c0_0;
    %dup/vec4;
    %pushi/vec4 0, 0, 3;
    %cmp/u;
    %jmp/1 T_6.12, 6;
    %dup/vec4;
    %pushi/vec4 1, 0, 3;
    %cmp/u;
    %jmp/1 T_6.13, 6;
    %dup/vec4;
    %pushi/vec4 2, 0, 3;
    %cmp/u;
    %jmp/1 T_6.14, 6;
    %dup/vec4;
    %pushi/vec4 4, 0, 3;
    %cmp/u;
    %jmp/1 T_6.15, 6;
    %dup/vec4;
    %pushi/vec4 5, 0, 3;
    %cmp/u;
    %jmp/1 T_6.16, 6;
    %pushi/vec4 2, 0, 2;
    %store/vec4 v0x600be7c1b2a0_0, 0, 2;
    %jmp T_6.18;
T_6.12 ;
    %pushi/vec4 0, 0, 2;
    %store/vec4 v0x600be7c1b2a0_0, 0, 2;
    %jmp T_6.18;
T_6.13 ;
    %pushi/vec4 1, 0, 2;
    %store/vec4 v0x600be7c1b2a0_0, 0, 2;
    %jmp T_6.18;
T_6.14 ;
    %pushi/vec4 2, 0, 2;
    %store/vec4 v0x600be7c1b2a0_0, 0, 2;
    %jmp T_6.18;
T_6.15 ;
    %pushi/vec4 3, 0, 2;
    %store/vec4 v0x600be7c1b2a0_0, 0, 2;
    %jmp T_6.18;
T_6.16 ;
    %pushi/vec4 3, 0, 2;
    %store/vec4 v0x600be7c1b2a0_0, 0, 2;
    %jmp T_6.18;
T_6.18 ;
    %pop/vec4 1;
    %pushi/vec4 0, 0, 2;
    %store/vec4 v0x600be7c1ae60_0, 0, 2;
    %jmp T_6.11;
T_6.3 ;
    %pushi/vec4 0, 0, 1;
    %store/vec4 v0x600be7c1b520_0, 0, 1;
    %pushi/vec4 1, 0, 1;
    %store/vec4 v0x600be7c1af40_0, 0, 1;
    %pushi/vec4 1, 0, 1;
    %store/vec4 v0x600be7c1b380_0, 0, 1;
    %pushi/vec4 0, 0, 2;
    %store/vec4 v0x600be7c1b5e0_0, 0, 2;
    %pushi/vec4 0, 0, 1;
    %store/vec4 v0x600be7c1afe0_0, 0, 1;
    %pushi/vec4 0, 0, 1;
    %store/vec4 v0x600be7c1b190_0, 0, 1;
    %pushi/vec4 1, 0, 3;
    %store/vec4 v0x600be7c1b0b0_0, 0, 3;
    %load/vec4 v0x600be7c1b6c0_0;
    %dup/vec4;
    %pushi/vec4 0, 0, 3;
    %cmp/u;
    %jmp/1 T_6.19, 6;
    %dup/vec4;
    %pushi/vec4 1, 0, 3;
    %cmp/u;
    %jmp/1 T_6.20, 6;
    %dup/vec4;
    %pushi/vec4 2, 0, 3;
    %cmp/u;
    %jmp/1 T_6.21, 6;
    %pushi/vec4 2, 0, 2;
    %store/vec4 v0x600be7c1b2a0_0, 0, 2;
    %jmp T_6.23;
T_6.19 ;
    %pushi/vec4 0, 0, 2;
    %store/vec4 v0x600be7c1b2a0_0, 0, 2;
    %jmp T_6.23;
T_6.20 ;
    %pushi/vec4 1, 0, 2;
    %store/vec4 v0x600be7c1b2a0_0, 0, 2;
    %jmp T_6.23;
T_6.21 ;
    %pushi/vec4 2, 0, 2;
    %store/vec4 v0x600be7c1b2a0_0, 0, 2;
    %jmp T_6.23;
T_6.23 ;
    %pop/vec4 1;
    %pushi/vec4 0, 0, 2;
    %store/vec4 v0x600be7c1ae60_0, 0, 2;
    %jmp T_6.11;
T_6.4 ;
    %pushi/vec4 0, 0, 1;
    %store/vec4 v0x600be7c1b520_0, 0, 1;
    %pushi/vec4 0, 0, 1;
    %store/vec4 v0x600be7c1af40_0, 0, 1;
    %pushi/vec4 0, 0, 1;
    %store/vec4 v0x600be7c1b380_0, 0, 1;
    %pushi/vec4 0, 0, 2;
    %store/vec4 v0x600be7c1b5e0_0, 0, 2;
    %pushi/vec4 1, 0, 1;
    %store/vec4 v0x600be7c1afe0_0, 0, 1;
    %pushi/vec4 0, 0, 1;
    %store/vec4 v0x600be7c1b190_0, 0, 1;
    %pushi/vec4 2, 0, 3;
    %store/vec4 v0x600be7c1b0b0_0, 0, 3;
    %pushi/vec4 0, 0, 2;
    %store/vec4 v0x600be7c1b2a0_0, 0, 2;
    %pushi/vec4 1, 0, 2;
    %store/vec4 v0x600be7c1ae60_0, 0, 2;
    %jmp T_6.11;
T_6.5 ;
    %pushi/vec4 1, 0, 1;
    %store/vec4 v0x600be7c1b520_0, 0, 1;
    %pushi/vec4 0, 0, 1;
    %store/vec4 v0x600be7c1af40_0, 0, 1;
    %pushi/vec4 0, 0, 1;
    %store/vec4 v0x600be7c1b380_0, 0, 1;
    %pushi/vec4 2, 0, 2;
    %store/vec4 v0x600be7c1b5e0_0, 0, 2;
    %pushi/vec4 0, 0, 1;
    %store/vec4 v0x600be7c1afe0_0, 0, 1;
    %pushi/vec4 1, 0, 1;
    %store/vec4 v0x600be7c1b190_0, 0, 1;
    %pushi/vec4 3, 0, 3;
    %store/vec4 v0x600be7c1b0b0_0, 0, 3;
    %pushi/vec4 0, 0, 2;
    %store/vec4 v0x600be7c1b2a0_0, 0, 2;
    %pushi/vec4 0, 0, 2;
    %store/vec4 v0x600be7c1ae60_0, 0, 2;
    %jmp T_6.11;
T_6.6 ;
    %pushi/vec4 1, 0, 1;
    %store/vec4 v0x600be7c1b520_0, 0, 1;
    %pushi/vec4 1, 0, 1;
    %store/vec4 v0x600be7c1af40_0, 0, 1;
    %pushi/vec4 0, 0, 1;
    %store/vec4 v0x600be7c1b380_0, 0, 1;
    %pushi/vec4 2, 0, 2;
    %store/vec4 v0x600be7c1b5e0_0, 0, 2;
    %pushi/vec4 0, 0, 1;
    %store/vec4 v0x600be7c1afe0_0, 0, 1;
    %pushi/vec4 1, 0, 1;
    %store/vec4 v0x600be7c1b190_0, 0, 1;
    %pushi/vec4 0, 0, 3;
    %store/vec4 v0x600be7c1b0b0_0, 0, 3;
    %pushi/vec4 0, 0, 2;
    %store/vec4 v0x600be7c1b2a0_0, 0, 2;
    %pushi/vec4 0, 0, 2;
    %store/vec4 v0x600be7c1ae60_0, 0, 2;
    %jmp T_6.11;
T_6.7 ;
    %pushi/vec4 1, 0, 1;
    %store/vec4 v0x600be7c1b520_0, 0, 1;
    %pushi/vec4 1, 0, 1;
    %store/vec4 v0x600be7c1af40_0, 0, 1;
    %pushi/vec4 0, 0, 1;
    %store/vec4 v0x600be7c1b380_0, 0, 1;
    %pushi/vec4 0, 0, 2;
    %store/vec4 v0x600be7c1b5e0_0, 0, 2;
    %pushi/vec4 0, 0, 1;
    %store/vec4 v0x600be7c1afe0_0, 0, 1;
    %pushi/vec4 0, 0, 1;
    %store/vec4 v0x600be7c1b190_0, 0, 1;
    %pushi/vec4 0, 0, 3;
    %store/vec4 v0x600be7c1b0b0_0, 0, 3;
    %pushi/vec4 0, 0, 2;
    %store/vec4 v0x600be7c1b2a0_0, 0, 2;
    %pushi/vec4 3, 0, 2;
    %store/vec4 v0x600be7c1ae60_0, 0, 2;
    %jmp T_6.11;
T_6.8 ;
    %pushi/vec4 1, 0, 1;
    %store/vec4 v0x600be7c1b520_0, 0, 1;
    %pushi/vec4 1, 0, 1;
    %store/vec4 v0x600be7c1af40_0, 0, 1;
    %pushi/vec4 0, 0, 1;
    %store/vec4 v0x600be7c1b380_0, 0, 1;
    %pushi/vec4 0, 0, 2;
    %store/vec4 v0x600be7c1b5e0_0, 0, 2;
    %pushi/vec4 0, 0, 1;
    %store/vec4 v0x600be7c1afe0_0, 0, 1;
    %pushi/vec4 0, 0, 1;
    %store/vec4 v0x600be7c1b190_0, 0, 1;
    %pushi/vec4 0, 0, 3;
    %store/vec4 v0x600be7c1b0b0_0, 0, 3;
    %pushi/vec4 0, 0, 2;
    %store/vec4 v0x600be7c1b2a0_0, 0, 2;
    %pushi/vec4 3, 0, 2;
    %store/vec4 v0x600be7c1ae60_0, 0, 2;
    %jmp T_6.11;
T_6.9 ;
    %pushi/vec4 0, 0, 1;
    %store/vec4 v0x600be7c1b520_0, 0, 1;
    %pushi/vec4 0, 0, 1;
    %store/vec4 v0x600be7c1af40_0, 0, 1;
    %pushi/vec4 0, 0, 1;
    %store/vec4 v0x600be7c1b380_0, 0, 1;
    %pushi/vec4 0, 0, 2;
    %store/vec4 v0x600be7c1b5e0_0, 0, 2;
    %pushi/vec4 0, 0, 1;
    %store/vec4 v0x600be7c1afe0_0, 0, 1;
    %pushi/vec4 0, 0, 1;
    %store/vec4 v0x600be7c1b190_0, 0, 1;
    %pushi/vec4 0, 0, 3;
    %store/vec4 v0x600be7c1b0b0_0, 0, 3;
    %pushi/vec4 0, 0, 2;
    %store/vec4 v0x600be7c1b2a0_0, 0, 2;
    %pushi/vec4 0, 0, 2;
    %store/vec4 v0x600be7c1ae60_0, 0, 2;
    %jmp T_6.11;
T_6.11 ;
    %pop/vec4 1;
    %jmp T_6;
    .thread T_6, $push;
    .scope S_0x600be7c1a2d0;
T_7 ;
    %wait E_0x600be7c1a500;
    %load/vec4 v0x600be7c1a690_0;
    %dup/vec4;
    %pushi/vec4 0, 0, 2;
    %cmp/u;
    %jmp/1 T_7.0, 6;
    %dup/vec4;
    %pushi/vec4 1, 0, 2;
    %cmp/u;
    %jmp/1 T_7.1, 6;
    %dup/vec4;
    %pushi/vec4 2, 0, 2;
    %cmp/u;
    %jmp/1 T_7.2, 6;
    %dup/vec4;
    %pushi/vec4 3, 0, 2;
    %cmp/u;
    %jmp/1 T_7.3, 6;
    %pushi/vec4 0, 0, 4;
    %store/vec4 v0x600be7c1a590_0, 0, 4;
    %jmp T_7.5;
T_7.0 ;
    %load/vec4 v0x600be7c1a770_0;
    %dup/vec4;
    %pushi/vec4 0, 0, 3;
    %cmp/u;
    %jmp/1 T_7.6, 6;
    %dup/vec4;
    %pushi/vec4 1, 0, 3;
    %cmp/u;
    %jmp/1 T_7.7, 6;
    %dup/vec4;
    %pushi/vec4 2, 0, 3;
    %cmp/u;
    %jmp/1 T_7.8, 6;
    %dup/vec4;
    %pushi/vec4 3, 0, 3;
    %cmp/u;
    %jmp/1 T_7.9, 6;
    %dup/vec4;
    %pushi/vec4 4, 0, 3;
    %cmp/u;
    %jmp/1 T_7.10, 6;
    %dup/vec4;
    %pushi/vec4 5, 0, 3;
    %cmp/u;
    %jmp/1 T_7.11, 6;
    %dup/vec4;
    %pushi/vec4 6, 0, 3;
    %cmp/u;
    %jmp/1 T_7.12, 6;
    %dup/vec4;
    %pushi/vec4 7, 0, 3;
    %cmp/u;
    %jmp/1 T_7.13, 6;
    %pushi/vec4 0, 0, 4;
    %store/vec4 v0x600be7c1a590_0, 0, 4;
    %jmp T_7.15;
T_7.6 ;
    %pushi/vec4 0, 0, 4;
    %store/vec4 v0x600be7c1a590_0, 0, 4;
    %jmp T_7.15;
T_7.7 ;
    %pushi/vec4 2, 0, 4;
    %store/vec4 v0x600be7c1a590_0, 0, 4;
    %jmp T_7.15;
T_7.8 ;
    %pushi/vec4 6, 0, 4;
    %store/vec4 v0x600be7c1a590_0, 0, 4;
    %jmp T_7.15;
T_7.9 ;
    %pushi/vec4 7, 0, 4;
    %store/vec4 v0x600be7c1a590_0, 0, 4;
    %jmp T_7.15;
T_7.10 ;
    %pushi/vec4 4, 0, 4;
    %store/vec4 v0x600be7c1a590_0, 0, 4;
    %jmp T_7.15;
T_7.11 ;
    %load/vec4 v0x600be7c1a940_0;
    %flag_set/vec4 8;
    %jmp/0xz  T_7.16, 8;
    %pushi/vec4 3, 0, 4;
    %store/vec4 v0x600be7c1a590_0, 0, 4;
    %jmp T_7.17;
T_7.16 ;
    %pushi/vec4 5, 0, 4;
    %store/vec4 v0x600be7c1a590_0, 0, 4;
T_7.17 ;
    %jmp T_7.15;
T_7.12 ;
    %pushi/vec4 8, 0, 4;
    %store/vec4 v0x600be7c1a590_0, 0, 4;
    %jmp T_7.15;
T_7.13 ;
    %pushi/vec4 9, 0, 4;
    %store/vec4 v0x600be7c1a590_0, 0, 4;
    %jmp T_7.15;
T_7.15 ;
    %pop/vec4 1;
    %jmp T_7.5;
T_7.1 ;
    %load/vec4 v0x600be7c1a770_0;
    %dup/vec4;
    %pushi/vec4 0, 0, 3;
    %cmp/u;
    %jmp/1 T_7.18, 6;
    %dup/vec4;
    %pushi/vec4 1, 0, 3;
    %cmp/u;
    %jmp/1 T_7.19, 6;
    %dup/vec4;
    %pushi/vec4 4, 0, 3;
    %cmp/u;
    %jmp/1 T_7.20, 6;
    %dup/vec4;
    %pushi/vec4 5, 0, 3;
    %cmp/u;
    %jmp/1 T_7.21, 6;
    %dup/vec4;
    %pushi/vec4 6, 0, 3;
    %cmp/u;
    %jmp/1 T_7.22, 6;
    %dup/vec4;
    %pushi/vec4 7, 0, 3;
    %cmp/u;
    %jmp/1 T_7.23, 6;
    %pushi/vec4 0, 0, 4;
    %store/vec4 v0x600be7c1a590_0, 0, 4;
    %jmp T_7.25;
T_7.18 ;
    %pushi/vec4 1, 0, 4;
    %store/vec4 v0x600be7c1a590_0, 0, 4;
    %jmp T_7.25;
T_7.19 ;
    %pushi/vec4 1, 0, 4;
    %store/vec4 v0x600be7c1a590_0, 0, 4;
    %jmp T_7.25;
T_7.20 ;
    %pushi/vec4 6, 0, 4;
    %store/vec4 v0x600be7c1a590_0, 0, 4;
    %jmp T_7.25;
T_7.21 ;
    %pushi/vec4 6, 0, 4;
    %store/vec4 v0x600be7c1a590_0, 0, 4;
    %jmp T_7.25;
T_7.22 ;
    %pushi/vec4 7, 0, 4;
    %store/vec4 v0x600be7c1a590_0, 0, 4;
    %jmp T_7.25;
T_7.23 ;
    %pushi/vec4 7, 0, 4;
    %store/vec4 v0x600be7c1a590_0, 0, 4;
    %jmp T_7.25;
T_7.25 ;
    %pop/vec4 1;
    %jmp T_7.5;
T_7.2 ;
    %load/vec4 v0x600be7c1a770_0;
    %dup/vec4;
    %pushi/vec4 0, 0, 3;
    %cmp/u;
    %jmp/1 T_7.26, 6;
    %dup/vec4;
    %pushi/vec4 1, 0, 3;
    %cmp/u;
    %jmp/1 T_7.27, 6;
    %dup/vec4;
    %pushi/vec4 2, 0, 3;
    %cmp/u;
    %jmp/1 T_7.28, 6;
    %dup/vec4;
    %pushi/vec4 3, 0, 3;
    %cmp/u;
    %jmp/1 T_7.29, 6;
    %dup/vec4;
    %pushi/vec4 4, 0, 3;
    %cmp/u;
    %jmp/1 T_7.30, 6;
    %dup/vec4;
    %pushi/vec4 5, 0, 3;
    %cmp/u;
    %jmp/1 T_7.31, 6;
    %dup/vec4;
    %pushi/vec4 6, 0, 3;
    %cmp/u;
    %jmp/1 T_7.32, 6;
    %dup/vec4;
    %pushi/vec4 7, 0, 3;
    %cmp/u;
    %jmp/1 T_7.33, 6;
    %pushi/vec4 0, 0, 4;
    %store/vec4 v0x600be7c1a590_0, 0, 4;
    %jmp T_7.35;
T_7.26 ;
    %load/vec4 v0x600be7c1a860_0;
    %cmpi/e 1, 0, 7;
    %jmp/0xz  T_7.36, 4;
    %pushi/vec4 10, 0, 4;
    %store/vec4 v0x600be7c1a590_0, 0, 4;
    %jmp T_7.37;
T_7.36 ;
    %load/vec4 v0x600be7c1a940_0;
    %flag_set/vec4 8;
    %jmp/0xz  T_7.38, 8;
    %pushi/vec4 1, 0, 4;
    %store/vec4 v0x600be7c1a590_0, 0, 4;
    %jmp T_7.39;
T_7.38 ;
    %pushi/vec4 0, 0, 4;
    %store/vec4 v0x600be7c1a590_0, 0, 4;
T_7.39 ;
T_7.37 ;
    %jmp T_7.35;
T_7.27 ;
    %pushi/vec4 2, 0, 4;
    %store/vec4 v0x600be7c1a590_0, 0, 4;
    %jmp T_7.35;
T_7.28 ;
    %pushi/vec4 6, 0, 4;
    %store/vec4 v0x600be7c1a590_0, 0, 4;
    %jmp T_7.35;
T_7.29 ;
    %pushi/vec4 7, 0, 4;
    %store/vec4 v0x600be7c1a590_0, 0, 4;
    %jmp T_7.35;
T_7.30 ;
    %pushi/vec4 4, 0, 4;
    %store/vec4 v0x600be7c1a590_0, 0, 4;
    %jmp T_7.35;
T_7.31 ;
    %load/vec4 v0x600be7c1a940_0;
    %flag_set/vec4 8;
    %jmp/0xz  T_7.40, 8;
    %pushi/vec4 3, 0, 4;
    %store/vec4 v0x600be7c1a590_0, 0, 4;
    %jmp T_7.41;
T_7.40 ;
    %pushi/vec4 5, 0, 4;
    %store/vec4 v0x600be7c1a590_0, 0, 4;
T_7.41 ;
    %jmp T_7.35;
T_7.32 ;
    %pushi/vec4 8, 0, 4;
    %store/vec4 v0x600be7c1a590_0, 0, 4;
    %jmp T_7.35;
T_7.33 ;
    %pushi/vec4 9, 0, 4;
    %store/vec4 v0x600be7c1a590_0, 0, 4;
    %jmp T_7.35;
T_7.35 ;
    %pop/vec4 1;
    %jmp T_7.5;
T_7.3 ;
    %pushi/vec4 0, 0, 4;
    %store/vec4 v0x600be7c1a590_0, 0, 4;
    %jmp T_7.5;
T_7.5 ;
    %pop/vec4 1;
    %jmp T_7;
    .thread T_7, $push;
    .scope S_0x600be7aa3260;
T_8 ;
    %wait E_0x600be7bd30f0;
    %load/vec4 v0x600be7c1fbe0_0;
    %dup/vec4;
    %pushi/vec4 51, 0, 7;
    %cmp/u;
    %jmp/1 T_8.0, 6;
    %dup/vec4;
    %pushi/vec4 19, 0, 7;
    %cmp/u;
    %jmp/1 T_8.1, 6;
    %dup/vec4;
    %pushi/vec4 3, 0, 7;
    %cmp/u;
    %jmp/1 T_8.2, 6;
    %dup/vec4;
    %pushi/vec4 35, 0, 7;
    %cmp/u;
    %jmp/1 T_8.3, 6;
    %dup/vec4;
    %pushi/vec4 99, 0, 7;
    %cmp/u;
    %jmp/1 T_8.4, 6;
    %dup/vec4;
    %pushi/vec4 111, 0, 7;
    %cmp/u;
    %jmp/1 T_8.5, 6;
    %dup/vec4;
    %pushi/vec4 103, 0, 7;
    %cmp/u;
    %jmp/1 T_8.6, 6;
    %dup/vec4;
    %pushi/vec4 23, 0, 7;
    %cmp/u;
    %jmp/1 T_8.7, 6;
    %dup/vec4;
    %pushi/vec4 55, 0, 7;
    %cmp/u;
    %jmp/1 T_8.8, 6;
    %dup/vec4;
    %pushi/vec4 115, 0, 7;
    %cmp/u;
    %jmp/1 T_8.9, 6;
    %pushi/vec4 1, 0, 1;
    %store/vec4 v0x600be7c1f610_0, 0, 1;
    %jmp T_8.11;
T_8.0 ;
    %pushi/vec4 0, 0, 1;
    %store/vec4 v0x600be7c1f610_0, 0, 1;
    %jmp T_8.11;
T_8.1 ;
    %pushi/vec4 0, 0, 1;
    %store/vec4 v0x600be7c1f610_0, 0, 1;
    %jmp T_8.11;
T_8.2 ;
    %pushi/vec4 0, 0, 1;
    %store/vec4 v0x600be7c1f610_0, 0, 1;
    %jmp T_8.11;
T_8.3 ;
    %pushi/vec4 0, 0, 1;
    %store/vec4 v0x600be7c1f610_0, 0, 1;
    %jmp T_8.11;
T_8.4 ;
    %pushi/vec4 0, 0, 1;
    %store/vec4 v0x600be7c1f610_0, 0, 1;
    %jmp T_8.11;
T_8.5 ;
    %pushi/vec4 0, 0, 1;
    %store/vec4 v0x600be7c1f610_0, 0, 1;
    %jmp T_8.11;
T_8.6 ;
    %pushi/vec4 0, 0, 1;
    %store/vec4 v0x600be7c1f610_0, 0, 1;
    %jmp T_8.11;
T_8.7 ;
    %pushi/vec4 0, 0, 1;
    %store/vec4 v0x600be7c1f610_0, 0, 1;
    %jmp T_8.11;
T_8.8 ;
    %pushi/vec4 0, 0, 1;
    %store/vec4 v0x600be7c1f610_0, 0, 1;
    %jmp T_8.11;
T_8.9 ;
    %pushi/vec4 0, 0, 1;
    %store/vec4 v0x600be7c1f610_0, 0, 1;
    %jmp T_8.11;
T_8.11 ;
    %pop/vec4 1;
    %jmp T_8;
    .thread T_8, $push;
    .scope S_0x600be7c294e0;
T_9 ;
    %wait E_0x600be7bd3050;
    %load/vec4 v0x600be7c2b770_0;
    %nor/r;
    %flag_set/vec4 8;
    %load/vec4 v0x600be7c2ae50_0;
    %flag_set/vec4 9;
    %flag_or 9, 8;
    %load/vec4 v0x600be7c2ad10_0;
    %flag_set/vec4 8;
    %flag_or 8, 9;
    %jmp/0xz  T_9.0, 8;
    %pushi/vec4 0, 0, 1;
    %assign/vec4 v0x600be7c2aa20_0, 0;
    %pushi/vec4 0, 0, 1;
    %assign/vec4 v0x600be7c299a0_0, 0;
    %pushi/vec4 0, 0, 1;
    %assign/vec4 v0x600be7c2a170_0, 0;
    %pushi/vec4 0, 0, 2;
    %assign/vec4 v0x600be7c2ac00_0, 0;
    %pushi/vec4 0, 0, 1;
    %assign/vec4 v0x600be7c29b80_0, 0;
    %pushi/vec4 0, 0, 1;
    %assign/vec4 v0x600be7c29e50_0, 0;
    %pushi/vec4 0, 0, 4;
    %assign/vec4 v0x600be7c297a0_0, 0;
    %pushi/vec4 0, 0, 2;
    %assign/vec4 v0x600be7c29fe0_0, 0;
    %pushi/vec4 0, 0, 3;
    %assign/vec4 v0x600be7c2afb0_0, 0;
    %pushi/vec4 0, 0, 32;
    %assign/vec4 v0x600be7c2a590_0, 0;
    %pushi/vec4 0, 0, 32;
    %assign/vec4 v0x600be7c2a300_0, 0;
    %pushi/vec4 0, 0, 32;
    %assign/vec4 v0x600be7c2a6f0_0, 0;
    %pushi/vec4 0, 0, 32;
    %assign/vec4 v0x600be7c2a860_0, 0;
    %pushi/vec4 0, 0, 32;
    %assign/vec4 v0x600be7c29d10_0, 0;
    %pushi/vec4 0, 0, 5;
    %assign/vec4 v0x600be7c2b500_0, 0;
    %pushi/vec4 0, 0, 5;
    %assign/vec4 v0x600be7c2b6b0_0, 0;
    %pushi/vec4 0, 0, 5;
    %assign/vec4 v0x600be7c2b0f0_0, 0;
    %jmp T_9.1;
T_9.0 ;
    %load/vec4 v0x600be7c2a930_0;
    %assign/vec4 v0x600be7c2aa20_0, 0;
    %load/vec4 v0x600be7c298b0_0;
    %assign/vec4 v0x600be7c299a0_0, 0;
    %load/vec4 v0x600be7c2a080_0;
    %assign/vec4 v0x600be7c2a170_0, 0;
    %load/vec4 v0x600be7c2ab10_0;
    %assign/vec4 v0x600be7c2ac00_0, 0;
    %load/vec4 v0x600be7c29a40_0;
    %assign/vec4 v0x600be7c29b80_0, 0;
    %load/vec4 v0x600be7c29db0_0;
    %assign/vec4 v0x600be7c29e50_0, 0;
    %load/vec4 v0x600be7c29670_0;
    %assign/vec4 v0x600be7c297a0_0, 0;
    %load/vec4 v0x600be7c29ef0_0;
    %assign/vec4 v0x600be7c29fe0_0, 0;
    %load/vec4 v0x600be7c2aef0_0;
    %assign/vec4 v0x600be7c2afb0_0, 0;
    %load/vec4 v0x600be7c2a3c0_0;
    %assign/vec4 v0x600be7c2a590_0, 0;
    %load/vec4 v0x600be7c2a260_0;
    %assign/vec4 v0x600be7c2a300_0, 0;
    %load/vec4 v0x600be7c2a650_0;
    %assign/vec4 v0x600be7c2a6f0_0, 0;
    %load/vec4 v0x600be7c2a790_0;
    %assign/vec4 v0x600be7c2a860_0, 0;
    %load/vec4 v0x600be7c29c20_0;
    %assign/vec4 v0x600be7c29d10_0, 0;
    %load/vec4 v0x600be7c2b3f0_0;
    %assign/vec4 v0x600be7c2b500_0, 0;
    %load/vec4 v0x600be7c2b5c0_0;
    %assign/vec4 v0x600be7c2b6b0_0, 0;
    %load/vec4 v0x600be7c2b050_0;
    %assign/vec4 v0x600be7c2b0f0_0, 0;
T_9.1 ;
    %jmp T_9;
    .thread T_9;
    .scope S_0x600be7c21f60;
T_10 ;
    %wait E_0x600be7c22170;
    %load/vec4 v0x600be7c22260_0;
    %dup/vec4;
    %pushi/vec4 0, 0, 4;
    %cmp/u;
    %jmp/1 T_10.0, 6;
    %dup/vec4;
    %pushi/vec4 1, 0, 4;
    %cmp/u;
    %jmp/1 T_10.1, 6;
    %dup/vec4;
    %pushi/vec4 2, 0, 4;
    %cmp/u;
    %jmp/1 T_10.2, 6;
    %dup/vec4;
    %pushi/vec4 3, 0, 4;
    %cmp/u;
    %jmp/1 T_10.3, 6;
    %dup/vec4;
    %pushi/vec4 4, 0, 4;
    %cmp/u;
    %jmp/1 T_10.4, 6;
    %dup/vec4;
    %pushi/vec4 5, 0, 4;
    %cmp/u;
    %jmp/1 T_10.5, 6;
    %dup/vec4;
    %pushi/vec4 6, 0, 4;
    %cmp/u;
    %jmp/1 T_10.6, 6;
    %dup/vec4;
    %pushi/vec4 7, 0, 4;
    %cmp/u;
    %jmp/1 T_10.7, 6;
    %dup/vec4;
    %pushi/vec4 8, 0, 4;
    %cmp/u;
    %jmp/1 T_10.8, 6;
    %dup/vec4;
    %pushi/vec4 9, 0, 4;
    %cmp/u;
    %jmp/1 T_10.9, 6;
    %dup/vec4;
    %pushi/vec4 10, 0, 4;
    %cmp/u;
    %jmp/1 T_10.10, 6;
    %pushi/vec4 0, 0, 32;
    %store/vec4 v0x600be7c22620_0, 0, 32;
    %jmp T_10.12;
T_10.0 ;
    %load/vec4 v0x600be7c208c0_0;
    %load/vec4 v0x600be7c22340_0;
    %add;
    %store/vec4 v0x600be7c22620_0, 0, 32;
    %jmp T_10.12;
T_10.1 ;
    %load/vec4 v0x600be7c23150_0;
    %store/vec4 v0x600be7c22620_0, 0, 32;
    %jmp T_10.12;
T_10.2 ;
    %load/vec4 v0x600be7c208c0_0;
    %load/vec4 v0x600be7c22340_0;
    %parti/s 5, 0, 2;
    %ix/vec4 4;
    %shiftl 4;
    %store/vec4 v0x600be7c22620_0, 0, 32;
    %jmp T_10.12;
T_10.3 ;
    %load/vec4 v0x600be7c208c0_0;
    %load/vec4 v0x600be7c22340_0;
    %parti/s 5, 0, 2;
    %ix/vec4 4;
    %shiftr/s 4;
    %store/vec4 v0x600be7c22620_0, 0, 32;
    %jmp T_10.12;
T_10.4 ;
    %load/vec4 v0x600be7c208c0_0;
    %load/vec4 v0x600be7c22340_0;
    %xor;
    %store/vec4 v0x600be7c22620_0, 0, 32;
    %jmp T_10.12;
T_10.5 ;
    %load/vec4 v0x600be7c208c0_0;
    %load/vec4 v0x600be7c22340_0;
    %parti/s 5, 0, 2;
    %ix/vec4 4;
    %shiftr 4;
    %store/vec4 v0x600be7c22620_0, 0, 32;
    %jmp T_10.12;
T_10.6 ;
    %load/vec4 v0x600be7c208c0_0;
    %load/vec4 v0x600be7c22340_0;
    %cmp/s;
    %flag_mov 8, 5;
    %jmp/0 T_10.13, 8;
    %pushi/vec4 1, 0, 32;
    %jmp/1 T_10.14, 8;
T_10.13 ; End of true expr.
    %pushi/vec4 0, 0, 32;
    %jmp/0 T_10.14, 8;
 ; End of false expr.
    %blend;
T_10.14;
    %store/vec4 v0x600be7c22620_0, 0, 32;
    %jmp T_10.12;
T_10.7 ;
    %load/vec4 v0x600be7c208c0_0;
    %load/vec4 v0x600be7c22340_0;
    %cmp/u;
    %flag_mov 8, 5;
    %jmp/0 T_10.15, 8;
    %pushi/vec4 1, 0, 32;
    %jmp/1 T_10.16, 8;
T_10.15 ; End of true expr.
    %pushi/vec4 0, 0, 32;
    %jmp/0 T_10.16, 8;
 ; End of false expr.
    %blend;
T_10.16;
    %store/vec4 v0x600be7c22620_0, 0, 32;
    %jmp T_10.12;
T_10.8 ;
    %load/vec4 v0x600be7c208c0_0;
    %load/vec4 v0x600be7c22340_0;
    %or;
    %store/vec4 v0x600be7c22620_0, 0, 32;
    %jmp T_10.12;
T_10.9 ;
    %load/vec4 v0x600be7c208c0_0;
    %load/vec4 v0x600be7c22340_0;
    %and;
    %store/vec4 v0x600be7c22620_0, 0, 32;
    %jmp T_10.12;
T_10.10 ;
    %load/vec4 v0x600be7c208c0_0;
    %load/vec4 v0x600be7c22340_0;
    %mul;
    %store/vec4 v0x600be7c22620_0, 0, 32;
    %jmp T_10.12;
T_10.12 ;
    %pop/vec4 1;
    %load/vec4 v0x600be7c22620_0;
    %pushi/vec4 0, 0, 32;
    %cmp/e;
    %flag_get/vec4 4;
    %store/vec4 v0x600be7c22700_0, 0, 1;
    %jmp T_10;
    .thread T_10, $push;
    .scope S_0x600be7c21bc0;
T_11 ;
    %wait E_0x600be7c21ec0;
    %load/vec4 v0x600be7c23520_0;
    %dup/vec4;
    %pushi/vec4 0, 0, 2;
    %cmp/u;
    %jmp/1 T_11.0, 6;
    %dup/vec4;
    %pushi/vec4 1, 0, 2;
    %cmp/u;
    %jmp/1 T_11.1, 6;
    %dup/vec4;
    %pushi/vec4 2, 0, 2;
    %cmp/u;
    %jmp/1 T_11.2, 6;
    %load/vec4 v0x600be7c23e00_0;
    %store/vec4 v0x600be7c254b0_0, 0, 32;
    %jmp T_11.4;
T_11.0 ;
    %load/vec4 v0x600be7c23e00_0;
    %store/vec4 v0x600be7c254b0_0, 0, 32;
    %jmp T_11.4;
T_11.1 ;
    %load/vec4 v0x600be7c24830_0;
    %store/vec4 v0x600be7c254b0_0, 0, 32;
    %jmp T_11.4;
T_11.2 ;
    %load/vec4 v0x600be7c25340_0;
    %store/vec4 v0x600be7c254b0_0, 0, 32;
    %jmp T_11.4;
T_11.4 ;
    %pop/vec4 1;
    %jmp T_11;
    .thread T_11, $push;
    .scope S_0x600be7c21bc0;
T_12 ;
    %wait E_0x600be7c21e50;
    %load/vec4 v0x600be7c23600_0;
    %dup/vec4;
    %pushi/vec4 0, 0, 2;
    %cmp/u;
    %jmp/1 T_12.0, 6;
    %dup/vec4;
    %pushi/vec4 1, 0, 2;
    %cmp/u;
    %jmp/1 T_12.1, 6;
    %dup/vec4;
    %pushi/vec4 2, 0, 2;
    %cmp/u;
    %jmp/1 T_12.2, 6;
    %load/vec4 v0x600be7c23ee0_0;
    %store/vec4 v0x600be7c24e10_0, 0, 32;
    %jmp T_12.4;
T_12.0 ;
    %load/vec4 v0x600be7c23ee0_0;
    %store/vec4 v0x600be7c24e10_0, 0, 32;
    %jmp T_12.4;
T_12.1 ;
    %load/vec4 v0x600be7c24830_0;
    %store/vec4 v0x600be7c24e10_0, 0, 32;
    %jmp T_12.4;
T_12.2 ;
    %load/vec4 v0x600be7c25340_0;
    %store/vec4 v0x600be7c24e10_0, 0, 32;
    %jmp T_12.4;
T_12.4 ;
    %pop/vec4 1;
    %jmp T_12;
    .thread T_12, $push;
    .scope S_0x600be7c21bc0;
T_13 ;
    %wait E_0x600be7c21df0;
    %load/vec4 v0x600be7c24ef0_0;
    %dup/vec4;
    %pushi/vec4 0, 0, 3;
    %cmp/u;
    %jmp/1 T_13.0, 6;
    %dup/vec4;
    %pushi/vec4 1, 0, 3;
    %cmp/u;
    %jmp/1 T_13.1, 6;
    %dup/vec4;
    %pushi/vec4 4, 0, 3;
    %cmp/u;
    %jmp/1 T_13.2, 6;
    %dup/vec4;
    %pushi/vec4 5, 0, 3;
    %cmp/u;
    %jmp/1 T_13.3, 6;
    %dup/vec4;
    %pushi/vec4 6, 0, 3;
    %cmp/u;
    %jmp/1 T_13.4, 6;
    %dup/vec4;
    %pushi/vec4 7, 0, 3;
    %cmp/u;
    %jmp/1 T_13.5, 6;
    %pushi/vec4 0, 0, 1;
    %store/vec4 v0x600be7c24c90_0, 0, 1;
    %jmp T_13.7;
T_13.0 ;
    %load/vec4 v0x600be7c25670_0;
    %store/vec4 v0x600be7c24c90_0, 0, 1;
    %jmp T_13.7;
T_13.1 ;
    %load/vec4 v0x600be7c25670_0;
    %inv;
    %store/vec4 v0x600be7c24c90_0, 0, 1;
    %jmp T_13.7;
T_13.2 ;
    %load/vec4 v0x600be7c24740_0;
    %parti/s 1, 0, 2;
    %store/vec4 v0x600be7c24c90_0, 0, 1;
    %jmp T_13.7;
T_13.3 ;
    %load/vec4 v0x600be7c24740_0;
    %parti/s 1, 0, 2;
    %inv;
    %store/vec4 v0x600be7c24c90_0, 0, 1;
    %jmp T_13.7;
T_13.4 ;
    %load/vec4 v0x600be7c24740_0;
    %parti/s 1, 0, 2;
    %store/vec4 v0x600be7c24c90_0, 0, 1;
    %jmp T_13.7;
T_13.5 ;
    %load/vec4 v0x600be7c24740_0;
    %parti/s 1, 0, 2;
    %inv;
    %store/vec4 v0x600be7c24c90_0, 0, 1;
    %jmp T_13.7;
T_13.7 ;
    %pop/vec4 1;
    %jmp T_13;
    .thread T_13, $push;
    .scope S_0x600be7c21bc0;
T_14 ;
    %wait E_0x600be7c21d50;
    %load/vec4 v0x600be7c23fc0_0;
    %store/vec4 v0x600be7c24190_0, 0, 1;
    %load/vec4 v0x600be7c23a20_0;
    %store/vec4 v0x600be7c23ac0_0, 0, 1;
    %load/vec4 v0x600be7c24260_0;
    %store/vec4 v0x600be7c24320_0, 0, 2;
    %load/vec4 v0x600be7c23880_0;
    %store/vec4 v0x600be7c23960_0, 0, 2;
    %load/vec4 v0x600be7c25170_0;
    %store/vec4 v0x600be7c25250_0, 0, 5;
    %load/vec4 v0x600be7c23b90_0;
    %store/vec4 v0x600be7c23c50_0, 0, 32;
    %load/vec4 v0x600be7c24740_0;
    %store/vec4 v0x600be7c248d0_0, 0, 32;
    %jmp T_14;
    .thread T_14, $push;
    .scope S_0x600be7c20690;
T_15 ;
    %wait E_0x600be7bd3050;
    %load/vec4 v0x600be7c21840_0;
    %nor/r;
    %flag_set/vec4 8;
    %jmp/0xz  T_15.0, 8;
    %pushi/vec4 0, 0, 1;
    %assign/vec4 v0x600be7c210a0_0, 0;
    %pushi/vec4 0, 0, 1;
    %assign/vec4 v0x600be7c20da0_0, 0;
    %pushi/vec4 0, 0, 2;
    %assign/vec4 v0x600be7c21240_0, 0;
    %pushi/vec4 0, 0, 2;
    %assign/vec4 v0x600be7c20bc0_0, 0;
    %pushi/vec4 0, 0, 32;
    %assign/vec4 v0x600be7c20a60_0, 0;
    %pushi/vec4 0, 0, 32;
    %assign/vec4 v0x600be7c21400_0, 0;
    %pushi/vec4 0, 0, 5;
    %assign/vec4 v0x600be7c21650_0, 0;
    %pushi/vec4 0, 0, 32;
    %assign/vec4 v0x600be7c20f00_0, 0;
    %jmp T_15.1;
T_15.0 ;
    %load/vec4 v0x600be7c20fe0_0;
    %assign/vec4 v0x600be7c210a0_0, 0;
    %load/vec4 v0x600be7c20cb0_0;
    %assign/vec4 v0x600be7c20da0_0, 0;
    %load/vec4 v0x600be7c21160_0;
    %assign/vec4 v0x600be7c21240_0, 0;
    %load/vec4 v0x600be7c20b20_0;
    %assign/vec4 v0x600be7c20bc0_0, 0;
    %load/vec4 v0x600be7c20960_0;
    %assign/vec4 v0x600be7c20a60_0, 0;
    %load/vec4 v0x600be7c21320_0;
    %assign/vec4 v0x600be7c21400_0, 0;
    %load/vec4 v0x600be7c21590_0;
    %assign/vec4 v0x600be7c21650_0, 0;
    %load/vec4 v0x600be7c20e40_0;
    %assign/vec4 v0x600be7c20f00_0, 0;
T_15.1 ;
    %jmp T_15;
    .thread T_15;
    .scope S_0x600be7c2c7d0;
T_16 ;
    %wait E_0x600be7bd3050;
    %load/vec4 v0x600be7c2d5d0_0;
    %nor/r;
    %flag_set/vec4 8;
    %load/vec4 v0x600be7c2d390_0;
    %flag_set/vec4 9;
    %flag_or 9, 8;
    %jmp/0xz  T_16.0, 9;
    %pushi/vec4 0, 0, 1;
    %assign/vec4 v0x600be7c2cff0_0, 0;
    %pushi/vec4 0, 0, 2;
    %assign/vec4 v0x600be7c2d210_0, 0;
    %pushi/vec4 0, 0, 32;
    %assign/vec4 v0x600be7c2ce70_0, 0;
    %pushi/vec4 0, 0, 32;
    %assign/vec4 v0x600be7c2cae0_0, 0;
    %pushi/vec4 0, 0, 5;
    %assign/vec4 v0x600be7c2d510_0, 0;
    %pushi/vec4 0, 0, 32;
    %assign/vec4 v0x600be7c2cc80_0, 0;
    %jmp T_16.1;
T_16.0 ;
    %load/vec4 v0x600be7c2cf30_0;
    %assign/vec4 v0x600be7c2cff0_0, 0;
    %load/vec4 v0x600be7c2d0c0_0;
    %assign/vec4 v0x600be7c2d210_0, 0;
    %load/vec4 v0x600be7c2cd60_0;
    %assign/vec4 v0x600be7c2ce70_0, 0;
    %load/vec4 v0x600be7c2c9e0_0;
    %assign/vec4 v0x600be7c2cae0_0, 0;
    %load/vec4 v0x600be7c2d430_0;
    %assign/vec4 v0x600be7c2d510_0, 0;
    %load/vec4 v0x600be7c2cbc0_0;
    %assign/vec4 v0x600be7c2cc80_0, 0;
T_16.1 ;
    %jmp T_16;
    .thread T_16;
    .scope S_0x600be7c2d8b0;
T_17 ;
    %wait E_0x600be7c2db10;
    %load/vec4 v0x600be7c2e040_0;
    %cmpi/e 0, 0, 2;
    %jmp/0xz  T_17.0, 4;
    %load/vec4 v0x600be7c2db80_0;
    %store/vec4 v0x600be7c2e420_0, 0, 32;
    %jmp T_17.1;
T_17.0 ;
    %load/vec4 v0x600be7c2e040_0;
    %cmpi/e 1, 0, 2;
    %jmp/0xz  T_17.2, 4;
    %load/vec4 v0x600be7c2dd60_0;
    %store/vec4 v0x600be7c2e420_0, 0, 32;
    %jmp T_17.3;
T_17.2 ;
    %load/vec4 v0x600be7c2e040_0;
    %cmpi/e 2, 0, 2;
    %jmp/0xz  T_17.4, 4;
    %load/vec4 v0x600be7c2dc90_0;
    %store/vec4 v0x600be7c2e420_0, 0, 32;
    %jmp T_17.5;
T_17.4 ;
    %load/vec4 v0x600be7c2db80_0;
    %store/vec4 v0x600be7c2e420_0, 0, 32;
T_17.5 ;
T_17.3 ;
T_17.1 ;
    %jmp T_17;
    .thread T_17, $push;
    .scope S_0x600be7c2d8b0;
T_18 ;
    %wait E_0x600be7c2da90;
    %load/vec4 v0x600be7c2de60_0;
    %store/vec4 v0x600be7c2df50_0, 0, 1;
    %load/vec4 v0x600be7c2e290_0;
    %store/vec4 v0x600be7c2e380_0, 0, 5;
    %jmp T_18;
    .thread T_18, $push;
    .scope S_0x600be7c279b0;
T_19 ;
    %wait E_0x600be7c27bd0;
    %pushi/vec4 1, 0, 1;
    %store/vec4 v0x600be7c28250_0, 0, 1;
    %pushi/vec4 1, 0, 1;
    %store/vec4 v0x600be7c27ff0_0, 0, 1;
    %pushi/vec4 0, 0, 1;
    %store/vec4 v0x600be7c27c50_0, 0, 1;
    %load/vec4 v0x600be7c29320_0;
    %flag_set/vec4 8;
    %load/vec4 v0x600be7c29260_0;
    %flag_set/vec4 9;
    %flag_or 9, 8;
    %jmp/0xz  T_19.0, 9;
    %pushi/vec4 0, 0, 1;
    %store/vec4 v0x600be7c28250_0, 0, 1;
    %pushi/vec4 0, 0, 1;
    %store/vec4 v0x600be7c27ff0_0, 0, 1;
    %pushi/vec4 1, 0, 1;
    %store/vec4 v0x600be7c27c50_0, 0, 1;
T_19.0 ;
    %jmp T_19;
    .thread T_19, $push;
    .scope S_0x600be7c26ea0;
T_20 ;
    %wait E_0x600be7c27030;
    %load/vec4 v0x600be7c270d0_0;
    %load/vec4 v0x600be7c271c0_0;
    %pushi/vec4 0, 0, 5;
    %cmp/ne;
    %flag_get/vec4 4;
    %and;
    %load/vec4 v0x600be7c271c0_0;
    %load/vec4 v0x600be7c27500_0;
    %cmp/e;
    %flag_get/vec4 4;
    %and;
    %flag_set/vec4 8;
    %jmp/0xz  T_20.0, 8;
    %pushi/vec4 1, 0, 2;
    %store/vec4 v0x600be7c27290_0, 0, 2;
    %jmp T_20.1;
T_20.0 ;
    %load/vec4 v0x600be7c27660_0;
    %load/vec4 v0x600be7c27720_0;
    %pushi/vec4 0, 0, 5;
    %cmp/ne;
    %flag_get/vec4 4;
    %and;
    %load/vec4 v0x600be7c27720_0;
    %load/vec4 v0x600be7c27500_0;
    %cmp/e;
    %flag_get/vec4 4;
    %and;
    %flag_set/vec4 8;
    %jmp/0xz  T_20.2, 8;
    %pushi/vec4 2, 0, 2;
    %store/vec4 v0x600be7c27290_0, 0, 2;
    %jmp T_20.3;
T_20.2 ;
    %pushi/vec4 0, 0, 2;
    %store/vec4 v0x600be7c27290_0, 0, 2;
T_20.3 ;
T_20.1 ;
    %load/vec4 v0x600be7c270d0_0;
    %load/vec4 v0x600be7c271c0_0;
    %pushi/vec4 0, 0, 5;
    %cmp/ne;
    %flag_get/vec4 4;
    %and;
    %load/vec4 v0x600be7c271c0_0;
    %load/vec4 v0x600be7c275a0_0;
    %cmp/e;
    %flag_get/vec4 4;
    %and;
    %flag_set/vec4 8;
    %jmp/0xz  T_20.4, 8;
    %pushi/vec4 1, 0, 2;
    %store/vec4 v0x600be7c27390_0, 0, 2;
    %jmp T_20.5;
T_20.4 ;
    %load/vec4 v0x600be7c27660_0;
    %load/vec4 v0x600be7c27720_0;
    %pushi/vec4 0, 0, 5;
    %cmp/ne;
    %flag_get/vec4 4;
    %and;
    %load/vec4 v0x600be7c27720_0;
    %load/vec4 v0x600be7c275a0_0;
    %cmp/e;
    %flag_get/vec4 4;
    %and;
    %flag_set/vec4 8;
    %jmp/0xz  T_20.6, 8;
    %pushi/vec4 2, 0, 2;
    %store/vec4 v0x600be7c27390_0, 0, 2;
    %jmp T_20.7;
T_20.6 ;
    %pushi/vec4 0, 0, 2;
    %store/vec4 v0x600be7c27390_0, 0, 2;
T_20.7 ;
T_20.5 ;
    %jmp T_20;
    .thread T_20, $push;
    .scope S_0x600be7a867a0;
T_21 ;
    %wait E_0x600be7bd3050;
    %load/vec4 v0x600be7c36510_0;
    %nor/r;
    %flag_set/vec4 8;
    %jmp/0xz  T_21.0, 8;
    %pushi/vec4 1, 0, 1;
    %assign/vec4 v0x600be7c365b0_0, 0;
    %jmp T_21.1;
T_21.0 ;
    %pushi/vec4 0, 0, 1;
    %assign/vec4 v0x600be7c365b0_0, 0;
T_21.1 ;
    %jmp T_21;
    .thread T_21;
    .scope S_0x600be7a76570;
T_22 ;
    %pushi/vec4 0, 0, 32;
    %store/vec4 v0x600be7c371c0_0, 0, 32;
    %end;
    .thread T_22;
    .scope S_0x600be7a76570;
T_23 ;
    %delay 5000, 0;
    %load/vec4 v0x600be7c36e80_0;
    %inv;
    %store/vec4 v0x600be7c36e80_0, 0, 1;
    %jmp T_23;
    .thread T_23;
    .scope S_0x600be7a76570;
T_24 ;
    %wait E_0x600be7964210;
    %load/vec4 v0x600be7c2f3c0_0;
    %ix/getv/s 4, v0x600be7c371c0_0;
    %load/vec4a v0x600be7c37470, 4;
    %cmp/ne;
    %jmp/0xz  T_24.0, 6;
    %vpi_call 4 40 "$display", "\342\235\227 PC mismatch at cycle %0d: DUT = %h, Golden = %h", v0x600be7c371c0_0, v0x600be7c2f3c0_0, &A<v0x600be7c37470, v0x600be7c371c0_0 > {0 0 0};
    %load/vec4 v0x600be7c37020_0;
    %addi 1, 0, 32;
    %store/vec4 v0x600be7c37020_0, 0, 32;
T_24.0 ;
    %pushi/vec4 0, 0, 32;
    %store/vec4 v0x600be7c37a30_0, 0, 32;
T_24.2 ;
    %load/vec4 v0x600be7c37a30_0;
    %cmpi/s 32, 0, 32;
    %jmp/0xz T_24.3, 5;
    %ix/getv/s 4, v0x600be7c37a30_0;
    %load/vec4a v0x600be7c19c00, 4;
    %load/vec4 v0x600be7c37a30_0;
    %pad/s 39;
    %pad/s 46;
    %muli 112, 0, 46;
    %pad/s 47;
    %load/vec4 v0x600be7c371c0_0;
    %pad/s 47;
    %add;
    %ix/vec4/s 4;
    %load/vec4a v0x600be7c37610, 4;
    %cmp/ne;
    %jmp/0xz  T_24.4, 6;
    %load/vec4 v0x600be7c37a30_0;
    %pad/s 39;
    %pad/s 46;
    %muli 112, 0, 46;
    %pad/s 47;
    %load/vec4 v0x600be7c371c0_0;
    %pad/s 47;
    %add;
    %ix/vec4/s 4;
    %load/vec4a v0x600be7c37610, 4;
    %vpi_call 4 46 "$display", "\342\235\227 x%0d mismatch at cycle %0d: DUT = %h, Golden = %h", v0x600be7c37a30_0, v0x600be7c371c0_0, &A<v0x600be7c19c00, v0x600be7c37a30_0 >, S<0,vec4,u32> {1 0 0};
    %load/vec4 v0x600be7c37020_0;
    %addi 1, 0, 32;
    %store/vec4 v0x600be7c37020_0, 0, 32;
T_24.4 ;
    %load/vec4 v0x600be7c37a30_0;
    %addi 1, 0, 32;
    %store/vec4 v0x600be7c37a30_0, 0, 32;
    %jmp T_24.2;
T_24.3 ;
    %pushi/vec4 0, 0, 32;
    %store/vec4 v0x600be7c37a30_0, 0, 32;
T_24.6 ;
    %load/vec4 v0x600be7c37a30_0;
    %cmpi/s 256, 0, 32;
    %jmp/0xz T_24.7, 5;
    %ix/getv/s 4, v0x600be7c37a30_0;
    %load/vec4a v0x600be7a6ac30, 4;
    %load/vec4 v0x600be7c37a30_0;
    %pad/s 39;
    %pad/s 46;
    %muli 112, 0, 46;
    %pad/s 47;
    %load/vec4 v0x600be7c371c0_0;
    %pad/s 47;
    %add;
    %ix/vec4/s 4;
    %load/vec4a v0x600be7c372f0, 4;
    %cmp/ne;
    %jmp/0xz  T_24.8, 6;
    %load/vec4 v0x600be7c37a30_0;
    %pad/s 39;
    %pad/s 46;
    %muli 112, 0, 46;
    %pad/s 47;
    %load/vec4 v0x600be7c371c0_0;
    %pad/s 47;
    %add;
    %ix/vec4/s 4;
    %load/vec4a v0x600be7c372f0, 4;
    %vpi_call 4 53 "$display", "\342\235\227 Dmem[%0d] mismatch at cycle %0d: DUT = %h, Golden = %h", v0x600be7c37a30_0, v0x600be7c371c0_0, &A<v0x600be7a6ac30, v0x600be7c37a30_0 >, S<0,vec4,u32> {1 0 0};
    %load/vec4 v0x600be7c37020_0;
    %addi 1, 0, 32;
    %store/vec4 v0x600be7c37020_0, 0, 32;
T_24.8 ;
    %load/vec4 v0x600be7c37a30_0;
    %addi 1, 0, 32;
    %store/vec4 v0x600be7c37a30_0, 0, 32;
    %jmp T_24.6;
T_24.7 ;
    %load/vec4 v0x600be7c371c0_0;
    %addi 1, 0, 32;
    %store/vec4 v0x600be7c371c0_0, 0, 32;
    %jmp T_24;
    .thread T_24;
    .scope S_0x600be7a76570;
T_25 ;
    %vpi_call 4 61 "$dumpfile", "wave.vcd" {0 0 0};
    %vpi_call 4 62 "$dumpvars", 32'sb00000000000000000000000000000000, S_0x600be7a76570 {0 0 0};
    %vpi_call 4 63 "$readmemh", "./mem/imem2.hex", v0x600be7c0e730 {0 0 0};
    %vpi_call 4 64 "$readmemh", "./mem/dmem_init2.hex", v0x600be7a6ac30 {0 0 0};
    %pushi/vec4 0, 0, 1;
    %store/vec4 v0x600be7c36e80_0, 0, 1;
    %pushi/vec4 0, 0, 1;
    %store/vec4 v0x600be7c37bf0_0, 0, 1;
    %pushi/vec4 0, 0, 32;
    %store/vec4 v0x600be7c37870_0, 0, 32;
    %pushi/vec4 0, 0, 32;
    %store/vec4 v0x600be7c37d70_0, 0, 32;
    %pushi/vec4 0, 0, 32;
    %store/vec4 v0x600be7c37020_0, 0, 32;
    %pushi/vec4 0, 0, 32;
    %store/vec4 v0x600be7c371c0_0, 0, 32;
    %vpi_call 4 74 "$display", "\012--- Verifying Data Memory ---" {0 0 0};
    %vpi_func 4 75 "$fopen" 32, "./mem/golden_output2.txt", "r" {0 0 0};
    %store/vec4 v0x600be7c370e0_0, 0, 32;
    %load/vec4 v0x600be7c370e0_0;
    %cmpi/e 0, 0, 32;
    %jmp/0xz  T_25.0, 4;
    %vpi_call 4 77 "$display", "\342\235\214 ERROR: Cannot open golden_output2.txt" {0 0 0};
    %vpi_call 4 78 "$finish" {0 0 0};
T_25.0 ;
T_25.2 ;
    %vpi_func 4 81 "$feof" 32, v0x600be7c370e0_0 {0 0 0};
    %nor/r;
    %flag_set/vec4 8;
    %jmp/0xz T_25.3, 8;
    %pushi/vec4 0, 0, 32; draw_string_vec4
    %pushi/vec4 0, 0, 32; draw_string_vec4
    %concat/vec4; draw_string_vec4
    %pushi/vec4 0, 0, 32; draw_string_vec4
    %concat/vec4; draw_string_vec4
    %pushi/vec4 0, 0, 32; draw_string_vec4
    %concat/vec4; draw_string_vec4
    %pushi/vec4 0, 0, 32; draw_string_vec4
    %concat/vec4; draw_string_vec4
    %pushi/vec4 0, 0, 32; draw_string_vec4
    %concat/vec4; draw_string_vec4
    %pushi/vec4 0, 0, 32; draw_string_vec4
    %concat/vec4; draw_string_vec4
    %pushi/vec4 0, 0, 32; draw_string_vec4
    %concat/vec4; draw_string_vec4
    %pushi/vec4 0, 0, 32; draw_string_vec4
    %concat/vec4; draw_string_vec4
    %pushi/vec4 0, 0, 32; draw_string_vec4
    %concat/vec4; draw_string_vec4
    %pushi/vec4 0, 0, 32; draw_string_vec4
    %concat/vec4; draw_string_vec4
    %pushi/vec4 0, 0, 32; draw_string_vec4
    %concat/vec4; draw_string_vec4
    %pushi/vec4 0, 0, 32; draw_string_vec4
    %concat/vec4; draw_string_vec4
    %pushi/vec4 0, 0, 32; draw_string_vec4
    %concat/vec4; draw_string_vec4
    %pushi/vec4 0, 0, 32; draw_string_vec4
    %concat/vec4; draw_string_vec4
    %pushi/vec4 0, 0, 32; draw_string_vec4
    %concat/vec4; draw_string_vec4
    %pushi/vec4 0, 0, 32; draw_string_vec4
    %concat/vec4; draw_string_vec4
    %pushi/vec4 0, 0, 32; draw_string_vec4
    %concat/vec4; draw_string_vec4
    %pushi/vec4 0, 0, 32; draw_string_vec4
    %concat/vec4; draw_string_vec4
    %pushi/vec4 0, 0, 32; draw_string_vec4
    %concat/vec4; draw_string_vec4
    %pushi/vec4 0, 0, 32; draw_string_vec4
    %concat/vec4; draw_string_vec4
    %pushi/vec4 0, 0, 32; draw_string_vec4
    %concat/vec4; draw_string_vec4
    %pushi/vec4 0, 0, 32; draw_string_vec4
    %concat/vec4; draw_string_vec4
    %pushi/vec4 0, 0, 32; draw_string_vec4
    %concat/vec4; draw_string_vec4
    %pushi/vec4 0, 0, 32; draw_string_vec4
    %concat/vec4; draw_string_vec4
    %pushi/vec4 0, 0, 32; draw_string_vec4
    %concat/vec4; draw_string_vec4
    %pushi/vec4 0, 0, 32; draw_string_vec4
    %concat/vec4; draw_string_vec4
    %pushi/vec4 0, 0, 32; draw_string_vec4
    %concat/vec4; draw_string_vec4
    %pushi/vec4 0, 0, 32; draw_string_vec4
    %concat/vec4; draw_string_vec4
    %pushi/vec4 0, 0, 32; draw_string_vec4
    %concat/vec4; draw_string_vec4
    %pushi/vec4 0, 0, 32; draw_string_vec4
    %concat/vec4; draw_string_vec4
    %pushi/vec4 0, 0, 32; draw_string_vec4
    %concat/vec4; draw_string_vec4
    %pushi/vec4 0, 0, 32; draw_string_vec4
    %concat/vec4; draw_string_vec4
    %pushi/vec4 0, 0, 32; draw_string_vec4
    %concat/vec4; draw_string_vec4
    %pushi/vec4 0, 0, 32; draw_string_vec4
    %concat/vec4; draw_string_vec4
    %pushi/vec4 0, 0, 32; draw_string_vec4
    %concat/vec4; draw_string_vec4
    %pushi/vec4 0, 0, 32; draw_string_vec4
    %concat/vec4; draw_string_vec4
    %pushi/vec4 0, 0, 32; draw_string_vec4
    %concat/vec4; draw_string_vec4
    %pushi/vec4 0, 0, 32; draw_string_vec4
    %concat/vec4; draw_string_vec4
    %pushi/vec4 0, 0, 32; draw_string_vec4
    %concat/vec4; draw_string_vec4
    %pushi/vec4 0, 0, 32; draw_string_vec4
    %concat/vec4; draw_string_vec4
    %pushi/vec4 0, 0, 32; draw_string_vec4
    %concat/vec4; draw_string_vec4
    %pushi/vec4 0, 0, 32; draw_string_vec4
    %concat/vec4; draw_string_vec4
    %pushi/vec4 0, 0, 32; draw_string_vec4
    %concat/vec4; draw_string_vec4
    %pushi/vec4 0, 0, 32; draw_string_vec4
    %concat/vec4; draw_string_vec4
    %pushi/vec4 0, 0, 32; draw_string_vec4
    %concat/vec4; draw_string_vec4
    %pushi/vec4 0, 0, 32; draw_string_vec4
    %concat/vec4; draw_string_vec4
    %pushi/vec4 0, 0, 32; draw_string_vec4
    %concat/vec4; draw_string_vec4
    %pushi/vec4 0, 0, 32; draw_string_vec4
    %concat/vec4; draw_string_vec4
    %pushi/vec4 0, 0, 32; draw_string_vec4
    %concat/vec4; draw_string_vec4
    %pushi/vec4 0, 0, 32; draw_string_vec4
    %concat/vec4; draw_string_vec4
    %pushi/vec4 0, 0, 32; draw_string_vec4
    %concat/vec4; draw_string_vec4
    %pushi/vec4 0, 0, 32; draw_string_vec4
    %concat/vec4; draw_string_vec4
    %pushi/vec4 0, 0, 32; draw_string_vec4
    %concat/vec4; draw_string_vec4
    %pushi/vec4 0, 0, 32; draw_string_vec4
    %concat/vec4; draw_string_vec4
    %pushi/vec4 0, 0, 32; draw_string_vec4
    %concat/vec4; draw_string_vec4
    %pushi/vec4 0, 0, 32; draw_string_vec4
    %concat/vec4; draw_string_vec4
    %pushi/vec4 0, 0, 32; draw_string_vec4
    %concat/vec4; draw_string_vec4
    %pushi/vec4 0, 0, 32; draw_string_vec4
    %concat/vec4; draw_string_vec4
    %pushi/vec4 0, 0, 32; draw_string_vec4
    %concat/vec4; draw_string_vec4
    %pushi/vec4 0, 0, 32; draw_string_vec4
    %concat/vec4; draw_string_vec4
    %pushi/vec4 0, 0, 32; draw_string_vec4
    %concat/vec4; draw_string_vec4
    %pushi/vec4 0, 0, 32; draw_string_vec4
    %concat/vec4; draw_string_vec4
    %pushi/vec4 0, 0, 32; draw_string_vec4
    %concat/vec4; draw_string_vec4
    %pushi/vec4 0, 0, 32; draw_string_vec4
    %concat/vec4; draw_string_vec4
    %pushi/vec4 0, 0, 32; draw_string_vec4
    %concat/vec4; draw_string_vec4
    %pushi/vec4 0, 0, 32; draw_string_vec4
    %concat/vec4; draw_string_vec4
    %pushi/vec4 0, 0, 32; draw_string_vec4
    %concat/vec4; draw_string_vec4
    %pushi/vec4 0, 0, 32; draw_string_vec4
    %concat/vec4; draw_string_vec4
    %pushi/vec4 0, 0, 32; draw_string_vec4
    %concat/vec4; draw_string_vec4
    %pushi/vec4 0, 0, 32; draw_string_vec4
    %concat/vec4; draw_string_vec4
    %pushi/vec4 0, 0, 32; draw_string_vec4
    %concat/vec4; draw_string_vec4
    %pushi/vec4 0, 0, 32; draw_string_vec4
    %concat/vec4; draw_string_vec4
    %pushi/vec4 0, 0, 32; draw_string_vec4
    %concat/vec4; draw_string_vec4
    %pushi/vec4 0, 0, 32; draw_string_vec4
    %concat/vec4; draw_string_vec4
    %pushi/vec4 0, 0, 32; draw_string_vec4
    %concat/vec4; draw_string_vec4
    %pushi/vec4 0, 0, 32; draw_string_vec4
    %concat/vec4; draw_string_vec4
    %pushi/vec4 0, 0, 32; draw_string_vec4
    %concat/vec4; draw_string_vec4
    %pushi/vec4 0, 0, 32; draw_string_vec4
    %concat/vec4; draw_string_vec4
    %pushi/vec4 0, 0, 32; draw_string_vec4
    %concat/vec4; draw_string_vec4
    %pushi/vec4 0, 0, 32; draw_string_vec4
    %concat/vec4; draw_string_vec4
    %pushi/vec4 0, 0, 32; draw_string_vec4
    %concat/vec4; draw_string_vec4
    %pushi/vec4 0, 0, 32; draw_string_vec4
    %concat/vec4; draw_string_vec4
    %pushi/vec4 0, 0, 32; draw_string_vec4
    %concat/vec4; draw_string_vec4
    %pushi/vec4 0, 0, 32; draw_string_vec4
    %concat/vec4; draw_string_vec4
    %pushi/vec4 0, 0, 32; draw_string_vec4
    %concat/vec4; draw_string_vec4
    %pushi/vec4 0, 0, 32; draw_string_vec4
    %concat/vec4; draw_string_vec4
    %pushi/vec4 0, 0, 32; draw_string_vec4
    %concat/vec4; draw_string_vec4
    %pushi/vec4 0, 0, 32; draw_string_vec4
    %concat/vec4; draw_string_vec4
    %pushi/vec4 0, 0, 32; draw_string_vec4
    %concat/vec4; draw_string_vec4
    %pushi/vec4 0, 0, 32; draw_string_vec4
    %concat/vec4; draw_string_vec4
    %pushi/vec4 0, 0, 32; draw_string_vec4
    %concat/vec4; draw_string_vec4
    %pushi/vec4 0, 0, 32; draw_string_vec4
    %concat/vec4; draw_string_vec4
    %pushi/vec4 0, 0, 32; draw_string_vec4
    %concat/vec4; draw_string_vec4
    %pushi/vec4 0, 0, 32; draw_string_vec4
    %concat/vec4; draw_string_vec4
    %pushi/vec4 0, 0, 32; draw_string_vec4
    %concat/vec4; draw_string_vec4
    %pushi/vec4 0, 0, 32; draw_string_vec4
    %concat/vec4; draw_string_vec4
    %pushi/vec4 0, 0, 32; draw_string_vec4
    %concat/vec4; draw_string_vec4
    %pushi/vec4 0, 0, 32; draw_string_vec4
    %concat/vec4; draw_string_vec4
    %pushi/vec4 0, 0, 32; draw_string_vec4
    %concat/vec4; draw_string_vec4
    %pushi/vec4 0, 0, 32; draw_string_vec4
    %concat/vec4; draw_string_vec4
    %pushi/vec4 0, 0, 32; draw_string_vec4
    %concat/vec4; draw_string_vec4
    %pushi/vec4 0, 0, 32; draw_string_vec4
    %concat/vec4; draw_string_vec4
    %pushi/vec4 0, 0, 32; draw_string_vec4
    %concat/vec4; draw_string_vec4
    %pushi/vec4 0, 0, 32; draw_string_vec4
    %concat/vec4; draw_string_vec4
    %pushi/vec4 0, 0, 32; draw_string_vec4
    %concat/vec4; draw_string_vec4
    %pushi/vec4 0, 0, 32; draw_string_vec4
    %concat/vec4; draw_string_vec4
    %pushi/vec4 0, 0, 32; draw_string_vec4
    %concat/vec4; draw_string_vec4
    %pushi/vec4 0, 0, 32; draw_string_vec4
    %concat/vec4; draw_string_vec4
    %pushi/vec4 0, 0, 32; draw_string_vec4
    %concat/vec4; draw_string_vec4
    %pushi/vec4 0, 0, 32; draw_string_vec4
    %concat/vec4; draw_string_vec4
    %pushi/vec4 0, 0, 32; draw_string_vec4
    %concat/vec4; draw_string_vec4
    %pushi/vec4 0, 0, 32; draw_string_vec4
    %concat/vec4; draw_string_vec4
    %pushi/vec4 0, 0, 32; draw_string_vec4
    %concat/vec4; draw_string_vec4
    %pushi/vec4 0, 0, 32; draw_string_vec4
    %concat/vec4; draw_string_vec4
    %pushi/vec4 0, 0, 32; draw_string_vec4
    %concat/vec4; draw_string_vec4
    %pushi/vec4 0, 0, 32; draw_string_vec4
    %concat/vec4; draw_string_vec4
    %pushi/vec4 0, 0, 32; draw_string_vec4
    %concat/vec4; draw_string_vec4
    %pushi/vec4 0, 0, 32; draw_string_vec4
    %concat/vec4; draw_string_vec4
    %pushi/vec4 0, 0, 32; draw_string_vec4
    %concat/vec4; draw_string_vec4
    %pushi/vec4 0, 0, 32; draw_string_vec4
    %concat/vec4; draw_string_vec4
    %pushi/vec4 0, 0, 32; draw_string_vec4
    %concat/vec4; draw_string_vec4
    %pushi/vec4 0, 0, 32; draw_string_vec4
    %concat/vec4; draw_string_vec4
    %pushi/vec4 0, 0, 32; draw_string_vec4
    %concat/vec4; draw_string_vec4
    %pushi/vec4 0, 0, 32; draw_string_vec4
    %concat/vec4; draw_string_vec4
    %pushi/vec4 0, 0, 32; draw_string_vec4
    %concat/vec4; draw_string_vec4
    %pushi/vec4 0, 0, 32; draw_string_vec4
    %concat/vec4; draw_string_vec4
    %pushi/vec4 0, 0, 32; draw_string_vec4
    %concat/vec4; draw_string_vec4
    %pushi/vec4 0, 0, 32; draw_string_vec4
    %concat/vec4; draw_string_vec4
    %pushi/vec4 0, 0, 32; draw_string_vec4
    %concat/vec4; draw_string_vec4
    %pushi/vec4 0, 0, 32; draw_string_vec4
    %concat/vec4; draw_string_vec4
    %pushi/vec4 0, 0, 32; draw_string_vec4
    %concat/vec4; draw_string_vec4
    %pushi/vec4 0, 0, 32; draw_string_vec4
    %concat/vec4; draw_string_vec4
    %pushi/vec4 0, 0, 32; draw_string_vec4
    %concat/vec4; draw_string_vec4
    %pushi/vec4 0, 0, 32; draw_string_vec4
    %concat/vec4; draw_string_vec4
    %pushi/vec4 0, 0, 32; draw_string_vec4
    %concat/vec4; draw_string_vec4
    %pushi/vec4 0, 0, 32; draw_string_vec4
    %concat/vec4; draw_string_vec4
    %pushi/vec4 0, 0, 32; draw_string_vec4
    %concat/vec4; draw_string_vec4
    %pushi/vec4 0, 0, 32; draw_string_vec4
    %concat/vec4; draw_string_vec4
    %pushi/vec4 0, 0, 32; draw_string_vec4
    %concat/vec4; draw_string_vec4
    %pushi/vec4 0, 0, 32; draw_string_vec4
    %concat/vec4; draw_string_vec4
    %pushi/vec4 0, 0, 32; draw_string_vec4
    %concat/vec4; draw_string_vec4
    %pushi/vec4 0, 0, 32; draw_string_vec4
    %concat/vec4; draw_string_vec4
    %pushi/vec4 0, 0, 32; draw_string_vec4
    %concat/vec4; draw_string_vec4
    %pushi/vec4 0, 0, 32; draw_string_vec4
    %concat/vec4; draw_string_vec4
    %pushi/vec4 0, 0, 32; draw_string_vec4
    %concat/vec4; draw_string_vec4
    %pushi/vec4 0, 0, 32; draw_string_vec4
    %concat/vec4; draw_string_vec4
    %pushi/vec4 0, 0, 32; draw_string_vec4
    %concat/vec4; draw_string_vec4
    %pushi/vec4 0, 0, 32; draw_string_vec4
    %concat/vec4; draw_string_vec4
    %pushi/vec4 0, 0, 32; draw_string_vec4
    %concat/vec4; draw_string_vec4
    %pushi/vec4 0, 0, 32; draw_string_vec4
    %concat/vec4; draw_string_vec4
    %pushi/vec4 0, 0, 32; draw_string_vec4
    %concat/vec4; draw_string_vec4
    %pushi/vec4 0, 0, 32; draw_string_vec4
    %concat/vec4; draw_string_vec4
    %pushi/vec4 0, 0, 32; draw_string_vec4
    %concat/vec4; draw_string_vec4
    %pushi/vec4 0, 0, 32; draw_string_vec4
    %concat/vec4; draw_string_vec4
    %pushi/vec4 0, 0, 32; draw_string_vec4
    %concat/vec4; draw_string_vec4
    %pushi/vec4 0, 0, 32; draw_string_vec4
    %concat/vec4; draw_string_vec4
    %pushi/vec4 0, 0, 32; draw_string_vec4
    %concat/vec4; draw_string_vec4
    %pushi/vec4 0, 0, 32; draw_string_vec4
    %concat/vec4; draw_string_vec4
    %pushi/vec4 0, 0, 32; draw_string_vec4
    %concat/vec4; draw_string_vec4
    %pushi/vec4 0, 0, 32; draw_string_vec4
    %concat/vec4; draw_string_vec4
    %pushi/vec4 0, 0, 32; draw_string_vec4
    %concat/vec4; draw_string_vec4
    %pushi/vec4 0, 0, 32; draw_string_vec4
    %concat/vec4; draw_string_vec4
    %pushi/vec4 0, 0, 32; draw_string_vec4
    %concat/vec4; draw_string_vec4
    %pushi/vec4 0, 0, 32; draw_string_vec4
    %concat/vec4; draw_string_vec4
    %pushi/vec4 0, 0, 32; draw_string_vec4
    %concat/vec4; draw_string_vec4
    %pushi/vec4 0, 0, 32; draw_string_vec4
    %concat/vec4; draw_string_vec4
    %pushi/vec4 0, 0, 32; draw_string_vec4
    %concat/vec4; draw_string_vec4
    %pushi/vec4 0, 0, 32; draw_string_vec4
    %concat/vec4; draw_string_vec4
    %pushi/vec4 0, 0, 32; draw_string_vec4
    %concat/vec4; draw_string_vec4
    %pushi/vec4 0, 0, 32; draw_string_vec4
    %concat/vec4; draw_string_vec4
    %pushi/vec4 0, 0, 32; draw_string_vec4
    %concat/vec4; draw_string_vec4
    %pushi/vec4 0, 0, 32; draw_string_vec4
    %concat/vec4; draw_string_vec4
    %pushi/vec4 0, 0, 32; draw_string_vec4
    %concat/vec4; draw_string_vec4
    %pushi/vec4 0, 0, 32; draw_string_vec4
    %concat/vec4; draw_string_vec4
    %pushi/vec4 0, 0, 32; draw_string_vec4
    %concat/vec4; draw_string_vec4
    %pushi/vec4 0, 0, 32; draw_string_vec4
    %concat/vec4; draw_string_vec4
    %pushi/vec4 0, 0, 32; draw_string_vec4
    %concat/vec4; draw_string_vec4
    %pushi/vec4 0, 0, 32; draw_string_vec4
    %concat/vec4; draw_string_vec4
    %pushi/vec4 0, 0, 32; draw_string_vec4
    %concat/vec4; draw_string_vec4
    %pushi/vec4 0, 0, 32; draw_string_vec4
    %concat/vec4; draw_string_vec4
    %pushi/vec4 0, 0, 32; draw_string_vec4
    %concat/vec4; draw_string_vec4
    %pushi/vec4 0, 0, 32; draw_string_vec4
    %concat/vec4; draw_string_vec4
    %pushi/vec4 0, 0, 32; draw_string_vec4
    %concat/vec4; draw_string_vec4
    %pushi/vec4 0, 0, 32; draw_string_vec4
    %concat/vec4; draw_string_vec4
    %pushi/vec4 0, 0, 32; draw_string_vec4
    %concat/vec4; draw_string_vec4
    %pushi/vec4 0, 0, 32; draw_string_vec4
    %concat/vec4; draw_string_vec4
    %pushi/vec4 0, 0, 32; draw_string_vec4
    %concat/vec4; draw_string_vec4
    %pushi/vec4 0, 0, 32; draw_string_vec4
    %concat/vec4; draw_string_vec4
    %pushi/vec4 0, 0, 32; draw_string_vec4
    %concat/vec4; draw_string_vec4
    %pushi/vec4 0, 0, 32; draw_string_vec4
    %concat/vec4; draw_string_vec4
    %pushi/vec4 0, 0, 32; draw_string_vec4
    %concat/vec4; draw_string_vec4
    %pushi/vec4 0, 0, 32; draw_string_vec4
    %concat/vec4; draw_string_vec4
    %pushi/vec4 0, 0, 32; draw_string_vec4
    %concat/vec4; draw_string_vec4
    %pushi/vec4 0, 0, 32; draw_string_vec4
    %concat/vec4; draw_string_vec4
    %pushi/vec4 0, 0, 32; draw_string_vec4
    %concat/vec4; draw_string_vec4
    %pushi/vec4 0, 0, 32; draw_string_vec4
    %concat/vec4; draw_string_vec4
    %pushi/vec4 0, 0, 32; draw_string_vec4
    %concat/vec4; draw_string_vec4
    %pushi/vec4 0, 0, 32; draw_string_vec4
    %concat/vec4; draw_string_vec4
    %pushi/vec4 0, 0, 32; draw_string_vec4
    %concat/vec4; draw_string_vec4
    %pushi/vec4 0, 0, 32; draw_string_vec4
    %concat/vec4; draw_string_vec4
    %pushi/vec4 0, 0, 32; draw_string_vec4
    %concat/vec4; draw_string_vec4
    %pushi/vec4 0, 0, 32; draw_string_vec4
    %concat/vec4; draw_string_vec4
    %pushi/vec4 0, 0, 32; draw_string_vec4
    %concat/vec4; draw_string_vec4
    %pushi/vec4 0, 0, 32; draw_string_vec4
    %concat/vec4; draw_string_vec4
    %pushi/vec4 0, 0, 32; draw_string_vec4
    %concat/vec4; draw_string_vec4
    %pushi/vec4 0, 0, 32; draw_string_vec4
    %concat/vec4; draw_string_vec4
    %pushi/vec4 0, 0, 32; draw_string_vec4
    %concat/vec4; draw_string_vec4
    %pushi/vec4 0, 0, 32; draw_string_vec4
    %concat/vec4; draw_string_vec4
    %pushi/vec4 0, 0, 32; draw_string_vec4
    %concat/vec4; draw_string_vec4
    %pushi/vec4 0, 0, 32; draw_string_vec4
    %concat/vec4; draw_string_vec4
    %pushi/vec4 0, 0, 32; draw_string_vec4
    %concat/vec4; draw_string_vec4
    %pushi/vec4 0, 0, 32; draw_string_vec4
    %concat/vec4; draw_string_vec4
    %pushi/vec4 0, 0, 32; draw_string_vec4
    %concat/vec4; draw_string_vec4
    %pushi/vec4 0, 0, 32; draw_string_vec4
    %concat/vec4; draw_string_vec4
    %pushi/vec4 0, 0, 32; draw_string_vec4
    %concat/vec4; draw_string_vec4
    %pushi/vec4 0, 0, 32; draw_string_vec4
    %concat/vec4; draw_string_vec4
    %pushi/vec4 0, 0, 32; draw_string_vec4
    %concat/vec4; draw_string_vec4
    %pushi/vec4 0, 0, 32; draw_string_vec4
    %concat/vec4; draw_string_vec4
    %pushi/vec4 0, 0, 32; draw_string_vec4
    %concat/vec4; draw_string_vec4
    %pushi/vec4 0, 0, 32; draw_string_vec4
    %concat/vec4; draw_string_vec4
    %pushi/vec4 0, 0, 32; draw_string_vec4
    %concat/vec4; draw_string_vec4
    %pushi/vec4 0, 0, 32; draw_string_vec4
    %concat/vec4; draw_string_vec4
    %pushi/vec4 0, 0, 32; draw_string_vec4
    %concat/vec4; draw_string_vec4
    %pushi/vec4 0, 0, 32; draw_string_vec4
    %concat/vec4; draw_string_vec4
    %pushi/vec4 0, 0, 32; draw_string_vec4
    %concat/vec4; draw_string_vec4
    %pushi/vec4 0, 0, 32; draw_string_vec4
    %concat/vec4; draw_string_vec4
    %pushi/vec4 0, 0, 32; draw_string_vec4
    %concat/vec4; draw_string_vec4
    %pushi/vec4 0, 0, 32; draw_string_vec4
    %concat/vec4; draw_string_vec4
    %pushi/vec4 0, 0, 32; draw_string_vec4
    %concat/vec4; draw_string_vec4
    %pushi/vec4 0, 0, 32; draw_string_vec4
    %concat/vec4; draw_string_vec4
    %pushi/vec4 0, 0, 32; draw_string_vec4
    %concat/vec4; draw_string_vec4
    %pushi/vec4 0, 0, 32; draw_string_vec4
    %concat/vec4; draw_string_vec4
    %pushi/vec4 0, 0, 32; draw_string_vec4
    %concat/vec4; draw_string_vec4
    %pushi/vec4 0, 0, 32; draw_string_vec4
    %concat/vec4; draw_string_vec4
    %pushi/vec4 0, 0, 32; draw_string_vec4
    %concat/vec4; draw_string_vec4
    %pushi/vec4 0, 0, 32; draw_string_vec4
    %concat/vec4; draw_string_vec4
    %pushi/vec4 0, 0, 32; draw_string_vec4
    %concat/vec4; draw_string_vec4
    %pushi/vec4 0, 0, 32; draw_string_vec4
    %concat/vec4; draw_string_vec4
    %pushi/vec4 0, 0, 32; draw_string_vec4
    %concat/vec4; draw_string_vec4
    %pushi/vec4 0, 0, 32; draw_string_vec4
    %concat/vec4; draw_string_vec4
    %pushi/vec4 0, 0, 32; draw_string_vec4
    %concat/vec4; draw_string_vec4
    %pushi/vec4 0, 0, 32; draw_string_vec4
    %concat/vec4; draw_string_vec4
    %pushi/vec4 0, 0, 32; draw_string_vec4
    %concat/vec4; draw_string_vec4
    %pushi/vec4 0, 0, 32; draw_string_vec4
    %concat/vec4; draw_string_vec4
    %pushi/vec4 0, 0, 32; draw_string_vec4
    %concat/vec4; draw_string_vec4
    %pushi/vec4 0, 0, 32; draw_string_vec4
    %concat/vec4; draw_string_vec4
    %pushi/vec4 0, 0, 32; draw_string_vec4
    %concat/vec4; draw_string_vec4
    %pushi/vec4 0, 0, 32; draw_string_vec4
    %concat/vec4; draw_string_vec4
    %pushi/vec4 0, 0, 32; draw_string_vec4
    %concat/vec4; draw_string_vec4
    %pushi/vec4 0, 0, 32; draw_string_vec4
    %concat/vec4; draw_string_vec4
    %pushi/vec4 0, 0, 32; draw_string_vec4
    %concat/vec4; draw_string_vec4
    %pushi/vec4 0, 0, 32; draw_string_vec4
    %concat/vec4; draw_string_vec4
    %pushi/vec4 0, 0, 32; draw_string_vec4
    %concat/vec4; draw_string_vec4
    %pushi/vec4 0, 0, 32; draw_string_vec4
    %concat/vec4; draw_string_vec4
    %pushi/vec4 0, 0, 32; draw_string_vec4
    %concat/vec4; draw_string_vec4
    %pushi/vec4 0, 0, 32; draw_string_vec4
    %concat/vec4; draw_string_vec4
    %pushi/vec4 0, 0, 32; draw_string_vec4
    %concat/vec4; draw_string_vec4
    %pushi/vec4 0, 0, 32; draw_string_vec4
    %concat/vec4; draw_string_vec4
    %pushi/vec4 0, 0, 32; draw_string_vec4
    %concat/vec4; draw_string_vec4
    %pushi/vec4 0, 0, 32; draw_string_vec4
    %concat/vec4; draw_string_vec4
    %pushi/vec4 0, 0, 32; draw_string_vec4
    %concat/vec4; draw_string_vec4
    %pushi/vec4 0, 0, 32; draw_string_vec4
    %concat/vec4; draw_string_vec4
    %pushi/vec4 0, 0, 32; draw_string_vec4
    %concat/vec4; draw_string_vec4
    %pushi/vec4 0, 0, 32; draw_string_vec4
    %concat/vec4; draw_string_vec4
    %pushi/vec4 0, 0, 32; draw_string_vec4
    %concat/vec4; draw_string_vec4
    %pushi/vec4 0, 0, 32; draw_string_vec4
    %concat/vec4; draw_string_vec4
    %pushi/vec4 0, 0, 32; draw_string_vec4
    %concat/vec4; draw_string_vec4
    %pushi/vec4 0, 0, 32; draw_string_vec4
    %concat/vec4; draw_string_vec4
    %pushi/vec4 0, 0, 32; draw_string_vec4
    %concat/vec4; draw_string_vec4
    %pushi/vec4 0, 0, 32; draw_string_vec4
    %concat/vec4; draw_string_vec4
    %pushi/vec4 0, 0, 32; draw_string_vec4
    %concat/vec4; draw_string_vec4
    %pushi/vec4 0, 0, 32; draw_string_vec4
    %concat/vec4; draw_string_vec4
    %pushi/vec4 0, 0, 32; draw_string_vec4
    %concat/vec4; draw_string_vec4
    %pushi/vec4 0, 0, 32; draw_string_vec4
    %concat/vec4; draw_string_vec4
    %pushi/vec4 0, 0, 32; draw_string_vec4
    %concat/vec4; draw_string_vec4
    %pushi/vec4 0, 0, 32; draw_string_vec4
    %concat/vec4; draw_string_vec4
    %pushi/vec4 0, 0, 32; draw_string_vec4
    %concat/vec4; draw_string_vec4
    %pushi/vec4 0, 0, 32; draw_string_vec4
    %concat/vec4; draw_string_vec4
    %pushi/vec4 0, 0, 32; draw_string_vec4
    %concat/vec4; draw_string_vec4
    %pushi/vec4 0, 0, 32; draw_string_vec4
    %concat/vec4; draw_string_vec4
    %pushi/vec4 0, 0, 32; draw_string_vec4
    %concat/vec4; draw_string_vec4
    %pushi/vec4 0, 0, 32; draw_string_vec4
    %concat/vec4; draw_string_vec4
    %pushi/vec4 0, 0, 32; draw_string_vec4
    %concat/vec4; draw_string_vec4
    %pushi/vec4 0, 0, 32; draw_string_vec4
    %concat/vec4; draw_string_vec4
    %pushi/vec4 0, 0, 32; draw_string_vec4
    %concat/vec4; draw_string_vec4
    %pushi/vec4 0, 0, 32; draw_string_vec4
    %concat/vec4; draw_string_vec4
    %pushi/vec4 0, 0, 32; draw_string_vec4
    %concat/vec4; draw_string_vec4
    %pushi/vec4 0, 0, 32; draw_string_vec4
    %concat/vec4; draw_string_vec4
    %pushi/vec4 0, 0, 32; draw_string_vec4
    %concat/vec4; draw_string_vec4
    %pushi/vec4 0, 0, 32; draw_string_vec4
    %concat/vec4; draw_string_vec4
    %pushi/vec4 0, 0, 32; draw_string_vec4
    %concat/vec4; draw_string_vec4
    %pushi/vec4 0, 0, 32; draw_string_vec4
    %concat/vec4; draw_string_vec4
    %pushi/vec4 0, 0, 32; draw_string_vec4
    %concat/vec4; draw_string_vec4
    %pushi/vec4 0, 0, 32; draw_string_vec4
    %concat/vec4; draw_string_vec4
    %pushi/vec4 0, 0, 32; draw_string_vec4
    %concat/vec4; draw_string_vec4
    %pushi/vec4 0, 0, 32; draw_string_vec4
    %concat/vec4; draw_string_vec4
    %pushi/vec4 0, 0, 32; draw_string_vec4
    %concat/vec4; draw_string_vec4
    %pushi/vec4 0, 0, 32; draw_string_vec4
    %concat/vec4; draw_string_vec4
    %pushi/vec4 0, 0, 32; draw_string_vec4
    %concat/vec4; draw_string_vec4
    %pushi/vec4 0, 0, 32; draw_string_vec4
    %concat/vec4; draw_string_vec4
    %pushi/vec4 0, 0, 32; draw_string_vec4
    %concat/vec4; draw_string_vec4
    %pushi/vec4 0, 0, 32; draw_string_vec4
    %concat/vec4; draw_string_vec4
    %pushi/vec4 0, 0, 32; draw_string_vec4
    %concat/vec4; draw_string_vec4
    %pushi/vec4 0, 0, 32; draw_string_vec4
    %concat/vec4; draw_string_vec4
    %pushi/vec4 0, 0, 32; draw_string_vec4
    %concat/vec4; draw_string_vec4
    %pushi/vec4 0, 0, 32; draw_string_vec4
    %concat/vec4; draw_string_vec4
    %pushi/vec4 0, 0, 32; draw_string_vec4
    %concat/vec4; draw_string_vec4
    %pushi/vec4 0, 0, 32; draw_string_vec4
    %concat/vec4; draw_string_vec4
    %pushi/vec4 0, 0, 32; draw_string_vec4
    %concat/vec4; draw_string_vec4
    %pushi/vec4 0, 0, 32; draw_string_vec4
    %concat/vec4; draw_string_vec4
    %pushi/vec4 0, 0, 32; draw_string_vec4
    %concat/vec4; draw_string_vec4
    %pushi/vec4 0, 0, 32; draw_string_vec4
    %concat/vec4; draw_string_vec4
    %pushi/vec4 0, 0, 32; draw_string_vec4
    %concat/vec4; draw_string_vec4
    %pushi/vec4 0, 0, 32; draw_string_vec4
    %concat/vec4; draw_string_vec4
    %pushi/vec4 0, 0, 32; draw_string_vec4
    %concat/vec4; draw_string_vec4
    %pushi/vec4 0, 0, 32; draw_string_vec4
    %concat/vec4; draw_string_vec4
    %pushi/vec4 0, 0, 32; draw_string_vec4
    %concat/vec4; draw_string_vec4
    %pushi/vec4 0, 0, 32; draw_string_vec4
    %concat/vec4; draw_string_vec4
    %pushi/vec4 0, 0, 32; draw_string_vec4
    %concat/vec4; draw_string_vec4
    %pushi/vec4 0, 0, 32; draw_string_vec4
    %concat/vec4; draw_string_vec4
    %pushi/vec4 0, 0, 32; draw_string_vec4
    %concat/vec4; draw_string_vec4
    %pushi/vec4 0, 0, 32; draw_string_vec4
    %concat/vec4; draw_string_vec4
    %pushi/vec4 0, 0, 32; draw_string_vec4
    %concat/vec4; draw_string_vec4
    %pushi/vec4 0, 0, 32; draw_string_vec4
    %concat/vec4; draw_string_vec4
    %pushi/vec4 0, 0, 32; draw_string_vec4
    %concat/vec4; draw_string_vec4
    %pushi/vec4 0, 0, 32; draw_string_vec4
    %concat/vec4; draw_string_vec4
    %pushi/vec4 0, 0, 32; draw_string_vec4
    %concat/vec4; draw_string_vec4
    %pushi/vec4 0, 0, 32; draw_string_vec4
    %concat/vec4; draw_string_vec4
    %pushi/vec4 0, 0, 32; draw_string_vec4
    %concat/vec4; draw_string_vec4
    %pushi/vec4 0, 0, 32; draw_string_vec4
    %concat/vec4; draw_string_vec4
    %pushi/vec4 0, 0, 32; draw_string_vec4
    %concat/vec4; draw_string_vec4
    %pushi/vec4 0, 0, 32; draw_string_vec4
    %concat/vec4; draw_string_vec4
    %pushi/vec4 0, 0, 32; draw_string_vec4
    %concat/vec4; draw_string_vec4
    %pushi/vec4 0, 0, 32; draw_string_vec4
    %concat/vec4; draw_string_vec4
    %pushi/vec4 0, 0, 32; draw_string_vec4
    %concat/vec4; draw_string_vec4
    %pushi/vec4 0, 0, 32; draw_string_vec4
    %concat/vec4; draw_string_vec4
    %pushi/vec4 0, 0, 32; draw_string_vec4
    %concat/vec4; draw_string_vec4
    %pushi/vec4 0, 0, 32; draw_string_vec4
    %concat/vec4; draw_string_vec4
    %pushi/vec4 0, 0, 32; draw_string_vec4
    %concat/vec4; draw_string_vec4
    %pushi/vec4 0, 0, 32; draw_string_vec4
    %concat/vec4; draw_string_vec4
    %pushi/vec4 0, 0, 32; draw_string_vec4
    %concat/vec4; draw_string_vec4
    %pushi/vec4 0, 0, 32; draw_string_vec4
    %concat/vec4; draw_string_vec4
    %pushi/vec4 0, 0, 32; draw_string_vec4
    %concat/vec4; draw_string_vec4
    %pushi/vec4 0, 0, 32; draw_string_vec4
    %concat/vec4; draw_string_vec4
    %pushi/vec4 0, 0, 32; draw_string_vec4
    %concat/vec4; draw_string_vec4
    %pushi/vec4 0, 0, 32; draw_string_vec4
    %concat/vec4; draw_string_vec4
    %pushi/vec4 0, 0, 32; draw_string_vec4
    %concat/vec4; draw_string_vec4
    %pushi/vec4 0, 0, 32; draw_string_vec4
    %concat/vec4; draw_string_vec4
    %pushi/vec4 0, 0, 32; draw_string_vec4
    %concat/vec4; draw_string_vec4
    %pushi/vec4 0, 0, 32; draw_string_vec4
    %concat/vec4; draw_string_vec4
    %pushi/vec4 0, 0, 32; draw_string_vec4
    %concat/vec4; draw_string_vec4
    %pushi/vec4 0, 0, 32; draw_string_vec4
    %concat/vec4; draw_string_vec4
    %pushi/vec4 0, 0, 32; draw_string_vec4
    %concat/vec4; draw_string_vec4
    %pushi/vec4 0, 0, 32; draw_string_vec4
    %concat/vec4; draw_string_vec4
    %pushi/vec4 0, 0, 32; draw_string_vec4
    %concat/vec4; draw_string_vec4
    %pushi/vec4 0, 0, 32; draw_string_vec4
    %concat/vec4; draw_string_vec4
    %pushi/vec4 0, 0, 32; draw_string_vec4
    %concat/vec4; draw_string_vec4
    %pushi/vec4 0, 0, 32; draw_string_vec4
    %concat/vec4; draw_string_vec4
    %pushi/vec4 0, 0, 32; draw_string_vec4
    %concat/vec4; draw_string_vec4
    %pushi/vec4 0, 0, 32; draw_string_vec4
    %concat/vec4; draw_string_vec4
    %pushi/vec4 0, 0, 32; draw_string_vec4
    %concat/vec4; draw_string_vec4
    %pushi/vec4 0, 0, 32; draw_string_vec4
    %concat/vec4; draw_string_vec4
    %pushi/vec4 0, 0, 32; draw_string_vec4
    %concat/vec4; draw_string_vec4
    %pushi/vec4 0, 0, 32; draw_string_vec4
    %concat/vec4; draw_string_vec4
    %pushi/vec4 0, 0, 32; draw_string_vec4
    %concat/vec4; draw_string_vec4
    %pushi/vec4 0, 0, 32; draw_string_vec4
    %concat/vec4; draw_string_vec4
    %pushi/vec4 0, 0, 32; draw_string_vec4
    %concat/vec4; draw_string_vec4
    %pushi/vec4 0, 0, 32; draw_string_vec4
    %concat/vec4; draw_string_vec4
    %pushi/vec4 0, 0, 32; draw_string_vec4
    %concat/vec4; draw_string_vec4
    %pushi/vec4 0, 0, 32; draw_string_vec4
    %concat/vec4; draw_string_vec4
    %pushi/vec4 0, 0, 32; draw_string_vec4
    %concat/vec4; draw_string_vec4
    %pushi/vec4 0, 0, 32; draw_string_vec4
    %concat/vec4; draw_string_vec4
    %pushi/vec4 0, 0, 32; draw_string_vec4
    %concat/vec4; draw_string_vec4
    %pushi/vec4 0, 0, 32; draw_string_vec4
    %concat/vec4; draw_string_vec4
    %pushi/vec4 0, 0, 32; draw_string_vec4
    %concat/vec4; draw_string_vec4
    %pushi/vec4 0, 0, 32; draw_string_vec4
    %concat/vec4; draw_string_vec4
    %pushi/vec4 0, 0, 32; draw_string_vec4
    %concat/vec4; draw_string_vec4
    %pushi/vec4 0, 0, 32; draw_string_vec4
    %concat/vec4; draw_string_vec4
    %pushi/vec4 0, 0, 32; draw_string_vec4
    %concat/vec4; draw_string_vec4
    %pushi/vec4 0, 0, 32; draw_string_vec4
    %concat/vec4; draw_string_vec4
    %pushi/vec4 0, 0, 32; draw_string_vec4
    %concat/vec4; draw_string_vec4
    %pushi/vec4 0, 0, 32; draw_string_vec4
    %concat/vec4; draw_string_vec4
    %pushi/vec4 0, 0, 32; draw_string_vec4
    %concat/vec4; draw_string_vec4
    %pushi/vec4 0, 0, 32; draw_string_vec4
    %concat/vec4; draw_string_vec4
    %pushi/vec4 0, 0, 32; draw_string_vec4
    %concat/vec4; draw_string_vec4
    %pushi/vec4 0, 0, 32; draw_string_vec4
    %concat/vec4; draw_string_vec4
    %pushi/vec4 0, 0, 32; draw_string_vec4
    %concat/vec4; draw_string_vec4
    %pushi/vec4 0, 0, 32; draw_string_vec4
    %concat/vec4; draw_string_vec4
    %pushi/vec4 0, 0, 32; draw_string_vec4
    %concat/vec4; draw_string_vec4
    %pushi/vec4 0, 0, 32; draw_string_vec4
    %concat/vec4; draw_string_vec4
    %pushi/vec4 0, 0, 32; draw_string_vec4
    %concat/vec4; draw_string_vec4
    %pushi/vec4 0, 0, 32; draw_string_vec4
    %concat/vec4; draw_string_vec4
    %pushi/vec4 0, 0, 32; draw_string_vec4
    %concat/vec4; draw_string_vec4
    %pushi/vec4 0, 0, 32; draw_string_vec4
    %concat/vec4; draw_string_vec4
    %pushi/vec4 0, 0, 32; draw_string_vec4
    %concat/vec4; draw_string_vec4
    %pushi/vec4 0, 0, 32; draw_string_vec4
    %concat/vec4; draw_string_vec4
    %pushi/vec4 0, 0, 32; draw_string_vec4
    %concat/vec4; draw_string_vec4
    %pushi/vec4 0, 0, 32; draw_string_vec4
    %concat/vec4; draw_string_vec4
    %pushi/vec4 0, 0, 32; draw_string_vec4
    %concat/vec4; draw_string_vec4
    %pushi/vec4 0, 0, 32; draw_string_vec4
    %concat/vec4; draw_string_vec4
    %pushi/vec4 0, 0, 32; draw_string_vec4
    %concat/vec4; draw_string_vec4
    %pushi/vec4 0, 0, 32; draw_string_vec4
    %concat/vec4; draw_string_vec4
    %pushi/vec4 0, 0, 32; draw_string_vec4
    %concat/vec4; draw_string_vec4
    %pushi/vec4 0, 0, 32; draw_string_vec4
    %concat/vec4; draw_string_vec4
    %pushi/vec4 0, 0, 32; draw_string_vec4
    %concat/vec4; draw_string_vec4
    %pushi/vec4 0, 0, 32; draw_string_vec4
    %concat/vec4; draw_string_vec4
    %pushi/vec4 0, 0, 32; draw_string_vec4
    %concat/vec4; draw_string_vec4
    %pushi/vec4 0, 0, 32; draw_string_vec4
    %concat/vec4; draw_string_vec4
    %pushi/vec4 0, 0, 32; draw_string_vec4
    %concat/vec4; draw_string_vec4
    %pushi/vec4 0, 0, 32; draw_string_vec4
    %concat/vec4; draw_string_vec4
    %pushi/vec4 0, 0, 32; draw_string_vec4
    %concat/vec4; draw_string_vec4
    %pushi/vec4 0, 0, 32; draw_string_vec4
    %concat/vec4; draw_string_vec4
    %pushi/vec4 0, 0, 32; draw_string_vec4
    %concat/vec4; draw_string_vec4
    %pushi/vec4 0, 0, 32; draw_string_vec4
    %concat/vec4; draw_string_vec4
    %pushi/vec4 0, 0, 32; draw_string_vec4
    %concat/vec4; draw_string_vec4
    %pushi/vec4 0, 0, 32; draw_string_vec4
    %concat/vec4; draw_string_vec4
    %pushi/vec4 0, 0, 32; draw_string_vec4
    %concat/vec4; draw_string_vec4
    %pushi/vec4 0, 0, 32; draw_string_vec4
    %concat/vec4; draw_string_vec4
    %pushi/vec4 0, 0, 32; draw_string_vec4
    %concat/vec4; draw_string_vec4
    %pushi/vec4 0, 0, 32; draw_string_vec4
    %concat/vec4; draw_string_vec4
    %pushi/vec4 0, 0, 32; draw_string_vec4
    %concat/vec4; draw_string_vec4
    %pushi/vec4 0, 0, 32; draw_string_vec4
    %concat/vec4; draw_string_vec4
    %pushi/vec4 0, 0, 32; draw_string_vec4
    %concat/vec4; draw_string_vec4
    %pushi/vec4 0, 0, 32; draw_string_vec4
    %concat/vec4; draw_string_vec4
    %pushi/vec4 0, 0, 32; draw_string_vec4
    %concat/vec4; draw_string_vec4
    %pushi/vec4 0, 0, 32; draw_string_vec4
    %concat/vec4; draw_string_vec4
    %pushi/vec4 0, 0, 32; draw_string_vec4
    %concat/vec4; draw_string_vec4
    %pushi/vec4 0, 0, 32; draw_string_vec4
    %concat/vec4; draw_string_vec4
    %pushi/vec4 0, 0, 32; draw_string_vec4
    %concat/vec4; draw_string_vec4
    %pushi/vec4 0, 0, 32; draw_string_vec4
    %concat/vec4; draw_string_vec4
    %pushi/vec4 0, 0, 32; draw_string_vec4
    %concat/vec4; draw_string_vec4
    %pushi/vec4 0, 0, 32; draw_string_vec4
    %concat/vec4; draw_string_vec4
    %pushi/vec4 0, 0, 32; draw_string_vec4
    %concat/vec4; draw_string_vec4
    %pushi/vec4 0, 0, 32; draw_string_vec4
    %concat/vec4; draw_string_vec4
    %pushi/vec4 0, 0, 32; draw_string_vec4
    %concat/vec4; draw_string_vec4
    %pushi/vec4 0, 0, 32; draw_string_vec4
    %concat/vec4; draw_string_vec4
    %pushi/vec4 0, 0, 32; draw_string_vec4
    %concat/vec4; draw_string_vec4
    %pushi/vec4 0, 0, 32; draw_string_vec4
    %concat/vec4; draw_string_vec4
    %pushi/vec4 0, 0, 32; draw_string_vec4
    %concat/vec4; draw_string_vec4
    %pushi/vec4 0, 0, 32; draw_string_vec4
    %concat/vec4; draw_string_vec4
    %pushi/vec4 0, 0, 32; draw_string_vec4
    %concat/vec4; draw_string_vec4
    %pushi/vec4 0, 0, 32; draw_string_vec4
    %concat/vec4; draw_string_vec4
    %pushi/vec4 0, 0, 32; draw_string_vec4
    %concat/vec4; draw_string_vec4
    %pushi/vec4 0, 0, 32; draw_string_vec4
    %concat/vec4; draw_string_vec4
    %pushi/vec4 0, 0, 32; draw_string_vec4
    %concat/vec4; draw_string_vec4
    %pushi/vec4 0, 0, 32; draw_string_vec4
    %concat/vec4; draw_string_vec4
    %pushi/vec4 0, 0, 32; draw_string_vec4
    %concat/vec4; draw_string_vec4
    %pushi/vec4 0, 0, 32; draw_string_vec4
    %concat/vec4; draw_string_vec4
    %pushi/vec4 0, 0, 32; draw_string_vec4
    %concat/vec4; draw_string_vec4
    %pushi/vec4 0, 0, 32; draw_string_vec4
    %concat/vec4; draw_string_vec4
    %pushi/vec4 0, 0, 32; draw_string_vec4
    %concat/vec4; draw_string_vec4
    %pushi/vec4 0, 0, 32; draw_string_vec4
    %concat/vec4; draw_string_vec4
    %pushi/vec4 0, 0, 32; draw_string_vec4
    %concat/vec4; draw_string_vec4
    %pushi/vec4 0, 0, 32; draw_string_vec4
    %concat/vec4; draw_string_vec4
    %pushi/vec4 0, 0, 32; draw_string_vec4
    %concat/vec4; draw_string_vec4
    %pushi/vec4 0, 0, 32; draw_string_vec4
    %concat/vec4; draw_string_vec4
    %pushi/vec4 0, 0, 32; draw_string_vec4
    %concat/vec4; draw_string_vec4
    %pushi/vec4 0, 0, 32; draw_string_vec4
    %concat/vec4; draw_string_vec4
    %pushi/vec4 0, 0, 32; draw_string_vec4
    %concat/vec4; draw_string_vec4
    %pushi/vec4 0, 0, 32; draw_string_vec4
    %concat/vec4; draw_string_vec4
    %pushi/vec4 0, 0, 32; draw_string_vec4
    %concat/vec4; draw_string_vec4
    %pushi/vec4 0, 0, 32; draw_string_vec4
    %concat/vec4; draw_string_vec4
    %pushi/vec4 0, 0, 32; draw_string_vec4
    %concat/vec4; draw_string_vec4
    %pushi/vec4 0, 0, 32; draw_string_vec4
    %concat/vec4; draw_string_vec4
    %pushi/vec4 0, 0, 32; draw_string_vec4
    %concat/vec4; draw_string_vec4
    %pushi/vec4 0, 0, 32; draw_string_vec4
    %concat/vec4; draw_string_vec4
    %pushi/vec4 0, 0, 32; draw_string_vec4
    %concat/vec4; draw_string_vec4
    %pushi/vec4 0, 0, 32; draw_string_vec4
    %concat/vec4; draw_string_vec4
    %pushi/vec4 0, 0, 32; draw_string_vec4
    %concat/vec4; draw_string_vec4
    %pushi/vec4 0, 0, 32; draw_string_vec4
    %concat/vec4; draw_string_vec4
    %pushi/vec4 0, 0, 32; draw_string_vec4
    %concat/vec4; draw_string_vec4
    %pushi/vec4 0, 0, 32; draw_string_vec4
    %concat/vec4; draw_string_vec4
    %pushi/vec4 0, 0, 32; draw_string_vec4
    %concat/vec4; draw_string_vec4
    %pushi/vec4 0, 0, 32; draw_string_vec4
    %concat/vec4; draw_string_vec4
    %pushi/vec4 0, 0, 32; draw_string_vec4
    %concat/vec4; draw_string_vec4
    %pushi/vec4 0, 0, 32; draw_string_vec4
    %concat/vec4; draw_string_vec4
    %pushi/vec4 0, 0, 32; draw_string_vec4
    %concat/vec4; draw_string_vec4
    %pushi/vec4 0, 0, 32; draw_string_vec4
    %concat/vec4; draw_string_vec4
    %pushi/vec4 0, 0, 32; draw_string_vec4
    %concat/vec4; draw_string_vec4
    %pushi/vec4 0, 0, 32; draw_string_vec4
    %concat/vec4; draw_string_vec4
    %pushi/vec4 0, 0, 32; draw_string_vec4
    %concat/vec4; draw_string_vec4
    %pushi/vec4 0, 0, 32; draw_string_vec4
    %concat/vec4; draw_string_vec4
    %pushi/vec4 0, 0, 32; draw_string_vec4
    %concat/vec4; draw_string_vec4
    %pushi/vec4 0, 0, 32; draw_string_vec4
    %concat/vec4; draw_string_vec4
    %pushi/vec4 0, 0, 32; draw_string_vec4
    %concat/vec4; draw_string_vec4
    %pushi/vec4 0, 0, 32; draw_string_vec4
    %concat/vec4; draw_string_vec4
    %pushi/vec4 0, 0, 32; draw_string_vec4
    %concat/vec4; draw_string_vec4
    %pushi/vec4 0, 0, 32; draw_string_vec4
    %concat/vec4; draw_string_vec4
    %pushi/vec4 0, 0, 32; draw_string_vec4
    %concat/vec4; draw_string_vec4
    %pushi/vec4 0, 0, 32; draw_string_vec4
    %concat/vec4; draw_string_vec4
    %pushi/vec4 0, 0, 32; draw_string_vec4
    %concat/vec4; draw_string_vec4
    %pushi/vec4 0, 0, 32; draw_string_vec4
    %concat/vec4; draw_string_vec4
    %pushi/vec4 0, 0, 32; draw_string_vec4
    %concat/vec4; draw_string_vec4
    %pushi/vec4 0, 0, 32; draw_string_vec4
    %concat/vec4; draw_string_vec4
    %pushi/vec4 0, 0, 32; draw_string_vec4
    %concat/vec4; draw_string_vec4
    %pushi/vec4 0, 0, 32; draw_string_vec4
    %concat/vec4; draw_string_vec4
    %pushi/vec4 0, 0, 32; draw_string_vec4
    %concat/vec4; draw_string_vec4
    %pushi/vec4 0, 0, 32; draw_string_vec4
    %concat/vec4; draw_string_vec4
    %pushi/vec4 0, 0, 32; draw_string_vec4
    %concat/vec4; draw_string_vec4
    %pushi/vec4 0, 0, 32; draw_string_vec4
    %concat/vec4; draw_string_vec4
    %pushi/vec4 0, 0, 32; draw_string_vec4
    %concat/vec4; draw_string_vec4
    %pushi/vec4 0, 0, 32; draw_string_vec4
    %concat/vec4; draw_string_vec4
    %pushi/vec4 0, 0, 32; draw_string_vec4
    %concat/vec4; draw_string_vec4
    %pushi/vec4 0, 0, 32; draw_string_vec4
    %concat/vec4; draw_string_vec4
    %pushi/vec4 0, 0, 32; draw_string_vec4
    %concat/vec4; draw_string_vec4
    %pushi/vec4 0, 0, 32; draw_string_vec4
    %concat/vec4; draw_string_vec4
    %pushi/vec4 0, 0, 32; draw_string_vec4
    %concat/vec4; draw_string_vec4
    %pushi/vec4 0, 0, 32; draw_string_vec4
    %concat/vec4; draw_string_vec4
    %pushi/vec4 0, 0, 32; draw_string_vec4
    %concat/vec4; draw_string_vec4
    %pushi/vec4 0, 0, 32; draw_string_vec4
    %concat/vec4; draw_string_vec4
    %pushi/vec4 0, 0, 32; draw_string_vec4
    %concat/vec4; draw_string_vec4
    %pushi/vec4 0, 0, 32; draw_string_vec4
    %concat/vec4; draw_string_vec4
    %pushi/vec4 0, 0, 32; draw_string_vec4
    %concat/vec4; draw_string_vec4
    %pushi/vec4 0, 0, 32; draw_string_vec4
    %concat/vec4; draw_string_vec4
    %pushi/vec4 0, 0, 32; draw_string_vec4
    %concat/vec4; draw_string_vec4
    %pushi/vec4 0, 0, 32; draw_string_vec4
    %concat/vec4; draw_string_vec4
    %pushi/vec4 0, 0, 32; draw_string_vec4
    %concat/vec4; draw_string_vec4
    %pushi/vec4 0, 0, 32; draw_string_vec4
    %concat/vec4; draw_string_vec4
    %pushi/vec4 0, 0, 32; draw_string_vec4
    %concat/vec4; draw_string_vec4
    %pushi/vec4 0, 0, 32; draw_string_vec4
    %concat/vec4; draw_string_vec4
    %pushi/vec4 0, 0, 32; draw_string_vec4
    %concat/vec4; draw_string_vec4
    %pushi/vec4 0, 0, 32; draw_string_vec4
    %concat/vec4; draw_string_vec4
    %pushi/vec4 0, 0, 32; draw_string_vec4
    %concat/vec4; draw_string_vec4
    %pushi/vec4 0, 0, 32; draw_string_vec4
    %concat/vec4; draw_string_vec4
    %pushi/vec4 0, 0, 32; draw_string_vec4
    %concat/vec4; draw_string_vec4
    %pushi/vec4 0, 0, 32; draw_string_vec4
    %concat/vec4; draw_string_vec4
    %pushi/vec4 0, 0, 32; draw_string_vec4
    %concat/vec4; draw_string_vec4
    %pushi/vec4 0, 0, 32; draw_string_vec4
    %concat/vec4; draw_string_vec4
    %pushi/vec4 0, 0, 32; draw_string_vec4
    %concat/vec4; draw_string_vec4
    %pushi/vec4 0, 0, 32; draw_string_vec4
    %concat/vec4; draw_string_vec4
    %pushi/vec4 0, 0, 32; draw_string_vec4
    %concat/vec4; draw_string_vec4
    %pushi/vec4 0, 0, 32; draw_string_vec4
    %concat/vec4; draw_string_vec4
    %pushi/vec4 0, 0, 32; draw_string_vec4
    %concat/vec4; draw_string_vec4
    %pushi/vec4 0, 0, 32; draw_string_vec4
    %concat/vec4; draw_string_vec4
    %pushi/vec4 0, 0, 32; draw_string_vec4
    %concat/vec4; draw_string_vec4
    %pushi/vec4 0, 0, 32; draw_string_vec4
    %concat/vec4; draw_string_vec4
    %pushi/vec4 0, 0, 32; draw_string_vec4
    %concat/vec4; draw_string_vec4
    %pushi/vec4 0, 0, 32; draw_string_vec4
    %concat/vec4; draw_string_vec4
    %pushi/vec4 0, 0, 32; draw_string_vec4
    %concat/vec4; draw_string_vec4
    %pushi/vec4 0, 0, 32; draw_string_vec4
    %concat/vec4; draw_string_vec4
    %pushi/vec4 0, 0, 32; draw_string_vec4
    %concat/vec4; draw_string_vec4
    %pushi/vec4 0, 0, 32; draw_string_vec4
    %concat/vec4; draw_string_vec4
    %pushi/vec4 0, 0, 32; draw_string_vec4
    %concat/vec4; draw_string_vec4
    %pushi/vec4 0, 0, 32; draw_string_vec4
    %concat/vec4; draw_string_vec4
    %pushi/vec4 0, 0, 32; draw_string_vec4
    %concat/vec4; draw_string_vec4
    %pushi/vec4 0, 0, 32; draw_string_vec4
    %concat/vec4; draw_string_vec4
    %pushi/vec4 0, 0, 32; draw_string_vec4
    %concat/vec4; draw_string_vec4
    %pushi/vec4 0, 0, 32; draw_string_vec4
    %concat/vec4; draw_string_vec4
    %pushi/vec4 0, 0, 32; draw_string_vec4
    %concat/vec4; draw_string_vec4
    %pushi/vec4 0, 0, 32; draw_string_vec4
    %concat/vec4; draw_string_vec4
    %pushi/vec4 0, 0, 32; draw_string_vec4
    %concat/vec4; draw_string_vec4
    %pushi/vec4 0, 0, 32; draw_string_vec4
    %concat/vec4; draw_string_vec4
    %pushi/vec4 0, 0, 32; draw_string_vec4
    %concat/vec4; draw_string_vec4
    %pushi/vec4 0, 0, 32; draw_string_vec4
    %concat/vec4; draw_string_vec4
    %pushi/vec4 0, 0, 32; draw_string_vec4
    %concat/vec4; draw_string_vec4
    %pushi/vec4 0, 0, 32; draw_string_vec4
    %concat/vec4; draw_string_vec4
    %pushi/vec4 0, 0, 32; draw_string_vec4
    %concat/vec4; draw_string_vec4
    %pushi/vec4 0, 0, 32; draw_string_vec4
    %concat/vec4; draw_string_vec4
    %pushi/vec4 0, 0, 32; draw_string_vec4
    %concat/vec4; draw_string_vec4
    %pushi/vec4 0, 0, 32; draw_string_vec4
    %concat/vec4; draw_string_vec4
    %pushi/vec4 0, 0, 32; draw_string_vec4
    %concat/vec4; draw_string_vec4
    %pushi/vec4 0, 0, 32; draw_string_vec4
    %concat/vec4; draw_string_vec4
    %pushi/vec4 0, 0, 32; draw_string_vec4
    %concat/vec4; draw_string_vec4
    %pushi/vec4 0, 0, 32; draw_string_vec4
    %concat/vec4; draw_string_vec4
    %pushi/vec4 0, 0, 32; draw_string_vec4
    %concat/vec4; draw_string_vec4
    %pushi/vec4 0, 0, 32; draw_string_vec4
    %concat/vec4; draw_string_vec4
    %pushi/vec4 0, 0, 32; draw_string_vec4
    %concat/vec4; draw_string_vec4
    %pushi/vec4 0, 0, 32; draw_string_vec4
    %concat/vec4; draw_string_vec4
    %pushi/vec4 0, 0, 32; draw_string_vec4
    %concat/vec4; draw_string_vec4
    %pushi/vec4 0, 0, 32; draw_string_vec4
    %concat/vec4; draw_string_vec4
    %pushi/vec4 0, 0, 32; draw_string_vec4
    %concat/vec4; draw_string_vec4
    %pushi/vec4 0, 0, 32; draw_string_vec4
    %concat/vec4; draw_string_vec4
    %pushi/vec4 0, 0, 32; draw_string_vec4
    %concat/vec4; draw_string_vec4
    %pushi/vec4 0, 0, 32; draw_string_vec4
    %concat/vec4; draw_string_vec4
    %pushi/vec4 0, 0, 32; draw_string_vec4
    %concat/vec4; draw_string_vec4
    %pushi/vec4 0, 0, 32; draw_string_vec4
    %concat/vec4; draw_string_vec4
    %pushi/vec4 0, 0, 32; draw_string_vec4
    %concat/vec4; draw_string_vec4
    %pushi/vec4 0, 0, 32; draw_string_vec4
    %concat/vec4; draw_string_vec4
    %pushi/vec4 0, 0, 32; draw_string_vec4
    %concat/vec4; draw_string_vec4
    %pushi/vec4 0, 0, 32; draw_string_vec4
    %concat/vec4; draw_string_vec4
    %pushi/vec4 0, 0, 32; draw_string_vec4
    %concat/vec4; draw_string_vec4
    %pushi/vec4 0, 0, 32; draw_string_vec4
    %concat/vec4; draw_string_vec4
    %pushi/vec4 0, 0, 32; draw_string_vec4
    %concat/vec4; draw_string_vec4
    %pushi/vec4 0, 0, 32; draw_string_vec4
    %concat/vec4; draw_string_vec4
    %pushi/vec4 0, 0, 32; draw_string_vec4
    %concat/vec4; draw_string_vec4
    %pushi/vec4 0, 0, 32; draw_string_vec4
    %concat/vec4; draw_string_vec4
    %pushi/vec4 0, 0, 32; draw_string_vec4
    %concat/vec4; draw_string_vec4
    %pushi/vec4 0, 0, 32; draw_string_vec4
    %concat/vec4; draw_string_vec4
    %pushi/vec4 0, 0, 32; draw_string_vec4
    %concat/vec4; draw_string_vec4
    %pushi/vec4 0, 0, 32; draw_string_vec4
    %concat/vec4; draw_string_vec4
    %pushi/vec4 0, 0, 32; draw_string_vec4
    %concat/vec4; draw_string_vec4
    %pushi/vec4 0, 0, 32; draw_string_vec4
    %concat/vec4; draw_string_vec4
    %pushi/vec4 0, 0, 32; draw_string_vec4
    %concat/vec4; draw_string_vec4
    %pushi/vec4 0, 0, 32; draw_string_vec4
    %concat/vec4; draw_string_vec4
    %pushi/vec4 0, 0, 32; draw_string_vec4
    %concat/vec4; draw_string_vec4
    %pushi/vec4 0, 0, 32; draw_string_vec4
    %concat/vec4; draw_string_vec4
    %pushi/vec4 0, 0, 32; draw_string_vec4
    %concat/vec4; draw_string_vec4
    %pushi/vec4 0, 0, 32; draw_string_vec4
    %concat/vec4; draw_string_vec4
    %pushi/vec4 0, 0, 32; draw_string_vec4
    %concat/vec4; draw_string_vec4
    %pushi/vec4 0, 0, 32; draw_string_vec4
    %concat/vec4; draw_string_vec4
    %pushi/vec4 0, 0, 32; draw_string_vec4
    %concat/vec4; draw_string_vec4
    %pushi/vec4 0, 0, 32; draw_string_vec4
    %concat/vec4; draw_string_vec4
    %pushi/vec4 0, 0, 32; draw_string_vec4
    %concat/vec4; draw_string_vec4
    %pushi/vec4 0, 0, 32; draw_string_vec4
    %concat/vec4; draw_string_vec4
    %pushi/vec4 0, 0, 32; draw_string_vec4
    %concat/vec4; draw_string_vec4
    %pushi/vec4 0, 0, 32; draw_string_vec4
    %concat/vec4; draw_string_vec4
    %pushi/vec4 0, 0, 32; draw_string_vec4
    %concat/vec4; draw_string_vec4
    %pushi/vec4 0, 0, 32; draw_string_vec4
    %concat/vec4; draw_string_vec4
    %pushi/vec4 0, 0, 32; draw_string_vec4
    %concat/vec4; draw_string_vec4
    %pushi/vec4 0, 0, 32; draw_string_vec4
    %concat/vec4; draw_string_vec4
    %pushi/vec4 0, 0, 32; draw_string_vec4
    %concat/vec4; draw_string_vec4
    %pushi/vec4 0, 0, 32; draw_string_vec4
    %concat/vec4; draw_string_vec4
    %pushi/vec4 0, 0, 32; draw_string_vec4
    %concat/vec4; draw_string_vec4
    %pushi/vec4 0, 0, 32; draw_string_vec4
    %concat/vec4; draw_string_vec4
    %pushi/vec4 0, 0, 32; draw_string_vec4
    %concat/vec4; draw_string_vec4
    %pushi/vec4 0, 0, 32; draw_string_vec4
    %concat/vec4; draw_string_vec4
    %pushi/vec4 0, 0, 32; draw_string_vec4
    %concat/vec4; draw_string_vec4
    %pushi/vec4 0, 0, 32; draw_string_vec4
    %concat/vec4; draw_string_vec4
    %pushi/vec4 0, 0, 32; draw_string_vec4
    %concat/vec4; draw_string_vec4
    %pushi/vec4 0, 0, 32; draw_string_vec4
    %concat/vec4; draw_string_vec4
    %pushi/vec4 0, 0, 32; draw_string_vec4
    %concat/vec4; draw_string_vec4
    %pushi/vec4 0, 0, 32; draw_string_vec4
    %concat/vec4; draw_string_vec4
    %pushi/vec4 0, 0, 32; draw_string_vec4
    %concat/vec4; draw_string_vec4
    %pushi/vec4 0, 0, 32; draw_string_vec4
    %concat/vec4; draw_string_vec4
    %pushi/vec4 0, 0, 32; draw_string_vec4
    %concat/vec4; draw_string_vec4
    %pushi/vec4 0, 0, 32; draw_string_vec4
    %concat/vec4; draw_string_vec4
    %pushi/vec4 0, 0, 32; draw_string_vec4
    %concat/vec4; draw_string_vec4
    %pushi/vec4 0, 0, 32; draw_string_vec4
    %concat/vec4; draw_string_vec4
    %pushi/vec4 0, 0, 32; draw_string_vec4
    %concat/vec4; draw_string_vec4
    %pushi/vec4 0, 0, 32; draw_string_vec4
    %concat/vec4; draw_string_vec4
    %pushi/vec4 0, 0, 32; draw_string_vec4
    %concat/vec4; draw_string_vec4
    %pushi/vec4 0, 0, 32; draw_string_vec4
    %concat/vec4; draw_string_vec4
    %pushi/vec4 0, 0, 32; draw_string_vec4
    %concat/vec4; draw_string_vec4
    %pushi/vec4 0, 0, 32; draw_string_vec4
    %concat/vec4; draw_string_vec4
    %pushi/vec4 0, 0, 32; draw_string_vec4
    %concat/vec4; draw_string_vec4
    %pushi/vec4 0, 0, 32; draw_string_vec4
    %concat/vec4; draw_string_vec4
    %pushi/vec4 0, 0, 32; draw_string_vec4
    %concat/vec4; draw_string_vec4
    %pushi/vec4 0, 0, 32; draw_string_vec4
    %concat/vec4; draw_string_vec4
    %pushi/vec4 0, 0, 32; draw_string_vec4
    %concat/vec4; draw_string_vec4
    %pushi/vec4 0, 0, 32; draw_string_vec4
    %concat/vec4; draw_string_vec4
    %pushi/vec4 0, 0, 32; draw_string_vec4
    %concat/vec4; draw_string_vec4
    %pushi/vec4 0, 0, 32; draw_string_vec4
    %concat/vec4; draw_string_vec4
    %pushi/vec4 0, 0, 32; draw_string_vec4
    %concat/vec4; draw_string_vec4
    %pushi/vec4 0, 0, 32; draw_string_vec4
    %concat/vec4; draw_string_vec4
    %pushi/vec4 0, 0, 32; draw_string_vec4
    %concat/vec4; draw_string_vec4
    %pushi/vec4 0, 0, 32; draw_string_vec4
    %concat/vec4; draw_string_vec4
    %pushi/vec4 0, 0, 32; draw_string_vec4
    %concat/vec4; draw_string_vec4
    %pushi/vec4 0, 0, 32; draw_string_vec4
    %concat/vec4; draw_string_vec4
    %pushi/vec4 0, 0, 32; draw_string_vec4
    %concat/vec4; draw_string_vec4
    %pushi/vec4 0, 0, 32; draw_string_vec4
    %concat/vec4; draw_string_vec4
    %pushi/vec4 0, 0, 32; draw_string_vec4
    %concat/vec4; draw_string_vec4
    %pushi/vec4 0, 0, 32; draw_string_vec4
    %concat/vec4; draw_string_vec4
    %pushi/vec4 0, 0, 32; draw_string_vec4
    %concat/vec4; draw_string_vec4
    %pushi/vec4 0, 0, 32; draw_string_vec4
    %concat/vec4; draw_string_vec4
    %pushi/vec4 0, 0, 32; draw_string_vec4
    %concat/vec4; draw_string_vec4
    %pushi/vec4 0, 0, 32; draw_string_vec4
    %concat/vec4; draw_string_vec4
    %pushi/vec4 0, 0, 32; draw_string_vec4
    %concat/vec4; draw_string_vec4
    %pushi/vec4 0, 0, 32; draw_string_vec4
    %concat/vec4; draw_string_vec4
    %pushi/vec4 0, 0, 32; draw_string_vec4
    %concat/vec4; draw_string_vec4
    %pushi/vec4 0, 0, 32; draw_string_vec4
    %concat/vec4; draw_string_vec4
    %pushi/vec4 0, 0, 32; draw_string_vec4
    %concat/vec4; draw_string_vec4
    %pushi/vec4 0, 0, 32; draw_string_vec4
    %concat/vec4; draw_string_vec4
    %pushi/vec4 0, 0, 32; draw_string_vec4
    %concat/vec4; draw_string_vec4
    %pushi/vec4 0, 0, 32; draw_string_vec4
    %concat/vec4; draw_string_vec4
    %pushi/vec4 0, 0, 32; draw_string_vec4
    %concat/vec4; draw_string_vec4
    %pushi/vec4 0, 0, 32; draw_string_vec4
    %concat/vec4; draw_string_vec4
    %pushi/vec4 0, 0, 32; draw_string_vec4
    %concat/vec4; draw_string_vec4
    %pushi/vec4 0, 0, 32; draw_string_vec4
    %concat/vec4; draw_string_vec4
    %pushi/vec4 0, 0, 32; draw_string_vec4
    %concat/vec4; draw_string_vec4
    %pushi/vec4 0, 0, 32; draw_string_vec4
    %concat/vec4; draw_string_vec4
    %pushi/vec4 0, 0, 32; draw_string_vec4
    %concat/vec4; draw_string_vec4
    %pushi/vec4 0, 0, 32; draw_string_vec4
    %concat/vec4; draw_string_vec4
    %pushi/vec4 0, 0, 32; draw_string_vec4
    %concat/vec4; draw_string_vec4
    %pushi/vec4 0, 0, 32; draw_string_vec4
    %concat/vec4; draw_string_vec4
    %pushi/vec4 0, 0, 32; draw_string_vec4
    %concat/vec4; draw_string_vec4
    %pushi/vec4 0, 0, 32; draw_string_vec4
    %concat/vec4; draw_string_vec4
    %pushi/vec4 0, 0, 32; draw_string_vec4
    %concat/vec4; draw_string_vec4
    %pushi/vec4 0, 0, 32; draw_string_vec4
    %concat/vec4; draw_string_vec4
    %pushi/vec4 0, 0, 32; draw_string_vec4
    %concat/vec4; draw_string_vec4
    %pushi/vec4 0, 0, 32; draw_string_vec4
    %concat/vec4; draw_string_vec4
    %pushi/vec4 0, 0, 32; draw_string_vec4
    %concat/vec4; draw_string_vec4
    %pushi/vec4 0, 0, 32; draw_string_vec4
    %concat/vec4; draw_string_vec4
    %pushi/vec4 0, 0, 32; draw_string_vec4
    %concat/vec4; draw_string_vec4
    %pushi/vec4 0, 0, 32; draw_string_vec4
    %concat/vec4; draw_string_vec4
    %pushi/vec4 0, 0, 32; draw_string_vec4
    %concat/vec4; draw_string_vec4
    %pushi/vec4 0, 0, 32; draw_string_vec4
    %concat/vec4; draw_string_vec4
    %pushi/vec4 0, 0, 32; draw_string_vec4
    %concat/vec4; draw_string_vec4
    %pushi/vec4 0, 0, 32; draw_string_vec4
    %concat/vec4; draw_string_vec4
    %pushi/vec4 0, 0, 32; draw_string_vec4
    %concat/vec4; draw_string_vec4
    %pushi/vec4 0, 0, 32; draw_string_vec4
    %concat/vec4; draw_string_vec4
    %pushi/vec4 0, 0, 32; draw_string_vec4
    %concat/vec4; draw_string_vec4
    %pushi/vec4 0, 0, 32; draw_string_vec4
    %concat/vec4; draw_string_vec4
    %pushi/vec4 0, 0, 32; draw_string_vec4
    %concat/vec4; draw_string_vec4
    %pushi/vec4 0, 0, 32; draw_string_vec4
    %concat/vec4; draw_string_vec4
    %pushi/vec4 0, 0, 32; draw_string_vec4
    %concat/vec4; draw_string_vec4
    %pushi/vec4 0, 0, 32; draw_string_vec4
    %concat/vec4; draw_string_vec4
    %pushi/vec4 0, 0, 32; draw_string_vec4
    %concat/vec4; draw_string_vec4
    %pushi/vec4 0, 0, 32; draw_string_vec4
    %concat/vec4; draw_string_vec4
    %pushi/vec4 0, 0, 32; draw_string_vec4
    %concat/vec4; draw_string_vec4
    %pushi/vec4 0, 0, 32; draw_string_vec4
    %concat/vec4; draw_string_vec4
    %pushi/vec4 0, 0, 32; draw_string_vec4
    %concat/vec4; draw_string_vec4
    %pushi/vec4 0, 0, 32; draw_string_vec4
    %concat/vec4; draw_string_vec4
    %pushi/vec4 0, 0, 32; draw_string_vec4
    %concat/vec4; draw_string_vec4
    %pushi/vec4 0, 0, 32; draw_string_vec4
    %concat/vec4; draw_string_vec4
    %pushi/vec4 0, 0, 32; draw_string_vec4
    %concat/vec4; draw_string_vec4
    %pushi/vec4 0, 0, 32; draw_string_vec4
    %concat/vec4; draw_string_vec4
    %pushi/vec4 0, 0, 32; draw_string_vec4
    %concat/vec4; draw_string_vec4
    %pushi/vec4 0, 0, 32; draw_string_vec4
    %concat/vec4; draw_string_vec4
    %pushi/vec4 0, 0, 32; draw_string_vec4
    %concat/vec4; draw_string_vec4
    %pushi/vec4 0, 0, 32; draw_string_vec4
    %concat/vec4; draw_string_vec4
    %pushi/vec4 0, 0, 32; draw_string_vec4
    %concat/vec4; draw_string_vec4
    %pushi/vec4 0, 0, 32; draw_string_vec4
    %concat/vec4; draw_string_vec4
    %pushi/vec4 0, 0, 32; draw_string_vec4
    %concat/vec4; draw_string_vec4
    %pushi/vec4 0, 0, 32; draw_string_vec4
    %concat/vec4; draw_string_vec4
    %pushi/vec4 0, 0, 32; draw_string_vec4
    %concat/vec4; draw_string_vec4
    %pushi/vec4 0, 0, 32; draw_string_vec4
    %concat/vec4; draw_string_vec4
    %pushi/vec4 0, 0, 32; draw_string_vec4
    %concat/vec4; draw_string_vec4
    %pushi/vec4 0, 0, 32; draw_string_vec4
    %concat/vec4; draw_string_vec4
    %pushi/vec4 0, 0, 32; draw_string_vec4
    %concat/vec4; draw_string_vec4
    %pushi/vec4 0, 0, 32; draw_string_vec4
    %concat/vec4; draw_string_vec4
    %pushi/vec4 0, 0, 32; draw_string_vec4
    %concat/vec4; draw_string_vec4
    %pushi/vec4 0, 0, 32; draw_string_vec4
    %concat/vec4; draw_string_vec4
    %pushi/vec4 0, 0, 32; draw_string_vec4
    %concat/vec4; draw_string_vec4
    %pushi/vec4 0, 0, 32; draw_string_vec4
    %concat/vec4; draw_string_vec4
    %pushi/vec4 0, 0, 32; draw_string_vec4
    %concat/vec4; draw_string_vec4
    %pushi/vec4 0, 0, 32; draw_string_vec4
    %concat/vec4; draw_string_vec4
    %pushi/vec4 0, 0, 32; draw_string_vec4
    %concat/vec4; draw_string_vec4
    %pushi/vec4 0, 0, 32; draw_string_vec4
    %concat/vec4; draw_string_vec4
    %pushi/vec4 0, 0, 32; draw_string_vec4
    %concat/vec4; draw_string_vec4
    %pushi/vec4 0, 0, 32; draw_string_vec4
    %concat/vec4; draw_string_vec4
    %pushi/vec4 0, 0, 32; draw_string_vec4
    %concat/vec4; draw_string_vec4
    %pushi/vec4 0, 0, 32; draw_string_vec4
    %concat/vec4; draw_string_vec4
    %pushi/vec4 0, 0, 32; draw_string_vec4
    %concat/vec4; draw_string_vec4
    %pushi/vec4 0, 0, 32; draw_string_vec4
    %concat/vec4; draw_string_vec4
    %pushi/vec4 0, 0, 32; draw_string_vec4
    %concat/vec4; draw_string_vec4
    %pushi/vec4 0, 0, 32; draw_string_vec4
    %concat/vec4; draw_string_vec4
    %pushi/vec4 0, 0, 32; draw_string_vec4
    %concat/vec4; draw_string_vec4
    %pushi/vec4 0, 0, 32; draw_string_vec4
    %concat/vec4; draw_string_vec4
    %pushi/vec4 0, 0, 32; draw_string_vec4
    %concat/vec4; draw_string_vec4
    %pushi/vec4 0, 0, 32; draw_string_vec4
    %concat/vec4; draw_string_vec4
    %pushi/vec4 0, 0, 32; draw_string_vec4
    %concat/vec4; draw_string_vec4
    %pushi/vec4 0, 0, 32; draw_string_vec4
    %concat/vec4; draw_string_vec4
    %pushi/vec4 0, 0, 32; draw_string_vec4
    %concat/vec4; draw_string_vec4
    %pushi/vec4 0, 0, 32; draw_string_vec4
    %concat/vec4; draw_string_vec4
    %pushi/vec4 0, 0, 32; draw_string_vec4
    %concat/vec4; draw_string_vec4
    %pushi/vec4 0, 0, 32; draw_string_vec4
    %concat/vec4; draw_string_vec4
    %pushi/vec4 0, 0, 32; draw_string_vec4
    %concat/vec4; draw_string_vec4
    %pushi/vec4 0, 0, 32; draw_string_vec4
    %concat/vec4; draw_string_vec4
    %pushi/vec4 0, 0, 32; draw_string_vec4
    %concat/vec4; draw_string_vec4
    %pushi/vec4 0, 0, 32; draw_string_vec4
    %concat/vec4; draw_string_vec4
    %pushi/vec4 0, 0, 32; draw_string_vec4
    %concat/vec4; draw_string_vec4
    %pushi/vec4 0, 0, 32; draw_string_vec4
    %concat/vec4; draw_string_vec4
    %pushi/vec4 0, 0, 32; draw_string_vec4
    %concat/vec4; draw_string_vec4
    %pushi/vec4 0, 0, 32; draw_string_vec4
    %concat/vec4; draw_string_vec4
    %pushi/vec4 0, 0, 32; draw_string_vec4
    %concat/vec4; draw_string_vec4
    %pushi/vec4 0, 0, 32; draw_string_vec4
    %concat/vec4; draw_string_vec4
    %pushi/vec4 0, 0, 32; draw_string_vec4
    %concat/vec4; draw_string_vec4
    %pushi/vec4 0, 0, 32; draw_string_vec4
    %concat/vec4; draw_string_vec4
    %pushi/vec4 0, 0, 32; draw_string_vec4
    %concat/vec4; draw_string_vec4
    %pushi/vec4 0, 0, 32; draw_string_vec4
    %concat/vec4; draw_string_vec4
    %pushi/vec4 0, 0, 32; draw_string_vec4
    %concat/vec4; draw_string_vec4
    %pushi/vec4 0, 0, 32; draw_string_vec4
    %concat/vec4; draw_string_vec4
    %pushi/vec4 0, 0, 32; draw_string_vec4
    %concat/vec4; draw_string_vec4
    %pushi/vec4 0, 0, 32; draw_string_vec4
    %concat/vec4; draw_string_vec4
    %pushi/vec4 0, 0, 32; draw_string_vec4
    %concat/vec4; draw_string_vec4
    %pushi/vec4 0, 0, 32; draw_string_vec4
    %concat/vec4; draw_string_vec4
    %pushi/vec4 0, 0, 32; draw_string_vec4
    %concat/vec4; draw_string_vec4
    %pushi/vec4 0, 0, 32; draw_string_vec4
    %concat/vec4; draw_string_vec4
    %pushi/vec4 0, 0, 32; draw_string_vec4
    %concat/vec4; draw_string_vec4
    %pushi/vec4 0, 0, 32; draw_string_vec4
    %concat/vec4; draw_string_vec4
    %pushi/vec4 0, 0, 32; draw_string_vec4
    %concat/vec4; draw_string_vec4
    %pushi/vec4 0, 0, 32; draw_string_vec4
    %concat/vec4; draw_string_vec4
    %pushi/vec4 0, 0, 32; draw_string_vec4
    %concat/vec4; draw_string_vec4
    %pushi/vec4 0, 0, 32; draw_string_vec4
    %concat/vec4; draw_string_vec4
    %pushi/vec4 0, 0, 32; draw_string_vec4
    %concat/vec4; draw_string_vec4
    %pushi/vec4 0, 0, 32; draw_string_vec4
    %concat/vec4; draw_string_vec4
    %pushi/vec4 0, 0, 32; draw_string_vec4
    %concat/vec4; draw_string_vec4
    %pushi/vec4 0, 0, 32; draw_string_vec4
    %concat/vec4; draw_string_vec4
    %pushi/vec4 0, 0, 32; draw_string_vec4
    %concat/vec4; draw_string_vec4
    %pushi/vec4 0, 0, 32; draw_string_vec4
    %concat/vec4; draw_string_vec4
    %pushi/vec4 0, 0, 32; draw_string_vec4
    %concat/vec4; draw_string_vec4
    %pushi/vec4 0, 0, 32; draw_string_vec4
    %concat/vec4; draw_string_vec4
    %pushi/vec4 0, 0, 32; draw_string_vec4
    %concat/vec4; draw_string_vec4
    %pushi/vec4 0, 0, 32; draw_string_vec4
    %concat/vec4; draw_string_vec4
    %pushi/vec4 0, 0, 32; draw_string_vec4
    %concat/vec4; draw_string_vec4
    %pushi/vec4 0, 0, 32; draw_string_vec4
    %concat/vec4; draw_string_vec4
    %pushi/vec4 0, 0, 32; draw_string_vec4
    %concat/vec4; draw_string_vec4
    %pushi/vec4 0, 0, 32; draw_string_vec4
    %concat/vec4; draw_string_vec4
    %pushi/vec4 0, 0, 32; draw_string_vec4
    %concat/vec4; draw_string_vec4
    %pushi/vec4 0, 0, 32; draw_string_vec4
    %concat/vec4; draw_string_vec4
    %pushi/vec4 0, 0, 32; draw_string_vec4
    %concat/vec4; draw_string_vec4
    %pushi/vec4 0, 0, 32; draw_string_vec4
    %concat/vec4; draw_string_vec4
    %pushi/vec4 0, 0, 32; draw_string_vec4
    %concat/vec4; draw_string_vec4
    %pushi/vec4 0, 0, 32; draw_string_vec4
    %concat/vec4; draw_string_vec4
    %pushi/vec4 0, 0, 32; draw_string_vec4
    %concat/vec4; draw_string_vec4
    %pushi/vec4 0, 0, 32; draw_string_vec4
    %concat/vec4; draw_string_vec4
    %pushi/vec4 0, 0, 32; draw_string_vec4
    %concat/vec4; draw_string_vec4
    %pushi/vec4 0, 0, 32; draw_string_vec4
    %concat/vec4; draw_string_vec4
    %pushi/vec4 0, 0, 32; draw_string_vec4
    %concat/vec4; draw_string_vec4
    %pushi/vec4 0, 0, 32; draw_string_vec4
    %concat/vec4; draw_string_vec4
    %pushi/vec4 0, 0, 32; draw_string_vec4
    %concat/vec4; draw_string_vec4
    %pushi/vec4 0, 0, 32; draw_string_vec4
    %concat/vec4; draw_string_vec4
    %pushi/vec4 0, 0, 32; draw_string_vec4
    %concat/vec4; draw_string_vec4
    %pushi/vec4 0, 0, 32; draw_string_vec4
    %concat/vec4; draw_string_vec4
    %pushi/vec4 0, 0, 32; draw_string_vec4
    %concat/vec4; draw_string_vec4
    %pushi/vec4 0, 0, 32; draw_string_vec4
    %concat/vec4; draw_string_vec4
    %pushi/vec4 0, 0, 32; draw_string_vec4
    %concat/vec4; draw_string_vec4
    %pushi/vec4 0, 0, 32; draw_string_vec4
    %concat/vec4; draw_string_vec4
    %pushi/vec4 0, 0, 32; draw_string_vec4
    %concat/vec4; draw_string_vec4
    %pushi/vec4 0, 0, 32; draw_string_vec4
    %concat/vec4; draw_string_vec4
    %pushi/vec4 0, 0, 32; draw_string_vec4
    %concat/vec4; draw_string_vec4
    %pushi/vec4 0, 0, 32; draw_string_vec4
    %concat/vec4; draw_string_vec4
    %pushi/vec4 0, 0, 32; draw_string_vec4
    %concat/vec4; draw_string_vec4
    %pushi/vec4 0, 0, 32; draw_string_vec4
    %concat/vec4; draw_string_vec4
    %pushi/vec4 0, 0, 32; draw_string_vec4
    %concat/vec4; draw_string_vec4
    %pushi/vec4 0, 0, 32; draw_string_vec4
    %concat/vec4; draw_string_vec4
    %pushi/vec4 0, 0, 32; draw_string_vec4
    %concat/vec4; draw_string_vec4
    %pushi/vec4 0, 0, 32; draw_string_vec4
    %concat/vec4; draw_string_vec4
    %pushi/vec4 0, 0, 32; draw_string_vec4
    %concat/vec4; draw_string_vec4
    %pushi/vec4 0, 0, 32; draw_string_vec4
    %concat/vec4; draw_string_vec4
    %pushi/vec4 0, 0, 32; draw_string_vec4
    %concat/vec4; draw_string_vec4
    %pushi/vec4 0, 0, 32; draw_string_vec4
    %concat/vec4; draw_string_vec4
    %pushi/vec4 0, 0, 32; draw_string_vec4
    %concat/vec4; draw_string_vec4
    %pushi/vec4 0, 0, 32; draw_string_vec4
    %concat/vec4; draw_string_vec4
    %pushi/vec4 0, 0, 32; draw_string_vec4
    %concat/vec4; draw_string_vec4
    %pushi/vec4 0, 0, 32; draw_string_vec4
    %concat/vec4; draw_string_vec4
    %pushi/vec4 0, 0, 32; draw_string_vec4
    %concat/vec4; draw_string_vec4
    %pushi/vec4 0, 0, 32; draw_string_vec4
    %concat/vec4; draw_string_vec4
    %pushi/vec4 0, 0, 32; draw_string_vec4
    %concat/vec4; draw_string_vec4
    %pushi/vec4 0, 0, 32; draw_string_vec4
    %concat/vec4; draw_string_vec4
    %pushi/vec4 0, 0, 32; draw_string_vec4
    %concat/vec4; draw_string_vec4
    %pushi/vec4 0, 0, 32; draw_string_vec4
    %concat/vec4; draw_string_vec4
    %pushi/vec4 0, 0, 32; draw_string_vec4
    %concat/vec4; draw_string_vec4
    %pushi/vec4 0, 0, 32; draw_string_vec4
    %concat/vec4; draw_string_vec4
    %pushi/vec4 0, 0, 32; draw_string_vec4
    %concat/vec4; draw_string_vec4
    %pushi/vec4 0, 0, 32; draw_string_vec4
    %concat/vec4; draw_string_vec4
    %pushi/vec4 0, 0, 32; draw_string_vec4
    %concat/vec4; draw_string_vec4
    %pushi/vec4 0, 0, 32; draw_string_vec4
    %concat/vec4; draw_string_vec4
    %pushi/vec4 0, 0, 32; draw_string_vec4
    %concat/vec4; draw_string_vec4
    %pushi/vec4 0, 0, 32; draw_string_vec4
    %concat/vec4; draw_string_vec4
    %pushi/vec4 0, 0, 32; draw_string_vec4
    %concat/vec4; draw_string_vec4
    %pushi/vec4 0, 0, 32; draw_string_vec4
    %concat/vec4; draw_string_vec4
    %pushi/vec4 0, 0, 32; draw_string_vec4
    %concat/vec4; draw_string_vec4
    %pushi/vec4 0, 0, 32; draw_string_vec4
    %concat/vec4; draw_string_vec4
    %pushi/vec4 0, 0, 32; draw_string_vec4
    %concat/vec4; draw_string_vec4
    %pushi/vec4 0, 0, 32; draw_string_vec4
    %concat/vec4; draw_string_vec4
    %pushi/vec4 0, 0, 32; draw_string_vec4
    %concat/vec4; draw_string_vec4
    %pushi/vec4 0, 0, 32; draw_string_vec4
    %concat/vec4; draw_string_vec4
    %pushi/vec4 0, 0, 32; draw_string_vec4
    %concat/vec4; draw_string_vec4
    %pushi/vec4 0, 0, 32; draw_string_vec4
    %concat/vec4; draw_string_vec4
    %pushi/vec4 0, 0, 32; draw_string_vec4
    %concat/vec4; draw_string_vec4
    %pushi/vec4 0, 0, 32; draw_string_vec4
    %concat/vec4; draw_string_vec4
    %pushi/vec4 0, 0, 32; draw_string_vec4
    %concat/vec4; draw_string_vec4
    %pushi/vec4 0, 0, 32; draw_string_vec4
    %concat/vec4; draw_string_vec4
    %pushi/vec4 0, 0, 32; draw_string_vec4
    %concat/vec4; draw_string_vec4
    %pushi/vec4 0, 0, 32; draw_string_vec4
    %concat/vec4; draw_string_vec4
    %pushi/vec4 0, 0, 32; draw_string_vec4
    %concat/vec4; draw_string_vec4
    %pushi/vec4 0, 0, 32; draw_string_vec4
    %concat/vec4; draw_string_vec4
    %pushi/vec4 0, 0, 32; draw_string_vec4
    %concat/vec4; draw_string_vec4
    %pushi/vec4 0, 0, 32; draw_string_vec4
    %concat/vec4; draw_string_vec4
    %pushi/vec4 0, 0, 32; draw_string_vec4
    %concat/vec4; draw_string_vec4
    %pushi/vec4 0, 0, 32; draw_string_vec4
    %concat/vec4; draw_string_vec4
    %pushi/vec4 0, 0, 32; draw_string_vec4
    %concat/vec4; draw_string_vec4
    %pushi/vec4 0, 0, 32; draw_string_vec4
    %concat/vec4; draw_string_vec4
    %pushi/vec4 0, 0, 32; draw_string_vec4
    %concat/vec4; draw_string_vec4
    %pushi/vec4 0, 0, 32; draw_string_vec4
    %concat/vec4; draw_string_vec4
    %pushi/vec4 0, 0, 32; draw_string_vec4
    %concat/vec4; draw_string_vec4
    %pushi/vec4 0, 0, 32; draw_string_vec4
    %concat/vec4; draw_string_vec4
    %pushi/vec4 0, 0, 32; draw_string_vec4
    %concat/vec4; draw_string_vec4
    %pushi/vec4 0, 0, 32; draw_string_vec4
    %concat/vec4; draw_string_vec4
    %pushi/vec4 0, 0, 32; draw_string_vec4
    %concat/vec4; draw_string_vec4
    %pushi/vec4 0, 0, 32; draw_string_vec4
    %concat/vec4; draw_string_vec4
    %pushi/vec4 0, 0, 32; draw_string_vec4
    %concat/vec4; draw_string_vec4
    %pushi/vec4 0, 0, 32; draw_string_vec4
    %concat/vec4; draw_string_vec4
    %pushi/vec4 0, 0, 32; draw_string_vec4
    %concat/vec4; draw_string_vec4
    %pushi/vec4 0, 0, 32; draw_string_vec4
    %concat/vec4; draw_string_vec4
    %pushi/vec4 0, 0, 32; draw_string_vec4
    %concat/vec4; draw_string_vec4
    %pushi/vec4 0, 0, 32; draw_string_vec4
    %concat/vec4; draw_string_vec4
    %pushi/vec4 0, 0, 32; draw_string_vec4
    %concat/vec4; draw_string_vec4
    %pushi/vec4 0, 0, 32; draw_string_vec4
    %concat/vec4; draw_string_vec4
    %pushi/vec4 0, 0, 32; draw_string_vec4
    %concat/vec4; draw_string_vec4
    %pushi/vec4 0, 0, 32; draw_string_vec4
    %concat/vec4; draw_string_vec4
    %pushi/vec4 0, 0, 32; draw_string_vec4
    %concat/vec4; draw_string_vec4
    %pushi/vec4 0, 0, 32; draw_string_vec4
    %concat/vec4; draw_string_vec4
    %pushi/vec4 0, 0, 32; draw_string_vec4
    %concat/vec4; draw_string_vec4
    %pushi/vec4 0, 0, 32; draw_string_vec4
    %concat/vec4; draw_string_vec4
    %pushi/vec4 0, 0, 32; draw_string_vec4
    %concat/vec4; draw_string_vec4
    %pushi/vec4 0, 0, 32; draw_string_vec4
    %concat/vec4; draw_string_vec4
    %pushi/vec4 0, 0, 32; draw_string_vec4
    %concat/vec4; draw_string_vec4
    %pushi/vec4 0, 0, 32; draw_string_vec4
    %concat/vec4; draw_string_vec4
    %pushi/vec4 0, 0, 32; draw_string_vec4
    %concat/vec4; draw_string_vec4
    %pushi/vec4 0, 0, 32; draw_string_vec4
    %concat/vec4; draw_string_vec4
    %pushi/vec4 0, 0, 32; draw_string_vec4
    %concat/vec4; draw_string_vec4
    %pushi/vec4 0, 0, 32; draw_string_vec4
    %concat/vec4; draw_string_vec4
    %pushi/vec4 0, 0, 32; draw_string_vec4
    %concat/vec4; draw_string_vec4
    %pushi/vec4 0, 0, 32; draw_string_vec4
    %concat/vec4; draw_string_vec4
    %pushi/vec4 0, 0, 32; draw_string_vec4
    %concat/vec4; draw_string_vec4
    %pushi/vec4 0, 0, 32; draw_string_vec4
    %concat/vec4; draw_string_vec4
    %pushi/vec4 0, 0, 32; draw_string_vec4
    %concat/vec4; draw_string_vec4
    %pushi/vec4 0, 0, 32; draw_string_vec4
    %concat/vec4; draw_string_vec4
    %pushi/vec4 0, 0, 32; draw_string_vec4
    %concat/vec4; draw_string_vec4
    %pushi/vec4 0, 0, 32; draw_string_vec4
    %concat/vec4; draw_string_vec4
    %pushi/vec4 0, 0, 32; draw_string_vec4
    %concat/vec4; draw_string_vec4
    %pushi/vec4 0, 0, 32; draw_string_vec4
    %concat/vec4; draw_string_vec4
    %pushi/vec4 0, 0, 32; draw_string_vec4
    %concat/vec4; draw_string_vec4
    %pushi/vec4 0, 0, 32; draw_string_vec4
    %concat/vec4; draw_string_vec4
    %pushi/vec4 0, 0, 32; draw_string_vec4
    %concat/vec4; draw_string_vec4
    %pushi/vec4 0, 0, 32; draw_string_vec4
    %concat/vec4; draw_string_vec4
    %pushi/vec4 0, 0, 32; draw_string_vec4
    %concat/vec4; draw_string_vec4
    %pushi/vec4 0, 0, 32; draw_string_vec4
    %concat/vec4; draw_string_vec4
    %pushi/vec4 0, 0, 32; draw_string_vec4
    %concat/vec4; draw_string_vec4
    %pushi/vec4 0, 0, 32; draw_string_vec4
    %concat/vec4; draw_string_vec4
    %pushi/vec4 0, 0, 32; draw_string_vec4
    %concat/vec4; draw_string_vec4
    %pushi/vec4 0, 0, 32; draw_string_vec4
    %concat/vec4; draw_string_vec4
    %pushi/vec4 0, 0, 32; draw_string_vec4
    %concat/vec4; draw_string_vec4
    %pushi/vec4 0, 0, 32; draw_string_vec4
    %concat/vec4; draw_string_vec4
    %pushi/vec4 0, 0, 32; draw_string_vec4
    %concat/vec4; draw_string_vec4
    %pushi/vec4 0, 0, 32; draw_string_vec4
    %concat/vec4; draw_string_vec4
    %pushi/vec4 0, 0, 32; draw_string_vec4
    %concat/vec4; draw_string_vec4
    %pushi/vec4 0, 0, 32; draw_string_vec4
    %concat/vec4; draw_string_vec4
    %pushi/vec4 0, 0, 32; draw_string_vec4
    %concat/vec4; draw_string_vec4
    %pushi/vec4 0, 0, 32; draw_string_vec4
    %concat/vec4; draw_string_vec4
    %pushi/vec4 0, 0, 32; draw_string_vec4
    %concat/vec4; draw_string_vec4
    %pushi/vec4 0, 0, 32; draw_string_vec4
    %concat/vec4; draw_string_vec4
    %pushi/vec4 0, 0, 32; draw_string_vec4
    %concat/vec4; draw_string_vec4
    %pushi/vec4 0, 0, 32; draw_string_vec4
    %concat/vec4; draw_string_vec4
    %pushi/vec4 0, 0, 32; draw_string_vec4
    %concat/vec4; draw_string_vec4
    %pushi/vec4 0, 0, 32; draw_string_vec4
    %concat/vec4; draw_string_vec4
    %pushi/vec4 0, 0, 32; draw_string_vec4
    %concat/vec4; draw_string_vec4
    %pushi/vec4 0, 0, 32; draw_string_vec4
    %concat/vec4; draw_string_vec4
    %pushi/vec4 0, 0, 32; draw_string_vec4
    %concat/vec4; draw_string_vec4
    %pushi/vec4 0, 0, 32; draw_string_vec4
    %concat/vec4; draw_string_vec4
    %pushi/vec4 0, 0, 32; draw_string_vec4
    %concat/vec4; draw_string_vec4
    %pushi/vec4 0, 0, 32; draw_string_vec4
    %concat/vec4; draw_string_vec4
    %pushi/vec4 0, 0, 32; draw_string_vec4
    %concat/vec4; draw_string_vec4
    %pushi/vec4 0, 0, 32; draw_string_vec4
    %concat/vec4; draw_string_vec4
    %pushi/vec4 0, 0, 32; draw_string_vec4
    %concat/vec4; draw_string_vec4
    %pushi/vec4 0, 0, 32; draw_string_vec4
    %concat/vec4; draw_string_vec4
    %pushi/vec4 0, 0, 32; draw_string_vec4
    %concat/vec4; draw_string_vec4
    %pushi/vec4 0, 0, 32; draw_string_vec4
    %concat/vec4; draw_string_vec4
    %pushi/vec4 0, 0, 32; draw_string_vec4
    %concat/vec4; draw_string_vec4
    %pushi/vec4 0, 0, 32; draw_string_vec4
    %concat/vec4; draw_string_vec4
    %pushi/vec4 0, 0, 32; draw_string_vec4
    %concat/vec4; draw_string_vec4
    %pushi/vec4 0, 0, 32; draw_string_vec4
    %concat/vec4; draw_string_vec4
    %pushi/vec4 0, 0, 32; draw_string_vec4
    %concat/vec4; draw_string_vec4
    %pushi/vec4 0, 0, 32; draw_string_vec4
    %concat/vec4; draw_string_vec4
    %pushi/vec4 0, 0, 32; draw_string_vec4
    %concat/vec4; draw_string_vec4
    %pushi/vec4 0, 0, 32; draw_string_vec4
    %concat/vec4; draw_string_vec4
    %pushi/vec4 0, 0, 32; draw_string_vec4
    %concat/vec4; draw_string_vec4
    %pushi/vec4 0, 0, 32; draw_string_vec4
    %concat/vec4; draw_string_vec4
    %pushi/vec4 0, 0, 32; draw_string_vec4
    %concat/vec4; draw_string_vec4
    %pushi/vec4 0, 0, 32; draw_string_vec4
    %concat/vec4; draw_string_vec4
    %pushi/vec4 0, 0, 32; draw_string_vec4
    %concat/vec4; draw_string_vec4
    %pushi/vec4 0, 0, 32; draw_string_vec4
    %concat/vec4; draw_string_vec4
    %pushi/vec4 0, 0, 32; draw_string_vec4
    %concat/vec4; draw_string_vec4
    %pushi/vec4 0, 0, 32; draw_string_vec4
    %concat/vec4; draw_string_vec4
    %pushi/vec4 0, 0, 32; draw_string_vec4
    %concat/vec4; draw_string_vec4
    %pushi/vec4 0, 0, 32; draw_string_vec4
    %concat/vec4; draw_string_vec4
    %pushi/vec4 0, 0, 32; draw_string_vec4
    %concat/vec4; draw_string_vec4
    %pushi/vec4 0, 0, 32; draw_string_vec4
    %concat/vec4; draw_string_vec4
    %pushi/vec4 0, 0, 32; draw_string_vec4
    %concat/vec4; draw_string_vec4
    %pushi/vec4 0, 0, 32; draw_string_vec4
    %concat/vec4; draw_string_vec4
    %pushi/vec4 0, 0, 32; draw_string_vec4
    %concat/vec4; draw_string_vec4
    %pushi/vec4 0, 0, 32; draw_string_vec4
    %concat/vec4; draw_string_vec4
    %pushi/vec4 0, 0, 32; draw_string_vec4
    %concat/vec4; draw_string_vec4
    %pushi/vec4 0, 0, 32; draw_string_vec4
    %concat/vec4; draw_string_vec4
    %pushi/vec4 0, 0, 32; draw_string_vec4
    %concat/vec4; draw_string_vec4
    %pushi/vec4 0, 0, 32; draw_string_vec4
    %concat/vec4; draw_string_vec4
    %pushi/vec4 0, 0, 32; draw_string_vec4
    %concat/vec4; draw_string_vec4
    %pushi/vec4 0, 0, 32; draw_string_vec4
    %concat/vec4; draw_string_vec4
    %pushi/vec4 0, 0, 32; draw_string_vec4
    %concat/vec4; draw_string_vec4
    %pushi/vec4 0, 0, 32; draw_string_vec4
    %concat/vec4; draw_string_vec4
    %pushi/vec4 0, 0, 32; draw_string_vec4
    %concat/vec4; draw_string_vec4
    %pushi/vec4 0, 0, 32; draw_string_vec4
    %concat/vec4; draw_string_vec4
    %pushi/vec4 0, 0, 32; draw_string_vec4
    %concat/vec4; draw_string_vec4
    %pushi/vec4 0, 0, 32; draw_string_vec4
    %concat/vec4; draw_string_vec4
    %pushi/vec4 0, 0, 32; draw_string_vec4
    %concat/vec4; draw_string_vec4
    %pushi/vec4 0, 0, 32; draw_string_vec4
    %concat/vec4; draw_string_vec4
    %pushi/vec4 0, 0, 32; draw_string_vec4
    %concat/vec4; draw_string_vec4
    %pushi/vec4 0, 0, 32; draw_string_vec4
    %concat/vec4; draw_string_vec4
    %pushi/vec4 0, 0, 32; draw_string_vec4
    %concat/vec4; draw_string_vec4
    %pushi/vec4 0, 0, 32; draw_string_vec4
    %concat/vec4; draw_string_vec4
    %pushi/vec4 0, 0, 32; draw_string_vec4
    %concat/vec4; draw_string_vec4
    %pushi/vec4 0, 0, 32; draw_string_vec4
    %concat/vec4; draw_string_vec4
    %pushi/vec4 0, 0, 32; draw_string_vec4
    %concat/vec4; draw_string_vec4
    %pushi/vec4 0, 0, 32; draw_string_vec4
    %concat/vec4; draw_string_vec4
    %pushi/vec4 0, 0, 32; draw_string_vec4
    %concat/vec4; draw_string_vec4
    %pushi/vec4 0, 0, 32; draw_string_vec4
    %concat/vec4; draw_string_vec4
    %pushi/vec4 0, 0, 32; draw_string_vec4
    %concat/vec4; draw_string_vec4
    %pushi/vec4 0, 0, 32; draw_string_vec4
    %concat/vec4; draw_string_vec4
    %pushi/vec4 0, 0, 32; draw_string_vec4
    %concat/vec4; draw_string_vec4
    %pushi/vec4 0, 0, 32; draw_string_vec4
    %concat/vec4; draw_string_vec4
    %pushi/vec4 0, 0, 32; draw_string_vec4
    %concat/vec4; draw_string_vec4
    %pushi/vec4 0, 0, 32; draw_string_vec4
    %concat/vec4; draw_string_vec4
    %pushi/vec4 0, 0, 32; draw_string_vec4
    %concat/vec4; draw_string_vec4
    %pushi/vec4 0, 0, 32; draw_string_vec4
    %concat/vec4; draw_string_vec4
    %pushi/vec4 0, 0, 32; draw_string_vec4
    %concat/vec4; draw_string_vec4
    %pushi/vec4 0, 0, 32; draw_string_vec4
    %concat/vec4; draw_string_vec4
    %pushi/vec4 0, 0, 32; draw_string_vec4
    %concat/vec4; draw_string_vec4
    %pushi/vec4 0, 0, 32; draw_string_vec4
    %concat/vec4; draw_string_vec4
    %pushi/vec4 0, 0, 32; draw_string_vec4
    %concat/vec4; draw_string_vec4
    %pushi/vec4 0, 0, 32; draw_string_vec4
    %concat/vec4; draw_string_vec4
    %pushi/vec4 0, 0, 32; draw_string_vec4
    %concat/vec4; draw_string_vec4
    %pushi/vec4 0, 0, 32; draw_string_vec4
    %concat/vec4; draw_string_vec4
    %pushi/vec4 0, 0, 32; draw_string_vec4
    %concat/vec4; draw_string_vec4
    %pushi/vec4 0, 0, 32; draw_string_vec4
    %concat/vec4; draw_string_vec4
    %pushi/vec4 0, 0, 32; draw_string_vec4
    %concat/vec4; draw_string_vec4
    %pushi/vec4 0, 0, 32; draw_string_vec4
    %concat/vec4; draw_string_vec4
    %pushi/vec4 0, 0, 32; draw_string_vec4
    %concat/vec4; draw_string_vec4
    %pushi/vec4 0, 0, 32; draw_string_vec4
    %concat/vec4; draw_string_vec4
    %pushi/vec4 0, 0, 32; draw_string_vec4
    %concat/vec4; draw_string_vec4
    %pushi/vec4 0, 0, 32; draw_string_vec4
    %concat/vec4; draw_string_vec4
    %pushi/vec4 0, 0, 32; draw_string_vec4
    %concat/vec4; draw_string_vec4
    %pushi/vec4 0, 0, 32; draw_string_vec4
    %concat/vec4; draw_string_vec4
    %pushi/vec4 0, 0, 32; draw_string_vec4
    %concat/vec4; draw_string_vec4
    %pushi/vec4 0, 0, 32; draw_string_vec4
    %concat/vec4; draw_string_vec4
    %pushi/vec4 0, 0, 32; draw_string_vec4
    %concat/vec4; draw_string_vec4
    %pushi/vec4 0, 0, 32; draw_string_vec4
    %concat/vec4; draw_string_vec4
    %pushi/vec4 0, 0, 32; draw_string_vec4
    %concat/vec4; draw_string_vec4
    %pushi/vec4 0, 0, 32; draw_string_vec4
    %concat/vec4; draw_string_vec4
    %pushi/vec4 0, 0, 32; draw_string_vec4
    %concat/vec4; draw_string_vec4
    %pushi/vec4 0, 0, 32; draw_string_vec4
    %concat/vec4; draw_string_vec4
    %pushi/vec4 0, 0, 32; draw_string_vec4
    %concat/vec4; draw_string_vec4
    %pushi/vec4 0, 0, 32; draw_string_vec4
    %concat/vec4; draw_string_vec4
    %pushi/vec4 0, 0, 32; draw_string_vec4
    %concat/vec4; draw_string_vec4
    %pushi/vec4 0, 0, 32; draw_string_vec4
    %concat/vec4; draw_string_vec4
    %pushi/vec4 0, 0, 32; draw_string_vec4
    %concat/vec4; draw_string_vec4
    %pushi/vec4 0, 0, 32; draw_string_vec4
    %concat/vec4; draw_string_vec4
    %pushi/vec4 0, 0, 32; draw_string_vec4
    %concat/vec4; draw_string_vec4
    %pushi/vec4 0, 0, 32; draw_string_vec4
    %concat/vec4; draw_string_vec4
    %pushi/vec4 0, 0, 32; draw_string_vec4
    %concat/vec4; draw_string_vec4
    %pushi/vec4 0, 0, 32; draw_string_vec4
    %concat/vec4; draw_string_vec4
    %pushi/vec4 0, 0, 32; draw_string_vec4
    %concat/vec4; draw_string_vec4
    %pushi/vec4 0, 0, 32; draw_string_vec4
    %concat/vec4; draw_string_vec4
    %pushi/vec4 0, 0, 32; draw_string_vec4
    %concat/vec4; draw_string_vec4
    %pushi/vec4 0, 0, 32; draw_string_vec4
    %concat/vec4; draw_string_vec4
    %pushi/vec4 0, 0, 32; draw_string_vec4
    %concat/vec4; draw_string_vec4
    %pushi/vec4 0, 0, 32; draw_string_vec4
    %concat/vec4; draw_string_vec4
    %pushi/vec4 0, 0, 32; draw_string_vec4
    %concat/vec4; draw_string_vec4
    %pushi/vec4 0, 0, 32; draw_string_vec4
    %concat/vec4; draw_string_vec4
    %pushi/vec4 0, 0, 32; draw_string_vec4
    %concat/vec4; draw_string_vec4
    %pushi/vec4 0, 0, 32; draw_string_vec4
    %concat/vec4; draw_string_vec4
    %pushi/vec4 0, 0, 32; draw_string_vec4
    %concat/vec4; draw_string_vec4
    %pushi/vec4 0, 0, 32; draw_string_vec4
    %concat/vec4; draw_string_vec4
    %pushi/vec4 0, 0, 32; draw_string_vec4
    %concat/vec4; draw_string_vec4
    %pushi/vec4 0, 0, 32; draw_string_vec4
    %concat/vec4; draw_string_vec4
    %pushi/vec4 0, 0, 32; draw_string_vec4
    %concat/vec4; draw_string_vec4
    %pushi/vec4 0, 0, 32; draw_string_vec4
    %concat/vec4; draw_string_vec4
    %pushi/vec4 0, 0, 32; draw_string_vec4
    %concat/vec4; draw_string_vec4
    %pushi/vec4 0, 0, 32; draw_string_vec4
    %concat/vec4; draw_string_vec4
    %pushi/vec4 0, 0, 32; draw_string_vec4
    %concat/vec4; draw_string_vec4
    %pushi/vec4 0, 0, 32; draw_string_vec4
    %concat/vec4; draw_string_vec4
    %pushi/vec4 0, 0, 32; draw_string_vec4
    %concat/vec4; draw_string_vec4
    %pushi/vec4 0, 0, 32; draw_string_vec4
    %concat/vec4; draw_string_vec4
    %pushi/vec4 0, 0, 32; draw_string_vec4
    %concat/vec4; draw_string_vec4
    %pushi/vec4 0, 0, 32; draw_string_vec4
    %concat/vec4; draw_string_vec4
    %pushi/vec4 0, 0, 32; draw_string_vec4
    %concat/vec4; draw_string_vec4
    %pushi/vec4 0, 0, 32; draw_string_vec4
    %concat/vec4; draw_string_vec4
    %pushi/vec4 0, 0, 32; draw_string_vec4
    %concat/vec4; draw_string_vec4
    %pushi/vec4 0, 0, 32; draw_string_vec4
    %concat/vec4; draw_string_vec4
    %pushi/vec4 0, 0, 32; draw_string_vec4
    %concat/vec4; draw_string_vec4
    %pushi/vec4 0, 0, 32; draw_string_vec4
    %concat/vec4; draw_string_vec4
    %pushi/vec4 0, 0, 32; draw_string_vec4
    %concat/vec4; draw_string_vec4
    %pushi/vec4 0, 0, 32; draw_string_vec4
    %concat/vec4; draw_string_vec4
    %pushi/vec4 0, 0, 32; draw_string_vec4
    %concat/vec4; draw_string_vec4
    %pushi/vec4 0, 0, 32; draw_string_vec4
    %concat/vec4; draw_string_vec4
    %pushi/vec4 0, 0, 32; draw_string_vec4
    %concat/vec4; draw_string_vec4
    %pushi/vec4 0, 0, 32; draw_string_vec4
    %concat/vec4; draw_string_vec4
    %pushi/vec4 0, 0, 32; draw_string_vec4
    %concat/vec4; draw_string_vec4
    %pushi/vec4 0, 0, 32; draw_string_vec4
    %concat/vec4; draw_string_vec4
    %pushi/vec4 0, 0, 32; draw_string_vec4
    %concat/vec4; draw_string_vec4
    %pushi/vec4 0, 0, 32; draw_string_vec4
    %concat/vec4; draw_string_vec4
    %pushi/vec4 0, 0, 32; draw_string_vec4
    %concat/vec4; draw_string_vec4
    %pushi/vec4 0, 0, 32; draw_string_vec4
    %concat/vec4; draw_string_vec4
    %pushi/vec4 0, 0, 32; draw_string_vec4
    %concat/vec4; draw_string_vec4
    %pushi/vec4 0, 0, 32; draw_string_vec4
    %concat/vec4; draw_string_vec4
    %pushi/vec4 0, 0, 32; draw_string_vec4
    %concat/vec4; draw_string_vec4
    %pushi/vec4 0, 0, 32; draw_string_vec4
    %concat/vec4; draw_string_vec4
    %pushi/vec4 0, 0, 32; draw_string_vec4
    %concat/vec4; draw_string_vec4
    %pushi/vec4 0, 0, 32; draw_string_vec4
    %concat/vec4; draw_string_vec4
    %pushi/vec4 0, 0, 32; draw_string_vec4
    %concat/vec4; draw_string_vec4
    %pushi/vec4 0, 0, 32; draw_string_vec4
    %concat/vec4; draw_string_vec4
    %pushi/vec4 0, 0, 32; draw_string_vec4
    %concat/vec4; draw_string_vec4
    %pushi/vec4 0, 0, 32; draw_string_vec4
    %concat/vec4; draw_string_vec4
    %pushi/vec4 0, 0, 32; draw_string_vec4
    %concat/vec4; draw_string_vec4
    %pushi/vec4 0, 0, 32; draw_string_vec4
    %concat/vec4; draw_string_vec4
    %pushi/vec4 0, 0, 32; draw_string_vec4
    %concat/vec4; draw_string_vec4
    %pushi/vec4 0, 0, 32; draw_string_vec4
    %concat/vec4; draw_string_vec4
    %pushi/vec4 0, 0, 32; draw_string_vec4
    %concat/vec4; draw_string_vec4
    %pushi/vec4 0, 0, 32; draw_string_vec4
    %concat/vec4; draw_string_vec4
    %pushi/vec4 0, 0, 32; draw_string_vec4
    %concat/vec4; draw_string_vec4
    %pushi/vec4 0, 0, 32; draw_string_vec4
    %concat/vec4; draw_string_vec4
    %pushi/vec4 0, 0, 32; draw_string_vec4
    %concat/vec4; draw_string_vec4
    %pushi/vec4 0, 0, 32; draw_string_vec4
    %concat/vec4; draw_string_vec4
    %pushi/vec4 0, 0, 32; draw_string_vec4
    %concat/vec4; draw_string_vec4
    %pushi/vec4 0, 0, 32; draw_string_vec4
    %concat/vec4; draw_string_vec4
    %pushi/vec4 0, 0, 32; draw_string_vec4
    %concat/vec4; draw_string_vec4
    %pushi/vec4 0, 0, 32; draw_string_vec4
    %concat/vec4; draw_string_vec4
    %pushi/vec4 0, 0, 32; draw_string_vec4
    %concat/vec4; draw_string_vec4
    %pushi/vec4 0, 0, 32; draw_string_vec4
    %concat/vec4; draw_string_vec4
    %pushi/vec4 0, 0, 32; draw_string_vec4
    %concat/vec4; draw_string_vec4
    %pushi/vec4 0, 0, 32; draw_string_vec4
    %concat/vec4; draw_string_vec4
    %pushi/vec4 0, 0, 32; draw_string_vec4
    %concat/vec4; draw_string_vec4
    %pushi/vec4 0, 0, 32; draw_string_vec4
    %concat/vec4; draw_string_vec4
    %pushi/vec4 0, 0, 32; draw_string_vec4
    %concat/vec4; draw_string_vec4
    %pushi/vec4 0, 0, 32; draw_string_vec4
    %concat/vec4; draw_string_vec4
    %pushi/vec4 0, 0, 32; draw_string_vec4
    %concat/vec4; draw_string_vec4
    %pushi/vec4 0, 0, 32; draw_string_vec4
    %concat/vec4; draw_string_vec4
    %pushi/vec4 0, 0, 32; draw_string_vec4
    %concat/vec4; draw_string_vec4
    %pushi/vec4 0, 0, 32; draw_string_vec4
    %concat/vec4; draw_string_vec4
    %pushi/vec4 0, 0, 32; draw_string_vec4
    %concat/vec4; draw_string_vec4
    %pushi/vec4 0, 0, 32; draw_string_vec4
    %concat/vec4; draw_string_vec4
    %pushi/vec4 0, 0, 32; draw_string_vec4
    %concat/vec4; draw_string_vec4
    %pushi/vec4 0, 0, 32; draw_string_vec4
    %concat/vec4; draw_string_vec4
    %pushi/vec4 0, 0, 32; draw_string_vec4
    %concat/vec4; draw_string_vec4
    %pushi/vec4 0, 0, 32; draw_string_vec4
    %concat/vec4; draw_string_vec4
    %pushi/vec4 0, 0, 32; draw_string_vec4
    %concat/vec4; draw_string_vec4
    %pushi/vec4 0, 0, 32; draw_string_vec4
    %concat/vec4; draw_string_vec4
    %pushi/vec4 0, 0, 32; draw_string_vec4
    %concat/vec4; draw_string_vec4
    %pushi/vec4 0, 0, 32; draw_string_vec4
    %concat/vec4; draw_string_vec4
    %pushi/vec4 0, 0, 32; draw_string_vec4
    %concat/vec4; draw_string_vec4
    %pushi/vec4 0, 0, 32; draw_string_vec4
    %concat/vec4; draw_string_vec4
    %pushi/vec4 0, 0, 32; draw_string_vec4
    %concat/vec4; draw_string_vec4
    %pushi/vec4 0, 0, 32; draw_string_vec4
    %concat/vec4; draw_string_vec4
    %pushi/vec4 0, 0, 32; draw_string_vec4
    %concat/vec4; draw_string_vec4
    %pushi/vec4 0, 0, 32; draw_string_vec4
    %concat/vec4; draw_string_vec4
    %pushi/vec4 0, 0, 32; draw_string_vec4
    %concat/vec4; draw_string_vec4
    %pushi/vec4 0, 0, 32; draw_string_vec4
    %concat/vec4; draw_string_vec4
    %pushi/vec4 0, 0, 32; draw_string_vec4
    %concat/vec4; draw_string_vec4
    %pushi/vec4 0, 0, 32; draw_string_vec4
    %concat/vec4; draw_string_vec4
    %pushi/vec4 0, 0, 32; draw_string_vec4
    %concat/vec4; draw_string_vec4
    %pushi/vec4 0, 0, 32; draw_string_vec4
    %concat/vec4; draw_string_vec4
    %pushi/vec4 0, 0, 32; draw_string_vec4
    %concat/vec4; draw_string_vec4
    %pushi/vec4 0, 0, 32; draw_string_vec4
    %concat/vec4; draw_string_vec4
    %pushi/vec4 0, 0, 32; draw_string_vec4
    %concat/vec4; draw_string_vec4
    %pushi/vec4 0, 0, 32; draw_string_vec4
    %concat/vec4; draw_string_vec4
    %pushi/vec4 0, 0, 32; draw_string_vec4
    %concat/vec4; draw_string_vec4
    %pushi/vec4 0, 0, 32; draw_string_vec4
    %concat/vec4; draw_string_vec4
    %pushi/vec4 0, 0, 32; draw_string_vec4
    %concat/vec4; draw_string_vec4
    %pushi/vec4 0, 0, 32; draw_string_vec4
    %concat/vec4; draw_string_vec4
    %pushi/vec4 0, 0, 32; draw_string_vec4
    %concat/vec4; draw_string_vec4
    %pushi/vec4 0, 0, 32; draw_string_vec4
    %concat/vec4; draw_string_vec4
    %pushi/vec4 0, 0, 32; draw_string_vec4
    %concat/vec4; draw_string_vec4
    %pushi/vec4 0, 0, 32; draw_string_vec4
    %concat/vec4; draw_string_vec4
    %pushi/vec4 0, 0, 32; draw_string_vec4
    %concat/vec4; draw_string_vec4
    %pushi/vec4 0, 0, 32; draw_string_vec4
    %concat/vec4; draw_string_vec4
    %pushi/vec4 0, 0, 32; draw_string_vec4
    %concat/vec4; draw_string_vec4
    %pushi/vec4 0, 0, 32; draw_string_vec4
    %concat/vec4; draw_string_vec4
    %pushi/vec4 0, 0, 32; draw_string_vec4
    %concat/vec4; draw_string_vec4
    %pushi/vec4 0, 0, 32; draw_string_vec4
    %concat/vec4; draw_string_vec4
    %pushi/vec4 0, 0, 32; draw_string_vec4
    %concat/vec4; draw_string_vec4
    %pushi/vec4 0, 0, 32; draw_string_vec4
    %concat/vec4; draw_string_vec4
    %pushi/vec4 0, 0, 32; draw_string_vec4
    %concat/vec4; draw_string_vec4
    %pushi/vec4 0, 0, 32; draw_string_vec4
    %concat/vec4; draw_string_vec4
    %pushi/vec4 0, 0, 32; draw_string_vec4
    %concat/vec4; draw_string_vec4
    %pushi/vec4 0, 0, 32; draw_string_vec4
    %concat/vec4; draw_string_vec4
    %pushi/vec4 0, 0, 32; draw_string_vec4
    %concat/vec4; draw_string_vec4
    %pushi/vec4 0, 0, 32; draw_string_vec4
    %concat/vec4; draw_string_vec4
    %pushi/vec4 0, 0, 32; draw_string_vec4
    %concat/vec4; draw_string_vec4
    %pushi/vec4 0, 0, 32; draw_string_vec4
    %concat/vec4; draw_string_vec4
    %pushi/vec4 0, 0, 32; draw_string_vec4
    %concat/vec4; draw_string_vec4
    %pushi/vec4 0, 0, 32; draw_string_vec4
    %concat/vec4; draw_string_vec4
    %pushi/vec4 0, 0, 32; draw_string_vec4
    %concat/vec4; draw_string_vec4
    %pushi/vec4 0, 0, 32; draw_string_vec4
    %concat/vec4; draw_string_vec4
    %pushi/vec4 0, 0, 32; draw_string_vec4
    %concat/vec4; draw_string_vec4
    %pushi/vec4 0, 0, 32; draw_string_vec4
    %concat/vec4; draw_string_vec4
    %pushi/vec4 0, 0, 32; draw_string_vec4
    %concat/vec4; draw_string_vec4
    %pushi/vec4 0, 0, 32; draw_string_vec4
    %concat/vec4; draw_string_vec4
    %pushi/vec4 0, 0, 32; draw_string_vec4
    %concat/vec4; draw_string_vec4
    %pushi/vec4 0, 0, 32; draw_string_vec4
    %concat/vec4; draw_string_vec4
    %pushi/vec4 0, 0, 32; draw_string_vec4
    %concat/vec4; draw_string_vec4
    %pushi/vec4 0, 0, 32; draw_string_vec4
    %concat/vec4; draw_string_vec4
    %pushi/vec4 0, 0, 32; draw_string_vec4
    %concat/vec4; draw_string_vec4
    %pushi/vec4 0, 0, 32; draw_string_vec4
    %concat/vec4; draw_string_vec4
    %pushi/vec4 0, 0, 32; draw_string_vec4
    %concat/vec4; draw_string_vec4
    %pushi/vec4 0, 0, 32; draw_string_vec4
    %concat/vec4; draw_string_vec4
    %pushi/vec4 0, 0, 32; draw_string_vec4
    %concat/vec4; draw_string_vec4
    %pushi/vec4 0, 0, 32; draw_string_vec4
    %concat/vec4; draw_string_vec4
    %pushi/vec4 0, 0, 32; draw_string_vec4
    %concat/vec4; draw_string_vec4
    %pushi/vec4 0, 0, 32; draw_string_vec4
    %concat/vec4; draw_string_vec4
    %pushi/vec4 0, 0, 32; draw_string_vec4
    %concat/vec4; draw_string_vec4
    %pushi/vec4 0, 0, 32; draw_string_vec4
    %concat/vec4; draw_string_vec4
    %pushi/vec4 0, 0, 32; draw_string_vec4
    %concat/vec4; draw_string_vec4
    %pushi/vec4 0, 0, 32; draw_string_vec4
    %concat/vec4; draw_string_vec4
    %pushi/vec4 0, 0, 32; draw_string_vec4
    %concat/vec4; draw_string_vec4
    %pushi/vec4 0, 0, 32; draw_string_vec4
    %concat/vec4; draw_string_vec4
    %pushi/vec4 0, 0, 32; draw_string_vec4
    %concat/vec4; draw_string_vec4
    %pushi/vec4 0, 0, 32; draw_string_vec4
    %concat/vec4; draw_string_vec4
    %pushi/vec4 0, 0, 32; draw_string_vec4
    %concat/vec4; draw_string_vec4
    %pushi/vec4 0, 0, 32; draw_string_vec4
    %concat/vec4; draw_string_vec4
    %pushi/vec4 0, 0, 32; draw_string_vec4
    %concat/vec4; draw_string_vec4
    %pushi/vec4 0, 0, 32; draw_string_vec4
    %concat/vec4; draw_string_vec4
    %pushi/vec4 0, 0, 32; draw_string_vec4
    %concat/vec4; draw_string_vec4
    %pushi/vec4 0, 0, 32; draw_string_vec4
    %concat/vec4; draw_string_vec4
    %pushi/vec4 0, 0, 32; draw_string_vec4
    %concat/vec4; draw_string_vec4
    %pushi/vec4 0, 0, 32; draw_string_vec4
    %concat/vec4; draw_string_vec4
    %pushi/vec4 0, 0, 32; draw_string_vec4
    %concat/vec4; draw_string_vec4
    %pushi/vec4 0, 0, 32; draw_string_vec4
    %concat/vec4; draw_string_vec4
    %pushi/vec4 0, 0, 32; draw_string_vec4
    %concat/vec4; draw_string_vec4
    %pushi/vec4 0, 0, 32; draw_string_vec4
    %concat/vec4; draw_string_vec4
    %pushi/vec4 0, 0, 32; draw_string_vec4
    %concat/vec4; draw_string_vec4
    %pushi/vec4 0, 0, 32; draw_string_vec4
    %concat/vec4; draw_string_vec4
    %pushi/vec4 0, 0, 32; draw_string_vec4
    %concat/vec4; draw_string_vec4
    %pushi/vec4 0, 0, 32; draw_string_vec4
    %concat/vec4; draw_string_vec4
    %pushi/vec4 0, 0, 32; draw_string_vec4
    %concat/vec4; draw_string_vec4
    %pushi/vec4 0, 0, 32; draw_string_vec4
    %concat/vec4; draw_string_vec4
    %pushi/vec4 0, 0, 32; draw_string_vec4
    %concat/vec4; draw_string_vec4
    %pushi/vec4 0, 0, 32; draw_string_vec4
    %concat/vec4; draw_string_vec4
    %pushi/vec4 0, 0, 32; draw_string_vec4
    %concat/vec4; draw_string_vec4
    %pushi/vec4 0, 0, 32; draw_string_vec4
    %concat/vec4; draw_string_vec4
    %pushi/vec4 0, 0, 32; draw_string_vec4
    %concat/vec4; draw_string_vec4
    %pushi/vec4 0, 0, 32; draw_string_vec4
    %concat/vec4; draw_string_vec4
    %pushi/vec4 0, 0, 32; draw_string_vec4
    %concat/vec4; draw_string_vec4
    %pushi/vec4 0, 0, 32; draw_string_vec4
    %concat/vec4; draw_string_vec4
    %pushi/vec4 0, 0, 32; draw_string_vec4
    %concat/vec4; draw_string_vec4
    %pushi/vec4 0, 0, 32; draw_string_vec4
    %concat/vec4; draw_string_vec4
    %pushi/vec4 0, 0, 32; draw_string_vec4
    %concat/vec4; draw_string_vec4
    %pushi/vec4 0, 0, 32; draw_string_vec4
    %concat/vec4; draw_string_vec4
    %pushi/vec4 0, 0, 32; draw_string_vec4
    %concat/vec4; draw_string_vec4
    %pushi/vec4 0, 0, 32; draw_string_vec4
    %concat/vec4; draw_string_vec4
    %pushi/vec4 0, 0, 32; draw_string_vec4
    %concat/vec4; draw_string_vec4
    %pushi/vec4 0, 0, 32; draw_string_vec4
    %concat/vec4; draw_string_vec4
    %pushi/vec4 0, 0, 32; draw_string_vec4
    %concat/vec4; draw_string_vec4
    %pushi/vec4 0, 0, 32; draw_string_vec4
    %concat/vec4; draw_string_vec4
    %pushi/vec4 0, 0, 32; draw_string_vec4
    %concat/vec4; draw_string_vec4
    %pushi/vec4 0, 0, 32; draw_string_vec4
    %concat/vec4; draw_string_vec4
    %pushi/vec4 0, 0, 32; draw_string_vec4
    %concat/vec4; draw_string_vec4
    %pushi/vec4 0, 0, 32; draw_string_vec4
    %concat/vec4; draw_string_vec4
    %pushi/vec4 0, 0, 32; draw_string_vec4
    %concat/vec4; draw_string_vec4
    %pushi/vec4 0, 0, 32; draw_string_vec4
    %concat/vec4; draw_string_vec4
    %pushi/vec4 0, 0, 32; draw_string_vec4
    %concat/vec4; draw_string_vec4
    %pushi/vec4 0, 0, 32; draw_string_vec4
    %concat/vec4; draw_string_vec4
    %pushi/vec4 0, 0, 32; draw_string_vec4
    %concat/vec4; draw_string_vec4
    %pushi/vec4 0, 0, 32; draw_string_vec4
    %concat/vec4; draw_string_vec4
    %pushi/vec4 0, 0, 32; draw_string_vec4
    %concat/vec4; draw_string_vec4
    %pushi/vec4 0, 0, 32; draw_string_vec4
    %concat/vec4; draw_string_vec4
    %pushi/vec4 0, 0, 32; draw_string_vec4
    %concat/vec4; draw_string_vec4
    %pushi/vec4 0, 0, 32; draw_string_vec4
    %concat/vec4; draw_string_vec4
    %pushi/vec4 0, 0, 32; draw_string_vec4
    %concat/vec4; draw_string_vec4
    %pushi/vec4 0, 0, 32; draw_string_vec4
    %concat/vec4; draw_string_vec4
    %pushi/vec4 0, 0, 32; draw_string_vec4
    %concat/vec4; draw_string_vec4
    %pushi/vec4 0, 0, 32; draw_string_vec4
    %concat/vec4; draw_string_vec4
    %pushi/vec4 0, 0, 32; draw_string_vec4
    %concat/vec4; draw_string_vec4
    %pushi/vec4 0, 0, 32; draw_string_vec4
    %concat/vec4; draw_string_vec4
    %pushi/vec4 0, 0, 32; draw_string_vec4
    %concat/vec4; draw_string_vec4
    %pushi/vec4 0, 0, 32; draw_string_vec4
    %concat/vec4; draw_string_vec4
    %pushi/vec4 0, 0, 32; draw_string_vec4
    %concat/vec4; draw_string_vec4
    %pushi/vec4 0, 0, 32; draw_string_vec4
    %concat/vec4; draw_string_vec4
    %pushi/vec4 0, 0, 32; draw_string_vec4
    %concat/vec4; draw_string_vec4
    %pushi/vec4 0, 0, 32; draw_string_vec4
    %concat/vec4; draw_string_vec4
    %pushi/vec4 0, 0, 32; draw_string_vec4
    %concat/vec4; draw_string_vec4
    %pushi/vec4 0, 0, 32; draw_string_vec4
    %concat/vec4; draw_string_vec4
    %pushi/vec4 0, 0, 32; draw_string_vec4
    %concat/vec4; draw_string_vec4
    %pushi/vec4 0, 0, 32; draw_string_vec4
    %concat/vec4; draw_string_vec4
    %pushi/vec4 0, 0, 32; draw_string_vec4
    %concat/vec4; draw_string_vec4
    %pushi/vec4 0, 0, 32; draw_string_vec4
    %concat/vec4; draw_string_vec4
    %pushi/vec4 0, 0, 32; draw_string_vec4
    %concat/vec4; draw_string_vec4
    %pushi/vec4 0, 0, 32; draw_string_vec4
    %concat/vec4; draw_string_vec4
    %pushi/vec4 0, 0, 32; draw_string_vec4
    %concat/vec4; draw_string_vec4
    %pushi/vec4 0, 0, 32; draw_string_vec4
    %concat/vec4; draw_string_vec4
    %pushi/vec4 0, 0, 32; draw_string_vec4
    %concat/vec4; draw_string_vec4
    %pushi/vec4 0, 0, 32; draw_string_vec4
    %concat/vec4; draw_string_vec4
    %pushi/vec4 0, 0, 32; draw_string_vec4
    %concat/vec4; draw_string_vec4
    %pushi/vec4 0, 0, 32; draw_string_vec4
    %concat/vec4; draw_string_vec4
    %pushi/vec4 0, 0, 32; draw_string_vec4
    %concat/vec4; draw_string_vec4
    %pushi/vec4 0, 0, 32; draw_string_vec4
    %concat/vec4; draw_string_vec4
    %pushi/vec4 0, 0, 32; draw_string_vec4
    %concat/vec4; draw_string_vec4
    %pushi/vec4 0, 0, 32; draw_string_vec4
    %concat/vec4; draw_string_vec4
    %pushi/vec4 0, 0, 32; draw_string_vec4
    %concat/vec4; draw_string_vec4
    %pushi/vec4 0, 0, 32; draw_string_vec4
    %concat/vec4; draw_string_vec4
    %pushi/vec4 0, 0, 32; draw_string_vec4
    %concat/vec4; draw_string_vec4
    %pushi/vec4 0, 0, 32; draw_string_vec4
    %concat/vec4; draw_string_vec4
    %pushi/vec4 0, 0, 32; draw_string_vec4
    %concat/vec4; draw_string_vec4
    %pushi/vec4 0, 0, 32; draw_string_vec4
    %concat/vec4; draw_string_vec4
    %pushi/vec4 0, 0, 32; draw_string_vec4
    %concat/vec4; draw_string_vec4
    %pushi/vec4 0, 0, 32; draw_string_vec4
    %concat/vec4; draw_string_vec4
    %pushi/vec4 0, 0, 32; draw_string_vec4
    %concat/vec4; draw_string_vec4
    %pushi/vec4 0, 0, 32; draw_string_vec4
    %concat/vec4; draw_string_vec4
    %pushi/vec4 0, 0, 32; draw_string_vec4
    %concat/vec4; draw_string_vec4
    %pushi/vec4 0, 0, 32; draw_string_vec4
    %concat/vec4; draw_string_vec4
    %pushi/vec4 0, 0, 32; draw_string_vec4
    %concat/vec4; draw_string_vec4
    %pushi/vec4 0, 0, 32; draw_string_vec4
    %concat/vec4; draw_string_vec4
    %pushi/vec4 0, 0, 32; draw_string_vec4
    %concat/vec4; draw_string_vec4
    %pushi/vec4 0, 0, 32; draw_string_vec4
    %concat/vec4; draw_string_vec4
    %pushi/vec4 0, 0, 32; draw_string_vec4
    %concat/vec4; draw_string_vec4
    %pushi/vec4 0, 0, 32; draw_string_vec4
    %concat/vec4; draw_string_vec4
    %pushi/vec4 0, 0, 32; draw_string_vec4
    %concat/vec4; draw_string_vec4
    %pushi/vec4 0, 0, 32; draw_string_vec4
    %concat/vec4; draw_string_vec4
    %pushi/vec4 0, 0, 32; draw_string_vec4
    %concat/vec4; draw_string_vec4
    %pushi/vec4 0, 0, 32; draw_string_vec4
    %concat/vec4; draw_string_vec4
    %pushi/vec4 0, 0, 32; draw_string_vec4
    %concat/vec4; draw_string_vec4
    %pushi/vec4 0, 0, 32; draw_string_vec4
    %concat/vec4; draw_string_vec4
    %pushi/vec4 0, 0, 32; draw_string_vec4
    %concat/vec4; draw_string_vec4
    %pushi/vec4 0, 0, 32; draw_string_vec4
    %concat/vec4; draw_string_vec4
    %pushi/vec4 0, 0, 32; draw_string_vec4
    %concat/vec4; draw_string_vec4
    %pushi/vec4 0, 0, 32; draw_string_vec4
    %concat/vec4; draw_string_vec4
    %pushi/vec4 0, 0, 32; draw_string_vec4
    %concat/vec4; draw_string_vec4
    %pushi/vec4 0, 0, 32; draw_string_vec4
    %concat/vec4; draw_string_vec4
    %pushi/vec4 0, 0, 32; draw_string_vec4
    %concat/vec4; draw_string_vec4
    %pushi/vec4 0, 0, 32; draw_string_vec4
    %concat/vec4; draw_string_vec4
    %pushi/vec4 0, 0, 32; draw_string_vec4
    %concat/vec4; draw_string_vec4
    %pushi/vec4 0, 0, 32; draw_string_vec4
    %concat/vec4; draw_string_vec4
    %pushi/vec4 0, 0, 32; draw_string_vec4
    %concat/vec4; draw_string_vec4
    %pushi/vec4 0, 0, 32; draw_string_vec4
    %concat/vec4; draw_string_vec4
    %pushi/vec4 0, 0, 32; draw_string_vec4
    %concat/vec4; draw_string_vec4
    %pushi/vec4 0, 0, 32; draw_string_vec4
    %concat/vec4; draw_string_vec4
    %pushi/vec4 0, 0, 32; draw_string_vec4
    %concat/vec4; draw_string_vec4
    %pushi/vec4 0, 0, 32; draw_string_vec4
    %concat/vec4; draw_string_vec4
    %pushi/vec4 0, 0, 32; draw_string_vec4
    %concat/vec4; draw_string_vec4
    %pushi/vec4 0, 0, 32; draw_string_vec4
    %concat/vec4; draw_string_vec4
    %pushi/vec4 0, 0, 32; draw_string_vec4
    %concat/vec4; draw_string_vec4
    %pushi/vec4 0, 0, 32; draw_string_vec4
    %concat/vec4; draw_string_vec4
    %pushi/vec4 0, 0, 32; draw_string_vec4
    %concat/vec4; draw_string_vec4
    %pushi/vec4 0, 0, 32; draw_string_vec4
    %concat/vec4; draw_string_vec4
    %pushi/vec4 0, 0, 32; draw_string_vec4
    %concat/vec4; draw_string_vec4
    %pushi/vec4 0, 0, 32; draw_string_vec4
    %concat/vec4; draw_string_vec4
    %pushi/vec4 0, 0, 32; draw_string_vec4
    %concat/vec4; draw_string_vec4
    %pushi/vec4 0, 0, 32; draw_string_vec4
    %concat/vec4; draw_string_vec4
    %pushi/vec4 0, 0, 32; draw_string_vec4
    %concat/vec4; draw_string_vec4
    %pushi/vec4 0, 0, 32; draw_string_vec4
    %concat/vec4; draw_string_vec4
    %pushi/vec4 0, 0, 32; draw_string_vec4
    %concat/vec4; draw_string_vec4
    %pushi/vec4 0, 0, 32; draw_string_vec4
    %concat/vec4; draw_string_vec4
    %pushi/vec4 0, 0, 32; draw_string_vec4
    %concat/vec4; draw_string_vec4
    %pushi/vec4 0, 0, 32; draw_string_vec4
    %concat/vec4; draw_string_vec4
    %pushi/vec4 0, 0, 32; draw_string_vec4
    %concat/vec4; draw_string_vec4
    %pushi/vec4 0, 0, 32; draw_string_vec4
    %concat/vec4; draw_string_vec4
    %pushi/vec4 0, 0, 32; draw_string_vec4
    %concat/vec4; draw_string_vec4
    %pushi/vec4 0, 0, 32; draw_string_vec4
    %concat/vec4; draw_string_vec4
    %pushi/vec4 0, 0, 32; draw_string_vec4
    %concat/vec4; draw_string_vec4
    %pushi/vec4 0, 0, 32; draw_string_vec4
    %concat/vec4; draw_string_vec4
    %pushi/vec4 0, 0, 32; draw_string_vec4
    %concat/vec4; draw_string_vec4
    %pushi/vec4 0, 0, 32; draw_string_vec4
    %concat/vec4; draw_string_vec4
    %pushi/vec4 0, 0, 32; draw_string_vec4
    %concat/vec4; draw_string_vec4
    %pushi/vec4 0, 0, 32; draw_string_vec4
    %concat/vec4; draw_string_vec4
    %pushi/vec4 0, 0, 32; draw_string_vec4
    %concat/vec4; draw_string_vec4
    %pushi/vec4 0, 0, 32; draw_string_vec4
    %concat/vec4; draw_string_vec4
    %pushi/vec4 0, 0, 32; draw_string_vec4
    %concat/vec4; draw_string_vec4
    %pushi/vec4 0, 0, 32; draw_string_vec4
    %concat/vec4; draw_string_vec4
    %pushi/vec4 0, 0, 32; draw_string_vec4
    %concat/vec4; draw_string_vec4
    %pushi/vec4 0, 0, 32; draw_string_vec4
    %concat/vec4; draw_string_vec4
    %pushi/vec4 0, 0, 32; draw_string_vec4
    %concat/vec4; draw_string_vec4
    %pushi/vec4 0, 0, 32; draw_string_vec4
    %concat/vec4; draw_string_vec4
    %pushi/vec4 0, 0, 32; draw_string_vec4
    %concat/vec4; draw_string_vec4
    %pushi/vec4 0, 0, 32; draw_string_vec4
    %concat/vec4; draw_string_vec4
    %pushi/vec4 0, 0, 32; draw_string_vec4
    %concat/vec4; draw_string_vec4
    %pushi/vec4 0, 0, 32; draw_string_vec4
    %concat/vec4; draw_string_vec4
    %pushi/vec4 0, 0, 32; draw_string_vec4
    %concat/vec4; draw_string_vec4
    %pushi/vec4 0, 0, 32; draw_string_vec4
    %concat/vec4; draw_string_vec4
    %pushi/vec4 0, 0, 32; draw_string_vec4
    %concat/vec4; draw_string_vec4
    %pushi/vec4 0, 0, 32; draw_string_vec4
    %concat/vec4; draw_string_vec4
    %pushi/vec4 0, 0, 32; draw_string_vec4
    %concat/vec4; draw_string_vec4
    %pushi/vec4 0, 0, 32; draw_string_vec4
    %concat/vec4; draw_string_vec4
    %pushi/vec4 0, 0, 32; draw_string_vec4
    %concat/vec4; draw_string_vec4
    %pushi/vec4 0, 0, 32; draw_string_vec4
    %concat/vec4; draw_string_vec4
    %pushi/vec4 0, 0, 32; draw_string_vec4
    %concat/vec4; draw_string_vec4
    %pushi/vec4 0, 0, 32; draw_string_vec4
    %concat/vec4; draw_string_vec4
    %pushi/vec4 0, 0, 32; draw_string_vec4
    %concat/vec4; draw_string_vec4
    %pushi/vec4 0, 0, 32; draw_string_vec4
    %concat/vec4; draw_string_vec4
    %pushi/vec4 0, 0, 32; draw_string_vec4
    %concat/vec4; draw_string_vec4
    %pushi/vec4 0, 0, 32; draw_string_vec4
    %concat/vec4; draw_string_vec4
    %pushi/vec4 0, 0, 32; draw_string_vec4
    %concat/vec4; draw_string_vec4
    %pushi/vec4 0, 0, 32; draw_string_vec4
    %concat/vec4; draw_string_vec4
    %pushi/vec4 0, 0, 32; draw_string_vec4
    %concat/vec4; draw_string_vec4
    %pushi/vec4 0, 0, 32; draw_string_vec4
    %concat/vec4; draw_string_vec4
    %pushi/vec4 0, 0, 32; draw_string_vec4
    %concat/vec4; draw_string_vec4
    %pushi/vec4 0, 0, 32; draw_string_vec4
    %concat/vec4; draw_string_vec4
    %pushi/vec4 0, 0, 32; draw_string_vec4
    %concat/vec4; draw_string_vec4
    %pushi/vec4 0, 0, 32; draw_string_vec4
    %concat/vec4; draw_string_vec4
    %pushi/vec4 0, 0, 32; draw_string_vec4
    %concat/vec4; draw_string_vec4
    %pushi/vec4 0, 0, 32; draw_string_vec4
    %concat/vec4; draw_string_vec4
    %pushi/vec4 0, 0, 32; draw_string_vec4
    %concat/vec4; draw_string_vec4
    %pushi/vec4 0, 0, 32; draw_string_vec4
    %concat/vec4; draw_string_vec4
    %pushi/vec4 0, 0, 32; draw_string_vec4
    %concat/vec4; draw_string_vec4
    %pushi/vec4 0, 0, 32; draw_string_vec4
    %concat/vec4; draw_string_vec4
    %pushi/vec4 0, 0, 32; draw_string_vec4
    %concat/vec4; draw_string_vec4
    %pushi/vec4 0, 0, 32; draw_string_vec4
    %concat/vec4; draw_string_vec4
    %pushi/vec4 0, 0, 32; draw_string_vec4
    %concat/vec4; draw_string_vec4
    %pushi/vec4 0, 0, 32; draw_string_vec4
    %concat/vec4; draw_string_vec4
    %pushi/vec4 0, 0, 32; draw_string_vec4
    %concat/vec4; draw_string_vec4
    %pushi/vec4 0, 0, 32; draw_string_vec4
    %concat/vec4; draw_string_vec4
    %pushi/vec4 0, 0, 32; draw_string_vec4
    %concat/vec4; draw_string_vec4
    %pushi/vec4 0, 0, 32; draw_string_vec4
    %concat/vec4; draw_string_vec4
    %pushi/vec4 0, 0, 32; draw_string_vec4
    %concat/vec4; draw_string_vec4
    %pushi/vec4 0, 0, 32; draw_string_vec4
    %concat/vec4; draw_string_vec4
    %pushi/vec4 0, 0, 32; draw_string_vec4
    %concat/vec4; draw_string_vec4
    %pushi/vec4 0, 0, 32; draw_string_vec4
    %concat/vec4; draw_string_vec4
    %pushi/vec4 0, 0, 32; draw_string_vec4
    %concat/vec4; draw_string_vec4
    %pushi/vec4 0, 0, 32; draw_string_vec4
    %concat/vec4; draw_string_vec4
    %pushi/vec4 0, 0, 32; draw_string_vec4
    %concat/vec4; draw_string_vec4
    %pushi/vec4 0, 0, 32; draw_string_vec4
    %concat/vec4; draw_string_vec4
    %pushi/vec4 0, 0, 32; draw_string_vec4
    %concat/vec4; draw_string_vec4
    %pushi/vec4 0, 0, 32; draw_string_vec4
    %concat/vec4; draw_string_vec4
    %pushi/vec4 0, 0, 32; draw_string_vec4
    %concat/vec4; draw_string_vec4
    %pushi/vec4 0, 0, 32; draw_string_vec4
    %concat/vec4; draw_string_vec4
    %pushi/vec4 0, 0, 32; draw_string_vec4
    %concat/vec4; draw_string_vec4
    %pushi/vec4 0, 0, 32; draw_string_vec4
    %concat/vec4; draw_string_vec4
    %pushi/vec4 0, 0, 32; draw_string_vec4
    %concat/vec4; draw_string_vec4
    %pushi/vec4 0, 0, 32; draw_string_vec4
    %concat/vec4; draw_string_vec4
    %pushi/vec4 0, 0, 32; draw_string_vec4
    %concat/vec4; draw_string_vec4
    %pushi/vec4 0, 0, 32; draw_string_vec4
    %concat/vec4; draw_string_vec4
    %pushi/vec4 0, 0, 32; draw_string_vec4
    %concat/vec4; draw_string_vec4
    %pushi/vec4 0, 0, 32; draw_string_vec4
    %concat/vec4; draw_string_vec4
    %pushi/vec4 0, 0, 32; draw_string_vec4
    %concat/vec4; draw_string_vec4
    %pushi/vec4 0, 0, 32; draw_string_vec4
    %concat/vec4; draw_string_vec4
    %pushi/vec4 0, 0, 32; draw_string_vec4
    %concat/vec4; draw_string_vec4
    %pushi/vec4 0, 0, 32; draw_string_vec4
    %concat/vec4; draw_string_vec4
    %pushi/vec4 0, 0, 32; draw_string_vec4
    %concat/vec4; draw_string_vec4
    %pushi/vec4 0, 0, 32; draw_string_vec4
    %concat/vec4; draw_string_vec4
    %pushi/vec4 0, 0, 32; draw_string_vec4
    %concat/vec4; draw_string_vec4
    %pushi/vec4 0, 0, 32; draw_string_vec4
    %concat/vec4; draw_string_vec4
    %pushi/vec4 0, 0, 32; draw_string_vec4
    %concat/vec4; draw_string_vec4
    %pushi/vec4 0, 0, 32; draw_string_vec4
    %concat/vec4; draw_string_vec4
    %pushi/vec4 0, 0, 32; draw_string_vec4
    %concat/vec4; draw_string_vec4
    %pushi/vec4 0, 0, 32; draw_string_vec4
    %concat/vec4; draw_string_vec4
    %pushi/vec4 0, 0, 32; draw_string_vec4
    %concat/vec4; draw_string_vec4
    %pushi/vec4 0, 0, 32; draw_string_vec4
    %concat/vec4; draw_string_vec4
    %pushi/vec4 0, 0, 32; draw_string_vec4
    %concat/vec4; draw_string_vec4
    %pushi/vec4 0, 0, 32; draw_string_vec4
    %concat/vec4; draw_string_vec4
    %pushi/vec4 0, 0, 32; draw_string_vec4
    %concat/vec4; draw_string_vec4
    %pushi/vec4 0, 0, 32; draw_string_vec4
    %concat/vec4; draw_string_vec4
    %pushi/vec4 0, 0, 32; draw_string_vec4
    %concat/vec4; draw_string_vec4
    %pushi/vec4 0, 0, 32; draw_string_vec4
    %concat/vec4; draw_string_vec4
    %pushi/vec4 0, 0, 32; draw_string_vec4
    %concat/vec4; draw_string_vec4
    %pushi/vec4 0, 0, 32; draw_string_vec4
    %concat/vec4; draw_string_vec4
    %pushi/vec4 0, 0, 32; draw_string_vec4
    %concat/vec4; draw_string_vec4
    %pushi/vec4 0, 0, 32; draw_string_vec4
    %concat/vec4; draw_string_vec4
    %pushi/vec4 0, 0, 32; draw_string_vec4
    %concat/vec4; draw_string_vec4
    %pushi/vec4 0, 0, 32; draw_string_vec4
    %concat/vec4; draw_string_vec4
    %pushi/vec4 0, 0, 32; draw_string_vec4
    %concat/vec4; draw_string_vec4
    %pushi/vec4 0, 0, 32; draw_string_vec4
    %concat/vec4; draw_string_vec4
    %pushi/vec4 0, 0, 32; draw_string_vec4
    %concat/vec4; draw_string_vec4
    %pushi/vec4 0, 0, 32; draw_string_vec4
    %concat/vec4; draw_string_vec4
    %pushi/vec4 0, 0, 32; draw_string_vec4
    %concat/vec4; draw_string_vec4
    %pushi/vec4 0, 0, 32; draw_string_vec4
    %concat/vec4; draw_string_vec4
    %pushi/vec4 0, 0, 32; draw_string_vec4
    %concat/vec4; draw_string_vec4
    %pushi/vec4 0, 0, 32; draw_string_vec4
    %concat/vec4; draw_string_vec4
    %pushi/vec4 0, 0, 32; draw_string_vec4
    %concat/vec4; draw_string_vec4
    %pushi/vec4 0, 0, 32; draw_string_vec4
    %concat/vec4; draw_string_vec4
    %pushi/vec4 0, 0, 32; draw_string_vec4
    %concat/vec4; draw_string_vec4
    %pushi/vec4 0, 0, 32; draw_string_vec4
    %concat/vec4; draw_string_vec4
    %pushi/vec4 0, 0, 32; draw_string_vec4
    %concat/vec4; draw_string_vec4
    %pushi/vec4 0, 0, 32; draw_string_vec4
    %concat/vec4; draw_string_vec4
    %pushi/vec4 0, 0, 32; draw_string_vec4
    %concat/vec4; draw_string_vec4
    %pushi/vec4 0, 0, 32; draw_string_vec4
    %concat/vec4; draw_string_vec4
    %pushi/vec4 0, 0, 32; draw_string_vec4
    %concat/vec4; draw_string_vec4
    %pushi/vec4 0, 0, 32; draw_string_vec4
    %concat/vec4; draw_string_vec4
    %pushi/vec4 0, 0, 32; draw_string_vec4
    %concat/vec4; draw_string_vec4
    %pushi/vec4 0, 0, 32; draw_string_vec4
    %concat/vec4; draw_string_vec4
    %pushi/vec4 0, 0, 32; draw_string_vec4
    %concat/vec4; draw_string_vec4
    %pushi/vec4 0, 0, 32; draw_string_vec4
    %concat/vec4; draw_string_vec4
    %pushi/vec4 0, 0, 32; draw_string_vec4
    %concat/vec4; draw_string_vec4
    %pushi/vec4 0, 0, 32; draw_string_vec4
    %concat/vec4; draw_string_vec4
    %pushi/vec4 0, 0, 32; draw_string_vec4
    %concat/vec4; draw_string_vec4
    %pushi/vec4 0, 0, 32; draw_string_vec4
    %concat/vec4; draw_string_vec4
    %pushi/vec4 0, 0, 32; draw_string_vec4
    %concat/vec4; draw_string_vec4
    %pushi/vec4 0, 0, 32; draw_string_vec4
    %concat/vec4; draw_string_vec4
    %pushi/vec4 0, 0, 32; draw_string_vec4
    %concat/vec4; draw_string_vec4
    %pushi/vec4 0, 0, 32; draw_string_vec4
    %concat/vec4; draw_string_vec4
    %pushi/vec4 0, 0, 32; draw_string_vec4
    %concat/vec4; draw_string_vec4
    %pushi/vec4 0, 0, 32; draw_string_vec4
    %concat/vec4; draw_string_vec4
    %pushi/vec4 0, 0, 32; draw_string_vec4
    %concat/vec4; draw_string_vec4
    %pushi/vec4 0, 0, 32; draw_string_vec4
    %concat/vec4; draw_string_vec4
    %pushi/vec4 0, 0, 32; draw_string_vec4
    %concat/vec4; draw_string_vec4
    %pushi/vec4 0, 0, 32; draw_string_vec4
    %concat/vec4; draw_string_vec4
    %pushi/vec4 0, 0, 32; draw_string_vec4
    %concat/vec4; draw_string_vec4
    %pushi/vec4 0, 0, 32; draw_string_vec4
    %concat/vec4; draw_string_vec4
    %pushi/vec4 0, 0, 32; draw_string_vec4
    %concat/vec4; draw_string_vec4
    %pushi/vec4 0, 0, 32; draw_string_vec4
    %concat/vec4; draw_string_vec4
    %pushi/vec4 0, 0, 32; draw_string_vec4
    %concat/vec4; draw_string_vec4
    %pushi/vec4 0, 0, 32; draw_string_vec4
    %concat/vec4; draw_string_vec4
    %pushi/vec4 0, 0, 32; draw_string_vec4
    %concat/vec4; draw_string_vec4
    %pushi/vec4 0, 0, 32; draw_string_vec4
    %concat/vec4; draw_string_vec4
    %pushi/vec4 0, 0, 32; draw_string_vec4
    %concat/vec4; draw_string_vec4
    %pushi/vec4 0, 0, 32; draw_string_vec4
    %concat/vec4; draw_string_vec4
    %pushi/vec4 0, 0, 32; draw_string_vec4
    %concat/vec4; draw_string_vec4
    %pushi/vec4 0, 0, 32; draw_string_vec4
    %concat/vec4; draw_string_vec4
    %pushi/vec4 0, 0, 32; draw_string_vec4
    %concat/vec4; draw_string_vec4
    %pushi/vec4 0, 0, 32; draw_string_vec4
    %concat/vec4; draw_string_vec4
    %pushi/vec4 0, 0, 32; draw_string_vec4
    %concat/vec4; draw_string_vec4
    %pushi/vec4 0, 0, 32; draw_string_vec4
    %concat/vec4; draw_string_vec4
    %pushi/vec4 0, 0, 32; draw_string_vec4
    %concat/vec4; draw_string_vec4
    %pushi/vec4 0, 0, 32; draw_string_vec4
    %concat/vec4; draw_string_vec4
    %pushi/vec4 0, 0, 32; draw_string_vec4
    %concat/vec4; draw_string_vec4
    %pushi/vec4 0, 0, 32; draw_string_vec4
    %concat/vec4; draw_string_vec4
    %pushi/vec4 0, 0, 32; draw_string_vec4
    %concat/vec4; draw_string_vec4
    %pushi/vec4 0, 0, 32; draw_string_vec4
    %concat/vec4; draw_string_vec4
    %pushi/vec4 0, 0, 32; draw_string_vec4
    %concat/vec4; draw_string_vec4
    %pushi/vec4 0, 0, 32; draw_string_vec4
    %concat/vec4; draw_string_vec4
    %pushi/vec4 0, 0, 32; draw_string_vec4
    %concat/vec4; draw_string_vec4
    %pushi/vec4 0, 0, 32; draw_string_vec4
    %concat/vec4; draw_string_vec4
    %pushi/vec4 0, 0, 32; draw_string_vec4
    %concat/vec4; draw_string_vec4
    %pushi/vec4 0, 0, 32; draw_string_vec4
    %concat/vec4; draw_string_vec4
    %pushi/vec4 0, 0, 32; draw_string_vec4
    %concat/vec4; draw_string_vec4
    %pushi/vec4 0, 0, 32; draw_string_vec4
    %concat/vec4; draw_string_vec4
    %pushi/vec4 0, 0, 32; draw_string_vec4
    %concat/vec4; draw_string_vec4
    %pushi/vec4 0, 0, 32; draw_string_vec4
    %concat/vec4; draw_string_vec4
    %pushi/vec4 0, 0, 32; draw_string_vec4
    %concat/vec4; draw_string_vec4
    %pushi/vec4 0, 0, 32; draw_string_vec4
    %concat/vec4; draw_string_vec4
    %pushi/vec4 0, 0, 32; draw_string_vec4
    %concat/vec4; draw_string_vec4
    %pushi/vec4 0, 0, 32; draw_string_vec4
    %concat/vec4; draw_string_vec4
    %pushi/vec4 0, 0, 32; draw_string_vec4
    %concat/vec4; draw_string_vec4
    %pushi/vec4 0, 0, 32; draw_string_vec4
    %concat/vec4; draw_string_vec4
    %pushi/vec4 0, 0, 32; draw_string_vec4
    %concat/vec4; draw_string_vec4
    %pushi/vec4 0, 0, 32; draw_string_vec4
    %concat/vec4; draw_string_vec4
    %pushi/vec4 0, 0, 32; draw_string_vec4
    %concat/vec4; draw_string_vec4
    %pushi/vec4 0, 0, 32; draw_string_vec4
    %concat/vec4; draw_string_vec4
    %pushi/vec4 0, 0, 32; draw_string_vec4
    %concat/vec4; draw_string_vec4
    %pushi/vec4 0, 0, 32; draw_string_vec4
    %concat/vec4; draw_string_vec4
    %pushi/vec4 0, 0, 32; draw_string_vec4
    %concat/vec4; draw_string_vec4
    %pushi/vec4 0, 0, 32; draw_string_vec4
    %concat/vec4; draw_string_vec4
    %pushi/vec4 0, 0, 32; draw_string_vec4
    %concat/vec4; draw_string_vec4
    %pushi/vec4 0, 0, 32; draw_string_vec4
    %concat/vec4; draw_string_vec4
    %pushi/vec4 0, 0, 32; draw_string_vec4
    %concat/vec4; draw_string_vec4
    %pushi/vec4 0, 0, 32; draw_string_vec4
    %concat/vec4; draw_string_vec4
    %pushi/vec4 0, 0, 32; draw_string_vec4
    %concat/vec4; draw_string_vec4
    %pushi/vec4 0, 0, 32; draw_string_vec4
    %concat/vec4; draw_string_vec4
    %pushi/vec4 0, 0, 32; draw_string_vec4
    %concat/vec4; draw_string_vec4
    %pushi/vec4 0, 0, 32; draw_string_vec4
    %concat/vec4; draw_string_vec4
    %pushi/vec4 0, 0, 32; draw_string_vec4
    %concat/vec4; draw_string_vec4
    %pushi/vec4 0, 0, 32; draw_string_vec4
    %concat/vec4; draw_string_vec4
    %pushi/vec4 0, 0, 32; draw_string_vec4
    %concat/vec4; draw_string_vec4
    %pushi/vec4 0, 0, 32; draw_string_vec4
    %concat/vec4; draw_string_vec4
    %pushi/vec4 0, 0, 32; draw_string_vec4
    %concat/vec4; draw_string_vec4
    %pushi/vec4 0, 0, 32; draw_string_vec4
    %concat/vec4; draw_string_vec4
    %pushi/vec4 0, 0, 32; draw_string_vec4
    %concat/vec4; draw_string_vec4
    %pushi/vec4 0, 0, 32; draw_string_vec4
    %concat/vec4; draw_string_vec4
    %pushi/vec4 0, 0, 32; draw_string_vec4
    %concat/vec4; draw_string_vec4
    %pushi/vec4 0, 0, 32; draw_string_vec4
    %concat/vec4; draw_string_vec4
    %pushi/vec4 0, 0, 32; draw_string_vec4
    %concat/vec4; draw_string_vec4
    %pushi/vec4 0, 0, 32; draw_string_vec4
    %concat/vec4; draw_string_vec4
    %pushi/vec4 0, 0, 32; draw_string_vec4
    %concat/vec4; draw_string_vec4
    %pushi/vec4 0, 0, 32; draw_string_vec4
    %concat/vec4; draw_string_vec4
    %pushi/vec4 0, 0, 32; draw_string_vec4
    %concat/vec4; draw_string_vec4
    %pushi/vec4 0, 0, 32; draw_string_vec4
    %concat/vec4; draw_string_vec4
    %pushi/vec4 0, 0, 32; draw_string_vec4
    %concat/vec4; draw_string_vec4
    %pushi/vec4 0, 0, 32; draw_string_vec4
    %concat/vec4; draw_string_vec4
    %pushi/vec4 0, 0, 32; draw_string_vec4
    %concat/vec4; draw_string_vec4
    %pushi/vec4 0, 0, 32; draw_string_vec4
    %concat/vec4; draw_string_vec4
    %pushi/vec4 0, 0, 32; draw_string_vec4
    %concat/vec4; draw_string_vec4
    %pushi/vec4 0, 0, 32; draw_string_vec4
    %concat/vec4; draw_string_vec4
    %pushi/vec4 0, 0, 32; draw_string_vec4
    %concat/vec4; draw_string_vec4
    %pushi/vec4 0, 0, 32; draw_string_vec4
    %concat/vec4; draw_string_vec4
    %pushi/vec4 0, 0, 32; draw_string_vec4
    %concat/vec4; draw_string_vec4
    %pushi/vec4 0, 0, 32; draw_string_vec4
    %concat/vec4; draw_string_vec4
    %pushi/vec4 0, 0, 32; draw_string_vec4
    %concat/vec4; draw_string_vec4
    %pushi/vec4 0, 0, 32; draw_string_vec4
    %concat/vec4; draw_string_vec4
    %pushi/vec4 0, 0, 32; draw_string_vec4
    %concat/vec4; draw_string_vec4
    %pushi/vec4 0, 0, 32; draw_string_vec4
    %concat/vec4; draw_string_vec4
    %pushi/vec4 0, 0, 32; draw_string_vec4
    %concat/vec4; draw_string_vec4
    %pushi/vec4 0, 0, 32; draw_string_vec4
    %concat/vec4; draw_string_vec4
    %pushi/vec4 0, 0, 32; draw_string_vec4
    %concat/vec4; draw_string_vec4
    %pushi/vec4 0, 0, 32; draw_string_vec4
    %concat/vec4; draw_string_vec4
    %pushi/vec4 0, 0, 32; draw_string_vec4
    %concat/vec4; draw_string_vec4
    %pushi/vec4 0, 0, 32; draw_string_vec4
    %concat/vec4; draw_string_vec4
    %pushi/vec4 0, 0, 32; draw_string_vec4
    %concat/vec4; draw_string_vec4
    %pushi/vec4 0, 0, 32; draw_string_vec4
    %concat/vec4; draw_string_vec4
    %pushi/vec4 0, 0, 32; draw_string_vec4
    %concat/vec4; draw_string_vec4
    %pushi/vec4 0, 0, 32; draw_string_vec4
    %concat/vec4; draw_string_vec4
    %pushi/vec4 0, 0, 32; draw_string_vec4
    %concat/vec4; draw_string_vec4
    %pushi/vec4 0, 0, 32; draw_string_vec4
    %concat/vec4; draw_string_vec4
    %pushi/vec4 0, 0, 32; draw_string_vec4
    %concat/vec4; draw_string_vec4
    %pushi/vec4 0, 0, 32; draw_string_vec4
    %concat/vec4; draw_string_vec4
    %pushi/vec4 0, 0, 32; draw_string_vec4
    %concat/vec4; draw_string_vec4
    %pushi/vec4 0, 0, 32; draw_string_vec4
    %concat/vec4; draw_string_vec4
    %pushi/vec4 0, 0, 32; draw_string_vec4
    %concat/vec4; draw_string_vec4
    %pushi/vec4 0, 0, 32; draw_string_vec4
    %concat/vec4; draw_string_vec4
    %pushi/vec4 0, 0, 32; draw_string_vec4
    %concat/vec4; draw_string_vec4
    %pushi/vec4 0, 0, 32; draw_string_vec4
    %concat/vec4; draw_string_vec4
    %pushi/vec4 0, 0, 32; draw_string_vec4
    %concat/vec4; draw_string_vec4
    %pushi/vec4 0, 0, 32; draw_string_vec4
    %concat/vec4; draw_string_vec4
    %pushi/vec4 0, 0, 32; draw_string_vec4
    %concat/vec4; draw_string_vec4
    %pushi/vec4 0, 0, 32; draw_string_vec4
    %concat/vec4; draw_string_vec4
    %pushi/vec4 0, 0, 32; draw_string_vec4
    %concat/vec4; draw_string_vec4
    %pushi/vec4 0, 0, 32; draw_string_vec4
    %concat/vec4; draw_string_vec4
    %pushi/vec4 0, 0, 32; draw_string_vec4
    %concat/vec4; draw_string_vec4
    %pushi/vec4 0, 0, 32; draw_string_vec4
    %concat/vec4; draw_string_vec4
    %pushi/vec4 0, 0, 32; draw_string_vec4
    %concat/vec4; draw_string_vec4
    %pushi/vec4 0, 0, 32; draw_string_vec4
    %concat/vec4; draw_string_vec4
    %pushi/vec4 0, 0, 32; draw_string_vec4
    %concat/vec4; draw_string_vec4
    %pushi/vec4 0, 0, 32; draw_string_vec4
    %concat/vec4; draw_string_vec4
    %pushi/vec4 0, 0, 32; draw_string_vec4
    %concat/vec4; draw_string_vec4
    %pushi/vec4 0, 0, 32; draw_string_vec4
    %concat/vec4; draw_string_vec4
    %pushi/vec4 0, 0, 32; draw_string_vec4
    %concat/vec4; draw_string_vec4
    %pushi/vec4 0, 0, 32; draw_string_vec4
    %concat/vec4; draw_string_vec4
    %pushi/vec4 0, 0, 32; draw_string_vec4
    %concat/vec4; draw_string_vec4
    %pushi/vec4 0, 0, 32; draw_string_vec4
    %concat/vec4; draw_string_vec4
    %pushi/vec4 0, 0, 32; draw_string_vec4
    %concat/vec4; draw_string_vec4
    %pushi/vec4 0, 0, 32; draw_string_vec4
    %concat/vec4; draw_string_vec4
    %pushi/vec4 0, 0, 32; draw_string_vec4
    %concat/vec4; draw_string_vec4
    %pushi/vec4 0, 0, 32; draw_string_vec4
    %concat/vec4; draw_string_vec4
    %pushi/vec4 0, 0, 32; draw_string_vec4
    %concat/vec4; draw_string_vec4
    %pushi/vec4 0, 0, 32; draw_string_vec4
    %concat/vec4; draw_string_vec4
    %pushi/vec4 0, 0, 32; draw_string_vec4
    %concat/vec4; draw_string_vec4
    %pushi/vec4 0, 0, 32; draw_string_vec4
    %concat/vec4; draw_string_vec4
    %pushi/vec4 0, 0, 32; draw_string_vec4
    %concat/vec4; draw_string_vec4
    %pushi/vec4 0, 0, 32; draw_string_vec4
    %concat/vec4; draw_string_vec4
    %pushi/vec4 0, 0, 32; draw_string_vec4
    %concat/vec4; draw_string_vec4
    %pushi/vec4 0, 0, 32; draw_string_vec4
    %concat/vec4; draw_string_vec4
    %pushi/vec4 0, 0, 32; draw_string_vec4
    %concat/vec4; draw_string_vec4
    %pushi/vec4 0, 0, 32; draw_string_vec4
    %concat/vec4; draw_string_vec4
    %pushi/vec4 0, 0, 32; draw_string_vec4
    %concat/vec4; draw_string_vec4
    %pushi/vec4 0, 0, 32; draw_string_vec4
    %concat/vec4; draw_string_vec4
    %pushi/vec4 0, 0, 32; draw_string_vec4
    %concat/vec4; draw_string_vec4
    %pushi/vec4 0, 0, 32; draw_string_vec4
    %concat/vec4; draw_string_vec4
    %pushi/vec4 0, 0, 32; draw_string_vec4
    %concat/vec4; draw_string_vec4
    %pushi/vec4 0, 0, 32; draw_string_vec4
    %concat/vec4; draw_string_vec4
    %pushi/vec4 0, 0, 32; draw_string_vec4
    %concat/vec4; draw_string_vec4
    %pushi/vec4 0, 0, 32; draw_string_vec4
    %concat/vec4; draw_string_vec4
    %pushi/vec4 0, 0, 32; draw_string_vec4
    %concat/vec4; draw_string_vec4
    %pushi/vec4 0, 0, 32; draw_string_vec4
    %concat/vec4; draw_string_vec4
    %pushi/vec4 0, 0, 32; draw_string_vec4
    %concat/vec4; draw_string_vec4
    %pushi/vec4 0, 0, 32; draw_string_vec4
    %concat/vec4; draw_string_vec4
    %pushi/vec4 0, 0, 32; draw_string_vec4
    %concat/vec4; draw_string_vec4
    %pushi/vec4 0, 0, 32; draw_string_vec4
    %concat/vec4; draw_string_vec4
    %pushi/vec4 0, 0, 32; draw_string_vec4
    %concat/vec4; draw_string_vec4
    %pushi/vec4 0, 0, 32; draw_string_vec4
    %concat/vec4; draw_string_vec4
    %pushi/vec4 0, 0, 32; draw_string_vec4
    %concat/vec4; draw_string_vec4
    %pushi/vec4 0, 0, 32; draw_string_vec4
    %concat/vec4; draw_string_vec4
    %pushi/vec4 0, 0, 32; draw_string_vec4
    %concat/vec4; draw_string_vec4
    %pushi/vec4 0, 0, 32; draw_string_vec4
    %concat/vec4; draw_string_vec4
    %pushi/vec4 0, 0, 32; draw_string_vec4
    %concat/vec4; draw_string_vec4
    %pushi/vec4 0, 0, 32; draw_string_vec4
    %concat/vec4; draw_string_vec4
    %pushi/vec4 0, 0, 32; draw_string_vec4
    %concat/vec4; draw_string_vec4
    %pushi/vec4 0, 0, 32; draw_string_vec4
    %concat/vec4; draw_string_vec4
    %pushi/vec4 0, 0, 32; draw_string_vec4
    %concat/vec4; draw_string_vec4
    %pushi/vec4 0, 0, 32; draw_string_vec4
    %concat/vec4; draw_string_vec4
    %pushi/vec4 0, 0, 32; draw_string_vec4
    %concat/vec4; draw_string_vec4
    %pushi/vec4 0, 0, 32; draw_string_vec4
    %concat/vec4; draw_string_vec4
    %pushi/vec4 0, 0, 32; draw_string_vec4
    %concat/vec4; draw_string_vec4
    %pushi/vec4 0, 0, 32; draw_string_vec4
    %concat/vec4; draw_string_vec4
    %pushi/vec4 0, 0, 32; draw_string_vec4
    %concat/vec4; draw_string_vec4
    %pushi/vec4 0, 0, 32; draw_string_vec4
    %concat/vec4; draw_string_vec4
    %pushi/vec4 0, 0, 32; draw_string_vec4
    %concat/vec4; draw_string_vec4
    %pushi/vec4 0, 0, 32; draw_string_vec4
    %concat/vec4; draw_string_vec4
    %pushi/vec4 0, 0, 32; draw_string_vec4
    %concat/vec4; draw_string_vec4
    %pushi/vec4 0, 0, 32; draw_string_vec4
    %concat/vec4; draw_string_vec4
    %pushi/vec4 0, 0, 32; draw_string_vec4
    %concat/vec4; draw_string_vec4
    %pushi/vec4 0, 0, 32; draw_string_vec4
    %concat/vec4; draw_string_vec4
    %pushi/vec4 0, 0, 32; draw_string_vec4
    %concat/vec4; draw_string_vec4
    %pushi/vec4 0, 0, 32; draw_string_vec4
    %concat/vec4; draw_string_vec4
    %pushi/vec4 0, 0, 32; draw_string_vec4
    %concat/vec4; draw_string_vec4
    %pushi/vec4 0, 0, 32; draw_string_vec4
    %concat/vec4; draw_string_vec4
    %pushi/vec4 0, 0, 32; draw_string_vec4
    %concat/vec4; draw_string_vec4
    %pushi/vec4 0, 0, 32; draw_string_vec4
    %concat/vec4; draw_string_vec4
    %pushi/vec4 0, 0, 32; draw_string_vec4
    %concat/vec4; draw_string_vec4
    %pushi/vec4 0, 0, 32; draw_string_vec4
    %concat/vec4; draw_string_vec4
    %pushi/vec4 0, 0, 32; draw_string_vec4
    %concat/vec4; draw_string_vec4
    %pushi/vec4 0, 0, 32; draw_string_vec4
    %concat/vec4; draw_string_vec4
    %pushi/vec4 0, 0, 32; draw_string_vec4
    %concat/vec4; draw_string_vec4
    %pushi/vec4 0, 0, 32; draw_string_vec4
    %concat/vec4; draw_string_vec4
    %pushi/vec4 0, 0, 32; draw_string_vec4
    %concat/vec4; draw_string_vec4
    %pushi/vec4 0, 0, 32; draw_string_vec4
    %concat/vec4; draw_string_vec4
    %pushi/vec4 0, 0, 32; draw_string_vec4
    %concat/vec4; draw_string_vec4
    %pushi/vec4 0, 0, 32; draw_string_vec4
    %concat/vec4; draw_string_vec4
    %pushi/vec4 0, 0, 32; draw_string_vec4
    %concat/vec4; draw_string_vec4
    %pushi/vec4 0, 0, 32; draw_string_vec4
    %concat/vec4; draw_string_vec4
    %pushi/vec4 0, 0, 32; draw_string_vec4
    %concat/vec4; draw_string_vec4
    %pushi/vec4 0, 0, 32; draw_string_vec4
    %concat/vec4; draw_string_vec4
    %pushi/vec4 0, 0, 32; draw_string_vec4
    %concat/vec4; draw_string_vec4
    %pushi/vec4 0, 0, 32; draw_string_vec4
    %concat/vec4; draw_string_vec4
    %pushi/vec4 0, 0, 32; draw_string_vec4
    %concat/vec4; draw_string_vec4
    %pushi/vec4 0, 0, 32; draw_string_vec4
    %concat/vec4; draw_string_vec4
    %pushi/vec4 0, 0, 32; draw_string_vec4
    %concat/vec4; draw_string_vec4
    %pushi/vec4 0, 0, 32; draw_string_vec4
    %concat/vec4; draw_string_vec4
    %pushi/vec4 0, 0, 32; draw_string_vec4
    %concat/vec4; draw_string_vec4
    %pushi/vec4 0, 0, 32; draw_string_vec4
    %concat/vec4; draw_string_vec4
    %pushi/vec4 0, 0, 32; draw_string_vec4
    %concat/vec4; draw_string_vec4
    %pushi/vec4 0, 0, 32; draw_string_vec4
    %concat/vec4; draw_string_vec4
    %pushi/vec4 0, 0, 32; draw_string_vec4
    %concat/vec4; draw_string_vec4
    %pushi/vec4 0, 0, 32; draw_string_vec4
    %concat/vec4; draw_string_vec4
    %pushi/vec4 0, 0, 32; draw_string_vec4
    %concat/vec4; draw_string_vec4
    %pushi/vec4 0, 0, 32; draw_string_vec4
    %concat/vec4; draw_string_vec4
    %pushi/vec4 0, 0, 32; draw_string_vec4
    %concat/vec4; draw_string_vec4
    %pushi/vec4 0, 0, 32; draw_string_vec4
    %concat/vec4; draw_string_vec4
    %pushi/vec4 0, 0, 32; draw_string_vec4
    %concat/vec4; draw_string_vec4
    %pushi/vec4 0, 0, 32; draw_string_vec4
    %concat/vec4; draw_string_vec4
    %pushi/vec4 0, 0, 32; draw_string_vec4
    %concat/vec4; draw_string_vec4
    %pushi/vec4 0, 0, 32; draw_string_vec4
    %concat/vec4; draw_string_vec4
    %pushi/vec4 0, 0, 32; draw_string_vec4
    %concat/vec4; draw_string_vec4
    %pushi/vec4 0, 0, 32; draw_string_vec4
    %concat/vec4; draw_string_vec4
    %pushi/vec4 0, 0, 32; draw_string_vec4
    %concat/vec4; draw_string_vec4
    %pushi/vec4 0, 0, 32; draw_string_vec4
    %concat/vec4; draw_string_vec4
    %pushi/vec4 0, 0, 32; draw_string_vec4
    %concat/vec4; draw_string_vec4
    %pushi/vec4 0, 0, 32; draw_string_vec4
    %concat/vec4; draw_string_vec4
    %pushi/vec4 0, 0, 32; draw_string_vec4
    %concat/vec4; draw_string_vec4
    %pushi/vec4 0, 0, 32; draw_string_vec4
    %concat/vec4; draw_string_vec4
    %pushi/vec4 0, 0, 32; draw_string_vec4
    %concat/vec4; draw_string_vec4
    %pushi/vec4 0, 0, 32; draw_string_vec4
    %concat/vec4; draw_string_vec4
    %pushi/vec4 0, 0, 32; draw_string_vec4
    %concat/vec4; draw_string_vec4
    %pushi/vec4 0, 0, 32; draw_string_vec4
    %concat/vec4; draw_string_vec4
    %pushi/vec4 0, 0, 32; draw_string_vec4
    %concat/vec4; draw_string_vec4
    %pushi/vec4 0, 0, 32; draw_string_vec4
    %concat/vec4; draw_string_vec4
    %pushi/vec4 0, 0, 32; draw_string_vec4
    %concat/vec4; draw_string_vec4
    %pushi/vec4 0, 0, 32; draw_string_vec4
    %concat/vec4; draw_string_vec4
    %pushi/vec4 0, 0, 32; draw_string_vec4
    %concat/vec4; draw_string_vec4
    %pushi/vec4 0, 0, 32; draw_string_vec4
    %concat/vec4; draw_string_vec4
    %pushi/vec4 0, 0, 32; draw_string_vec4
    %concat/vec4; draw_string_vec4
    %pushi/vec4 0, 0, 32; draw_string_vec4
    %concat/vec4; draw_string_vec4
    %pushi/vec4 0, 0, 32; draw_string_vec4
    %concat/vec4; draw_string_vec4
    %pushi/vec4 0, 0, 32; draw_string_vec4
    %concat/vec4; draw_string_vec4
    %pushi/vec4 0, 0, 32; draw_string_vec4
    %concat/vec4; draw_string_vec4
    %pushi/vec4 0, 0, 32; draw_string_vec4
    %concat/vec4; draw_string_vec4
    %pushi/vec4 0, 0, 32; draw_string_vec4
    %concat/vec4; draw_string_vec4
    %pushi/vec4 0, 0, 32; draw_string_vec4
    %concat/vec4; draw_string_vec4
    %pushi/vec4 0, 0, 32; draw_string_vec4
    %concat/vec4; draw_string_vec4
    %pushi/vec4 0, 0, 32; draw_string_vec4
    %concat/vec4; draw_string_vec4
    %pushi/vec4 0, 0, 32; draw_string_vec4
    %concat/vec4; draw_string_vec4
    %pushi/vec4 0, 0, 32; draw_string_vec4
    %concat/vec4; draw_string_vec4
    %pushi/vec4 0, 0, 32; draw_string_vec4
    %concat/vec4; draw_string_vec4
    %pushi/vec4 0, 0, 32; draw_string_vec4
    %concat/vec4; draw_string_vec4
    %pushi/vec4 0, 0, 32; draw_string_vec4
    %concat/vec4; draw_string_vec4
    %pushi/vec4 0, 0, 32; draw_string_vec4
    %concat/vec4; draw_string_vec4
    %pushi/vec4 0, 0, 32; draw_string_vec4
    %concat/vec4; draw_string_vec4
    %pushi/vec4 0, 0, 32; draw_string_vec4
    %concat/vec4; draw_string_vec4
    %pushi/vec4 0, 0, 32; draw_string_vec4
    %concat/vec4; draw_string_vec4
    %pushi/vec4 0, 0, 32; draw_string_vec4
    %concat/vec4; draw_string_vec4
    %pushi/vec4 0, 0, 32; draw_string_vec4
    %concat/vec4; draw_string_vec4
    %pushi/vec4 0, 0, 32; draw_string_vec4
    %concat/vec4; draw_string_vec4
    %pushi/vec4 0, 0, 32; draw_string_vec4
    %concat/vec4; draw_string_vec4
    %pushi/vec4 0, 0, 32; draw_string_vec4
    %concat/vec4; draw_string_vec4
    %pushi/vec4 0, 0, 32; draw_string_vec4
    %concat/vec4; draw_string_vec4
    %pushi/vec4 0, 0, 32; draw_string_vec4
    %concat/vec4; draw_string_vec4
    %pushi/vec4 0, 0, 32; draw_string_vec4
    %concat/vec4; draw_string_vec4
    %pushi/vec4 0, 0, 32; draw_string_vec4
    %concat/vec4; draw_string_vec4
    %pushi/vec4 0, 0, 32; draw_string_vec4
    %concat/vec4; draw_string_vec4
    %pushi/vec4 0, 0, 32; draw_string_vec4
    %concat/vec4; draw_string_vec4
    %pushi/vec4 0, 0, 32; draw_string_vec4
    %concat/vec4; draw_string_vec4
    %pushi/vec4 0, 0, 32; draw_string_vec4
    %concat/vec4; draw_string_vec4
    %pushi/vec4 0, 0, 32; draw_string_vec4
    %concat/vec4; draw_string_vec4
    %pushi/vec4 0, 0, 32; draw_string_vec4
    %concat/vec4; draw_string_vec4
    %pushi/vec4 0, 0, 32; draw_string_vec4
    %concat/vec4; draw_string_vec4
    %pushi/vec4 0, 0, 32; draw_string_vec4
    %concat/vec4; draw_string_vec4
    %pushi/vec4 0, 0, 32; draw_string_vec4
    %concat/vec4; draw_string_vec4
    %pushi/vec4 0, 0, 32; draw_string_vec4
    %concat/vec4; draw_string_vec4
    %pushi/vec4 0, 0, 32; draw_string_vec4
    %concat/vec4; draw_string_vec4
    %pushi/vec4 0, 0, 32; draw_string_vec4
    %concat/vec4; draw_string_vec4
    %pushi/vec4 0, 0, 32; draw_string_vec4
    %concat/vec4; draw_string_vec4
    %pushi/vec4 0, 0, 32; draw_string_vec4
    %concat/vec4; draw_string_vec4
    %pushi/vec4 0, 0, 32; draw_string_vec4
    %concat/vec4; draw_string_vec4
    %pushi/vec4 0, 0, 32; draw_string_vec4
    %concat/vec4; draw_string_vec4
    %pushi/vec4 0, 0, 32; draw_string_vec4
    %concat/vec4; draw_string_vec4
    %pushi/vec4 0, 0, 32; draw_string_vec4
    %concat/vec4; draw_string_vec4
    %pushi/vec4 0, 0, 32; draw_string_vec4
    %concat/vec4; draw_string_vec4
    %pushi/vec4 0, 0, 32; draw_string_vec4
    %concat/vec4; draw_string_vec4
    %pushi/vec4 0, 0, 32; draw_string_vec4
    %concat/vec4; draw_string_vec4
    %pushi/vec4 0, 0, 32; draw_string_vec4
    %concat/vec4; draw_string_vec4
    %pushi/vec4 0, 0, 32; draw_string_vec4
    %concat/vec4; draw_string_vec4
    %pushi/vec4 0, 0, 32; draw_string_vec4
    %concat/vec4; draw_string_vec4
    %pushi/vec4 0, 0, 32; draw_string_vec4
    %concat/vec4; draw_string_vec4
    %pushi/vec4 0, 0, 32; draw_string_vec4
    %concat/vec4; draw_string_vec4
    %pushi/vec4 0, 0, 32; draw_string_vec4
    %concat/vec4; draw_string_vec4
    %pushi/vec4 0, 0, 32; draw_string_vec4
    %concat/vec4; draw_string_vec4
    %pushi/vec4 0, 0, 32; draw_string_vec4
    %concat/vec4; draw_string_vec4
    %pushi/vec4 0, 0, 32; draw_string_vec4
    %concat/vec4; draw_string_vec4
    %pushi/vec4 0, 0, 32; draw_string_vec4
    %concat/vec4; draw_string_vec4
    %pushi/vec4 0, 0, 32; draw_string_vec4
    %concat/vec4; draw_string_vec4
    %pushi/vec4 0, 0, 32; draw_string_vec4
    %concat/vec4; draw_string_vec4
    %pushi/vec4 0, 0, 32; draw_string_vec4
    %concat/vec4; draw_string_vec4
    %pushi/vec4 0, 0, 32; draw_string_vec4
    %concat/vec4; draw_string_vec4
    %pushi/vec4 0, 0, 32; draw_string_vec4
    %concat/vec4; draw_string_vec4
    %pushi/vec4 0, 0, 32; draw_string_vec4
    %concat/vec4; draw_string_vec4
    %pushi/vec4 0, 0, 32; draw_string_vec4
    %concat/vec4; draw_string_vec4
    %pushi/vec4 0, 0, 32; draw_string_vec4
    %concat/vec4; draw_string_vec4
    %pushi/vec4 0, 0, 32; draw_string_vec4
    %concat/vec4; draw_string_vec4
    %pushi/vec4 0, 0, 32; draw_string_vec4
    %concat/vec4; draw_string_vec4
    %pushi/vec4 0, 0, 32; draw_string_vec4
    %concat/vec4; draw_string_vec4
    %pushi/vec4 0, 0, 32; draw_string_vec4
    %concat/vec4; draw_string_vec4
    %pushi/vec4 0, 0, 32; draw_string_vec4
    %concat/vec4; draw_string_vec4
    %pushi/vec4 0, 0, 32; draw_string_vec4
    %concat/vec4; draw_string_vec4
    %pushi/vec4 0, 0, 32; draw_string_vec4
    %concat/vec4; draw_string_vec4
    %pushi/vec4 0, 0, 32; draw_string_vec4
    %concat/vec4; draw_string_vec4
    %pushi/vec4 0, 0, 32; draw_string_vec4
    %concat/vec4; draw_string_vec4
    %pushi/vec4 0, 0, 32; draw_string_vec4
    %concat/vec4; draw_string_vec4
    %pushi/vec4 0, 0, 32; draw_string_vec4
    %concat/vec4; draw_string_vec4
    %pushi/vec4 0, 0, 32; draw_string_vec4
    %concat/vec4; draw_string_vec4
    %pushi/vec4 0, 0, 32; draw_string_vec4
    %concat/vec4; draw_string_vec4
    %pushi/vec4 0, 0, 32; draw_string_vec4
    %concat/vec4; draw_string_vec4
    %pushi/vec4 0, 0, 32; draw_string_vec4
    %concat/vec4; draw_string_vec4
    %pushi/vec4 0, 0, 32; draw_string_vec4
    %concat/vec4; draw_string_vec4
    %pushi/vec4 0, 0, 32; draw_string_vec4
    %concat/vec4; draw_string_vec4
    %pushi/vec4 0, 0, 32; draw_string_vec4
    %concat/vec4; draw_string_vec4
    %pushi/vec4 0, 0, 32; draw_string_vec4
    %concat/vec4; draw_string_vec4
    %pushi/vec4 0, 0, 32; draw_string_vec4
    %concat/vec4; draw_string_vec4
    %pushi/vec4 0, 0, 32; draw_string_vec4
    %concat/vec4; draw_string_vec4
    %pushi/vec4 0, 0, 32; draw_string_vec4
    %concat/vec4; draw_string_vec4
    %pushi/vec4 0, 0, 32; draw_string_vec4
    %concat/vec4; draw_string_vec4
    %pushi/vec4 0, 0, 32; draw_string_vec4
    %concat/vec4; draw_string_vec4
    %pushi/vec4 0, 0, 32; draw_string_vec4
    %concat/vec4; draw_string_vec4
    %pushi/vec4 0, 0, 32; draw_string_vec4
    %concat/vec4; draw_string_vec4
    %pushi/vec4 0, 0, 32; draw_string_vec4
    %concat/vec4; draw_string_vec4
    %pushi/vec4 0, 0, 32; draw_string_vec4
    %concat/vec4; draw_string_vec4
    %pushi/vec4 0, 0, 32; draw_string_vec4
    %concat/vec4; draw_string_vec4
    %pushi/vec4 0, 0, 32; draw_string_vec4
    %concat/vec4; draw_string_vec4
    %pushi/vec4 0, 0, 32; draw_string_vec4
    %concat/vec4; draw_string_vec4
    %pushi/vec4 0, 0, 32; draw_string_vec4
    %concat/vec4; draw_string_vec4
    %pushi/vec4 0, 0, 32; draw_string_vec4
    %concat/vec4; draw_string_vec4
    %pushi/vec4 0, 0, 32; draw_string_vec4
    %concat/vec4; draw_string_vec4
    %pushi/vec4 0, 0, 32; draw_string_vec4
    %concat/vec4; draw_string_vec4
    %pushi/vec4 0, 0, 32; draw_string_vec4
    %concat/vec4; draw_string_vec4
    %pushi/vec4 0, 0, 32; draw_string_vec4
    %concat/vec4; draw_string_vec4
    %pushi/vec4 0, 0, 32; draw_string_vec4
    %concat/vec4; draw_string_vec4
    %pushi/vec4 0, 0, 32; draw_string_vec4
    %concat/vec4; draw_string_vec4
    %pushi/vec4 0, 0, 32; draw_string_vec4
    %concat/vec4; draw_string_vec4
    %pushi/vec4 0, 0, 32; draw_string_vec4
    %concat/vec4; draw_string_vec4
    %pushi/vec4 0, 0, 32; draw_string_vec4
    %concat/vec4; draw_string_vec4
    %pushi/vec4 0, 0, 32; draw_string_vec4
    %concat/vec4; draw_string_vec4
    %pushi/vec4 0, 0, 32; draw_string_vec4
    %concat/vec4; draw_string_vec4
    %pushi/vec4 0, 0, 32; draw_string_vec4
    %concat/vec4; draw_string_vec4
    %pushi/vec4 0, 0, 32; draw_string_vec4
    %concat/vec4; draw_string_vec4
    %pushi/vec4 0, 0, 32; draw_string_vec4
    %concat/vec4; draw_string_vec4
    %pushi/vec4 0, 0, 32; draw_string_vec4
    %concat/vec4; draw_string_vec4
    %pushi/vec4 0, 0, 32; draw_string_vec4
    %concat/vec4; draw_string_vec4
    %pushi/vec4 0, 0, 32; draw_string_vec4
    %concat/vec4; draw_string_vec4
    %pushi/vec4 0, 0, 32; draw_string_vec4
    %concat/vec4; draw_string_vec4
    %pushi/vec4 0, 0, 32; draw_string_vec4
    %concat/vec4; draw_string_vec4
    %pushi/vec4 0, 0, 32; draw_string_vec4
    %concat/vec4; draw_string_vec4
    %pushi/vec4 0, 0, 32; draw_string_vec4
    %concat/vec4; draw_string_vec4
    %pushi/vec4 0, 0, 32; draw_string_vec4
    %concat/vec4; draw_string_vec4
    %pushi/vec4 0, 0, 32; draw_string_vec4
    %concat/vec4; draw_string_vec4
    %pushi/vec4 0, 0, 32; draw_string_vec4
    %concat/vec4; draw_string_vec4
    %pushi/vec4 0, 0, 32; draw_string_vec4
    %concat/vec4; draw_string_vec4
    %pushi/vec4 0, 0, 32; draw_string_vec4
    %concat/vec4; draw_string_vec4
    %pushi/vec4 0, 0, 32; draw_string_vec4
    %concat/vec4; draw_string_vec4
    %pushi/vec4 0, 0, 32; draw_string_vec4
    %concat/vec4; draw_string_vec4
    %pushi/vec4 0, 0, 32; draw_string_vec4
    %concat/vec4; draw_string_vec4
    %pushi/vec4 0, 0, 32; draw_string_vec4
    %concat/vec4; draw_string_vec4
    %pushi/vec4 0, 0, 32; draw_string_vec4
    %concat/vec4; draw_string_vec4
    %pushi/vec4 0, 0, 32; draw_string_vec4
    %concat/vec4; draw_string_vec4
    %pushi/vec4 0, 0, 32; draw_string_vec4
    %concat/vec4; draw_string_vec4
    %pushi/vec4 0, 0, 32; draw_string_vec4
    %concat/vec4; draw_string_vec4
    %pushi/vec4 0, 0, 32; draw_string_vec4
    %concat/vec4; draw_string_vec4
    %pushi/vec4 0, 0, 32; draw_string_vec4
    %concat/vec4; draw_string_vec4
    %pushi/vec4 0, 0, 32; draw_string_vec4
    %concat/vec4; draw_string_vec4
    %pushi/vec4 0, 0, 32; draw_string_vec4
    %concat/vec4; draw_string_vec4
    %pushi/vec4 0, 0, 32; draw_string_vec4
    %concat/vec4; draw_string_vec4
    %pushi/vec4 0, 0, 32; draw_string_vec4
    %concat/vec4; draw_string_vec4
    %pushi/vec4 0, 0, 32; draw_string_vec4
    %concat/vec4; draw_string_vec4
    %pushi/vec4 0, 0, 32; draw_string_vec4
    %concat/vec4; draw_string_vec4
    %pushi/vec4 0, 0, 32; draw_string_vec4
    %concat/vec4; draw_string_vec4
    %pushi/vec4 0, 0, 32; draw_string_vec4
    %concat/vec4; draw_string_vec4
    %pushi/vec4 0, 0, 32; draw_string_vec4
    %concat/vec4; draw_string_vec4
    %pushi/vec4 0, 0, 32; draw_string_vec4
    %concat/vec4; draw_string_vec4
    %pushi/vec4 0, 0, 32; draw_string_vec4
    %concat/vec4; draw_string_vec4
    %pushi/vec4 0, 0, 32; draw_string_vec4
    %concat/vec4; draw_string_vec4
    %pushi/vec4 0, 0, 32; draw_string_vec4
    %concat/vec4; draw_string_vec4
    %pushi/vec4 0, 0, 32; draw_string_vec4
    %concat/vec4; draw_string_vec4
    %pushi/vec4 0, 0, 32; draw_string_vec4
    %concat/vec4; draw_string_vec4
    %pushi/vec4 0, 0, 32; draw_string_vec4
    %concat/vec4; draw_string_vec4
    %pushi/vec4 0, 0, 32; draw_string_vec4
    %concat/vec4; draw_string_vec4
    %pushi/vec4 0, 0, 32; draw_string_vec4
    %concat/vec4; draw_string_vec4
    %pushi/vec4 0, 0, 32; draw_string_vec4
    %concat/vec4; draw_string_vec4
    %pushi/vec4 0, 0, 32; draw_string_vec4
    %concat/vec4; draw_string_vec4
    %pushi/vec4 0, 0, 32; draw_string_vec4
    %concat/vec4; draw_string_vec4
    %pushi/vec4 0, 0, 32; draw_string_vec4
    %concat/vec4; draw_string_vec4
    %pushi/vec4 0, 0, 32; draw_string_vec4
    %concat/vec4; draw_string_vec4
    %pushi/vec4 0, 0, 32; draw_string_vec4
    %concat/vec4; draw_string_vec4
    %pushi/vec4 0, 0, 32; draw_string_vec4
    %concat/vec4; draw_string_vec4
    %pushi/vec4 0, 0, 32; draw_string_vec4
    %concat/vec4; draw_string_vec4
    %pushi/vec4 0, 0, 32; draw_string_vec4
    %concat/vec4; draw_string_vec4
    %pushi/vec4 0, 0, 32; draw_string_vec4
    %concat/vec4; draw_string_vec4
    %pushi/vec4 0, 0, 32; draw_string_vec4
    %concat/vec4; draw_string_vec4
    %pushi/vec4 0, 0, 32; draw_string_vec4
    %concat/vec4; draw_string_vec4
    %pushi/vec4 0, 0, 32; draw_string_vec4
    %concat/vec4; draw_string_vec4
    %pushi/vec4 0, 0, 32; draw_string_vec4
    %concat/vec4; draw_string_vec4
    %pushi/vec4 0, 0, 32; draw_string_vec4
    %concat/vec4; draw_string_vec4
    %pushi/vec4 0, 0, 32; draw_string_vec4
    %concat/vec4; draw_string_vec4
    %pushi/vec4 0, 0, 32; draw_string_vec4
    %concat/vec4; draw_string_vec4
    %pushi/vec4 0, 0, 32; draw_string_vec4
    %concat/vec4; draw_string_vec4
    %pushi/vec4 0, 0, 32; draw_string_vec4
    %concat/vec4; draw_string_vec4
    %pushi/vec4 0, 0, 32; draw_string_vec4
    %concat/vec4; draw_string_vec4
    %pushi/vec4 0, 0, 32; draw_string_vec4
    %concat/vec4; draw_string_vec4
    %pushi/vec4 0, 0, 32; draw_string_vec4
    %concat/vec4; draw_string_vec4
    %pushi/vec4 0, 0, 32; draw_string_vec4
    %concat/vec4; draw_string_vec4
    %pushi/vec4 0, 0, 32; draw_string_vec4
    %concat/vec4; draw_string_vec4
    %pushi/vec4 0, 0, 32; draw_string_vec4
    %concat/vec4; draw_string_vec4
    %pushi/vec4 0, 0, 32; draw_string_vec4
    %concat/vec4; draw_string_vec4
    %pushi/vec4 0, 0, 32; draw_string_vec4
    %concat/vec4; draw_string_vec4
    %pushi/vec4 0, 0, 32; draw_string_vec4
    %concat/vec4; draw_string_vec4
    %pushi/vec4 0, 0, 32; draw_string_vec4
    %concat/vec4; draw_string_vec4
    %pushi/vec4 0, 0, 32; draw_string_vec4
    %concat/vec4; draw_string_vec4
    %pushi/vec4 0, 0, 32; draw_string_vec4
    %concat/vec4; draw_string_vec4
    %pushi/vec4 0, 0, 32; draw_string_vec4
    %concat/vec4; draw_string_vec4
    %pushi/vec4 0, 0, 32; draw_string_vec4
    %concat/vec4; draw_string_vec4
    %pushi/vec4 0, 0, 32; draw_string_vec4
    %concat/vec4; draw_string_vec4
    %pushi/vec4 0, 0, 32; draw_string_vec4
    %concat/vec4; draw_string_vec4
    %pushi/vec4 0, 0, 32; draw_string_vec4
    %concat/vec4; draw_string_vec4
    %pushi/vec4 0, 0, 32; draw_string_vec4
    %concat/vec4; draw_string_vec4
    %pushi/vec4 0, 0, 32; draw_string_vec4
    %concat/vec4; draw_string_vec4
    %pushi/vec4 0, 0, 32; draw_string_vec4
    %concat/vec4; draw_string_vec4
    %pushi/vec4 0, 0, 32; draw_string_vec4
    %concat/vec4; draw_string_vec4
    %pushi/vec4 0, 0, 32; draw_string_vec4
    %concat/vec4; draw_string_vec4
    %pushi/vec4 0, 0, 32; draw_string_vec4
    %concat/vec4; draw_string_vec4
    %pushi/vec4 0, 0, 32; draw_string_vec4
    %concat/vec4; draw_string_vec4
    %pushi/vec4 0, 0, 32; draw_string_vec4
    %concat/vec4; draw_string_vec4
    %pushi/vec4 0, 0, 32; draw_string_vec4
    %concat/vec4; draw_string_vec4
    %pushi/vec4 0, 0, 32; draw_string_vec4
    %concat/vec4; draw_string_vec4
    %pushi/vec4 0, 0, 32; draw_string_vec4
    %concat/vec4; draw_string_vec4
    %pushi/vec4 0, 0, 32; draw_string_vec4
    %concat/vec4; draw_string_vec4
    %pushi/vec4 0, 0, 32; draw_string_vec4
    %concat/vec4; draw_string_vec4
    %pushi/vec4 0, 0, 32; draw_string_vec4
    %concat/vec4; draw_string_vec4
    %pushi/vec4 0, 0, 32; draw_string_vec4
    %concat/vec4; draw_string_vec4
    %pushi/vec4 0, 0, 32; draw_string_vec4
    %concat/vec4; draw_string_vec4
    %pushi/vec4 0, 0, 32; draw_string_vec4
    %concat/vec4; draw_string_vec4
    %pushi/vec4 0, 0, 32; draw_string_vec4
    %concat/vec4; draw_string_vec4
    %pushi/vec4 0, 0, 32; draw_string_vec4
    %concat/vec4; draw_string_vec4
    %pushi/vec4 0, 0, 32; draw_string_vec4
    %concat/vec4; draw_string_vec4
    %pushi/vec4 0, 0, 32; draw_string_vec4
    %concat/vec4; draw_string_vec4
    %pushi/vec4 0, 0, 32; draw_string_vec4
    %concat/vec4; draw_string_vec4
    %pushi/vec4 0, 0, 32; draw_string_vec4
    %concat/vec4; draw_string_vec4
    %pushi/vec4 0, 0, 32; draw_string_vec4
    %concat/vec4; draw_string_vec4
    %pushi/vec4 0, 0, 32; draw_string_vec4
    %concat/vec4; draw_string_vec4
    %pushi/vec4 0, 0, 32; draw_string_vec4
    %concat/vec4; draw_string_vec4
    %pushi/vec4 0, 0, 32; draw_string_vec4
    %concat/vec4; draw_string_vec4
    %pushi/vec4 0, 0, 32; draw_string_vec4
    %concat/vec4; draw_string_vec4
    %pushi/vec4 0, 0, 32; draw_string_vec4
    %concat/vec4; draw_string_vec4
    %pushi/vec4 0, 0, 32; draw_string_vec4
    %concat/vec4; draw_string_vec4
    %pushi/vec4 0, 0, 32; draw_string_vec4
    %concat/vec4; draw_string_vec4
    %pushi/vec4 0, 0, 32; draw_string_vec4
    %concat/vec4; draw_string_vec4
    %pushi/vec4 0, 0, 32; draw_string_vec4
    %concat/vec4; draw_string_vec4
    %pushi/vec4 0, 0, 32; draw_string_vec4
    %concat/vec4; draw_string_vec4
    %pushi/vec4 0, 0, 32; draw_string_vec4
    %concat/vec4; draw_string_vec4
    %pushi/vec4 0, 0, 32; draw_string_vec4
    %concat/vec4; draw_string_vec4
    %pushi/vec4 0, 0, 32; draw_string_vec4
    %concat/vec4; draw_string_vec4
    %pushi/vec4 0, 0, 32; draw_string_vec4
    %concat/vec4; draw_string_vec4
    %pushi/vec4 0, 0, 32; draw_string_vec4
    %concat/vec4; draw_string_vec4
    %pushi/vec4 0, 0, 32; draw_string_vec4
    %concat/vec4; draw_string_vec4
    %pushi/vec4 0, 0, 32; draw_string_vec4
    %concat/vec4; draw_string_vec4
    %pushi/vec4 0, 0, 32; draw_string_vec4
    %concat/vec4; draw_string_vec4
    %pushi/vec4 0, 0, 32; draw_string_vec4
    %concat/vec4; draw_string_vec4
    %pushi/vec4 0, 0, 32; draw_string_vec4
    %concat/vec4; draw_string_vec4
    %pushi/vec4 0, 0, 32; draw_string_vec4
    %concat/vec4; draw_string_vec4
    %pushi/vec4 0, 0, 32; draw_string_vec4
    %concat/vec4; draw_string_vec4
    %pushi/vec4 0, 0, 32; draw_string_vec4
    %concat/vec4; draw_string_vec4
    %pushi/vec4 0, 0, 32; draw_string_vec4
    %concat/vec4; draw_string_vec4
    %pushi/vec4 0, 0, 32; draw_string_vec4
    %concat/vec4; draw_string_vec4
    %pushi/vec4 0, 0, 32; draw_string_vec4
    %concat/vec4; draw_string_vec4
    %pushi/vec4 0, 0, 32; draw_string_vec4
    %concat/vec4; draw_string_vec4
    %pushi/vec4 0, 0, 32; draw_string_vec4
    %concat/vec4; draw_string_vec4
    %pushi/vec4 0, 0, 32; draw_string_vec4
    %concat/vec4; draw_string_vec4
    %pushi/vec4 0, 0, 32; draw_string_vec4
    %concat/vec4; draw_string_vec4
    %pushi/vec4 0, 0, 32; draw_string_vec4
    %concat/vec4; draw_string_vec4
    %pushi/vec4 0, 0, 32; draw_string_vec4
    %concat/vec4; draw_string_vec4
    %pushi/vec4 0, 0, 32; draw_string_vec4
    %concat/vec4; draw_string_vec4
    %pushi/vec4 0, 0, 32; draw_string_vec4
    %concat/vec4; draw_string_vec4
    %pushi/vec4 0, 0, 32; draw_string_vec4
    %concat/vec4; draw_string_vec4
    %pushi/vec4 0, 0, 32; draw_string_vec4
    %concat/vec4; draw_string_vec4
    %pushi/vec4 0, 0, 32; draw_string_vec4
    %concat/vec4; draw_string_vec4
    %pushi/vec4 0, 0, 32; draw_string_vec4
    %concat/vec4; draw_string_vec4
    %pushi/vec4 0, 0, 32; draw_string_vec4
    %concat/vec4; draw_string_vec4
    %pushi/vec4 0, 0, 32; draw_string_vec4
    %concat/vec4; draw_string_vec4
    %pushi/vec4 0, 0, 32; draw_string_vec4
    %concat/vec4; draw_string_vec4
    %pushi/vec4 0, 0, 32; draw_string_vec4
    %concat/vec4; draw_string_vec4
    %pushi/vec4 0, 0, 32; draw_string_vec4
    %concat/vec4; draw_string_vec4
    %pushi/vec4 0, 0, 32; draw_string_vec4
    %concat/vec4; draw_string_vec4
    %pushi/vec4 0, 0, 32; draw_string_vec4
    %concat/vec4; draw_string_vec4
    %pushi/vec4 0, 0, 32; draw_string_vec4
    %concat/vec4; draw_string_vec4
    %pushi/vec4 0, 0, 32; draw_string_vec4
    %concat/vec4; draw_string_vec4
    %pushi/vec4 0, 0, 32; draw_string_vec4
    %concat/vec4; draw_string_vec4
    %pushi/vec4 0, 0, 32; draw_string_vec4
    %concat/vec4; draw_string_vec4
    %pushi/vec4 0, 0, 32; draw_string_vec4
    %concat/vec4; draw_string_vec4
    %pushi/vec4 0, 0, 32; draw_string_vec4
    %concat/vec4; draw_string_vec4
    %pushi/vec4 0, 0, 32; draw_string_vec4
    %concat/vec4; draw_string_vec4
    %pushi/vec4 0, 0, 32; draw_string_vec4
    %concat/vec4; draw_string_vec4
    %pushi/vec4 0, 0, 32; draw_string_vec4
    %concat/vec4; draw_string_vec4
    %pushi/vec4 0, 0, 32; draw_string_vec4
    %concat/vec4; draw_string_vec4
    %pushi/vec4 0, 0, 32; draw_string_vec4
    %concat/vec4; draw_string_vec4
    %pushi/vec4 0, 0, 32; draw_string_vec4
    %concat/vec4; draw_string_vec4
    %pushi/vec4 0, 0, 32; draw_string_vec4
    %concat/vec4; draw_string_vec4
    %pushi/vec4 0, 0, 32; draw_string_vec4
    %concat/vec4; draw_string_vec4
    %pushi/vec4 0, 0, 32; draw_string_vec4
    %concat/vec4; draw_string_vec4
    %pushi/vec4 0, 0, 32; draw_string_vec4
    %concat/vec4; draw_string_vec4
    %pushi/vec4 0, 0, 32; draw_string_vec4
    %concat/vec4; draw_string_vec4
    %pushi/vec4 0, 0, 32; draw_string_vec4
    %concat/vec4; draw_string_vec4
    %pushi/vec4 0, 0, 32; draw_string_vec4
    %concat/vec4; draw_string_vec4
    %pushi/vec4 0, 0, 32; draw_string_vec4
    %concat/vec4; draw_string_vec4
    %pushi/vec4 0, 0, 32; draw_string_vec4
    %concat/vec4; draw_string_vec4
    %pushi/vec4 0, 0, 32; draw_string_vec4
    %concat/vec4; draw_string_vec4
    %pushi/vec4 0, 0, 32; draw_string_vec4
    %concat/vec4; draw_string_vec4
    %pushi/vec4 0, 0, 32; draw_string_vec4
    %concat/vec4; draw_string_vec4
    %pushi/vec4 0, 0, 32; draw_string_vec4
    %concat/vec4; draw_string_vec4
    %pushi/vec4 0, 0, 32; draw_string_vec4
    %concat/vec4; draw_string_vec4
    %pushi/vec4 0, 0, 32; draw_string_vec4
    %concat/vec4; draw_string_vec4
    %pushi/vec4 0, 0, 32; draw_string_vec4
    %concat/vec4; draw_string_vec4
    %pushi/vec4 0, 0, 32; draw_string_vec4
    %concat/vec4; draw_string_vec4
    %pushi/vec4 0, 0, 32; draw_string_vec4
    %concat/vec4; draw_string_vec4
    %pushi/vec4 0, 0, 32; draw_string_vec4
    %concat/vec4; draw_string_vec4
    %pushi/vec4 0, 0, 32; draw_string_vec4
    %concat/vec4; draw_string_vec4
    %pushi/vec4 0, 0, 32; draw_string_vec4
    %concat/vec4; draw_string_vec4
    %pushi/vec4 0, 0, 32; draw_string_vec4
    %concat/vec4; draw_string_vec4
    %pushi/vec4 0, 0, 32; draw_string_vec4
    %concat/vec4; draw_string_vec4
    %pushi/vec4 0, 0, 32; draw_string_vec4
    %concat/vec4; draw_string_vec4
    %pushi/vec4 0, 0, 32; draw_string_vec4
    %concat/vec4; draw_string_vec4
    %pushi/vec4 0, 0, 32; draw_string_vec4
    %concat/vec4; draw_string_vec4
    %pushi/vec4 0, 0, 32; draw_string_vec4
    %concat/vec4; draw_string_vec4
    %pushi/vec4 0, 0, 32; draw_string_vec4
    %concat/vec4; draw_string_vec4
    %pushi/vec4 0, 0, 32; draw_string_vec4
    %concat/vec4; draw_string_vec4
    %pushi/vec4 0, 0, 32; draw_string_vec4
    %concat/vec4; draw_string_vec4
    %pushi/vec4 0, 0, 32; draw_string_vec4
    %concat/vec4; draw_string_vec4
    %pushi/vec4 0, 0, 32; draw_string_vec4
    %concat/vec4; draw_string_vec4
    %pushi/vec4 0, 0, 32; draw_string_vec4
    %concat/vec4; draw_string_vec4
    %pushi/vec4 0, 0, 32; draw_string_vec4
    %concat/vec4; draw_string_vec4
    %pushi/vec4 0, 0, 32; draw_string_vec4
    %concat/vec4; draw_string_vec4
    %pushi/vec4 0, 0, 32; draw_string_vec4
    %concat/vec4; draw_string_vec4
    %pushi/vec4 0, 0, 32; draw_string_vec4
    %concat/vec4; draw_string_vec4
    %pushi/vec4 0, 0, 32; draw_string_vec4
    %concat/vec4; draw_string_vec4
    %pushi/vec4 0, 0, 32; draw_string_vec4
    %concat/vec4; draw_string_vec4
    %pushi/vec4 0, 0, 32; draw_string_vec4
    %concat/vec4; draw_string_vec4
    %pushi/vec4 0, 0, 32; draw_string_vec4
    %concat/vec4; draw_string_vec4
    %pushi/vec4 0, 0, 32; draw_string_vec4
    %concat/vec4; draw_string_vec4
    %pushi/vec4 0, 0, 32; draw_string_vec4
    %concat/vec4; draw_string_vec4
    %pushi/vec4 0, 0, 32; draw_string_vec4
    %concat/vec4; draw_string_vec4
    %pushi/vec4 0, 0, 32; draw_string_vec4
    %concat/vec4; draw_string_vec4
    %pushi/vec4 0, 0, 32; draw_string_vec4
    %concat/vec4; draw_string_vec4
    %pushi/vec4 0, 0, 32; draw_string_vec4
    %concat/vec4; draw_string_vec4
    %pushi/vec4 0, 0, 32; draw_string_vec4
    %concat/vec4; draw_string_vec4
    %pushi/vec4 0, 0, 32; draw_string_vec4
    %concat/vec4; draw_string_vec4
    %pushi/vec4 0, 0, 32; draw_string_vec4
    %concat/vec4; draw_string_vec4
    %pushi/vec4 0, 0, 32; draw_string_vec4
    %concat/vec4; draw_string_vec4
    %pushi/vec4 0, 0, 32; draw_string_vec4
    %concat/vec4; draw_string_vec4
    %pushi/vec4 0, 0, 32; draw_string_vec4
    %concat/vec4; draw_string_vec4
    %pushi/vec4 0, 0, 32; draw_string_vec4
    %concat/vec4; draw_string_vec4
    %pushi/vec4 0, 0, 32; draw_string_vec4
    %concat/vec4; draw_string_vec4
    %pushi/vec4 0, 0, 32; draw_string_vec4
    %concat/vec4; draw_string_vec4
    %pushi/vec4 0, 0, 32; draw_string_vec4
    %concat/vec4; draw_string_vec4
    %pushi/vec4 0, 0, 32; draw_string_vec4
    %concat/vec4; draw_string_vec4
    %pushi/vec4 0, 0, 32; draw_string_vec4
    %concat/vec4; draw_string_vec4
    %pushi/vec4 0, 0, 32; draw_string_vec4
    %concat/vec4; draw_string_vec4
    %pushi/vec4 0, 0, 32; draw_string_vec4
    %concat/vec4; draw_string_vec4
    %pushi/vec4 0, 0, 32; draw_string_vec4
    %concat/vec4; draw_string_vec4
    %pushi/vec4 0, 0, 32; draw_string_vec4
    %concat/vec4; draw_string_vec4
    %pushi/vec4 0, 0, 32; draw_string_vec4
    %concat/vec4; draw_string_vec4
    %pushi/vec4 0, 0, 32; draw_string_vec4
    %concat/vec4; draw_string_vec4
    %pushi/vec4 0, 0, 32; draw_string_vec4
    %concat/vec4; draw_string_vec4
    %pushi/vec4 0, 0, 32; draw_string_vec4
    %concat/vec4; draw_string_vec4
    %pushi/vec4 0, 0, 32; draw_string_vec4
    %concat/vec4; draw_string_vec4
    %pushi/vec4 0, 0, 32; draw_string_vec4
    %concat/vec4; draw_string_vec4
    %pushi/vec4 0, 0, 32; draw_string_vec4
    %concat/vec4; draw_string_vec4
    %pushi/vec4 0, 0, 32; draw_string_vec4
    %concat/vec4; draw_string_vec4
    %pushi/vec4 0, 0, 32; draw_string_vec4
    %concat/vec4; draw_string_vec4
    %pushi/vec4 0, 0, 32; draw_string_vec4
    %concat/vec4; draw_string_vec4
    %pushi/vec4 0, 0, 32; draw_string_vec4
    %concat/vec4; draw_string_vec4
    %pushi/vec4 0, 0, 32; draw_string_vec4
    %concat/vec4; draw_string_vec4
    %pushi/vec4 0, 0, 32; draw_string_vec4
    %concat/vec4; draw_string_vec4
    %pushi/vec4 0, 0, 32; draw_string_vec4
    %concat/vec4; draw_string_vec4
    %pushi/vec4 0, 0, 32; draw_string_vec4
    %concat/vec4; draw_string_vec4
    %pushi/vec4 0, 0, 32; draw_string_vec4
    %concat/vec4; draw_string_vec4
    %pushi/vec4 0, 0, 32; draw_string_vec4
    %concat/vec4; draw_string_vec4
    %pushi/vec4 0, 0, 32; draw_string_vec4
    %concat/vec4; draw_string_vec4
    %pushi/vec4 0, 0, 32; draw_string_vec4
    %concat/vec4; draw_string_vec4
    %pushi/vec4 0, 0, 32; draw_string_vec4
    %concat/vec4; draw_string_vec4
    %pushi/vec4 0, 0, 32; draw_string_vec4
    %concat/vec4; draw_string_vec4
    %pushi/vec4 0, 0, 32; draw_string_vec4
    %concat/vec4; draw_string_vec4
    %pushi/vec4 0, 0, 32; draw_string_vec4
    %concat/vec4; draw_string_vec4
    %pushi/vec4 0, 0, 32; draw_string_vec4
    %concat/vec4; draw_string_vec4
    %pushi/vec4 0, 0, 32; draw_string_vec4
    %concat/vec4; draw_string_vec4
    %pushi/vec4 0, 0, 32; draw_string_vec4
    %concat/vec4; draw_string_vec4
    %pushi/vec4 0, 0, 32; draw_string_vec4
    %concat/vec4; draw_string_vec4
    %pushi/vec4 0, 0, 32; draw_string_vec4
    %concat/vec4; draw_string_vec4
    %pushi/vec4 0, 0, 32; draw_string_vec4
    %concat/vec4; draw_string_vec4
    %pushi/vec4 0, 0, 32; draw_string_vec4
    %concat/vec4; draw_string_vec4
    %pushi/vec4 0, 0, 32; draw_string_vec4
    %concat/vec4; draw_string_vec4
    %pushi/vec4 0, 0, 32; draw_string_vec4
    %concat/vec4; draw_string_vec4
    %pushi/vec4 0, 0, 32; draw_string_vec4
    %concat/vec4; draw_string_vec4
    %pushi/vec4 0, 0, 32; draw_string_vec4
    %concat/vec4; draw_string_vec4
    %pushi/vec4 0, 0, 32; draw_string_vec4
    %concat/vec4; draw_string_vec4
    %pushi/vec4 0, 0, 32; draw_string_vec4
    %concat/vec4; draw_string_vec4
    %pushi/vec4 0, 0, 32; draw_string_vec4
    %concat/vec4; draw_string_vec4
    %pushi/vec4 0, 0, 32; draw_string_vec4
    %concat/vec4; draw_string_vec4
    %pushi/vec4 0, 0, 32; draw_string_vec4
    %concat/vec4; draw_string_vec4
    %pushi/vec4 0, 0, 32; draw_string_vec4
    %concat/vec4; draw_string_vec4
    %pushi/vec4 0, 0, 32; draw_string_vec4
    %concat/vec4; draw_string_vec4
    %pushi/vec4 0, 0, 32; draw_string_vec4
    %concat/vec4; draw_string_vec4
    %pushi/vec4 0, 0, 32; draw_string_vec4
    %concat/vec4; draw_string_vec4
    %pushi/vec4 0, 0, 32; draw_string_vec4
    %concat/vec4; draw_string_vec4
    %pushi/vec4 0, 0, 32; draw_string_vec4
    %concat/vec4; draw_string_vec4
    %pushi/vec4 0, 0, 32; draw_string_vec4
    %concat/vec4; draw_string_vec4
    %pushi/vec4 0, 0, 32; draw_string_vec4
    %concat/vec4; draw_string_vec4
    %pushi/vec4 0, 0, 32; draw_string_vec4
    %concat/vec4; draw_string_vec4
    %pushi/vec4 0, 0, 32; draw_string_vec4
    %concat/vec4; draw_string_vec4
    %pushi/vec4 0, 0, 32; draw_string_vec4
    %concat/vec4; draw_string_vec4
    %pushi/vec4 0, 0, 32; draw_string_vec4
    %concat/vec4; draw_string_vec4
    %pushi/vec4 0, 0, 32; draw_string_vec4
    %concat/vec4; draw_string_vec4
    %pushi/vec4 0, 0, 32; draw_string_vec4
    %concat/vec4; draw_string_vec4
    %pushi/vec4 0, 0, 32; draw_string_vec4
    %concat/vec4; draw_string_vec4
    %pushi/vec4 0, 0, 32; draw_string_vec4
    %concat/vec4; draw_string_vec4
    %pushi/vec4 0, 0, 32; draw_string_vec4
    %concat/vec4; draw_string_vec4
    %pushi/vec4 0, 0, 32; draw_string_vec4
    %concat/vec4; draw_string_vec4
    %pushi/vec4 0, 0, 32; draw_string_vec4
    %concat/vec4; draw_string_vec4
    %pushi/vec4 0, 0, 32; draw_string_vec4
    %concat/vec4; draw_string_vec4
    %pushi/vec4 0, 0, 32; draw_string_vec4
    %concat/vec4; draw_string_vec4
    %pushi/vec4 0, 0, 32; draw_string_vec4
    %concat/vec4; draw_string_vec4
    %pushi/vec4 0, 0, 32; draw_string_vec4
    %concat/vec4; draw_string_vec4
    %pushi/vec4 0, 0, 32; draw_string_vec4
    %concat/vec4; draw_string_vec4
    %pushi/vec4 0, 0, 32; draw_string_vec4
    %concat/vec4; draw_string_vec4
    %pushi/vec4 0, 0, 32; draw_string_vec4
    %concat/vec4; draw_string_vec4
    %pushi/vec4 0, 0, 32; draw_string_vec4
    %concat/vec4; draw_string_vec4
    %pushi/vec4 0, 0, 32; draw_string_vec4
    %concat/vec4; draw_string_vec4
    %pushi/vec4 0, 0, 32; draw_string_vec4
    %concat/vec4; draw_string_vec4
    %pushi/vec4 0, 0, 32; draw_string_vec4
    %concat/vec4; draw_string_vec4
    %pushi/vec4 0, 0, 32; draw_string_vec4
    %concat/vec4; draw_string_vec4
    %pushi/vec4 0, 0, 32; draw_string_vec4
    %concat/vec4; draw_string_vec4
    %pushi/vec4 0, 0, 32; draw_string_vec4
    %concat/vec4; draw_string_vec4
    %pushi/vec4 0, 0, 32; draw_string_vec4
    %concat/vec4; draw_string_vec4
    %pushi/vec4 0, 0, 32; draw_string_vec4
    %concat/vec4; draw_string_vec4
    %pushi/vec4 0, 0, 32; draw_string_vec4
    %concat/vec4; draw_string_vec4
    %pushi/vec4 0, 0, 32; draw_string_vec4
    %concat/vec4; draw_string_vec4
    %pushi/vec4 0, 0, 32; draw_string_vec4
    %concat/vec4; draw_string_vec4
    %pushi/vec4 0, 0, 32; draw_string_vec4
    %concat/vec4; draw_string_vec4
    %pushi/vec4 0, 0, 32; draw_string_vec4
    %concat/vec4; draw_string_vec4
    %pushi/vec4 0, 0, 32; draw_string_vec4
    %concat/vec4; draw_string_vec4
    %pushi/vec4 0, 0, 32; draw_string_vec4
    %concat/vec4; draw_string_vec4
    %pushi/vec4 0, 0, 32; draw_string_vec4
    %concat/vec4; draw_string_vec4
    %pushi/vec4 0, 0, 32; draw_string_vec4
    %concat/vec4; draw_string_vec4
    %pushi/vec4 0, 0, 32; draw_string_vec4
    %concat/vec4; draw_string_vec4
    %pushi/vec4 0, 0, 32; draw_string_vec4
    %concat/vec4; draw_string_vec4
    %pushi/vec4 0, 0, 32; draw_string_vec4
    %concat/vec4; draw_string_vec4
    %pushi/vec4 0, 0, 32; draw_string_vec4
    %concat/vec4; draw_string_vec4
    %pushi/vec4 0, 0, 32; draw_string_vec4
    %concat/vec4; draw_string_vec4
    %pushi/vec4 0, 0, 32; draw_string_vec4
    %concat/vec4; draw_string_vec4
    %pushi/vec4 0, 0, 32; draw_string_vec4
    %concat/vec4; draw_string_vec4
    %pushi/vec4 0, 0, 32; draw_string_vec4
    %concat/vec4; draw_string_vec4
    %pushi/vec4 0, 0, 32; draw_string_vec4
    %concat/vec4; draw_string_vec4
    %pushi/vec4 0, 0, 32; draw_string_vec4
    %concat/vec4; draw_string_vec4
    %pushi/vec4 0, 0, 32; draw_string_vec4
    %concat/vec4; draw_string_vec4
    %pushi/vec4 0, 0, 32; draw_string_vec4
    %concat/vec4; draw_string_vec4
    %pushi/vec4 0, 0, 32; draw_string_vec4
    %concat/vec4; draw_string_vec4
    %pushi/vec4 0, 0, 32; draw_string_vec4
    %concat/vec4; draw_string_vec4
    %pushi/vec4 0, 0, 32; draw_string_vec4
    %concat/vec4; draw_string_vec4
    %pushi/vec4 0, 0, 32; draw_string_vec4
    %concat/vec4; draw_string_vec4
    %pushi/vec4 0, 0, 32; draw_string_vec4
    %concat/vec4; draw_string_vec4
    %pushi/vec4 0, 0, 32; draw_string_vec4
    %concat/vec4; draw_string_vec4
    %pushi/vec4 0, 0, 32; draw_string_vec4
    %concat/vec4; draw_string_vec4
    %pushi/vec4 0, 0, 32; draw_string_vec4
    %concat/vec4; draw_string_vec4
    %pushi/vec4 0, 0, 32; draw_string_vec4
    %concat/vec4; draw_string_vec4
    %pushi/vec4 0, 0, 32; draw_string_vec4
    %concat/vec4; draw_string_vec4
    %pushi/vec4 0, 0, 32; draw_string_vec4
    %concat/vec4; draw_string_vec4
    %pushi/vec4 0, 0, 32; draw_string_vec4
    %concat/vec4; draw_string_vec4
    %pushi/vec4 0, 0, 32; draw_string_vec4
    %concat/vec4; draw_string_vec4
    %pushi/vec4 0, 0, 32; draw_string_vec4
    %concat/vec4; draw_string_vec4
    %pushi/vec4 0, 0, 32; draw_string_vec4
    %concat/vec4; draw_string_vec4
    %pushi/vec4 0, 0, 32; draw_string_vec4
    %concat/vec4; draw_string_vec4
    %pushi/vec4 0, 0, 32; draw_string_vec4
    %concat/vec4; draw_string_vec4
    %pushi/vec4 0, 0, 32; draw_string_vec4
    %concat/vec4; draw_string_vec4
    %pushi/vec4 0, 0, 32; draw_string_vec4
    %concat/vec4; draw_string_vec4
    %pushi/vec4 0, 0, 32; draw_string_vec4
    %concat/vec4; draw_string_vec4
    %pushi/vec4 0, 0, 32; draw_string_vec4
    %concat/vec4; draw_string_vec4
    %pushi/vec4 0, 0, 32; draw_string_vec4
    %concat/vec4; draw_string_vec4
    %pushi/vec4 0, 0, 32; draw_string_vec4
    %concat/vec4; draw_string_vec4
    %pushi/vec4 0, 0, 32; draw_string_vec4
    %concat/vec4; draw_string_vec4
    %pushi/vec4 0, 0, 32; draw_string_vec4
    %concat/vec4; draw_string_vec4
    %pushi/vec4 0, 0, 32; draw_string_vec4
    %concat/vec4; draw_string_vec4
    %pushi/vec4 0, 0, 32; draw_string_vec4
    %concat/vec4; draw_string_vec4
    %pushi/vec4 0, 0, 32; draw_string_vec4
    %concat/vec4; draw_string_vec4
    %pushi/vec4 0, 0, 32; draw_string_vec4
    %concat/vec4; draw_string_vec4
    %pushi/vec4 0, 0, 32; draw_string_vec4
    %concat/vec4; draw_string_vec4
    %pushi/vec4 0, 0, 32; draw_string_vec4
    %concat/vec4; draw_string_vec4
    %pushi/vec4 0, 0, 32; draw_string_vec4
    %concat/vec4; draw_string_vec4
    %pushi/vec4 0, 0, 32; draw_string_vec4
    %concat/vec4; draw_string_vec4
    %pushi/vec4 0, 0, 32; draw_string_vec4
    %concat/vec4; draw_string_vec4
    %pushi/vec4 0, 0, 32; draw_string_vec4
    %concat/vec4; draw_string_vec4
    %pushi/vec4 0, 0, 32; draw_string_vec4
    %concat/vec4; draw_string_vec4
    %pushi/vec4 0, 0, 32; draw_string_vec4
    %concat/vec4; draw_string_vec4
    %pushi/vec4 0, 0, 32; draw_string_vec4
    %concat/vec4; draw_string_vec4
    %pushi/vec4 0, 0, 32; draw_string_vec4
    %concat/vec4; draw_string_vec4
    %pushi/vec4 0, 0, 32; draw_string_vec4
    %concat/vec4; draw_string_vec4
    %pushi/vec4 0, 0, 32; draw_string_vec4
    %concat/vec4; draw_string_vec4
    %pushi/vec4 0, 0, 32; draw_string_vec4
    %concat/vec4; draw_string_vec4
    %pushi/vec4 0, 0, 32; draw_string_vec4
    %concat/vec4; draw_string_vec4
    %pushi/vec4 0, 0, 32; draw_string_vec4
    %concat/vec4; draw_string_vec4
    %pushi/vec4 0, 0, 32; draw_string_vec4
    %concat/vec4; draw_string_vec4
    %pushi/vec4 0, 0, 32; draw_string_vec4
    %concat/vec4; draw_string_vec4
    %pushi/vec4 0, 0, 32; draw_string_vec4
    %concat/vec4; draw_string_vec4
    %pushi/vec4 0, 0, 32; draw_string_vec4
    %concat/vec4; draw_string_vec4
    %pushi/vec4 0, 0, 32; draw_string_vec4
    %concat/vec4; draw_string_vec4
    %pushi/vec4 0, 0, 32; draw_string_vec4
    %concat/vec4; draw_string_vec4
    %pushi/vec4 0, 0, 32; draw_string_vec4
    %concat/vec4; draw_string_vec4
    %pushi/vec4 0, 0, 32; draw_string_vec4
    %concat/vec4; draw_string_vec4
    %pushi/vec4 0, 0, 32; draw_string_vec4
    %concat/vec4; draw_string_vec4
    %pushi/vec4 0, 0, 32; draw_string_vec4
    %concat/vec4; draw_string_vec4
    %pushi/vec4 0, 0, 32; draw_string_vec4
    %concat/vec4; draw_string_vec4
    %pushi/vec4 0, 0, 32; draw_string_vec4
    %concat/vec4; draw_string_vec4
    %pushi/vec4 0, 0, 32; draw_string_vec4
    %concat/vec4; draw_string_vec4
    %pushi/vec4 0, 0, 32; draw_string_vec4
    %concat/vec4; draw_string_vec4
    %pushi/vec4 0, 0, 32; draw_string_vec4
    %concat/vec4; draw_string_vec4
    %pushi/vec4 0, 0, 32; draw_string_vec4
    %concat/vec4; draw_string_vec4
    %pushi/vec4 0, 0, 32; draw_string_vec4
    %concat/vec4; draw_string_vec4
    %pushi/vec4 0, 0, 32; draw_string_vec4
    %concat/vec4; draw_string_vec4
    %pushi/vec4 0, 0, 32; draw_string_vec4
    %concat/vec4; draw_string_vec4
    %pushi/vec4 0, 0, 32; draw_string_vec4
    %concat/vec4; draw_string_vec4
    %pushi/vec4 0, 0, 32; draw_string_vec4
    %concat/vec4; draw_string_vec4
    %pushi/vec4 0, 0, 32; draw_string_vec4
    %concat/vec4; draw_string_vec4
    %pushi/vec4 0, 0, 32; draw_string_vec4
    %concat/vec4; draw_string_vec4
    %pushi/vec4 0, 0, 32; draw_string_vec4
    %concat/vec4; draw_string_vec4
    %pushi/vec4 0, 0, 32; draw_string_vec4
    %concat/vec4; draw_string_vec4
    %pushi/vec4 0, 0, 32; draw_string_vec4
    %concat/vec4; draw_string_vec4
    %pushi/vec4 0, 0, 32; draw_string_vec4
    %concat/vec4; draw_string_vec4
    %pushi/vec4 0, 0, 32; draw_string_vec4
    %concat/vec4; draw_string_vec4
    %pushi/vec4 0, 0, 32; draw_string_vec4
    %concat/vec4; draw_string_vec4
    %pushi/vec4 0, 0, 32; draw_string_vec4
    %concat/vec4; draw_string_vec4
    %pushi/vec4 0, 0, 32; draw_string_vec4
    %concat/vec4; draw_string_vec4
    %pushi/vec4 0, 0, 32; draw_string_vec4
    %concat/vec4; draw_string_vec4
    %pushi/vec4 0, 0, 32; draw_string_vec4
    %concat/vec4; draw_string_vec4
    %pushi/vec4 0, 0, 32; draw_string_vec4
    %concat/vec4; draw_string_vec4
    %pushi/vec4 0, 0, 32; draw_string_vec4
    %concat/vec4; draw_string_vec4
    %pushi/vec4 0, 0, 32; draw_string_vec4
    %concat/vec4; draw_string_vec4
    %pushi/vec4 0, 0, 32; draw_string_vec4
    %concat/vec4; draw_string_vec4
    %pushi/vec4 0, 0, 32; draw_string_vec4
    %concat/vec4; draw_string_vec4
    %pushi/vec4 0, 0, 32; draw_string_vec4
    %concat/vec4; draw_string_vec4
    %pushi/vec4 0, 0, 32; draw_string_vec4
    %concat/vec4; draw_string_vec4
    %pushi/vec4 0, 0, 32; draw_string_vec4
    %concat/vec4; draw_string_vec4
    %pushi/vec4 0, 0, 32; draw_string_vec4
    %concat/vec4; draw_string_vec4
    %pushi/vec4 0, 0, 32; draw_string_vec4
    %concat/vec4; draw_string_vec4
    %pushi/vec4 0, 0, 32; draw_string_vec4
    %concat/vec4; draw_string_vec4
    %pushi/vec4 0, 0, 32; draw_string_vec4
    %concat/vec4; draw_string_vec4
    %pushi/vec4 0, 0, 32; draw_string_vec4
    %concat/vec4; draw_string_vec4
    %pushi/vec4 0, 0, 32; draw_string_vec4
    %concat/vec4; draw_string_vec4
    %pushi/vec4 0, 0, 32; draw_string_vec4
    %concat/vec4; draw_string_vec4
    %pushi/vec4 0, 0, 32; draw_string_vec4
    %concat/vec4; draw_string_vec4
    %pushi/vec4 0, 0, 32; draw_string_vec4
    %concat/vec4; draw_string_vec4
    %pushi/vec4 0, 0, 32; draw_string_vec4
    %concat/vec4; draw_string_vec4
    %pushi/vec4 0, 0, 32; draw_string_vec4
    %concat/vec4; draw_string_vec4
    %pushi/vec4 0, 0, 32; draw_string_vec4
    %concat/vec4; draw_string_vec4
    %pushi/vec4 0, 0, 32; draw_string_vec4
    %concat/vec4; draw_string_vec4
    %pushi/vec4 0, 0, 32; draw_string_vec4
    %concat/vec4; draw_string_vec4
    %pushi/vec4 0, 0, 32; draw_string_vec4
    %concat/vec4; draw_string_vec4
    %pushi/vec4 0, 0, 32; draw_string_vec4
    %concat/vec4; draw_string_vec4
    %pushi/vec4 0, 0, 32; draw_string_vec4
    %concat/vec4; draw_string_vec4
    %pushi/vec4 0, 0, 32; draw_string_vec4
    %concat/vec4; draw_string_vec4
    %pushi/vec4 0, 0, 32; draw_string_vec4
    %concat/vec4; draw_string_vec4
    %pushi/vec4 0, 0, 32; draw_string_vec4
    %concat/vec4; draw_string_vec4
    %pushi/vec4 0, 0, 32; draw_string_vec4
    %concat/vec4; draw_string_vec4
    %pushi/vec4 0, 0, 32; draw_string_vec4
    %concat/vec4; draw_string_vec4
    %pushi/vec4 0, 0, 32; draw_string_vec4
    %concat/vec4; draw_string_vec4
    %pushi/vec4 0, 0, 32; draw_string_vec4
    %concat/vec4; draw_string_vec4
    %pushi/vec4 0, 0, 32; draw_string_vec4
    %concat/vec4; draw_string_vec4
    %pushi/vec4 0, 0, 32; draw_string_vec4
    %concat/vec4; draw_string_vec4
    %pushi/vec4 0, 0, 32; draw_string_vec4
    %concat/vec4; draw_string_vec4
    %pushi/vec4 0, 0, 32; draw_string_vec4
    %concat/vec4; draw_string_vec4
    %pushi/vec4 0, 0, 32; draw_string_vec4
    %concat/vec4; draw_string_vec4
    %pushi/vec4 0, 0, 32; draw_string_vec4
    %concat/vec4; draw_string_vec4
    %pushi/vec4 0, 0, 32; draw_string_vec4
    %concat/vec4; draw_string_vec4
    %pushi/vec4 0, 0, 32; draw_string_vec4
    %concat/vec4; draw_string_vec4
    %pushi/vec4 0, 0, 32; draw_string_vec4
    %concat/vec4; draw_string_vec4
    %pushi/vec4 0, 0, 32; draw_string_vec4
    %concat/vec4; draw_string_vec4
    %pushi/vec4 0, 0, 32; draw_string_vec4
    %concat/vec4; draw_string_vec4
    %pushi/vec4 0, 0, 32; draw_string_vec4
    %concat/vec4; draw_string_vec4
    %pushi/vec4 0, 0, 32; draw_string_vec4
    %concat/vec4; draw_string_vec4
    %pushi/vec4 0, 0, 32; draw_string_vec4
    %concat/vec4; draw_string_vec4
    %pushi/vec4 0, 0, 32; draw_string_vec4
    %concat/vec4; draw_string_vec4
    %pushi/vec4 0, 0, 32; draw_string_vec4
    %concat/vec4; draw_string_vec4
    %pushi/vec4 0, 0, 32; draw_string_vec4
    %concat/vec4; draw_string_vec4
    %pushi/vec4 0, 0, 32; draw_string_vec4
    %concat/vec4; draw_string_vec4
    %pushi/vec4 0, 0, 32; draw_string_vec4
    %concat/vec4; draw_string_vec4
    %pushi/vec4 0, 0, 32; draw_string_vec4
    %concat/vec4; draw_string_vec4
    %pushi/vec4 0, 0, 32; draw_string_vec4
    %concat/vec4; draw_string_vec4
    %pushi/vec4 0, 0, 32; draw_string_vec4
    %concat/vec4; draw_string_vec4
    %pushi/vec4 0, 0, 32; draw_string_vec4
    %concat/vec4; draw_string_vec4
    %pushi/vec4 0, 0, 32; draw_string_vec4
    %concat/vec4; draw_string_vec4
    %pushi/vec4 0, 0, 32; draw_string_vec4
    %concat/vec4; draw_string_vec4
    %pushi/vec4 0, 0, 32; draw_string_vec4
    %concat/vec4; draw_string_vec4
    %pushi/vec4 0, 0, 32; draw_string_vec4
    %concat/vec4; draw_string_vec4
    %pushi/vec4 0, 0, 32; draw_string_vec4
    %concat/vec4; draw_string_vec4
    %pushi/vec4 0, 0, 32; draw_string_vec4
    %concat/vec4; draw_string_vec4
    %pushi/vec4 0, 0, 32; draw_string_vec4
    %concat/vec4; draw_string_vec4
    %pushi/vec4 0, 0, 32; draw_string_vec4
    %concat/vec4; draw_string_vec4
    %pushi/vec4 0, 0, 32; draw_string_vec4
    %concat/vec4; draw_string_vec4
    %pushi/vec4 0, 0, 32; draw_string_vec4
    %concat/vec4; draw_string_vec4
    %pushi/vec4 0, 0, 32; draw_string_vec4
    %concat/vec4; draw_string_vec4
    %pushi/vec4 0, 0, 32; draw_string_vec4
    %concat/vec4; draw_string_vec4
    %pushi/vec4 0, 0, 32; draw_string_vec4
    %concat/vec4; draw_string_vec4
    %pushi/vec4 0, 0, 32; draw_string_vec4
    %concat/vec4; draw_string_vec4
    %pushi/vec4 0, 0, 32; draw_string_vec4
    %concat/vec4; draw_string_vec4
    %pushi/vec4 0, 0, 32; draw_string_vec4
    %concat/vec4; draw_string_vec4
    %pushi/vec4 0, 0, 32; draw_string_vec4
    %concat/vec4; draw_string_vec4
    %pushi/vec4 0, 0, 32; draw_string_vec4
    %concat/vec4; draw_string_vec4
    %pushi/vec4 0, 0, 32; draw_string_vec4
    %concat/vec4; draw_string_vec4
    %pushi/vec4 0, 0, 32; draw_string_vec4
    %concat/vec4; draw_string_vec4
    %pushi/vec4 0, 0, 32; draw_string_vec4
    %concat/vec4; draw_string_vec4
    %pushi/vec4 0, 0, 32; draw_string_vec4
    %concat/vec4; draw_string_vec4
    %pushi/vec4 0, 0, 32; draw_string_vec4
    %concat/vec4; draw_string_vec4
    %pushi/vec4 0, 0, 32; draw_string_vec4
    %concat/vec4; draw_string_vec4
    %pushi/vec4 0, 0, 32; draw_string_vec4
    %concat/vec4; draw_string_vec4
    %pushi/vec4 0, 0, 32; draw_string_vec4
    %concat/vec4; draw_string_vec4
    %pushi/vec4 0, 0, 32; draw_string_vec4
    %concat/vec4; draw_string_vec4
    %pushi/vec4 0, 0, 32; draw_string_vec4
    %concat/vec4; draw_string_vec4
    %pushi/vec4 0, 0, 32; draw_string_vec4
    %concat/vec4; draw_string_vec4
    %pushi/vec4 0, 0, 32; draw_string_vec4
    %concat/vec4; draw_string_vec4
    %pushi/vec4 0, 0, 32; draw_string_vec4
    %concat/vec4; draw_string_vec4
    %pushi/vec4 0, 0, 32; draw_string_vec4
    %concat/vec4; draw_string_vec4
    %pushi/vec4 0, 0, 32; draw_string_vec4
    %concat/vec4; draw_string_vec4
    %pushi/vec4 0, 0, 32; draw_string_vec4
    %concat/vec4; draw_string_vec4
    %pushi/vec4 0, 0, 32; draw_string_vec4
    %concat/vec4; draw_string_vec4
    %pushi/vec4 0, 0, 32; draw_string_vec4
    %concat/vec4; draw_string_vec4
    %pushi/vec4 0, 0, 32; draw_string_vec4
    %concat/vec4; draw_string_vec4
    %pushi/vec4 0, 0, 32; draw_string_vec4
    %concat/vec4; draw_string_vec4
    %pushi/vec4 0, 0, 32; draw_string_vec4
    %concat/vec4; draw_string_vec4
    %pushi/vec4 0, 0, 32; draw_string_vec4
    %concat/vec4; draw_string_vec4
    %pushi/vec4 0, 0, 32; draw_string_vec4
    %concat/vec4; draw_string_vec4
    %pushi/vec4 0, 0, 32; draw_string_vec4
    %concat/vec4; draw_string_vec4
    %pushi/vec4 0, 0, 32; draw_string_vec4
    %concat/vec4; draw_string_vec4
    %pushi/vec4 0, 0, 32; draw_string_vec4
    %concat/vec4; draw_string_vec4
    %pushi/vec4 0, 0, 32; draw_string_vec4
    %concat/vec4; draw_string_vec4
    %pushi/vec4 0, 0, 32; draw_string_vec4
    %concat/vec4; draw_string_vec4
    %pushi/vec4 0, 0, 32; draw_string_vec4
    %concat/vec4; draw_string_vec4
    %pushi/vec4 0, 0, 32; draw_string_vec4
    %concat/vec4; draw_string_vec4
    %pushi/vec4 0, 0, 32; draw_string_vec4
    %concat/vec4; draw_string_vec4
    %pushi/vec4 0, 0, 32; draw_string_vec4
    %concat/vec4; draw_string_vec4
    %pushi/vec4 0, 0, 32; draw_string_vec4
    %concat/vec4; draw_string_vec4
    %pushi/vec4 0, 0, 32; draw_string_vec4
    %concat/vec4; draw_string_vec4
    %pushi/vec4 0, 0, 32; draw_string_vec4
    %concat/vec4; draw_string_vec4
    %pushi/vec4 0, 0, 32; draw_string_vec4
    %concat/vec4; draw_string_vec4
    %pushi/vec4 0, 0, 32; draw_string_vec4
    %concat/vec4; draw_string_vec4
    %pushi/vec4 0, 0, 32; draw_string_vec4
    %concat/vec4; draw_string_vec4
    %pushi/vec4 0, 0, 32; draw_string_vec4
    %concat/vec4; draw_string_vec4
    %pushi/vec4 0, 0, 32; draw_string_vec4
    %concat/vec4; draw_string_vec4
    %pushi/vec4 0, 0, 32; draw_string_vec4
    %concat/vec4; draw_string_vec4
    %pushi/vec4 0, 0, 32; draw_string_vec4
    %concat/vec4; draw_string_vec4
    %pushi/vec4 0, 0, 32; draw_string_vec4
    %concat/vec4; draw_string_vec4
    %pushi/vec4 0, 0, 32; draw_string_vec4
    %concat/vec4; draw_string_vec4
    %pushi/vec4 0, 0, 32; draw_string_vec4
    %concat/vec4; draw_string_vec4
    %pushi/vec4 0, 0, 32; draw_string_vec4
    %concat/vec4; draw_string_vec4
    %pushi/vec4 0, 0, 32; draw_string_vec4
    %concat/vec4; draw_string_vec4
    %pushi/vec4 0, 0, 32; draw_string_vec4
    %concat/vec4; draw_string_vec4
    %pushi/vec4 0, 0, 32; draw_string_vec4
    %concat/vec4; draw_string_vec4
    %pushi/vec4 0, 0, 32; draw_string_vec4
    %concat/vec4; draw_string_vec4
    %pushi/vec4 0, 0, 32; draw_string_vec4
    %concat/vec4; draw_string_vec4
    %pushi/vec4 0, 0, 32; draw_string_vec4
    %concat/vec4; draw_string_vec4
    %pushi/vec4 0, 0, 32; draw_string_vec4
    %concat/vec4; draw_string_vec4
    %pushi/vec4 0, 0, 32; draw_string_vec4
    %concat/vec4; draw_string_vec4
    %pushi/vec4 0, 0, 32; draw_string_vec4
    %concat/vec4; draw_string_vec4
    %pushi/vec4 0, 0, 32; draw_string_vec4
    %concat/vec4; draw_string_vec4
    %pushi/vec4 0, 0, 32; draw_string_vec4
    %concat/vec4; draw_string_vec4
    %pushi/vec4 0, 0, 32; draw_string_vec4
    %concat/vec4; draw_string_vec4
    %pushi/vec4 0, 0, 32; draw_string_vec4
    %concat/vec4; draw_string_vec4
    %pushi/vec4 0, 0, 32; draw_string_vec4
    %concat/vec4; draw_string_vec4
    %pushi/vec4 0, 0, 32; draw_string_vec4
    %concat/vec4; draw_string_vec4
    %pushi/vec4 0, 0, 32; draw_string_vec4
    %concat/vec4; draw_string_vec4
    %pushi/vec4 0, 0, 32; draw_string_vec4
    %concat/vec4; draw_string_vec4
    %pushi/vec4 0, 0, 32; draw_string_vec4
    %concat/vec4; draw_string_vec4
    %pushi/vec4 0, 0, 32; draw_string_vec4
    %concat/vec4; draw_string_vec4
    %pushi/vec4 0, 0, 32; draw_string_vec4
    %concat/vec4; draw_string_vec4
    %pushi/vec4 0, 0, 32; draw_string_vec4
    %concat/vec4; draw_string_vec4
    %pushi/vec4 0, 0, 32; draw_string_vec4
    %concat/vec4; draw_string_vec4
    %pushi/vec4 0, 0, 32; draw_string_vec4
    %concat/vec4; draw_string_vec4
    %pushi/vec4 0, 0, 32; draw_string_vec4
    %concat/vec4; draw_string_vec4
    %pushi/vec4 0, 0, 32; draw_string_vec4
    %concat/vec4; draw_string_vec4
    %pushi/vec4 0, 0, 32; draw_string_vec4
    %concat/vec4; draw_string_vec4
    %pushi/vec4 0, 0, 32; draw_string_vec4
    %concat/vec4; draw_string_vec4
    %pushi/vec4 0, 0, 32; draw_string_vec4
    %concat/vec4; draw_string_vec4
    %pushi/vec4 0, 0, 32; draw_string_vec4
    %concat/vec4; draw_string_vec4
    %pushi/vec4 0, 0, 32; draw_string_vec4
    %concat/vec4; draw_string_vec4
    %pushi/vec4 0, 0, 32; draw_string_vec4
    %concat/vec4; draw_string_vec4
    %pushi/vec4 0, 0, 32; draw_string_vec4
    %concat/vec4; draw_string_vec4
    %pushi/vec4 0, 0, 32; draw_string_vec4
    %concat/vec4; draw_string_vec4
    %pushi/vec4 0, 0, 32; draw_string_vec4
    %concat/vec4; draw_string_vec4
    %pushi/vec4 0, 0, 32; draw_string_vec4
    %concat/vec4; draw_string_vec4
    %pushi/vec4 0, 0, 32; draw_string_vec4
    %concat/vec4; draw_string_vec4
    %pushi/vec4 0, 0, 32; draw_string_vec4
    %concat/vec4; draw_string_vec4
    %pushi/vec4 0, 0, 32; draw_string_vec4
    %concat/vec4; draw_string_vec4
    %pushi/vec4 0, 0, 32; draw_string_vec4
    %concat/vec4; draw_string_vec4
    %pushi/vec4 0, 0, 32; draw_string_vec4
    %concat/vec4; draw_string_vec4
    %pushi/vec4 0, 0, 32; draw_string_vec4
    %concat/vec4; draw_string_vec4
    %pushi/vec4 0, 0, 32; draw_string_vec4
    %concat/vec4; draw_string_vec4
    %pushi/vec4 0, 0, 32; draw_string_vec4
    %concat/vec4; draw_string_vec4
    %pushi/vec4 0, 0, 32; draw_string_vec4
    %concat/vec4; draw_string_vec4
    %pushi/vec4 0, 0, 32; draw_string_vec4
    %concat/vec4; draw_string_vec4
    %pushi/vec4 0, 0, 32; draw_string_vec4
    %concat/vec4; draw_string_vec4
    %pushi/vec4 0, 0, 32; draw_string_vec4
    %concat/vec4; draw_string_vec4
    %pushi/vec4 0, 0, 32; draw_string_vec4
    %concat/vec4; draw_string_vec4
    %pushi/vec4 0, 0, 32; draw_string_vec4
    %concat/vec4; draw_string_vec4
    %pushi/vec4 0, 0, 32; draw_string_vec4
    %concat/vec4; draw_string_vec4
    %pushi/vec4 0, 0, 32; draw_string_vec4
    %concat/vec4; draw_string_vec4
    %pushi/vec4 0, 0, 32; draw_string_vec4
    %concat/vec4; draw_string_vec4
    %pushi/vec4 0, 0, 32; draw_string_vec4
    %concat/vec4; draw_string_vec4
    %pushi/vec4 0, 0, 32; draw_string_vec4
    %concat/vec4; draw_string_vec4
    %pushi/vec4 0, 0, 32; draw_string_vec4
    %concat/vec4; draw_string_vec4
    %pushi/vec4 0, 0, 32; draw_string_vec4
    %concat/vec4; draw_string_vec4
    %pushi/vec4 0, 0, 32; draw_string_vec4
    %concat/vec4; draw_string_vec4
    %pushi/vec4 0, 0, 32; draw_string_vec4
    %concat/vec4; draw_string_vec4
    %pushi/vec4 0, 0, 32; draw_string_vec4
    %concat/vec4; draw_string_vec4
    %pushi/vec4 0, 0, 32; draw_string_vec4
    %concat/vec4; draw_string_vec4
    %pushi/vec4 0, 0, 32; draw_string_vec4
    %concat/vec4; draw_string_vec4
    %pushi/vec4 0, 0, 32; draw_string_vec4
    %concat/vec4; draw_string_vec4
    %pushi/vec4 0, 0, 32; draw_string_vec4
    %concat/vec4; draw_string_vec4
    %pushi/vec4 0, 0, 32; draw_string_vec4
    %concat/vec4; draw_string_vec4
    %pushi/vec4 0, 0, 32; draw_string_vec4
    %concat/vec4; draw_string_vec4
    %pushi/vec4 0, 0, 32; draw_string_vec4
    %concat/vec4; draw_string_vec4
    %pushi/vec4 0, 0, 32; draw_string_vec4
    %concat/vec4; draw_string_vec4
    %pushi/vec4 0, 0, 32; draw_string_vec4
    %concat/vec4; draw_string_vec4
    %pushi/vec4 0, 0, 32; draw_string_vec4
    %concat/vec4; draw_string_vec4
    %pushi/vec4 0, 0, 32; draw_string_vec4
    %concat/vec4; draw_string_vec4
    %pushi/vec4 0, 0, 32; draw_string_vec4
    %concat/vec4; draw_string_vec4
    %pushi/vec4 0, 0, 32; draw_string_vec4
    %concat/vec4; draw_string_vec4
    %pushi/vec4 0, 0, 32; draw_string_vec4
    %concat/vec4; draw_string_vec4
    %pushi/vec4 0, 0, 32; draw_string_vec4
    %concat/vec4; draw_string_vec4
    %pushi/vec4 0, 0, 32; draw_string_vec4
    %concat/vec4; draw_string_vec4
    %pushi/vec4 0, 0, 32; draw_string_vec4
    %concat/vec4; draw_string_vec4
    %pushi/vec4 0, 0, 32; draw_string_vec4
    %concat/vec4; draw_string_vec4
    %pushi/vec4 0, 0, 32; draw_string_vec4
    %concat/vec4; draw_string_vec4
    %pushi/vec4 0, 0, 32; draw_string_vec4
    %concat/vec4; draw_string_vec4
    %pushi/vec4 0, 0, 32; draw_string_vec4
    %concat/vec4; draw_string_vec4
    %pushi/vec4 0, 0, 32; draw_string_vec4
    %concat/vec4; draw_string_vec4
    %pushi/vec4 0, 0, 32; draw_string_vec4
    %concat/vec4; draw_string_vec4
    %pushi/vec4 0, 0, 32; draw_string_vec4
    %concat/vec4; draw_string_vec4
    %pushi/vec4 0, 0, 32; draw_string_vec4
    %concat/vec4; draw_string_vec4
    %pushi/vec4 0, 0, 32; draw_string_vec4
    %concat/vec4; draw_string_vec4
    %pushi/vec4 0, 0, 32; draw_string_vec4
    %concat/vec4; draw_string_vec4
    %pushi/vec4 0, 0, 32; draw_string_vec4
    %concat/vec4; draw_string_vec4
    %pushi/vec4 0, 0, 32; draw_string_vec4
    %concat/vec4; draw_string_vec4
    %pushi/vec4 0, 0, 32; draw_string_vec4
    %concat/vec4; draw_string_vec4
    %pushi/vec4 0, 0, 32; draw_string_vec4
    %concat/vec4; draw_string_vec4
    %pushi/vec4 0, 0, 32; draw_string_vec4
    %concat/vec4; draw_string_vec4
    %pushi/vec4 0, 0, 32; draw_string_vec4
    %concat/vec4; draw_string_vec4
    %pushi/vec4 0, 0, 32; draw_string_vec4
    %concat/vec4; draw_string_vec4
    %pushi/vec4 0, 0, 32; draw_string_vec4
    %concat/vec4; draw_string_vec4
    %pushi/vec4 0, 0, 32; draw_string_vec4
    %concat/vec4; draw_string_vec4
    %pushi/vec4 0, 0, 32; draw_string_vec4
    %concat/vec4; draw_string_vec4
    %pushi/vec4 0, 0, 32; draw_string_vec4
    %concat/vec4; draw_string_vec4
    %pushi/vec4 0, 0, 32; draw_string_vec4
    %concat/vec4; draw_string_vec4
    %pushi/vec4 0, 0, 32; draw_string_vec4
    %concat/vec4; draw_string_vec4
    %pushi/vec4 0, 0, 32; draw_string_vec4
    %concat/vec4; draw_string_vec4
    %pushi/vec4 0, 0, 32; draw_string_vec4
    %concat/vec4; draw_string_vec4
    %pushi/vec4 0, 0, 32; draw_string_vec4
    %concat/vec4; draw_string_vec4
    %pushi/vec4 0, 0, 32; draw_string_vec4
    %concat/vec4; draw_string_vec4
    %pushi/vec4 0, 0, 32; draw_string_vec4
    %concat/vec4; draw_string_vec4
    %pushi/vec4 0, 0, 32; draw_string_vec4
    %concat/vec4; draw_string_vec4
    %pushi/vec4 0, 0, 32; draw_string_vec4
    %concat/vec4; draw_string_vec4
    %pushi/vec4 0, 0, 32; draw_string_vec4
    %concat/vec4; draw_string_vec4
    %pushi/vec4 0, 0, 32; draw_string_vec4
    %concat/vec4; draw_string_vec4
    %pushi/vec4 0, 0, 32; draw_string_vec4
    %concat/vec4; draw_string_vec4
    %pushi/vec4 0, 0, 32; draw_string_vec4
    %concat/vec4; draw_string_vec4
    %pushi/vec4 0, 0, 32; draw_string_vec4
    %concat/vec4; draw_string_vec4
    %pushi/vec4 0, 0, 32; draw_string_vec4
    %concat/vec4; draw_string_vec4
    %pushi/vec4 0, 0, 32; draw_string_vec4
    %concat/vec4; draw_string_vec4
    %pushi/vec4 0, 0, 32; draw_string_vec4
    %concat/vec4; draw_string_vec4
    %pushi/vec4 0, 0, 32; draw_string_vec4
    %concat/vec4; draw_string_vec4
    %pushi/vec4 0, 0, 32; draw_string_vec4
    %concat/vec4; draw_string_vec4
    %pushi/vec4 0, 0, 32; draw_string_vec4
    %concat/vec4; draw_string_vec4
    %pushi/vec4 0, 0, 32; draw_string_vec4
    %concat/vec4; draw_string_vec4
    %pushi/vec4 0, 0, 32; draw_string_vec4
    %concat/vec4; draw_string_vec4
    %pushi/vec4 0, 0, 32; draw_string_vec4
    %concat/vec4; draw_string_vec4
    %pushi/vec4 0, 0, 32; draw_string_vec4
    %concat/vec4; draw_string_vec4
    %pushi/vec4 0, 0, 32; draw_string_vec4
    %concat/vec4; draw_string_vec4
    %pushi/vec4 0, 0, 32; draw_string_vec4
    %concat/vec4; draw_string_vec4
    %pushi/vec4 0, 0, 32; draw_string_vec4
    %concat/vec4; draw_string_vec4
    %pushi/vec4 0, 0, 32; draw_string_vec4
    %concat/vec4; draw_string_vec4
    %pushi/vec4 0, 0, 32; draw_string_vec4
    %concat/vec4; draw_string_vec4
    %pushi/vec4 0, 0, 32; draw_string_vec4
    %concat/vec4; draw_string_vec4
    %pushi/vec4 0, 0, 32; draw_string_vec4
    %concat/vec4; draw_string_vec4
    %pushi/vec4 0, 0, 32; draw_string_vec4
    %concat/vec4; draw_string_vec4
    %pushi/vec4 0, 0, 32; draw_string_vec4
    %concat/vec4; draw_string_vec4
    %pushi/vec4 0, 0, 32; draw_string_vec4
    %concat/vec4; draw_string_vec4
    %pushi/vec4 0, 0, 32; draw_string_vec4
    %concat/vec4; draw_string_vec4
    %pushi/vec4 0, 0, 32; draw_string_vec4
    %concat/vec4; draw_string_vec4
    %pushi/vec4 0, 0, 32; draw_string_vec4
    %concat/vec4; draw_string_vec4
    %pushi/vec4 0, 0, 32; draw_string_vec4
    %concat/vec4; draw_string_vec4
    %pushi/vec4 0, 0, 32; draw_string_vec4
    %concat/vec4; draw_string_vec4
    %pushi/vec4 0, 0, 32; draw_string_vec4
    %concat/vec4; draw_string_vec4
    %pushi/vec4 0, 0, 32; draw_string_vec4
    %concat/vec4; draw_string_vec4
    %pushi/vec4 0, 0, 32; draw_string_vec4
    %concat/vec4; draw_string_vec4
    %pushi/vec4 0, 0, 32; draw_string_vec4
    %concat/vec4; draw_string_vec4
    %pushi/vec4 0, 0, 32; draw_string_vec4
    %concat/vec4; draw_string_vec4
    %pushi/vec4 0, 0, 32; draw_string_vec4
    %concat/vec4; draw_string_vec4
    %pushi/vec4 0, 0, 32; draw_string_vec4
    %concat/vec4; draw_string_vec4
    %pushi/vec4 0, 0, 32; draw_string_vec4
    %concat/vec4; draw_string_vec4
    %pushi/vec4 0, 0, 32; draw_string_vec4
    %concat/vec4; draw_string_vec4
    %pushi/vec4 0, 0, 32; draw_string_vec4
    %concat/vec4; draw_string_vec4
    %pushi/vec4 0, 0, 32; draw_string_vec4
    %concat/vec4; draw_string_vec4
    %pushi/vec4 0, 0, 32; draw_string_vec4
    %concat/vec4; draw_string_vec4
    %pushi/vec4 0, 0, 32; draw_string_vec4
    %concat/vec4; draw_string_vec4
    %pushi/vec4 0, 0, 32; draw_string_vec4
    %concat/vec4; draw_string_vec4
    %pushi/vec4 0, 0, 32; draw_string_vec4
    %concat/vec4; draw_string_vec4
    %pushi/vec4 0, 0, 32; draw_string_vec4
    %concat/vec4; draw_string_vec4
    %pushi/vec4 0, 0, 32; draw_string_vec4
    %concat/vec4; draw_string_vec4
    %pushi/vec4 0, 0, 32; draw_string_vec4
    %concat/vec4; draw_string_vec4
    %pushi/vec4 0, 0, 32; draw_string_vec4
    %concat/vec4; draw_string_vec4
    %pushi/vec4 0, 0, 32; draw_string_vec4
    %concat/vec4; draw_string_vec4
    %pushi/vec4 0, 0, 32; draw_string_vec4
    %concat/vec4; draw_string_vec4
    %pushi/vec4 0, 0, 32; draw_string_vec4
    %concat/vec4; draw_string_vec4
    %pushi/vec4 0, 0, 32; draw_string_vec4
    %concat/vec4; draw_string_vec4
    %pushi/vec4 0, 0, 32; draw_string_vec4
    %concat/vec4; draw_string_vec4
    %pushi/vec4 0, 0, 32; draw_string_vec4
    %concat/vec4; draw_string_vec4
    %pushi/vec4 0, 0, 32; draw_string_vec4
    %concat/vec4; draw_string_vec4
    %pushi/vec4 0, 0, 32; draw_string_vec4
    %concat/vec4; draw_string_vec4
    %pushi/vec4 0, 0, 32; draw_string_vec4
    %concat/vec4; draw_string_vec4
    %pushi/vec4 0, 0, 32; draw_string_vec4
    %concat/vec4; draw_string_vec4
    %pushi/vec4 0, 0, 32; draw_string_vec4
    %concat/vec4; draw_string_vec4
    %pushi/vec4 0, 0, 32; draw_string_vec4
    %concat/vec4; draw_string_vec4
    %pushi/vec4 0, 0, 32; draw_string_vec4
    %concat/vec4; draw_string_vec4
    %pushi/vec4 0, 0, 32; draw_string_vec4
    %concat/vec4; draw_string_vec4
    %pushi/vec4 0, 0, 32; draw_string_vec4
    %concat/vec4; draw_string_vec4
    %pushi/vec4 0, 0, 32; draw_string_vec4
    %concat/vec4; draw_string_vec4
    %pushi/vec4 0, 0, 32; draw_string_vec4
    %concat/vec4; draw_string_vec4
    %pushi/vec4 0, 0, 32; draw_string_vec4
    %concat/vec4; draw_string_vec4
    %pushi/vec4 0, 0, 32; draw_string_vec4
    %concat/vec4; draw_string_vec4
    %pushi/vec4 0, 0, 32; draw_string_vec4
    %concat/vec4; draw_string_vec4
    %pushi/vec4 0, 0, 32; draw_string_vec4
    %concat/vec4; draw_string_vec4
    %pushi/vec4 0, 0, 32; draw_string_vec4
    %concat/vec4; draw_string_vec4
    %pushi/vec4 0, 0, 32; draw_string_vec4
    %concat/vec4; draw_string_vec4
    %store/vec4 v0x600be7c37b10_0, 0, 80000;
    %vpi_func 4 83 "$fgets" 32, v0x600be7c37b10_0, v0x600be7c370e0_0 {0 0 0};
    %store/vec4 v0x600be7c37c90_0, 0, 32;
    %vpi_func 4 84 "$sscanf" 32, v0x600be7c37b10_0, "PC = %h, x0 = %h, x1 = %h, x2 = %h, x3 = %h, x4 = %h, x5 = %h, x6 = %h, x7 = %h, x8 = %h, x9 = %h, x10 = %h, x11 = %h, x12 = %h, x13 = %h, x14 = %h, x15 = %h, x16 = %h, x17 = %h, x18 = %h, x19 = %h, x20 = %h, x21 = %h, x22 = %h, x23 = %h, x24 = %h, x25 = %h, x26 = %h, x27 = %h, x28 = %h, x29 = %h, x30 = %h, x31 = %h, Dmem[0] = %h, Dmem[1] = %h, Dmem[2] = %h, Dmem[3] = %h, Dmem[4] = %h, Dmem[5] = %h, Dmem[6] = %h, Dmem[7] = %h, Dmem[8] = %h, Dmem[9] = %h, Dmem[10] = %h, Dmem[11] = %h, Dmem[12] = %h, Dmem[13] = %h, Dmem[14] = %h, Dmem[15] = %h, Dmem[16] = %h, Dmem[17] = %h, Dmem[18] = %h, Dmem[19] = %h, Dmem[20] = %h, Dmem[21] = %h, Dmem[22] = %h, Dmem[23] = %h, Dmem[24] = %h, Dmem[25] = %h, Dmem[26] = %h, Dmem[27] = %h, Dmem[28] = %h, Dmem[29] = %h, Dmem[30] = %h, Dmem[31] = %h, Dmem[32] = %h, Dmem[33] = %h, Dmem[34] = %h, Dmem[35] = %h, Dmem[36] = %h, Dmem[37] = %h, Dmem[38] = %h, Dmem[39] = %h, Dmem[40] = %h, Dmem[41] = %h, Dmem[42] = %h, Dmem[43] = %h, Dmem[44] = %h, Dmem[45] = %h, Dmem[46] = %h, Dmem[47] = %h, Dmem[48] = %h, Dmem[49] = %h, Dmem[50] = %h, Dmem[51] = %h, Dmem[52] = %h, Dmem[53] = %h, Dmem[54] = %h, Dmem[55] = %h, Dmem[56] = %h, Dmem[57] = %h, Dmem[58] = %h, Dmem[59] = %h, Dmem[60] = %h, Dmem[61] = %h, Dmem[62] = %h, Dmem[63] = %h, Dmem[64] = %h, Dmem[65] = %h, Dmem[66] = %h, Dmem[67] = %h, Dmem[68] = %h, Dmem[69] = %h, Dmem[70] = %h, Dmem[71] = %h, Dmem[72] = %h, Dmem[73] = %h, Dmem[74] = %h, Dmem[75] = %h, Dmem[76] = %h, Dmem[77] = %h, Dmem[78] = %h, Dmem[79] = %h, Dmem[80] = %h, Dmem[81] = %h, Dmem[82] = %h, Dmem[83] = %h, Dmem[84] = %h, Dmem[85] = %h, Dmem[86] = %h, Dmem[87] = %h, Dmem[88] = %h, Dmem[89] = %h, Dmem[90] = %h, Dmem[91] = %h, Dmem[92] = %h, Dmem[93] = %h, Dmem[94] = %h, Dmem[95] = %h, Dmem[96] = %h, Dmem[97] = %h, Dmem[98] = %h, Dmem[99] = %h, Dmem[100] = %h, Dmem[101] = %h, Dmem[102] = %h, Dmem[103] = %h, Dmem[104] = %h, Dmem[105] = %h, Dmem[106] = %h, Dmem[107] = %h, Dmem[108] = %h, Dmem[109] = %h, Dmem[110] = %h, Dmem[111] = %h, Dmem[112] = %h, Dmem[113] = %h, Dmem[114] = %h, Dmem[115] = %h, Dmem[116] = %h, Dmem[117] = %h, Dmem[118] = %h, Dmem[119] = %h, Dmem[120] = %h, Dmem[121] = %h, Dmem[122] = %h, Dmem[123] = %h, Dmem[124] = %h, Dmem[125] = %h, Dmem[126] = %h, Dmem[127] = %h, Dmem[128] = %h, Dmem[129] = %h, Dmem[130] = %h, Dmem[131] = %h, Dmem[132] = %h, Dmem[133] = %h, Dmem[134] = %h, Dmem[135] = %h, Dmem[136] = %h, Dmem[137] = %h, Dmem[138] = %h, Dmem[139] = %h, Dmem[140] = %h, Dmem[141] = %h, Dmem[142] = %h, Dmem[143] = %h, Dmem[144] = %h, Dmem[145] = %h, Dmem[146] = %h, Dmem[147] = %h, Dmem[148] = %h, Dmem[149] = %h, Dmem[150] = %h, Dmem[151] = %h, Dmem[152] = %h, Dmem[153] = %h, Dmem[154] = %h, Dmem[155] = %h, Dmem[156] = %h, Dmem[157] = %h, Dmem[158] = %h, Dmem[159] = %h, Dmem[160] = %h, Dmem[161] = %h, Dmem[162] = %h, Dmem[163] = %h, Dmem[164] = %h, Dmem[165] = %h, Dmem[166] = %h, Dmem[167] = %h, Dmem[168] = %h, Dmem[169] = %h, Dmem[170] = %h, Dmem[171] = %h, Dmem[172] = %h, Dmem[173] = %h, Dmem[174] = %h, Dmem[175] = %h, Dmem[176] = %h, Dmem[177] = %h, Dmem[178] = %h, Dmem[179] = %h, Dmem[180] = %h, Dmem[181] = %h, Dmem[182] = %h, Dmem[183] = %h, Dmem[184] = %h, Dmem[185] = %h, Dmem[186] = %h, Dmem[187] = %h, Dmem[188] = %h, Dmem[189] = %h, Dmem[190] = %h, Dmem[191] = %h, Dmem[192] = %h, Dmem[193] = %h, Dmem[194] = %h, Dmem[195] = %h, Dmem[196] = %h, Dmem[197] = %h, Dmem[198] = %h, Dmem[199] = %h, Dmem[200] = %h, Dmem[201] = %h, Dmem[202] = %h, Dmem[203] = %h, Dmem[204] = %h, Dmem[205] = %h, Dmem[206] = %h, Dmem[207] = %h, Dmem[208] = %h, Dmem[209] = %h, Dmem[210] = %h, Dmem[211] = %h, Dmem[212] = %h, Dmem[213] = %h, Dmem[214] = %h, Dmem[215] = %h, Dmem[216] = %h, Dmem[217] = %h, Dmem[218] = %h, Dmem[219] = %h, Dmem[220] = %h, Dmem[221] = %h, Dmem[222] = %h, Dmem[223] = %h, Dmem[224] = %h, Dmem[225] = %h, Dmem[226] = %h, Dmem[227] = %h, Dmem[228] = %h, Dmem[229] = %h, Dmem[230] = %h, Dmem[231] = %h, Dmem[232] = %h, Dmem[233] = %h, Dmem[234] = %h, Dmem[235] = %h, Dmem[236] = %h, Dmem[237] = %h, Dmem[238] = %h, Dmem[239] = %h, Dmem[240] = %h, Dmem[241] = %h, Dmem[242] = %h, Dmem[243] = %h, Dmem[244] = %h, Dmem[245] = %h, Dmem[246] = %h, Dmem[247] = %h, Dmem[248] = %h, Dmem[249] = %h, Dmem[250] = %h, Dmem[251] = %h, Dmem[252] = %h, Dmem[253] = %h, Dmem[254] = %h, Dmem[255] = %h", v0x600be7c37530_0, &A<v0x600be7c376d0, 0>, &A<v0x600be7c376d0, 1>, &A<v0x600be7c376d0, 2>, &A<v0x600be7c376d0, 3>, &A<v0x600be7c376d0, 4>, &A<v0x600be7c376d0, 5>, &A<v0x600be7c376d0, 6>, &A<v0x600be7c376d0, 7>, &A<v0x600be7c376d0, 8>, &A<v0x600be7c376d0, 9>, &A<v0x600be7c376d0, 10>, &A<v0x600be7c376d0, 11>, &A<v0x600be7c376d0, 12>, &A<v0x600be7c376d0, 13>, &A<v0x600be7c376d0, 14>, &A<v0x600be7c376d0, 15>, &A<v0x600be7c376d0, 16>, &A<v0x600be7c376d0, 17>, &A<v0x600be7c376d0, 18>, &A<v0x600be7c376d0, 19>, &A<v0x600be7c376d0, 20>, &A<v0x600be7c376d0, 21>, &A<v0x600be7c376d0, 22>, &A<v0x600be7c376d0, 23>, &A<v0x600be7c376d0, 24>, &A<v0x600be7c376d0, 25>, &A<v0x600be7c376d0, 26>, &A<v0x600be7c376d0, 27>, &A<v0x600be7c376d0, 28>, &A<v0x600be7c376d0, 29>, &A<v0x600be7c376d0, 30>, &A<v0x600be7c376d0, 31>, &A<v0x600be7c373b0, 0>, &A<v0x600be7c373b0, 1>, &A<v0x600be7c373b0, 2>, &A<v0x600be7c373b0, 3>, &A<v0x600be7c373b0, 4>, &A<v0x600be7c373b0, 5>, &A<v0x600be7c373b0, 6>, &A<v0x600be7c373b0, 7>, &A<v0x600be7c373b0, 8>, &A<v0x600be7c373b0, 9>, &A<v0x600be7c373b0, 10>, &A<v0x600be7c373b0, 11>, &A<v0x600be7c373b0, 12>, &A<v0x600be7c373b0, 13>, &A<v0x600be7c373b0, 14>, &A<v0x600be7c373b0, 15>, &A<v0x600be7c373b0, 16>, &A<v0x600be7c373b0, 17>, &A<v0x600be7c373b0, 18>, &A<v0x600be7c373b0, 19>, &A<v0x600be7c373b0, 20>, &A<v0x600be7c373b0, 21>, &A<v0x600be7c373b0, 22>, &A<v0x600be7c373b0, 23>, &A<v0x600be7c373b0, 24>, &A<v0x600be7c373b0, 25>, &A<v0x600be7c373b0, 26>, &A<v0x600be7c373b0, 27>, &A<v0x600be7c373b0, 28>, &A<v0x600be7c373b0, 29>, &A<v0x600be7c373b0, 30>, &A<v0x600be7c373b0, 31>, &A<v0x600be7c373b0, 32>, &A<v0x600be7c373b0, 33>, &A<v0x600be7c373b0, 34>, &A<v0x600be7c373b0, 35>, &A<v0x600be7c373b0, 36>, &A<v0x600be7c373b0, 37>, &A<v0x600be7c373b0, 38>, &A<v0x600be7c373b0, 39>, &A<v0x600be7c373b0, 40>, &A<v0x600be7c373b0, 41>, &A<v0x600be7c373b0, 42>, &A<v0x600be7c373b0, 43>, &A<v0x600be7c373b0, 44>, &A<v0x600be7c373b0, 45>, &A<v0x600be7c373b0, 46>, &A<v0x600be7c373b0, 47>, &A<v0x600be7c373b0, 48>, &A<v0x600be7c373b0, 49>, &A<v0x600be7c373b0, 50>, &A<v0x600be7c373b0, 51>, &A<v0x600be7c373b0, 52>, &A<v0x600be7c373b0, 53>, &A<v0x600be7c373b0, 54>, &A<v0x600be7c373b0, 55>, &A<v0x600be7c373b0, 56>, &A<v0x600be7c373b0, 57>, &A<v0x600be7c373b0, 58>, &A<v0x600be7c373b0, 59>, &A<v0x600be7c373b0, 60>, &A<v0x600be7c373b0, 61>, &A<v0x600be7c373b0, 62>, &A<v0x600be7c373b0, 63>, &A<v0x600be7c373b0, 64>, &A<v0x600be7c373b0, 65>, &A<v0x600be7c373b0, 66>, &A<v0x600be7c373b0, 67>, &A<v0x600be7c373b0, 68>, &A<v0x600be7c373b0, 69>, &A<v0x600be7c373b0, 70>, &A<v0x600be7c373b0, 71>, &A<v0x600be7c373b0, 72>, &A<v0x600be7c373b0, 73>, &A<v0x600be7c373b0, 74>, &A<v0x600be7c373b0, 75>, &A<v0x600be7c373b0, 76>, &A<v0x600be7c373b0, 77>, &A<v0x600be7c373b0, 78>, &A<v0x600be7c373b0, 79>, &A<v0x600be7c373b0, 80>, &A<v0x600be7c373b0, 81>, &A<v0x600be7c373b0, 82>, &A<v0x600be7c373b0, 83>, &A<v0x600be7c373b0, 84>, &A<v0x600be7c373b0, 85>, &A<v0x600be7c373b0, 86>, &A<v0x600be7c373b0, 87>, &A<v0x600be7c373b0, 88>, &A<v0x600be7c373b0, 89>, &A<v0x600be7c373b0, 90>, &A<v0x600be7c373b0, 91>, &A<v0x600be7c373b0, 92>, &A<v0x600be7c373b0, 93>, &A<v0x600be7c373b0, 94>, &A<v0x600be7c373b0, 95>, &A<v0x600be7c373b0, 96>, &A<v0x600be7c373b0, 97>, &A<v0x600be7c373b0, 98>, &A<v0x600be7c373b0, 99>, &A<v0x600be7c373b0, 100>, &A<v0x600be7c373b0, 101>, &A<v0x600be7c373b0, 102>, &A<v0x600be7c373b0, 103>, &A<v0x600be7c373b0, 104>, &A<v0x600be7c373b0, 105>, &A<v0x600be7c373b0, 106>, &A<v0x600be7c373b0, 107>, &A<v0x600be7c373b0, 108>, &A<v0x600be7c373b0, 109>, &A<v0x600be7c373b0, 110>, &A<v0x600be7c373b0, 111>, &A<v0x600be7c373b0, 112>, &A<v0x600be7c373b0, 113>, &A<v0x600be7c373b0, 114>, &A<v0x600be7c373b0, 115>, &A<v0x600be7c373b0, 116>, &A<v0x600be7c373b0, 117>, &A<v0x600be7c373b0, 118>, &A<v0x600be7c373b0, 119>, &A<v0x600be7c373b0, 120>, &A<v0x600be7c373b0, 121>, &A<v0x600be7c373b0, 122>, &A<v0x600be7c373b0, 123>, &A<v0x600be7c373b0, 124>, &A<v0x600be7c373b0, 125>, &A<v0x600be7c373b0, 126>, &A<v0x600be7c373b0, 127>, &A<v0x600be7c373b0, 128>, &A<v0x600be7c373b0, 129>, &A<v0x600be7c373b0, 130>, &A<v0x600be7c373b0, 131>, &A<v0x600be7c373b0, 132>, &A<v0x600be7c373b0, 133>, &A<v0x600be7c373b0, 134>, &A<v0x600be7c373b0, 135>, &A<v0x600be7c373b0, 136>, &A<v0x600be7c373b0, 137>, &A<v0x600be7c373b0, 138>, &A<v0x600be7c373b0, 139>, &A<v0x600be7c373b0, 140>, &A<v0x600be7c373b0, 141>, &A<v0x600be7c373b0, 142>, &A<v0x600be7c373b0, 143>, &A<v0x600be7c373b0, 144>, &A<v0x600be7c373b0, 145>, &A<v0x600be7c373b0, 146>, &A<v0x600be7c373b0, 147>, &A<v0x600be7c373b0, 148>, &A<v0x600be7c373b0, 149>, &A<v0x600be7c373b0, 150>, &A<v0x600be7c373b0, 151>, &A<v0x600be7c373b0, 152>, &A<v0x600be7c373b0, 153>, &A<v0x600be7c373b0, 154>, &A<v0x600be7c373b0, 155>, &A<v0x600be7c373b0, 156>, &A<v0x600be7c373b0, 157>, &A<v0x600be7c373b0, 158>, &A<v0x600be7c373b0, 159>, &A<v0x600be7c373b0, 160>, &A<v0x600be7c373b0, 161>, &A<v0x600be7c373b0, 162>, &A<v0x600be7c373b0, 163>, &A<v0x600be7c373b0, 164>, &A<v0x600be7c373b0, 165>, &A<v0x600be7c373b0, 166>, &A<v0x600be7c373b0, 167>, &A<v0x600be7c373b0, 168>, &A<v0x600be7c373b0, 169>, &A<v0x600be7c373b0, 170>, &A<v0x600be7c373b0, 171>, &A<v0x600be7c373b0, 172>, &A<v0x600be7c373b0, 173>, &A<v0x600be7c373b0, 174>, &A<v0x600be7c373b0, 175>, &A<v0x600be7c373b0, 176>, &A<v0x600be7c373b0, 177>, &A<v0x600be7c373b0, 178>, &A<v0x600be7c373b0, 179>, &A<v0x600be7c373b0, 180>, &A<v0x600be7c373b0, 181>, &A<v0x600be7c373b0, 182>, &A<v0x600be7c373b0, 183>, &A<v0x600be7c373b0, 184>, &A<v0x600be7c373b0, 185>, &A<v0x600be7c373b0, 186>, &A<v0x600be7c373b0, 187>, &A<v0x600be7c373b0, 188>, &A<v0x600be7c373b0, 189>, &A<v0x600be7c373b0, 190>, &A<v0x600be7c373b0, 191>, &A<v0x600be7c373b0, 192>, &A<v0x600be7c373b0, 193>, &A<v0x600be7c373b0, 194>, &A<v0x600be7c373b0, 195>, &A<v0x600be7c373b0, 196>, &A<v0x600be7c373b0, 197>, &A<v0x600be7c373b0, 198>, &A<v0x600be7c373b0, 199>, &A<v0x600be7c373b0, 200>, &A<v0x600be7c373b0, 201>, &A<v0x600be7c373b0, 202>, &A<v0x600be7c373b0, 203>, &A<v0x600be7c373b0, 204>, &A<v0x600be7c373b0, 205>, &A<v0x600be7c373b0, 206>, &A<v0x600be7c373b0, 207>, &A<v0x600be7c373b0, 208>, &A<v0x600be7c373b0, 209>, &A<v0x600be7c373b0, 210>, &A<v0x600be7c373b0, 211>, &A<v0x600be7c373b0, 212>, &A<v0x600be7c373b0, 213>, &A<v0x600be7c373b0, 214>, &A<v0x600be7c373b0, 215>, &A<v0x600be7c373b0, 216>, &A<v0x600be7c373b0, 217>, &A<v0x600be7c373b0, 218>, &A<v0x600be7c373b0, 219>, &A<v0x600be7c373b0, 220>, &A<v0x600be7c373b0, 221>, &A<v0x600be7c373b0, 222>, &A<v0x600be7c373b0, 223>, &A<v0x600be7c373b0, 224>, &A<v0x600be7c373b0, 225>, &A<v0x600be7c373b0, 226>, &A<v0x600be7c373b0, 227>, &A<v0x600be7c373b0, 228>, &A<v0x600be7c373b0, 229>, &A<v0x600be7c373b0, 230>, &A<v0x600be7c373b0, 231>, &A<v0x600be7c373b0, 232>, &A<v0x600be7c373b0, 233>, &A<v0x600be7c373b0, 234>, &A<v0x600be7c373b0, 235>, &A<v0x600be7c373b0, 236>, &A<v0x600be7c373b0, 237>, &A<v0x600be7c373b0, 238>, &A<v0x600be7c373b0, 239>, &A<v0x600be7c373b0, 240>, &A<v0x600be7c373b0, 241>, &A<v0x600be7c373b0, 242>, &A<v0x600be7c373b0, 243>, &A<v0x600be7c373b0, 244>, &A<v0x600be7c373b0, 245>, &A<v0x600be7c373b0, 246>, &A<v0x600be7c373b0, 247>, &A<v0x600be7c373b0, 248>, &A<v0x600be7c373b0, 249>, &A<v0x600be7c373b0, 250>, &A<v0x600be7c373b0, 251>, &A<v0x600be7c373b0, 252>, &A<v0x600be7c373b0, 253>, &A<v0x600be7c373b0, 254>, &A<v0x600be7c373b0, 255> {0 0 0};
    %store/vec4 v0x600be7c36f40_0, 0, 32;
    %load/vec4 v0x600be7c37790_0;
    %cmpi/s 112, 0, 32;
    %jmp/0xz  T_25.4, 5;
    %load/vec4 v0x600be7c37530_0;
    %ix/getv/s 4, v0x600be7c37790_0;
    %store/vec4a v0x600be7c37470, 4, 0;
    %pushi/vec4 0, 0, 32;
    %store/vec4 v0x600be7c37950_0, 0, 32;
T_25.6 ;
    %load/vec4 v0x600be7c37950_0;
    %cmpi/s 32, 0, 32;
    %jmp/0xz T_25.7, 5;
    %ix/getv/s 4, v0x600be7c37950_0;
    %load/vec4a v0x600be7c376d0, 4;
    %load/vec4 v0x600be7c37950_0;
    %pad/s 39;
    %pad/s 46;
    %muli 112, 0, 46;
    %pad/s 47;
    %load/vec4 v0x600be7c37790_0;
    %pad/s 47;
    %add;
    %ix/vec4/s 4;
    %store/vec4a v0x600be7c37610, 4, 0;
    ; show_stmt_assign_vector: Get l-value for compressed += operand
    %load/vec4 v0x600be7c37950_0;
    %pushi/vec4 1, 0, 32;
    %add;
    %store/vec4 v0x600be7c37950_0, 0, 32;
    %jmp T_25.6;
T_25.7 ;
    %pushi/vec4 0, 0, 32;
    %store/vec4 v0x600be7c37950_0, 0, 32;
T_25.8 ;
    %load/vec4 v0x600be7c37950_0;
    %cmpi/s 256, 0, 32;
    %jmp/0xz T_25.9, 5;
    %ix/getv/s 4, v0x600be7c37950_0;
    %load/vec4a v0x600be7c373b0, 4;
    %load/vec4 v0x600be7c37950_0;
    %pad/s 39;
    %pad/s 46;
    %muli 112, 0, 46;
    %pad/s 47;
    %load/vec4 v0x600be7c37790_0;
    %pad/s 47;
    %add;
    %ix/vec4/s 4;
    %store/vec4a v0x600be7c372f0, 4, 0;
    ; show_stmt_assign_vector: Get l-value for compressed += operand
    %load/vec4 v0x600be7c37950_0;
    %pushi/vec4 1, 0, 32;
    %add;
    %store/vec4 v0x600be7c37950_0, 0, 32;
    %jmp T_25.8;
T_25.9 ;
    %load/vec4 v0x600be7c37790_0;
    %addi 1, 0, 32;
    %store/vec4 v0x600be7c37790_0, 0, 32;
T_25.4 ;
    %jmp T_25.2;
T_25.3 ;
    %vpi_call 4 155 "$fclose", v0x600be7c370e0_0 {0 0 0};
    %delay 20000, 0;
    %pushi/vec4 1, 0, 1;
    %store/vec4 v0x600be7c37bf0_0, 0, 1;
T_25.10 ;
    %load/vec4 v0x600be7c2f2e0_0;
    %cmpi/ne 99, 0, 32;
    %jmp/0xz T_25.11, 6;
    %wait E_0x600be7964210;
    %load/vec4 v0x600be7c37870_0;
    %addi 1, 0, 32;
    %store/vec4 v0x600be7c37870_0, 0, 32;
    %load/vec4 v0x600be7c37d70_0;
    %addi 1, 0, 32;
    %store/vec4 v0x600be7c37d70_0, 0, 32;
    %load/vec4 v0x600be7c37d70_0;
    %cmpi/s 50000, 0, 32;
    %flag_or 5, 4; GT is !LE
    %flag_inv 5;
    %jmp/0xz  T_25.12, 5;
    %vpi_call 4 167 "$display", "\342\235\227 ERROR: Simulation timed out after 50000 cycles!" {0 0 0};
    %vpi_call 4 168 "$display", "Current PC = %h, Instruction = %h", v0x600be7c2f3c0_0, v0x600be7c2f2e0_0 {0 0 0};
    %vpi_call 4 169 "$finish" {0 0 0};
T_25.12 ;
    %load/vec4 v0x600be7c37870_0;
    %pushi/vec4 1000, 0, 32;
    %mod/s;
    %cmpi/e 0, 0, 32;
    %jmp/0xz  T_25.14, 4;
    %vpi_call 4 174 "$display", "Cycle %0d: PC = %h, Instruction = %h", v0x600be7c37870_0, v0x600be7c2f3c0_0, v0x600be7c2f2e0_0 {0 0 0};
    %vpi_call 4 175 "$display", "  PC Write Enable = %b, Branch Taken = %b", v0x600be7c35940_0, v0x600be7c32420_0 {0 0 0};
    %vpi_call 4 176 "$display", "  IF/ID Write Enable = %b, ID/EX Bubble = %b", v0x600be7c34c10_0, v0x600be7c33120_0 {0 0 0};
T_25.14 ;
    %load/vec4 v0x600be7c32420_0;
    %load/vec4 v0x600be7c2f2e0_0;
    %parti/s 7, 0, 2;
    %pushi/vec4 99, 0, 7;
    %cmp/e;
    %flag_get/vec4 4;
    %and;
    %flag_set/vec4 8;
    %jmp/0xz  T_25.16, 8;
    %vpi_call 4 181 "$display", "Branch taken at cycle %0d: PC = %h, Target = %h", v0x600be7c37870_0, v0x600be7c2f3c0_0, v0x600be7c324c0_0 {0 0 0};
    %vpi_call 4 182 "$display", "  Instruction = %h, funct3 = %b", v0x600be7c2f2e0_0, &PV<v0x600be7c2f2e0_0, 12, 3> {0 0 0};
    %vpi_call 4 183 "$display", "  IF/ID Instruction = %h, funct3 = %b", v0x600be7c34930_0, &PV<v0x600be7c34930_0, 12, 3> {0 0 0};
    %vpi_call 4 184 "$display", "  Branch Flush = %b, IF/ID Write = %b", v0x600be7c317d0_0, v0x600be7c34c10_0 {0 0 0};
    %vpi_call 4 185 "$display", "  Expected funct3 for 0xfeb518e3 should be 110, but got %b", &PV<v0x600be7c2f2e0_0, 12, 3> {0 0 0};
    %load/vec4 v0x600be7c2f3c0_0;
    %ix/load 4, 2, 0;
    %flag_set/imm 4, 0;
    %shiftr 4;
    %load/vec4 v0x600be7c2f3c0_0;
    %ix/load 5, 2, 0;
    %flag_set/imm 4, 0;
    %shiftr 5;
    %ix/vec4 4;
    %load/vec4a v0x600be7c0e730, 4;
    %vpi_call 4 186 "$display", "  Instruction at PC/4 = %d: %h", S<1,vec4,u32>, S<0,vec4,u32> {2 0 0};
    %load/vec4 v0x600be7c2f3c0_0;
    %ix/load 5, 2, 0;
    %flag_set/imm 4, 0;
    %shiftr 5;
    %ix/vec4 4;
    %load/vec4a v0x600be7c0e730, 4;
    %parti/s 3, 12, 5;
    %vpi_call 4 187 "$display", "  Raw instruction bits 14:12 = %b", S<0,vec4,u3> {1 0 0};
    %vpi_call 4 188 "$display", "  This is a BNE instruction (funct3=001), not BLTU (funct3=110)" {0 0 0};
    %vpi_call 4 189 "$display", "  Branch target calculation: PC(%h) + immediate = %h", v0x600be7c2f3c0_0, v0x600be7c324c0_0 {0 0 0};
    %vpi_call 4 190 "$display", "  BNE compares x10 vs x22: x10=%h, x22=%h", &A<v0x600be7c19c00, 10>, &A<v0x600be7c19c00, 22> {0 0 0};
T_25.16 ;
    %load/vec4 v0x600be7c2f3c0_0;
    %cmpi/e 120, 0, 32;
    %jmp/0xz  T_25.18, 4;
    %vpi_call 4 195 "$display", "PC at 0x78 at cycle %0d: Instruction = %h", v0x600be7c37870_0, v0x600be7c2f2e0_0 {0 0 0};
    %vpi_call 4 196 "$display", "  PC Write Enable = %b, IF/ID Write = %b, ID/EX Bubble = %b", v0x600be7c35940_0, v0x600be7c34c10_0, v0x600be7c33120_0 {0 0 0};
    %vpi_call 4 197 "$display", "  Branch Taken = %b, Exception = %b", v0x600be7c32420_0, v0x600be7c32960_0 {0 0 0};
T_25.18 ;
    %pushi/vec4 10000, 0, 32;
    %load/vec4 v0x600be7c37870_0;
    %cmp/s;
    %flag_get/vec4 5;
    %load/vec4 v0x600be7c2f3c0_0;
    %pushi/vec4 120, 0, 32;
    %cmp/e;
    %flag_get/vec4 4;
    %and;
    %flag_set/vec4 8;
    %jmp/0xz  T_25.20, 8;
    %vpi_call 4 202 "$display", "PC stuck at 0x78 at cycle %0d", v0x600be7c37870_0 {0 0 0};
    %vpi_call 4 203 "$display", "  Current instruction = %h", v0x600be7c2f2e0_0 {0 0 0};
    %vpi_call 4 204 "$display", "  PC Write Enable = %b, IF/ID Write = %b, ID/EX Bubble = %b", v0x600be7c35940_0, v0x600be7c34c10_0, v0x600be7c33120_0 {0 0 0};
    %vpi_call 4 205 "$display", "  Branch Taken = %b, Exception = %b", v0x600be7c32420_0, v0x600be7c32960_0 {0 0 0};
T_25.20 ;
    %load/vec4 v0x600be7c37870_0;
    %cmpi/s 9995, 0, 32;
    %flag_or 5, 4; GT is !LE
    %flag_inv 5;
    %jmp/0xz  T_25.22, 5;
    %vpi_call 4 210 "$display", "Cycle %0d: PC = %h, Instruction = %h", v0x600be7c37870_0, v0x600be7c2f3c0_0, v0x600be7c2f2e0_0 {0 0 0};
    %vpi_call 4 211 "$display", "  PC Write Enable = %b, IF/ID Write = %b, ID/EX Bubble = %b", v0x600be7c35940_0, v0x600be7c34c10_0, v0x600be7c33120_0 {0 0 0};
T_25.22 ;
    %jmp T_25.10;
T_25.11 ;
    %vpi_call 4 215 "$display", "\342\234\205 Program execution completed after %0d instructions.", v0x600be7c37870_0 {0 0 0};
    %pushi/vec4 5, 0, 32;
T_25.24 %dup/vec4;
    %pushi/vec4 0, 0, 32;
    %cmp/s;
    %jmp/1xz T_25.25, 5;
    %jmp/1 T_25.25, 4;
    %pushi/vec4 1, 0, 32;
    %sub;
    %wait E_0x600be7964210;
    %jmp T_25.24;
T_25.25 ;
    %pop/vec4 1;
    %load/vec4 v0x600be7c37020_0;
    %cmpi/e 0, 0, 32;
    %jmp/0xz  T_25.26, 4;
    %vpi_call 4 221 "$display", "\360\237\216\211 All memory contents match golden output! All tests passed." {0 0 0};
    %jmp T_25.27;
T_25.26 ;
    %vpi_call 4 223 "$display", "\342\235\227 Found %0d mismatches in Data Memory.", v0x600be7c37020_0 {0 0 0};
T_25.27 ;
    %vpi_call 4 225 "$finish" {0 0 0};
    %end;
    .thread T_25;
# The file index is used to find the file name in the following table.
:file_names 23;
    "N/A";
    "<interactive>";
    "Mux.v";
    "PC_Adder.v";
    "tb_RISCV_sc2.v";
    "Pipeline_Top.v";
    "Data_Memory.v";
    "Instruction_Memory.v";
    "Register_File.v";
    "decode.v";
    "ALU_Decoder.v";
    "Main_Decoder.v";
    "Sign_Extend.v";
    "EX_MEM_reg.v";
    "execute.v";
    "ALU.v";
    "fetch.v";
    "Forwarding_Unit.v";
    "Hazard_Detection_Unit.v";
    "ID_EX_reg.v";
    "IF_ID_reg.v";
    "MEM_WB_reg.v";
    "writeback.v";
